frame,t,rz,pgz,lv_norm,av_norm,dof_pos_err_max,dof_vel_max,tau_max,tau_sat,saturated_joints,L_fz,R_fz,non_foot_cf_sum,top_cf_name,top_cf_val,knee_L,knee_R,knee_L_vel,knee_R_vel,knee_L_tau,knee_R_tau,knee_hit_limit,bz_min
0,0.0,0.4103291630744934,0.9999562098754664,0.0,0.0,0.0,0.0,0.0,0.0,,0.0,0.0,0,pelvis,0.0,0.4244813621044159,0.4350522756576538,0.0,0.0,0.0,0.0,False,0.03364689
1,0.02,0.40812188386917114,0.9999562098754664,0.192132,0.068791136,1.4901161193847656e-08,1.3132964372634888,0.0,0.0,,11.044901,11.044901,0,left_ankle_roll_link,11.044901,0.4244813621044159,0.4350522756576538,0.012202293612062931,-0.16971461474895477,0.0,0.0,False,0.0314397
2,0.04,0.4047718942165375,0.9998343628732209,0.2931371,2.6445837,0.3011159896850586,24.824111938476562,10.5063715,0.0,,18.864502,40.42413,0,right_ankle_roll_link,40.42413,0.45789527893066406,0.7361682653427124,2.6326448917388916,24.824111938476562,-0.29285505,4.0731506,False,0.031011075
3,0.06,0.41359570622444153,0.9923131368878184,1.4604874,26.63818,0.6383911967277527,37.15226364135742,36.0,0.3181818181818182,"left_knee_joint,right_hip_pitch_joint,right_hip_yaw_joint,right_knee_joint,right_ankle_pitch_joint,right_ankle_roll_joint,waist_roll_joint",180.48236,0.0,0,left_ankle_roll_link,180.48236,-0.000798774475697428,0.2078113555908203,-0.3562476933002472,-28.571746826171875,-36.0,-36.0,True,0.031622685
4,0.08,0.4147491753101349,0.9677938449567126,1.0391942,14.478624,0.5074912905693054,36.90656280517578,36.0,0.8636363636363636,"left_hip_pitch_joint,left_hip_roll_joint,left_hip_yaw_joint,left_knee_joint,right_hip_pitch_joint,right_hip_roll_joint,right_hip_yaw_joint,right_knee_joint,right_ankle_pitch_joint,right_ankle_roll_joint,waist_roll_joint,waist_yaw_joint,left_shoulder_pitch_joint,left_shoulder_yaw_joint,left_elbow_joint,right_shoulder_pitch_joint,right_shoulder_roll_joint,right_shoulder_yaw_joint,right_elbow_joint",0.0,58.70158,0,right_ankle_roll_link,58.70158,0.6913029551506042,0.8193460702896118,36.90656280517578,24.275798797607422,36.0,36.0,False,0.0444222
5,0.1,0.4195292294025421,0.9803461139022648,1.8358647,28.727158,0.6887920498847961,35.91549301147461,36.0,0.9545454545454546,"left_hip_pitch_joint,left_hip_roll_joint,left_hip_yaw_joint,left_knee_joint,left_ankle_roll_joint,right_hip_pitch_joint,right_hip_roll_joint,right_hip_yaw_joint,right_knee_joint,right_ankle_pitch_joint,right_ankle_roll_joint,waist_roll_joint,waist_yaw_joint,left_shoulder_pitch_joint,left_shoulder_roll_joint,left_shoulder_yaw_joint,left_elbow_joint,right_shoulder_pitch_joint,right_shoulder_roll_joint,right_shoulder_yaw_joint,right_elbow_joint",740.0041,0.0,0,left_ankle_roll_link,740.0041,0.6441558599472046,0.2639407217502594,-8.630195617675781,-33.6182746887207,-36.0,-36.0,False,0.051078536
6,0.12,0.41933906078338623,0.9800653510678113,1.052538,19.32269,0.6158063411712646,36.556636810302734,36.0,0.9545454545454546,"left_hip_pitch_joint,left_hip_roll_joint,left_hip_yaw_joint,left_knee_joint,left_ankle_pitch_joint,left_ankle_roll_joint,right_hip_pitch_joint,right_hip_roll_joint,right_hip_yaw_joint,right_knee_joint,right_ankle_pitch_joint,right_ankle_roll_joint,waist_roll_joint,waist_yaw_joint,left_shoulder_pitch_joint,left_shoulder_yaw_joint,left_elbow_joint,right_shoulder_pitch_joint,right_shoulder_roll_joint,right_shoulder_yaw_joint,right_elbow_joint",0.0,0.0,0,pelvis,0.0,1.040287733078003,0.838749349117279,36.556636810302734,30.737701416015625,36.0,36.0,False,0.0704076
7,0.14,0.41945523023605347,0.9755489639128951,1.3570985,27.005396,1.1649047136306763,35.667503356933594,36.0,0.9545454545454546,"left_hip_pitch_joint,left_hip_roll_joint,left_hip_yaw_joint,left_knee_joint,left_ankle_pitch_joint,right_hip_pitch_joint,right_hip_roll_joint,right_hip_yaw_joint,right_knee_joint,right_ankle_pitch_joint,right_ankle_roll_joint,waist_roll_joint,waist_yaw_joint,left_shoulder_pitch_joint,left_shoulder_roll_joint,left_shoulder_yaw_joint,left_elbow_joint,right_shoulder_pitch_joint,right_shoulder_roll_joint,right_shoulder_yaw_joint,right_elbow_joint",0.0,0.0,0,pelvis,0.0,1.5893861055374146,0.3264288306236267,16.317066192626953,-34.10173034667969,-36.0,-36.0,False,0.078141406
8,0.16,0.416541188955307,0.9509272169227013,0.9381984,24.254225,0.9086752533912659,36.170169830322266,36.0,1.0,"left_hip_pitch_joint,left_hip_roll_joint,left_hip_yaw_joint,left_knee_joint,left_ankle_pitch_joint,left_ankle_roll_joint,right_hip_pitch_joint,right_hip_roll_joint,right_hip_yaw_joint,right_knee_joint,right_ankle_pitch_joint,right_ankle_roll_joint,waist_roll_joint,waist_yaw_joint,left_shoulder_pitch_joint,left_shoulder_roll_joint,left_shoulder_yaw_joint,left_elbow_joint,right_shoulder_pitch_joint,right_shoulder_roll_joint,right_shoulder_yaw_joint,right_elbow_joint",0.0,0.0,0,pelvis,0.0,1.0479099750518799,0.8284524083137512,-32.3697624206543,21.37443733215332,-36.0,36.0,False,0.098007016
9,0.18,0.4045579433441162,0.9851340536399651,1.0448868,30.623428,1.185192346572876,36.071414947509766,36.0,0.9545454545454546,"left_hip_pitch_joint,left_hip_roll_joint,left_hip_yaw_joint,left_knee_joint,left_ankle_pitch_joint,right_hip_pitch_joint,right_hip_roll_joint,right_hip_yaw_joint,right_knee_joint,right_ankle_pitch_joint,right_ankle_roll_joint,waist_roll_joint,waist_yaw_joint,left_shoulder_pitch_joint,left_shoulder_roll_joint,left_shoulder_yaw_joint,left_elbow_joint,right_shoulder_pitch_joint,right_shoulder_roll_joint,right_shoulder_yaw_joint,right_elbow_joint",0.0,0.0,0,pelvis,0.0,1.6096737384796143,0.5821032524108887,35.3206901550293,-30.853395462036133,36.0,-36.0,False,0.09911122
10,0.2,0.3918740749359131,0.9376910578214739,1.7807077,25.06362,1.2005062103271484,36.20995330810547,36.0,0.9090909090909091,"left_hip_pitch_joint,left_hip_roll_joint,left_hip_yaw_joint,left_knee_joint,left_ankle_pitch_joint,left_ankle_roll_joint,right_hip_pitch_joint,right_hip_roll_joint,right_hip_yaw_joint,right_knee_joint,right_ankle_pitch_joint,right_ankle_roll_joint,waist_roll_joint,waist_yaw_joint,left_shoulder_roll_joint,left_shoulder_yaw_joint,left_elbow_joint,right_shoulder_roll_joint,right_shoulder_yaw_joint,right_elbow_joint",0.0,0.0,0,pelvis,0.0,1.1178303956985474,0.969205915927887,-34.957157135009766,15.187928199768066,-36.0,36.0,False,0.12742534
11,0.22,0.3704848289489746,0.9903401728714482,1.4621819,29.52796,1.197218894958496,36.235862731933594,36.0,0.9545454545454546,"left_hip_pitch_joint,left_hip_roll_joint,left_hip_yaw_joint,left_knee_joint,left_ankle_pitch_joint,right_hip_pitch_joint,right_hip_roll_joint,right_hip_yaw_joint,right_knee_joint,right_ankle_pitch_joint,right_ankle_roll_joint,waist_roll_joint,waist_yaw_joint,left_shoulder_pitch_joint,left_shoulder_roll_joint,left_shoulder_yaw_joint,left_elbow_joint,right_shoulder_pitch_joint,right_shoulder_roll_joint,right_shoulder_yaw_joint,right_elbow_joint",0.0,0.0,0,pelvis,0.0,1.6217002868652344,0.9394887089729309,34.699039459228516,-23.66631507873535,36.0,-36.0,False,0.13019821
12,0.24,0.34944212436676025,0.9243650536257522,2.3492203,22.557035,1.4300618171691895,36.10771942138672,36.0,0.9545454545454546,"left_hip_pitch_joint,left_hip_yaw_joint,left_knee_joint,left_ankle_pitch_joint,left_ankle_roll_joint,right_hip_pitch_joint,right_hip_roll_joint,right_hip_yaw_joint,right_knee_joint,right_ankle_pitch_joint,right_ankle_roll_joint,waist_roll_joint,waist_yaw_joint,left_shoulder_pitch_joint,left_shoulder_roll_joint,left_shoulder_yaw_joint,left_elbow_joint,right_shoulder_pitch_joint,right_shoulder_roll_joint,right_shoulder_yaw_joint,right_elbow_joint",0.0,0.0,0,pelvis,0.0,1.2704652547836304,1.2035027742385864,-31.37713623046875,7.672029495239258,-36.0,36.0,False,0.11910594
13,0.26,0.32016244530677795,0.9924794610431077,1.6874357,26.88887,1.316933274269104,36.212982177734375,36.0,0.9545454545454546,"left_hip_pitch_joint,left_hip_roll_joint,left_hip_yaw_joint,left_knee_joint,left_ankle_pitch_joint,right_hip_pitch_joint,right_hip_roll_joint,right_hip_yaw_joint,right_knee_joint,right_ankle_pitch_joint,right_ankle_roll_joint,waist_roll_joint,waist_yaw_joint,left_shoulder_pitch_joint,left_shoulder_roll_joint,left_shoulder_yaw_joint,left_elbow_joint,right_shoulder_pitch_joint,right_shoulder_roll_joint,right_shoulder_yaw_joint,right_elbow_joint",0.0,0.0,0,pelvis,0.0,1.7414146661758423,1.2878437042236328,33.89862060546875,-16.003707885742188,36.0,-36.0,False,0.091841474
14,0.28,0.2907484173774719,0.9313143746984749,1.7335455,10.103622,1.5602879524230957,36.22607421875,36.0,1.0,"left_hip_pitch_joint,left_hip_roll_joint,left_hip_yaw_joint,left_knee_joint,left_ankle_pitch_joint,left_ankle_roll_joint,right_hip_pitch_joint,right_hip_roll_joint,right_hip_yaw_joint,right_knee_joint,right_ankle_pitch_joint,right_ankle_roll_joint,waist_roll_joint,waist_yaw_joint,left_shoulder_pitch_joint,left_shoulder_roll_joint,left_shoulder_yaw_joint,left_elbow_joint,right_shoulder_pitch_joint,right_shoulder_roll_joint,right_shoulder_yaw_joint,right_elbow_joint",421.01404,0.0,0,left_ankle_roll_link,421.01404,1.8824918270111084,1.4246712923049927,4.765672206878662,6.416353702545166,-36.0,36.0,False,0.09206411
15,0.3,0.2731001079082489,0.953871159666785,1.2072147,26.871616,1.5425963401794434,36.06884765625,36.0,0.9545454545454546,"left_hip_pitch_joint,left_hip_roll_joint,left_hip_yaw_joint,left_knee_joint,left_ankle_pitch_joint,right_hip_pitch_joint,right_hip_roll_joint,right_hip_yaw_joint,right_knee_joint,right_ankle_pitch_joint,right_ankle_roll_joint,waist_roll_joint,waist_yaw_joint,left_shoulder_pitch_joint,left_shoulder_roll_joint,left_shoulder_yaw_joint,left_elbow_joint,right_shoulder_pitch_joint,right_shoulder_roll_joint,right_shoulder_yaw_joint,right_elbow_joint",0.0,0.0,0,pelvis,0.0,1.9670777320861816,1.565679669380188,-3.017319440841675,-14.4464693069458,-36.0,-36.0,False,0.08373459
16,0.32,0.2667100429534912,0.7812656893628692,1.1257496,25.517694,1.5255488157272339,36.1552619934082,36.0,0.9545454545454546,"left_hip_pitch_joint,left_hip_roll_joint,left_hip_yaw_joint,left_knee_joint,left_ankle_pitch_joint,right_hip_pitch_joint,right_hip_roll_joint,right_hip_yaw_joint,right_knee_joint,right_ankle_pitch_joint,right_ankle_roll_joint,waist_roll_joint,waist_yaw_joint,left_shoulder_pitch_joint,left_shoulder_roll_joint,left_shoulder_yaw_joint,left_elbow_joint,right_shoulder_pitch_joint,right_shoulder_roll_joint,right_shoulder_yaw_joint,right_elbow_joint",417.5004,0.0,0,left_ankle_roll_link,417.5004,1.7180284261703491,1.7176828384399414,-13.659764289855957,4.012938022613525,-36.0,36.0,False,0.08008297
17,0.34,0.24493500590324402,0.8381054803579939,1.5354048,21.79497,1.8223457336425781,36.22312545776367,36.0,0.9545454545454546,"left_hip_pitch_joint,left_hip_roll_joint,left_hip_yaw_joint,left_knee_joint,left_ankle_pitch_joint,left_ankle_roll_joint,right_hip_pitch_joint,right_hip_roll_joint,right_hip_yaw_joint,right_knee_joint,right_ankle_pitch_joint,right_ankle_roll_joint,waist_roll_joint,waist_yaw_joint,left_shoulder_roll_joint,left_shoulder_yaw_joint,left_elbow_joint,right_shoulder_pitch_joint,right_shoulder_roll_joint,right_shoulder_yaw_joint,right_elbow_joint",0.0,0.0,0,pelvis,0.0,2.2468271255493164,1.8227988481521606,35.982383728027344,-15.78769588470459,36.0,-36.0,False,0.100347884
18,0.36,0.2331000417470932,0.6314077095897286,1.3529876,27.142477,1.8253576755523682,36.11545181274414,36.0,0.9090909090909091,"left_hip_pitch_joint,left_hip_roll_joint,left_hip_yaw_joint,left_knee_joint,left_ankle_roll_joint,right_hip_pitch_joint,right_hip_roll_joint,right_hip_yaw_joint,right_knee_joint,right_ankle_pitch_joint,right_ankle_roll_joint,waist_roll_joint,waist_yaw_joint,left_shoulder_roll_joint,left_shoulder_yaw_joint,left_elbow_joint,right_shoulder_pitch_joint,right_shoulder_roll_joint,right_shoulder_yaw_joint,right_elbow_joint",0.0,0.0,0,pelvis,0.0,2.2498390674591064,1.9915390014648438,-22.31679916381836,7.592910289764404,-36.0,36.0,False,0.09502116
19,0.38,0.20461353659629822,0.6712952348023573,1.8231593,17.336853,2.0317487716674805,36.571956634521484,36.0,1.0,"left_hip_pitch_joint,left_hip_roll_joint,left_hip_yaw_joint,left_knee_joint,left_ankle_pitch_joint,left_ankle_roll_joint,right_hip_pitch_joint,right_hip_roll_joint,right_hip_yaw_joint,right_knee_joint,right_ankle_pitch_joint,right_ankle_roll_joint,waist_roll_joint,waist_yaw_joint,left_shoulder_pitch_joint,left_shoulder_roll_joint,left_shoulder_yaw_joint,left_elbow_joint,right_shoulder_pitch_joint,right_shoulder_roll_joint,right_shoulder_yaw_joint,right_elbow_joint",0.0,0.0,0,pelvis,0.0,2.4435336589813232,2.0420970916748047,0.07066363096237183,-18.415815353393555,36.0,-36.0,False,0.082612745
20,0.4,0.1959153711795807,0.3748765535230407,1.6773818,14.710147,2.0850329399108887,36.411781311035156,36.0,1.0,"left_hip_pitch_joint,left_hip_roll_joint,left_hip_yaw_joint,left_knee_joint,left_ankle_pitch_joint,left_ankle_roll_joint,right_hip_pitch_joint,right_hip_roll_joint,right_hip_yaw_joint,right_knee_joint,right_ankle_pitch_joint,right_ankle_roll_joint,waist_roll_joint,waist_yaw_joint,left_shoulder_pitch_joint,left_shoulder_roll_joint,left_shoulder_yaw_joint,left_elbow_joint,right_shoulder_pitch_joint,right_shoulder_roll_joint,right_shoulder_yaw_joint,right_elbow_joint",0.0,0.0,0,pelvis,0.0,2.0849759578704834,2.2316501140594482,-28.933835983276367,11.222320556640625,-36.0,36.0,False,0.063855425
21,0.42,0.15649543702602386,0.4128358582788585,3.0126023,18.79829,2.720731258392334,37.21717834472656,36.0,1.0,"left_hip_pitch_joint,left_hip_roll_joint,left_hip_yaw_joint,left_knee_joint,left_ankle_pitch_joint,left_ankle_roll_joint,right_hip_pitch_joint,right_hip_roll_joint,right_hip_yaw_joint,right_knee_joint,right_ankle_pitch_joint,right_ankle_roll_joint,waist_roll_joint,waist_yaw_joint,left_shoulder_pitch_joint,left_shoulder_roll_joint,left_shoulder_yaw_joint,left_elbow_joint,right_shoulder_pitch_joint,right_shoulder_roll_joint,right_shoulder_yaw_joint,right_elbow_joint",183.94463,0.0,0,left_ankle_roll_link,183.94463,2.241042375564575,2.2057626247406006,29.292701721191406,-26.637147903442383,36.0,-36.0,False,0.05448592
22,0.44,0.15819156169891357,0.12277975641233452,1.3714496,26.184544,2.649876594543457,37.66790008544922,36.0,1.0,"left_hip_pitch_joint,left_hip_roll_joint,left_hip_yaw_joint,left_knee_joint,left_ankle_pitch_joint,left_ankle_roll_joint,right_hip_pitch_joint,right_hip_roll_joint,right_hip_yaw_joint,right_knee_joint,right_ankle_pitch_joint,right_ankle_roll_joint,waist_roll_joint,waist_yaw_joint,left_shoulder_pitch_joint,left_shoulder_roll_joint,left_shoulder_yaw_joint,left_elbow_joint,right_shoulder_pitch_joint,right_shoulder_roll_joint,right_shoulder_yaw_joint,right_elbow_joint",513.90063,0.0,0,left_ankle_roll_link,513.90063,2.289212226867676,2.443495988845825,4.613951683044434,0.018356069922447205,-36.0,36.0,False,0.017419098
23,0.46,0.12945763766765594,0.09385442261819144,1.9197568,22.84904,2.899139881134033,36.7215461730957,36.0,0.9090909090909091,"left_hip_pitch_joint,left_hip_roll_joint,left_hip_yaw_joint,left_knee_joint,left_ankle_pitch_joint,left_ankle_roll_joint,right_hip_pitch_joint,right_hip_roll_joint,right_hip_yaw_joint,right_knee_joint,right_ankle_roll_joint,waist_roll_joint,waist_yaw_joint,left_shoulder_pitch_joint,left_shoulder_roll_joint,left_shoulder_yaw_joint,left_elbow_joint,right_shoulder_roll_joint,right_shoulder_yaw_joint,right_elbow_joint",514.7465,0.0,0,left_ankle_roll_link,514.7465,2.2120869159698486,2.2181918621063232,-4.315054893493652,-31.9746150970459,-36.0,-36.0,False,-0.05455744
24,0.48,0.13411711156368256,-0.18508881128799715,1.5639011,22.479954,2.8686728477478027,36.17822265625,36.0,0.8636363636363636,"left_hip_pitch_joint,left_hip_roll_joint,left_hip_yaw_joint,left_knee_joint,left_ankle_pitch_joint,left_ankle_roll_joint,right_hip_pitch_joint,right_hip_roll_joint,right_hip_yaw_joint,right_knee_joint,right_ankle_roll_joint,waist_roll_joint,waist_yaw_joint,left_shoulder_pitch_joint,left_shoulder_yaw_joint,left_elbow_joint,right_shoulder_roll_joint,right_shoulder_yaw_joint,right_elbow_joint",753.7545,0.0,0,left_ankle_roll_link,753.7545,2.274217128753662,2.2108542919158936,9.328532218933105,4.328768253326416,-36.0,36.0,False,-0.074883774
25,0.5,0.1331590861082077,-0.1652286253386852,0.4176279,20.656471,2.5043270587921143,36.754207611083984,36.0,1.0,"left_hip_pitch_joint,left_hip_roll_joint,left_hip_yaw_joint,left_knee_joint,left_ankle_pitch_joint,left_ankle_roll_joint,right_hip_pitch_joint,right_hip_roll_joint,right_hip_yaw_joint,right_knee_joint,right_ankle_pitch_joint,right_ankle_roll_joint,waist_roll_joint,waist_yaw_joint,left_shoulder_pitch_joint,left_shoulder_roll_joint,left_shoulder_yaw_joint,left_elbow_joint,right_shoulder_pitch_joint,right_shoulder_roll_joint,right_shoulder_yaw_joint,right_elbow_joint",134.94434,0.0,0,left_ankle_roll_link,134.94434,1.9903124570846558,2.1530160903930664,-8.406546592712402,-11.555334091186523,-36.0,-36.0,False,-0.11599257
26,0.52,0.15142947435379028,-0.383084782298285,1.638973,15.949956,2.8913612365722656,36.967018127441406,36.0,0.9090909090909091,"left_hip_pitch_joint,left_hip_roll_joint,left_hip_yaw_joint,left_knee_joint,left_ankle_pitch_joint,left_ankle_roll_joint,right_hip_pitch_joint,right_hip_roll_joint,right_hip_yaw_joint,right_knee_joint,right_ankle_pitch_joint,right_ankle_roll_joint,waist_yaw_joint,left_shoulder_pitch_joint,left_shoulder_yaw_joint,left_elbow_joint,right_shoulder_pitch_joint,right_shoulder_roll_joint,right_shoulder_yaw_joint,right_elbow_joint",0.0,0.0,0,pelvis,0.0,2.4435312747955322,2.186391592025757,0.09906203299760818,4.5475616455078125,36.0,36.0,False,-0.0881412
27,0.54,0.1811027079820633,-0.29107912005344616,1.9298252,22.556923,2.2147345542907715,37.09060287475586,36.0,1.0,"left_hip_pitch_joint,left_hip_roll_joint,left_hip_yaw_joint,left_knee_joint,left_ankle_pitch_joint,left_ankle_roll_joint,right_hip_pitch_joint,right_hip_roll_joint,right_hip_yaw_joint,right_knee_joint,right_ankle_pitch_joint,right_ankle_roll_joint,waist_roll_joint,waist_yaw_joint,left_shoulder_pitch_joint,left_shoulder_roll_joint,left_shoulder_yaw_joint,left_elbow_joint,right_shoulder_pitch_joint,right_shoulder_roll_joint,right_shoulder_yaw_joint,right_elbow_joint",134.18892,0.0,134.1889190673828,left_ankle_roll_link,134.18892,1.9101577997207642,2.1947360038757324,-24.497953414916992,-13.572855949401855,-36.0,-36.0,False,-0.08668757
28,0.56,0.19939696788787842,-0.5071514494800913,1.1864995,19.436598,2.609306573867798,36.155792236328125,36.0,0.9545454545454546,"left_hip_pitch_joint,left_hip_roll_joint,left_hip_yaw_joint,left_knee_joint,left_ankle_pitch_joint,left_ankle_roll_joint,right_hip_pitch_joint,right_hip_roll_joint,right_hip_yaw_joint,right_knee_joint,right_ankle_pitch_joint,right_ankle_roll_joint,waist_roll_joint,waist_yaw_joint,left_shoulder_pitch_joint,left_shoulder_yaw_joint,left_elbow_joint,right_shoulder_pitch_joint,right_shoulder_roll_joint,right_shoulder_yaw_joint,right_elbow_joint",0.0,0.0,0,pelvis,0.0,2.38559889793396,2.2568564414978027,31.32864761352539,0.940008819103241,36.0,36.0,False,-0.04115033
29,0.58,0.22236686944961548,-0.43240237774191126,2.034302,25.647125,2.118590831756592,36.157814025878906,36.0,0.9545454545454546,"left_hip_pitch_joint,left_hip_roll_joint,left_hip_yaw_joint,left_knee_joint,left_ankle_roll_joint,right_hip_pitch_joint,right_hip_roll_joint,right_hip_yaw_joint,right_knee_joint,right_ankle_pitch_joint,right_ankle_roll_joint,waist_roll_joint,waist_yaw_joint,left_shoulder_pitch_joint,left_shoulder_roll_joint,left_shoulder_yaw_joint,left_elbow_joint,right_shoulder_pitch_joint,right_shoulder_roll_joint,right_shoulder_yaw_joint,right_elbow_joint",0.0,0.0,0,pelvis,0.0,2.0047059059143066,2.35644268989563,-33.16504669189453,-14.53394889831543,-36.0,-36.0,False,-0.034707516
30,0.6,0.23018164932727814,-0.5526324440484562,1.0981594,8.539812,2.448307991027832,36.252655029296875,36.0,1.0,"left_hip_pitch_joint,left_hip_roll_joint,left_hip_yaw_joint,left_knee_joint,left_ankle_pitch_joint,left_ankle_roll_joint,right_hip_pitch_joint,right_hip_roll_joint,right_hip_yaw_joint,right_knee_joint,right_ankle_pitch_joint,right_ankle_roll_joint,waist_roll_joint,waist_yaw_joint,left_shoulder_pitch_joint,left_shoulder_roll_joint,left_shoulder_yaw_joint,left_elbow_joint,right_shoulder_pitch_joint,right_shoulder_roll_joint,right_shoulder_yaw_joint,right_elbow_joint",0.0,0.0,0,pelvis,0.0,2.4435012340545654,2.326357841491699,24.745685577392578,-0.33369743824005127,36.0,36.0,False,-0.0064290515
31,0.62,0.24002119898796082,-0.4165603895665857,1.4019736,21.771849,2.101353168487549,35.95804977416992,36.0,1.0,"left_hip_pitch_joint,left_hip_roll_joint,left_hip_yaw_joint,left_knee_joint,left_ankle_pitch_joint,left_ankle_roll_joint,right_hip_pitch_joint,right_hip_roll_joint,right_hip_yaw_joint,right_knee_joint,right_ankle_pitch_joint,right_ankle_roll_joint,waist_roll_joint,waist_yaw_joint,left_shoulder_pitch_joint,left_shoulder_roll_joint,left_shoulder_yaw_joint,left_elbow_joint,right_shoulder_pitch_joint,right_shoulder_roll_joint,right_shoulder_yaw_joint,right_elbow_joint",0.0,0.0,0,pelvis,0.0,1.9465093612670898,2.3626885414123535,-33.20015335083008,-14.361075401306152,-36.0,-36.0,False,0.0047206916
32,0.64,0.23771041631698608,-0.6145625952953324,1.7026992,14.251763,2.362617015838623,36.240230560302734,36.0,0.9545454545454546,"left_hip_pitch_joint,left_hip_roll_joint,left_hip_yaw_joint,left_knee_joint,left_ankle_pitch_joint,left_ankle_roll_joint,right_hip_pitch_joint,right_hip_roll_joint,right_hip_yaw_joint,right_knee_joint,right_ankle_pitch_joint,right_ankle_roll_joint,waist_yaw_joint,left_shoulder_pitch_joint,left_shoulder_roll_joint,left_shoulder_yaw_joint,left_elbow_joint,right_shoulder_pitch_joint,right_shoulder_roll_joint,right_shoulder_yaw_joint,right_elbow_joint",0.0,0.0,0,pelvis,0.0,2.3646867275238037,2.2407355308532715,29.9500789642334,-4.481674671173096,36.0,36.0,False,0.024602637
33,0.66,0.2352447509765625,-0.4351187706121533,1.192601,18.602512,2.2139394283294678,39.49445343017578,36.0,1.0,"left_hip_pitch_joint,left_hip_roll_joint,left_hip_yaw_joint,left_knee_joint,left_ankle_pitch_joint,left_ankle_roll_joint,right_hip_pitch_joint,right_hip_roll_joint,right_hip_yaw_joint,right_knee_joint,right_ankle_pitch_joint,right_ankle_roll_joint,waist_roll_joint,waist_yaw_joint,left_shoulder_pitch_joint,left_shoulder_roll_joint,left_shoulder_yaw_joint,left_elbow_joint,right_shoulder_pitch_joint,right_shoulder_roll_joint,right_shoulder_yaw_joint,right_elbow_joint",0.0,0.0,0,pelvis,0.0,1.9621678590774536,2.3269686698913574,-30.88291358947754,-10.663873672485352,-36.0,-36.0,False,0.017255206
34,0.68,0.2277294546365738,-0.6884560851796255,2.126706,11.097137,2.290865421295166,36.1998176574707,36.0,1.0,"left_hip_pitch_joint,left_hip_roll_joint,left_hip_yaw_joint,left_knee_joint,left_ankle_pitch_joint,left_ankle_roll_joint,right_hip_pitch_joint,right_hip_roll_joint,right_hip_yaw_joint,right_knee_joint,right_ankle_pitch_joint,right_ankle_roll_joint,waist_roll_joint,waist_yaw_joint,left_shoulder_pitch_joint,left_shoulder_roll_joint,left_shoulder_yaw_joint,left_elbow_joint,right_shoulder_pitch_joint,right_shoulder_roll_joint,right_shoulder_yaw_joint,right_elbow_joint",0.0,0.0,0,pelvis,0.0,2.426445245742798,2.305222749710083,27.323522567749023,3.681845188140869,36.0,36.0,False,-0.018967789
35,0.7000000000000001,0.21906907856464386,-0.5545261792331755,1.0699352,23.149874,2.0540847778320312,36.19724655151367,36.0,0.9545454545454546,"left_hip_pitch_joint,left_hip_roll_joint,left_hip_yaw_joint,left_knee_joint,left_ankle_roll_joint,right_hip_pitch_joint,right_hip_roll_joint,right_hip_yaw_joint,right_knee_joint,right_ankle_pitch_joint,right_ankle_roll_joint,waist_roll_joint,waist_yaw_joint,left_shoulder_pitch_joint,left_shoulder_roll_joint,left_shoulder_yaw_joint,left_elbow_joint,right_shoulder_pitch_joint,right_shoulder_roll_joint,right_shoulder_yaw_joint,right_elbow_joint",0.0,0.0,0,pelvis,0.0,1.9245805740356445,2.346658706665039,-35.88151168823242,-18.462671279907227,-36.0,-36.0,False,-0.0405595
36,0.72,0.21179378032684326,-0.7116791478707416,1.9496943,19.598791,1.9966893196105957,36.17792510986328,36.0,0.9545454545454546,"left_hip_pitch_joint,left_hip_roll_joint,left_hip_yaw_joint,left_knee_joint,left_ankle_pitch_joint,left_ankle_roll_joint,right_hip_pitch_joint,right_hip_roll_joint,right_hip_yaw_joint,right_knee_joint,right_ankle_pitch_joint,right_ankle_roll_joint,waist_roll_joint,waist_yaw_joint,left_shoulder_pitch_joint,left_shoulder_yaw_joint,left_elbow_joint,right_shoulder_pitch_joint,right_shoulder_roll_joint,right_shoulder_yaw_joint,right_elbow_joint",0.0,148.29622,148.2962188720703,right_ankle_roll_link,148.29622,2.1314098834991455,2.341034173965454,34.166473388671875,-0.5118346214294434,36.0,36.0,False,-0.075969525
37,0.74,0.21519072353839874,-0.6033556805408722,1.5326315,17.898071,1.9673293828964233,36.15903091430664,36.0,0.9545454545454546,"left_hip_pitch_joint,left_hip_roll_joint,left_hip_yaw_joint,left_knee_joint,left_ankle_pitch_joint,left_ankle_roll_joint,right_hip_pitch_joint,right_hip_roll_joint,right_hip_yaw_joint,right_knee_joint,right_ankle_pitch_joint,right_ankle_roll_joint,waist_roll_joint,waist_yaw_joint,left_shoulder_roll_joint,left_shoulder_yaw_joint,left_elbow_joint,right_shoulder_pitch_joint,right_shoulder_roll_joint,right_shoulder_yaw_joint,right_elbow_joint",0.0,0.0,0,pelvis,0.0,2.038698196411133,2.402381658554077,-29.323999404907227,-10.964698791503906,-36.0,-36.0,False,-0.07287056
38,0.76,0.20538944005966187,-0.7113787451596778,1.7893378,12.905073,1.8996121883392334,36.405250549316406,36.0,1.0,"left_hip_pitch_joint,left_hip_roll_joint,left_hip_yaw_joint,left_knee_joint,left_ankle_pitch_joint,left_ankle_roll_joint,right_hip_pitch_joint,right_hip_roll_joint,right_hip_yaw_joint,right_knee_joint,right_ankle_pitch_joint,right_ankle_roll_joint,waist_roll_joint,waist_yaw_joint,left_shoulder_pitch_joint,left_shoulder_roll_joint,left_shoulder_yaw_joint,left_elbow_joint,right_shoulder_pitch_joint,right_shoulder_roll_joint,right_shoulder_yaw_joint,right_elbow_joint",0.0,0.0,553.67529296875,right_knee_link,553.6753,2.292602777481079,2.2657523155212402,35.6912956237793,1.1313602924346924,36.0,36.0,False,-0.06664051
39,0.78,0.20274445414543152,-0.5675780835715898,1.737741,19.153675,1.971990942955017,36.150264739990234,36.0,1.0,"left_hip_pitch_joint,left_hip_roll_joint,left_hip_yaw_joint,left_knee_joint,left_ankle_pitch_joint,left_ankle_roll_joint,right_hip_pitch_joint,right_hip_roll_joint,right_hip_yaw_joint,right_knee_joint,right_ankle_pitch_joint,right_ankle_roll_joint,waist_roll_joint,waist_yaw_joint,left_shoulder_pitch_joint,left_shoulder_roll_joint,left_shoulder_yaw_joint,left_elbow_joint,right_shoulder_pitch_joint,right_shoulder_roll_joint,right_shoulder_yaw_joint,right_elbow_joint",0.0,0.0,0,pelvis,0.0,2.153438091278076,2.407043218612671,-33.91524124145508,-10.950545310974121,-36.0,-36.0,False,-0.06090047
40,0.8,0.1955583095550537,-0.6990214827784005,1.1186965,12.520982,1.9080135822296143,31.632049560546875,36.0,0.9090909090909091,"left_hip_pitch_joint,left_hip_roll_joint,left_hip_yaw_joint,left_knee_joint,left_ankle_pitch_joint,left_ankle_roll_joint,right_hip_pitch_joint,right_hip_roll_joint,right_hip_yaw_joint,right_knee_joint,right_ankle_pitch_joint,right_ankle_roll_joint,waist_roll_joint,waist_yaw_joint,left_shoulder_pitch_joint,left_elbow_joint,right_shoulder_pitch_joint,right_shoulder_roll_joint,right_shoulder_yaw_joint,right_elbow_joint",0.0,0.0,1043.216552734375,right_knee_link,1043.2166,2.3324949741363525,2.306201696395874,29.131784439086914,0.6546554565429688,36.0,36.0,False,-0.072974324
41,0.8200000000000001,0.2044309675693512,-0.5823114385176797,2.4566996,18.910019,1.9813748598098755,36.13845443725586,36.0,1.0,"left_hip_pitch_joint,left_hip_roll_joint,left_hip_yaw_joint,left_knee_joint,left_ankle_pitch_joint,left_ankle_roll_joint,right_hip_pitch_joint,right_hip_roll_joint,right_hip_yaw_joint,right_knee_joint,right_ankle_pitch_joint,right_ankle_roll_joint,waist_roll_joint,waist_yaw_joint,left_shoulder_pitch_joint,left_shoulder_roll_joint,left_shoulder_yaw_joint,left_elbow_joint,right_shoulder_pitch_joint,right_shoulder_roll_joint,right_shoulder_yaw_joint,right_elbow_joint",0.0,0.0,0,pelvis,0.0,2.1704607009887695,2.4164271354675293,-32.56852722167969,-8.549060821533203,-36.0,-36.0,False,-0.07448166
42,0.84,0.20905938744544983,-0.67102707068981,1.1381067,14.796688,1.7829011678695679,36.20941162109375,36.0,1.0,"left_hip_pitch_joint,left_hip_roll_joint,left_hip_yaw_joint,left_knee_joint,left_ankle_pitch_joint,left_ankle_roll_joint,right_hip_pitch_joint,right_hip_roll_joint,right_hip_yaw_joint,right_knee_joint,right_ankle_pitch_joint,right_ankle_roll_joint,waist_roll_joint,waist_yaw_joint,left_shoulder_pitch_joint,left_shoulder_roll_joint,left_shoulder_yaw_joint,left_elbow_joint,right_shoulder_pitch_joint,right_shoulder_roll_joint,right_shoulder_yaw_joint,right_elbow_joint",0.0,0.0,357.7804260253906,torso_link,357.78043,2.205702066421509,2.2179534435272217,28.23954963684082,-3.5123305320739746,36.0,36.0,False,-0.091171436
43,0.86,0.22651253640651703,-0.6744403967148358,2.502721,11.067457,1.7967673540115356,36.155643463134766,36.0,1.0,"left_hip_pitch_joint,left_hip_roll_joint,left_hip_yaw_joint,left_knee_joint,left_ankle_pitch_joint,left_ankle_roll_joint,right_hip_pitch_joint,right_hip_roll_joint,right_hip_yaw_joint,right_knee_joint,right_ankle_pitch_joint,right_ankle_roll_joint,waist_roll_joint,waist_yaw_joint,left_shoulder_pitch_joint,left_shoulder_roll_joint,left_shoulder_yaw_joint,left_elbow_joint,right_shoulder_pitch_joint,right_shoulder_roll_joint,right_shoulder_yaw_joint,right_elbow_joint",0.0,0.0,0,pelvis,0.0,2.1273040771484375,2.2318196296691895,-32.68457794189453,-5.875207901000977,-36.0,-36.0,False,-0.07591117
44,0.88,0.23657207190990448,-0.7592654588120524,0.770713,9.334078,1.6836597919464111,36.53657913208008,36.0,0.9545454545454546,"left_hip_pitch_joint,left_hip_roll_joint,left_hip_yaw_joint,left_knee_joint,left_ankle_pitch_joint,left_ankle_roll_joint,right_hip_pitch_joint,right_hip_roll_joint,right_hip_yaw_joint,right_ankle_pitch_joint,right_ankle_roll_joint,waist_roll_joint,waist_yaw_joint,left_shoulder_pitch_joint,left_shoulder_roll_joint,left_shoulder_yaw_joint,left_elbow_joint,right_shoulder_pitch_joint,right_shoulder_roll_joint,right_shoulder_yaw_joint,right_elbow_joint",0.0,22.060312,0,right_ankle_roll_link,22.060312,2.1081411838531494,1.7505393028259277,24.760046005249023,-13.393319129943848,36.0,-2.7364044,False,-0.058347955
45,0.9,0.23239615559577942,-0.5937760533271685,1.5547222,21.321007,1.8261984586715698,36.237953186035156,36.0,1.0,"left_hip_pitch_joint,left_hip_roll_joint,left_hip_yaw_joint,left_knee_joint,left_ankle_pitch_joint,left_ankle_roll_joint,right_hip_pitch_joint,right_hip_roll_joint,right_hip_yaw_joint,right_knee_joint,right_ankle_pitch_joint,right_ankle_roll_joint,waist_roll_joint,waist_yaw_joint,left_shoulder_pitch_joint,left_shoulder_roll_joint,left_shoulder_yaw_joint,left_elbow_joint,right_shoulder_pitch_joint,right_shoulder_roll_joint,right_shoulder_yaw_joint,right_elbow_joint",0.0,0.0,0,pelvis,0.0,2.068077325820923,2.2612507343292236,-28.84868049621582,24.26019859313965,-36.0,36.0,False,-0.036770083
46,0.92,0.23319561779499054,-0.7989956359253156,1.6470256,19.740812,1.7354952096939087,36.16157150268555,36.0,0.9545454545454546,"left_hip_pitch_joint,left_hip_roll_joint,left_knee_joint,left_ankle_pitch_joint,left_ankle_roll_joint,right_hip_pitch_joint,right_hip_roll_joint,right_hip_yaw_joint,right_knee_joint,right_ankle_pitch_joint,right_ankle_roll_joint,waist_roll_joint,waist_yaw_joint,left_shoulder_pitch_joint,left_shoulder_roll_joint,left_shoulder_yaw_joint,left_elbow_joint,right_shoulder_pitch_joint,right_shoulder_roll_joint,right_shoulder_yaw_joint,right_elbow_joint",0.0,0.0,0,pelvis,0.0,1.9887690544128418,2.1705474853515625,20.871658325195312,-22.9288330078125,36.0,-36.0,False,-0.034473553
47,0.9400000000000001,0.22497031092643738,-0.6698890415595216,0.95143276,19.027428,2.0084567070007324,30.247175216674805,36.0,1.0,"left_hip_pitch_joint,left_hip_roll_joint,left_hip_yaw_joint,left_knee_joint,left_ankle_pitch_joint,left_ankle_roll_joint,right_hip_pitch_joint,right_hip_roll_joint,right_hip_yaw_joint,right_knee_joint,right_ankle_pitch_joint,right_ankle_roll_joint,waist_roll_joint,waist_yaw_joint,left_shoulder_pitch_joint,left_shoulder_roll_joint,left_shoulder_yaw_joint,left_elbow_joint,right_shoulder_pitch_joint,right_shoulder_roll_joint,right_shoulder_yaw_joint,right_elbow_joint",0.0,0.0,222.04995727539062,torso_link,222.04996,2.0516507625579834,2.443509101867676,-2.0775787830352783,-0.020705364644527435,-36.0,36.0,False,-0.026840555
48,0.96,0.23389676213264465,-0.8223917339624975,0.25586328,9.22857,1.5578733682632446,36.31559371948242,36.0,0.9545454545454546,"left_hip_roll_joint,left_hip_yaw_joint,left_knee_joint,left_ankle_pitch_joint,left_ankle_roll_joint,right_hip_pitch_joint,right_hip_roll_joint,right_hip_yaw_joint,right_knee_joint,right_ankle_pitch_joint,right_ankle_roll_joint,waist_roll_joint,waist_yaw_joint,left_shoulder_pitch_joint,left_shoulder_roll_joint,left_shoulder_yaw_joint,left_elbow_joint,right_shoulder_pitch_joint,right_shoulder_roll_joint,right_shoulder_yaw_joint,right_elbow_joint",0.0,0.0,641.4187622070312,torso_link,641.41876,1.4808921813964844,1.885597586631775,-28.518882751464844,-21.679922103881836,-36.0,-36.0,False,-0.028588664
49,0.98,0.2345721572637558,-0.5905585889107954,0.96006256,22.44906,1.8832875490188599,36.08769989013672,36.0,0.9545454545454546,"left_hip_pitch_joint,left_hip_roll_joint,left_hip_yaw_joint,left_knee_joint,left_ankle_pitch_joint,left_ankle_roll_joint,right_hip_pitch_joint,right_hip_roll_joint,right_hip_yaw_joint,right_knee_joint,right_ankle_pitch_joint,right_ankle_roll_joint,waist_roll_joint,waist_yaw_joint,left_shoulder_roll_joint,left_shoulder_yaw_joint,left_elbow_joint,right_shoulder_pitch_joint,right_shoulder_roll_joint,right_shoulder_yaw_joint,right_elbow_joint",0.0,0.0,0,pelvis,0.0,1.5354986190795898,2.3183398246765137,13.379684448242188,21.9986515045166,36.0,36.0,False,-0.020691864
50,1.0,0.24253061413764954,-0.7833044498455664,1.0148711,16.135258,1.645389437675476,36.146820068359375,36.0,0.9545454545454546,"left_hip_pitch_joint,left_hip_roll_joint,left_hip_yaw_joint,left_knee_joint,left_ankle_pitch_joint,left_ankle_roll_joint,right_hip_pitch_joint,right_hip_roll_joint,right_hip_yaw_joint,right_knee_joint,right_ankle_pitch_joint,right_ankle_roll_joint,waist_roll_joint,waist_yaw_joint,left_shoulder_pitch_joint,left_shoulder_yaw_joint,left_elbow_joint,right_shoulder_pitch_joint,right_shoulder_roll_joint,right_shoulder_yaw_joint,right_elbow_joint",0.0,0.0,0,pelvis,0.0,1.1089704036712646,2.08044171333313,-30.114694595336914,-28.556398391723633,-36.0,-36.0,False,-0.017933385
51,1.02,0.22840438783168793,-0.5779859979134088,1.5376135,21.11884,1.9853934049606323,36.338966369628906,36.0,0.9545454545454546,"left_hip_pitch_joint,left_hip_roll_joint,left_hip_yaw_joint,left_knee_joint,left_ankle_pitch_joint,left_ankle_roll_joint,right_hip_pitch_joint,right_hip_roll_joint,right_hip_yaw_joint,right_knee_joint,right_ankle_pitch_joint,right_ankle_roll_joint,waist_roll_joint,waist_yaw_joint,left_shoulder_roll_joint,left_shoulder_yaw_joint,left_elbow_joint,right_shoulder_pitch_joint,right_shoulder_roll_joint,right_shoulder_yaw_joint,right_elbow_joint",0.0,0.0,0,pelvis,0.0,1.6031173467636108,2.420445680618286,32.37458419799805,14.901619911193848,36.0,36.0,False,-0.021681052
52,1.04,0.2252197563648224,-0.7439512948571476,0.36737564,4.3560095,1.7034043073654175,31.8281307220459,36.0,1.0,"left_hip_pitch_joint,left_hip_roll_joint,left_hip_yaw_joint,left_knee_joint,left_ankle_pitch_joint,left_ankle_roll_joint,right_hip_pitch_joint,right_hip_roll_joint,right_hip_yaw_joint,right_knee_joint,right_ankle_pitch_joint,right_ankle_roll_joint,waist_roll_joint,waist_yaw_joint,left_shoulder_pitch_joint,left_shoulder_roll_joint,left_shoulder_yaw_joint,left_elbow_joint,right_shoulder_pitch_joint,right_shoulder_roll_joint,right_shoulder_yaw_joint,right_elbow_joint",0.0,0.0,0,pelvis,0.0,1.1660417318344116,2.1384565830230713,-29.205913543701172,-18.776247024536133,-36.0,-36.0,False,-0.021428218
53,1.06,0.20731502771377563,-0.5395846265305977,1.5718763,12.688909,1.9751991033554077,36.36213302612305,36.0,0.9090909090909091,"left_hip_pitch_joint,left_hip_roll_joint,left_hip_yaw_joint,left_knee_joint,left_ankle_pitch_joint,left_ankle_roll_joint,right_hip_pitch_joint,right_hip_roll_joint,right_hip_yaw_joint,right_knee_joint,right_ankle_pitch_joint,right_ankle_roll_joint,left_shoulder_pitch_joint,left_shoulder_roll_joint,left_shoulder_yaw_joint,left_elbow_joint,right_shoulder_pitch_joint,right_shoulder_roll_joint,right_shoulder_yaw_joint,right_elbow_joint",0.0,0.0,0,pelvis,0.0,1.6534041166305542,2.4102513790130615,26.3238468170166,11.675930976867676,36.0,36.0,False,-0.058661062
54,1.08,0.2014676183462143,-0.5921039374988997,1.6844189,17.273983,1.7557820081710815,36.230377197265625,36.0,1.0,"left_hip_pitch_joint,left_hip_roll_joint,left_hip_yaw_joint,left_knee_joint,left_ankle_pitch_joint,left_ankle_roll_joint,right_hip_pitch_joint,right_hip_roll_joint,right_hip_yaw_joint,right_knee_joint,right_ankle_pitch_joint,right_ankle_roll_joint,waist_roll_joint,waist_yaw_joint,left_shoulder_pitch_joint,left_shoulder_roll_joint,left_shoulder_yaw_joint,left_elbow_joint,right_shoulder_pitch_joint,right_shoulder_roll_joint,right_shoulder_yaw_joint,right_elbow_joint",0.0,0.0,176.8248748779297,torso_link,176.82487,1.5954399108886719,2.1908342838287354,-27.916669845581055,-23.256498336791992,-36.0,-36.0,False,-0.08050641
55,1.1,0.19143234193325043,-0.4999914237094405,0.56612885,9.918363,2.0087828636169434,36.10083770751953,36.0,1.0,"left_hip_pitch_joint,left_hip_roll_joint,left_hip_yaw_joint,left_knee_joint,left_ankle_pitch_joint,left_ankle_roll_joint,right_hip_pitch_joint,right_hip_roll_joint,right_hip_yaw_joint,right_knee_joint,right_ankle_pitch_joint,right_ankle_roll_joint,waist_roll_joint,waist_yaw_joint,left_shoulder_pitch_joint,left_shoulder_roll_joint,left_shoulder_yaw_joint,left_elbow_joint,right_shoulder_pitch_joint,right_shoulder_roll_joint,right_shoulder_yaw_joint,right_elbow_joint",0.0,0.0,0,pelvis,0.0,1.5623401403427124,2.4438350200653076,1.2084470987319946,-0.17004673182964325,36.0,36.0,False,-0.11122679
56,1.12,0.1929895132780075,-0.5067316689230541,1.1901983,14.027778,1.8832467794418335,36.26347351074219,36.0,0.9545454545454546,"left_hip_pitch_joint,left_hip_roll_joint,left_hip_yaw_joint,left_knee_joint,left_ankle_pitch_joint,left_ankle_roll_joint,right_hip_pitch_joint,right_hip_roll_joint,right_hip_yaw_joint,right_knee_joint,right_ankle_pitch_joint,right_ankle_roll_joint,waist_roll_joint,waist_yaw_joint,left_shoulder_pitch_joint,left_shoulder_yaw_joint,left_elbow_joint,right_shoulder_pitch_joint,right_shoulder_roll_joint,right_shoulder_yaw_joint,right_elbow_joint",0.0,0.0,0,pelvis,0.0,1.3155490159988403,2.3182990550994873,-30.727436065673828,-18.98888397216797,-36.0,-36.0,False,-0.094210476
57,1.1400000000000001,0.17416320741176605,-0.37386457314347865,1.4505554,11.077323,2.00993275642395,36.158111572265625,36.0,1.0,"left_hip_pitch_joint,left_hip_roll_joint,left_hip_yaw_joint,left_knee_joint,left_ankle_pitch_joint,left_ankle_roll_joint,right_hip_pitch_joint,right_hip_roll_joint,right_hip_yaw_joint,right_knee_joint,right_ankle_pitch_joint,right_ankle_roll_joint,waist_roll_joint,waist_yaw_joint,left_shoulder_pitch_joint,left_shoulder_roll_joint,left_shoulder_yaw_joint,left_elbow_joint,right_shoulder_pitch_joint,right_shoulder_roll_joint,right_shoulder_yaw_joint,right_elbow_joint",0.0,0.0,0,pelvis,0.0,1.1546316146850586,2.2339155673980713,-3.5442099571228027,0.16670766472816467,36.0,36.0,False,-0.10970233
58,1.16,0.17169463634490967,-0.3242388103923819,0.9693304,7.313247,1.7940055131912231,36.22785568237305,36.0,0.9090909090909091,"left_hip_pitch_joint,left_hip_roll_joint,left_hip_yaw_joint,left_ankle_pitch_joint,left_ankle_roll_joint,right_hip_pitch_joint,right_hip_roll_joint,right_hip_yaw_joint,right_knee_joint,right_ankle_pitch_joint,right_ankle_roll_joint,waist_roll_joint,waist_yaw_joint,left_shoulder_pitch_joint,left_shoulder_yaw_joint,left_elbow_joint,right_shoulder_pitch_joint,right_shoulder_roll_joint,right_shoulder_yaw_joint,right_elbow_joint",0.0,0.0,0,pelvis,0.0,1.5679931640625,2.229057788848877,25.821033477783203,-6.885601997375488,26.649017,-36.0,False,-0.10094547
59,1.18,0.15207445621490479,-0.15185690474691604,2.0753179,23.09659,1.8367154598236084,36.624610900878906,36.0,0.9545454545454546,"left_hip_pitch_joint,left_hip_roll_joint,left_hip_yaw_joint,left_knee_joint,left_ankle_pitch_joint,left_ankle_roll_joint,right_hip_pitch_joint,right_hip_roll_joint,right_hip_yaw_joint,right_ankle_pitch_joint,right_ankle_roll_joint,waist_roll_joint,waist_yaw_joint,left_shoulder_pitch_joint,left_shoulder_roll_joint,left_shoulder_yaw_joint,left_elbow_joint,right_shoulder_pitch_joint,right_shoulder_roll_joint,right_shoulder_yaw_joint,right_elbow_joint",0.0,0.0,0,pelvis,0.0,1.3950015306472778,2.121410369873047,-12.487399101257324,4.1360626220703125,-36.0,21.734009,False,-0.11656331
60,1.2,0.1404467225074768,-0.3734104720083522,0.89815164,24.635023,1.89157235622406,36.12458801269531,36.0,0.9090909090909091,"left_hip_pitch_joint,left_hip_roll_joint,left_hip_yaw_joint,left_knee_joint,left_ankle_pitch_joint,left_ankle_roll_joint,right_hip_pitch_joint,right_hip_roll_joint,right_hip_yaw_joint,right_knee_joint,right_ankle_pitch_joint,right_ankle_roll_joint,waist_yaw_joint,left_shoulder_pitch_joint,left_shoulder_yaw_joint,left_elbow_joint,right_shoulder_pitch_joint,right_shoulder_roll_joint,right_shoulder_yaw_joint,right_elbow_joint",0.0,0.0,650.0166625976562,right_knee_link,650.01666,1.6608086824417114,2.326624631881714,29.579792022705078,7.746129035949707,36.0,-36.0,False,-0.10747433
61,1.22,0.13677948713302612,-0.35288726969489836,0.7204489,15.578068,1.8408573865890503,36.18563461303711,36.0,1.0,"left_hip_pitch_joint,left_hip_roll_joint,left_hip_yaw_joint,left_knee_joint,left_ankle_pitch_joint,left_ankle_roll_joint,right_hip_pitch_joint,right_hip_roll_joint,right_hip_yaw_joint,right_knee_joint,right_ankle_pitch_joint,right_ankle_roll_joint,waist_roll_joint,waist_yaw_joint,left_shoulder_pitch_joint,left_shoulder_roll_joint,left_shoulder_yaw_joint,left_elbow_joint,right_shoulder_pitch_joint,right_shoulder_roll_joint,right_shoulder_yaw_joint,right_elbow_joint",0.0,0.0,204.03216552734375,right_knee_link,204.03217,1.640372395515442,1.7780362367630005,-7.590420246124268,-31.91350746154785,-36.0,-36.0,False,-0.13981777
62,1.24,0.15381167829036713,-0.4626587282502701,0.7260481,20.112259,1.5249712467193604,36.162567138671875,36.0,0.9545454545454546,"left_hip_pitch_joint,left_hip_roll_joint,left_hip_yaw_joint,left_knee_joint,left_ankle_pitch_joint,left_ankle_roll_joint,right_hip_pitch_joint,right_hip_yaw_joint,right_knee_joint,right_ankle_pitch_joint,right_ankle_roll_joint,waist_roll_joint,waist_yaw_joint,left_shoulder_pitch_joint,left_shoulder_roll_joint,left_shoulder_yaw_joint,left_elbow_joint,right_shoulder_pitch_joint,right_shoulder_roll_joint,right_shoulder_yaw_joint,right_elbow_joint",0.0,0.0,220.5910186767578,right_knee_link,220.59102,1.9070700407028198,1.7991235256195068,25.800710678100586,14.679821968078613,36.0,36.0,False,-0.13638881
63,1.26,0.16373789310455322,-0.49958607000853483,0.9318126,10.229608,1.877983570098877,36.212379455566406,36.0,0.9545454545454546,"left_hip_pitch_joint,left_hip_roll_joint,left_hip_yaw_joint,left_knee_joint,left_ankle_pitch_joint,left_ankle_roll_joint,right_hip_pitch_joint,right_hip_roll_joint,right_hip_yaw_joint,right_knee_joint,right_ankle_pitch_joint,right_ankle_roll_joint,waist_yaw_joint,left_shoulder_pitch_joint,left_shoulder_roll_joint,left_shoulder_yaw_joint,left_elbow_joint,right_shoulder_pitch_joint,right_shoulder_roll_joint,right_shoulder_yaw_joint,right_elbow_joint",0.0,161.0133,265.3702926635742,right_knee_link,209.00732,1.8354705572128296,1.44418203830719,-8.4761381149292,-12.720620155334473,-36.0,-36.0,False,-0.15022393
64,1.28,0.18414369225502014,-0.5790425381577577,0.80554366,19.09447,1.5577012300491333,36.2251091003418,36.0,1.0,"left_hip_pitch_joint,left_hip_roll_joint,left_hip_yaw_joint,left_knee_joint,left_ankle_pitch_joint,left_ankle_roll_joint,right_hip_pitch_joint,right_hip_roll_joint,right_hip_yaw_joint,right_knee_joint,right_ankle_pitch_joint,right_ankle_roll_joint,waist_roll_joint,waist_yaw_joint,left_shoulder_pitch_joint,left_shoulder_roll_joint,left_shoulder_yaw_joint,left_elbow_joint,right_shoulder_pitch_joint,right_shoulder_roll_joint,right_shoulder_yaw_joint,right_elbow_joint",0.0,0.0,0,pelvis,0.0,1.9821826219558716,1.7279304265975952,20.282424926757812,34.56928253173828,36.0,36.0,False,-0.13996622
65,1.3,0.1867002546787262,-0.5175472103270309,0.7455236,10.835359,2.0843653678894043,36.533504486083984,36.0,1.0,"left_hip_pitch_joint,left_hip_roll_joint,left_hip_yaw_joint,left_knee_joint,left_ankle_pitch_joint,left_ankle_roll_joint,right_hip_pitch_joint,right_hip_roll_joint,right_hip_yaw_joint,right_knee_joint,right_ankle_pitch_joint,right_ankle_roll_joint,waist_roll_joint,waist_yaw_joint,left_shoulder_pitch_joint,left_shoulder_roll_joint,left_shoulder_yaw_joint,left_elbow_joint,right_shoulder_pitch_joint,right_shoulder_roll_joint,right_shoulder_yaw_joint,right_elbow_joint",0.0,0.0,0,pelvis,0.0,1.8751546144485474,1.664655327796936,-6.460932731628418,-18.647071838378906,-36.0,-36.0,False,-0.15390697
66,1.32,0.20100697875022888,-0.6601295561324836,0.8022028,18.224686,1.822104811668396,36.48712158203125,36.0,0.9090909090909091,"left_hip_pitch_joint,left_hip_roll_joint,left_hip_yaw_joint,left_knee_joint,left_ankle_pitch_joint,left_ankle_roll_joint,right_hip_pitch_joint,right_hip_roll_joint,right_hip_yaw_joint,right_knee_joint,right_ankle_pitch_joint,right_ankle_roll_joint,waist_roll_joint,waist_yaw_joint,left_shoulder_pitch_joint,left_elbow_joint,right_shoulder_pitch_joint,right_shoulder_roll_joint,right_shoulder_yaw_joint,right_elbow_joint",0.0,0.0,0,pelvis,0.0,1.9018080234527588,1.9784793853759766,13.046490669250488,32.28857421875,36.0,36.0,False,-0.13890964
67,1.34,0.1894400268793106,-0.37701073911935623,1.6545037,22.137354,2.449430465698242,36.45342254638672,36.0,0.9545454545454546,"left_hip_pitch_joint,left_hip_roll_joint,left_hip_yaw_joint,left_knee_joint,left_ankle_pitch_joint,left_ankle_roll_joint,right_hip_pitch_joint,right_hip_roll_joint,right_hip_yaw_joint,right_knee_joint,right_ankle_pitch_joint,right_ankle_roll_joint,waist_yaw_joint,left_shoulder_pitch_joint,left_shoulder_roll_joint,left_shoulder_yaw_joint,left_elbow_joint,right_shoulder_pitch_joint,right_shoulder_roll_joint,right_shoulder_yaw_joint,right_elbow_joint",0.0,0.0,0,pelvis,0.0,1.8497350215911865,1.8280465602874756,-1.0304968357086182,-30.71184730529785,-36.0,-36.0,False,-0.15153217
68,1.36,0.20006974041461945,-0.618288704891313,0.25443825,22.094208,1.9925494194030762,36.3443603515625,36.0,0.9545454545454546,"left_hip_pitch_joint,left_hip_roll_joint,left_hip_yaw_joint,left_knee_joint,left_ankle_pitch_joint,left_ankle_roll_joint,right_hip_pitch_joint,right_hip_roll_joint,right_hip_yaw_joint,right_knee_joint,right_ankle_pitch_joint,right_ankle_roll_joint,waist_roll_joint,waist_yaw_joint,left_shoulder_roll_joint,left_shoulder_yaw_joint,left_elbow_joint,right_shoulder_pitch_joint,right_shoulder_roll_joint,right_shoulder_yaw_joint,right_elbow_joint",0.0,0.0,261.7846374511719,torso_link,261.78464,1.2863423824310303,2.125274181365967,-30.807519912719727,19.440452575683594,-36.0,36.0,False,-0.13667601
69,1.3800000000000001,0.18582548201084137,-0.331235273762589,1.8054686,12.398379,2.493093252182007,36.03374099731445,36.0,1.0,"left_hip_pitch_joint,left_hip_roll_joint,left_hip_yaw_joint,left_knee_joint,left_ankle_pitch_joint,left_ankle_roll_joint,right_hip_pitch_joint,right_hip_roll_joint,right_hip_yaw_joint,right_knee_joint,right_ankle_pitch_joint,right_ankle_roll_joint,waist_roll_joint,waist_yaw_joint,left_shoulder_pitch_joint,left_shoulder_roll_joint,left_shoulder_yaw_joint,left_elbow_joint,right_shoulder_pitch_joint,right_shoulder_roll_joint,right_shoulder_yaw_joint,right_elbow_joint",0.0,0.0,0,pelvis,0.0,1.0583735704421997,1.9148879051208496,15.623247146606445,-22.050437927246094,36.0,-36.0,False,-0.15520121
70,1.4000000000000001,0.1906629353761673,-0.588576541035069,0.65661937,23.5231,2.171699047088623,35.87190246582031,36.0,0.9090909090909091,"left_hip_pitch_joint,left_hip_roll_joint,left_hip_yaw_joint,left_knee_joint,left_ankle_pitch_joint,left_ankle_roll_joint,right_hip_pitch_joint,right_hip_yaw_joint,right_knee_joint,right_ankle_pitch_joint,right_ankle_roll_joint,waist_yaw_joint,left_shoulder_pitch_joint,left_shoulder_roll_joint,left_shoulder_yaw_joint,left_elbow_joint,right_shoulder_pitch_joint,right_shoulder_roll_joint,right_shoulder_yaw_joint,right_elbow_joint",0.0,0.0,0,pelvis,0.0,0.5204094052314758,2.3200180530548096,-31.46293830871582,18.930727005004883,-36.0,36.0,False,-0.13702875
71,1.42,0.16530126333236694,-0.344274793665706,2.2804828,24.295462,2.6849477291107178,36.194217681884766,36.0,0.9545454545454546,"left_hip_pitch_joint,left_hip_roll_joint,left_hip_yaw_joint,left_knee_joint,left_ankle_pitch_joint,left_ankle_roll_joint,right_hip_pitch_joint,right_hip_roll_joint,right_hip_yaw_joint,right_knee_joint,right_ankle_roll_joint,waist_roll_joint,waist_yaw_joint,left_shoulder_pitch_joint,left_shoulder_roll_joint,left_shoulder_yaw_joint,left_elbow_joint,right_shoulder_pitch_joint,right_shoulder_roll_joint,right_shoulder_yaw_joint,right_elbow_joint",0.0,0.0,0,pelvis,0.0,0.48382502794265747,2.1889772415161133,25.93891716003418,-28.015663146972656,36.0,-36.0,False,-0.1670484
72,1.44,0.16925646364688873,-0.5015315054519363,0.36422464,25.132305,2.4795970916748047,36.619319915771484,36.0,1.0,"left_hip_pitch_joint,left_hip_roll_joint,left_hip_yaw_joint,left_knee_joint,left_ankle_pitch_joint,left_ankle_roll_joint,right_hip_pitch_joint,right_hip_roll_joint,right_hip_yaw_joint,right_knee_joint,right_ankle_pitch_joint,right_ankle_roll_joint,waist_roll_joint,waist_yaw_joint,left_shoulder_pitch_joint,left_shoulder_roll_joint,left_shoulder_yaw_joint,left_elbow_joint,right_shoulder_pitch_joint,right_shoulder_roll_joint,right_shoulder_yaw_joint,right_elbow_joint",0.0,0.0,923.9121704101562,torso_link,923.9122,-4.005771188531071e-05,2.4427409172058105,-0.4516777992248535,0.0001716017723083496,-36.0,36.0,True,-0.15378968
73,1.46,0.14436864852905273,-0.29116050287399275,2.3737571,25.172766,2.8988499641418457,36.49369430541992,36.0,1.0,"left_hip_pitch_joint,left_hip_roll_joint,left_hip_yaw_joint,left_knee_joint,left_ankle_pitch_joint,left_ankle_roll_joint,right_hip_pitch_joint,right_hip_roll_joint,right_hip_yaw_joint,right_knee_joint,right_ankle_pitch_joint,right_ankle_roll_joint,waist_roll_joint,waist_yaw_joint,left_shoulder_pitch_joint,left_shoulder_roll_joint,left_shoulder_yaw_joint,left_elbow_joint,right_shoulder_pitch_joint,right_shoulder_roll_joint,right_shoulder_yaw_joint,right_elbow_joint",0.0,0.0,0,pelvis,0.0,0.5000898241996765,1.8430148363113403,36.49369430541992,-35.8665771484375,36.0,-36.0,False,-0.1747501
74,1.48,0.14882177114486694,-0.3556960273487295,1.0639046,22.31921,2.449733018875122,36.602447509765625,36.0,0.9545454545454546,"left_hip_pitch_joint,left_hip_roll_joint,left_hip_yaw_joint,left_knee_joint,left_ankle_pitch_joint,left_ankle_roll_joint,right_hip_pitch_joint,right_hip_roll_joint,right_hip_yaw_joint,right_knee_joint,right_ankle_pitch_joint,right_ankle_roll_joint,waist_roll_joint,waist_yaw_joint,left_shoulder_pitch_joint,left_shoulder_yaw_joint,left_elbow_joint,right_shoulder_pitch_joint,right_shoulder_roll_joint,right_shoulder_yaw_joint,right_elbow_joint",0.0,0.0,0,pelvis,0.0,0.1628974974155426,2.2149879932403564,-36.602447509765625,35.991703033447266,-36.0,36.0,False,-0.15862556
75,1.5,0.11980891227722168,-0.15856791610317522,2.7955036,22.09863,2.849177122116089,36.82592010498047,36.0,1.0,"left_hip_pitch_joint,left_hip_roll_joint,left_hip_yaw_joint,left_knee_joint,left_ankle_pitch_joint,left_ankle_roll_joint,right_hip_pitch_joint,right_hip_roll_joint,right_hip_yaw_joint,right_knee_joint,right_ankle_pitch_joint,right_ankle_roll_joint,waist_roll_joint,waist_yaw_joint,left_shoulder_pitch_joint,left_shoulder_roll_joint,left_shoulder_yaw_joint,left_elbow_joint,right_shoulder_pitch_joint,right_shoulder_roll_joint,right_shoulder_yaw_joint,right_elbow_joint",0.0,0.0,0,pelvis,0.0,0.38217097520828247,1.8205666542053223,36.82592010498047,-35.97359848022461,36.0,-36.0,False,-0.18008287
76,1.52,0.10832232981920242,-0.16439157361910084,0.8513268,14.445918,2.494723320007324,36.68893814086914,36.0,1.0,"left_hip_pitch_joint,left_hip_roll_joint,left_hip_yaw_joint,left_knee_joint,left_ankle_pitch_joint,left_ankle_roll_joint,right_hip_pitch_joint,right_hip_roll_joint,right_hip_yaw_joint,right_knee_joint,right_ankle_pitch_joint,right_ankle_roll_joint,waist_roll_joint,waist_yaw_joint,left_shoulder_pitch_joint,left_shoulder_roll_joint,left_shoulder_yaw_joint,left_elbow_joint,right_shoulder_pitch_joint,right_shoulder_roll_joint,right_shoulder_yaw_joint,right_elbow_joint",0.0,0.0,0,pelvis,0.0,0.023646241053938866,2.0803537368774414,-36.68893814086914,35.99869155883789,-36.0,36.0,False,-0.1747342
77,1.54,0.0771627202630043,0.027094082423721133,2.188838,18.67838,2.8990108966827393,36.318809509277344,36.0,0.9545454545454546,"left_hip_pitch_joint,left_hip_roll_joint,left_hip_yaw_joint,left_knee_joint,left_ankle_pitch_joint,left_ankle_roll_joint,right_hip_roll_joint,right_hip_yaw_joint,right_knee_joint,right_ankle_pitch_joint,right_ankle_roll_joint,waist_roll_joint,waist_yaw_joint,left_shoulder_pitch_joint,left_shoulder_roll_joint,left_shoulder_yaw_joint,left_elbow_joint,right_shoulder_pitch_joint,right_shoulder_roll_joint,right_shoulder_yaw_joint,right_elbow_joint",0.0,0.0,0,pelvis,0.0,0.4590044319629669,2.039823293685913,36.318809509277344,-32.79924774169922,36.0,-36.0,False,-0.19217034
78,1.56,0.06073493883013725,-0.029394828458928046,1.1788905,7.864652,2.383143901824951,36.6690673828125,36.0,0.8636363636363636,"left_hip_pitch_joint,left_hip_roll_joint,left_hip_yaw_joint,left_knee_joint,left_ankle_pitch_joint,left_ankle_roll_joint,right_hip_pitch_joint,right_hip_roll_joint,right_hip_yaw_joint,right_knee_joint,right_ankle_pitch_joint,right_ankle_roll_joint,waist_yaw_joint,left_shoulder_pitch_joint,left_elbow_joint,right_shoulder_pitch_joint,right_shoulder_roll_joint,right_shoulder_yaw_joint,right_elbow_joint",0.0,307.60297,945.1823120117188,torso_link,945.1823,0.14567412436008453,2.1020731925964355,-36.6690673828125,8.767627716064453,-36.0,36.0,False,-0.18922615
79,1.58,0.04095747321844101,0.1799964313259892,0.9742245,8.478213,2.843388795852661,36.419349670410156,36.0,0.9545454545454546,"left_hip_pitch_joint,left_hip_roll_joint,left_hip_yaw_joint,left_knee_joint,left_ankle_pitch_joint,left_ankle_roll_joint,right_hip_pitch_joint,right_hip_yaw_joint,right_knee_joint,right_ankle_pitch_joint,right_ankle_roll_joint,waist_roll_joint,waist_yaw_joint,left_shoulder_pitch_joint,left_shoulder_roll_joint,left_shoulder_yaw_joint,left_elbow_joint,right_shoulder_pitch_joint,right_shoulder_roll_joint,right_shoulder_yaw_joint,right_elbow_joint",0.0,0.0,1121.2678108215332,pelvis,1078.7129,0.33050626516342163,1.861264705657959,36.419349670410156,-26.573942184448242,36.0,-36.0,False,-0.20298223
80,1.6,0.07147939503192902,-0.16479281412535052,1.8269219,22.893812,2.343825101852417,36.085060119628906,36.0,0.8636363636363636,"left_hip_pitch_joint,left_hip_roll_joint,left_hip_yaw_joint,left_knee_joint,left_ankle_pitch_joint,left_ankle_roll_joint,right_hip_pitch_joint,right_hip_roll_joint,right_hip_yaw_joint,right_knee_joint,right_ankle_pitch_joint,right_ankle_roll_joint,waist_yaw_joint,left_shoulder_pitch_joint,left_elbow_joint,right_shoulder_pitch_joint,right_shoulder_roll_joint,right_shoulder_yaw_joint,right_elbow_joint",0.0,0.0,0,pelvis,0.0,0.051580965518951416,1.825147271156311,-28.378541946411133,24.550556182861328,-36.0,36.0,False,-0.18551424
81,1.62,0.07259596884250641,-0.06417095888396318,1.0469918,17.761103,2.8754217624664307,35.88467025756836,36.0,1.0,"left_hip_pitch_joint,left_hip_roll_joint,left_hip_yaw_joint,left_knee_joint,left_ankle_pitch_joint,left_ankle_roll_joint,right_hip_pitch_joint,right_hip_roll_joint,right_hip_yaw_joint,right_knee_joint,right_ankle_pitch_joint,right_ankle_roll_joint,waist_roll_joint,waist_yaw_joint,left_shoulder_pitch_joint,left_shoulder_roll_joint,left_shoulder_yaw_joint,left_elbow_joint,right_shoulder_pitch_joint,right_shoulder_roll_joint,right_shoulder_yaw_joint,right_elbow_joint",0.0,0.0,306.02337646484375,torso_link,306.02338,0.23470565676689148,1.8016465902328491,33.25239944458008,-24.570648193359375,36.0,-36.0,False,-0.2017396
82,1.6400000000000001,0.09542849659919739,-0.27743909564768643,1.4360539,19.969233,2.3678336143493652,26.877817153930664,36.0,0.9545454545454546,"left_hip_pitch_joint,left_hip_roll_joint,left_hip_yaw_joint,left_knee_joint,left_ankle_pitch_joint,left_ankle_roll_joint,right_hip_pitch_joint,right_hip_roll_joint,right_hip_yaw_joint,right_knee_joint,right_ankle_pitch_joint,right_ankle_roll_joint,waist_roll_joint,waist_yaw_joint,left_shoulder_pitch_joint,left_shoulder_yaw_joint,left_elbow_joint,right_shoulder_pitch_joint,right_shoulder_roll_joint,right_shoulder_yaw_joint,right_elbow_joint",0.0,0.0,2849.14404296875,torso_link,2849.144,-0.0016122079687193036,1.8287854194641113,1.774470329284668,20.769664764404297,-36.0,36.0,True,-0.18591644
83,1.6600000000000001,0.10173775255680084,-0.081638230071722,0.4301517,25.409071,2.8567826747894287,36.058441162109375,36.0,0.9090909090909091,"left_hip_pitch_joint,left_hip_roll_joint,left_hip_yaw_joint,left_ankle_pitch_joint,left_ankle_roll_joint,right_hip_pitch_joint,right_hip_roll_joint,right_hip_yaw_joint,right_knee_joint,right_ankle_pitch_joint,right_ankle_roll_joint,waist_roll_joint,left_shoulder_pitch_joint,left_shoulder_roll_joint,left_shoulder_yaw_joint,left_elbow_joint,right_shoulder_pitch_joint,right_shoulder_roll_joint,right_shoulder_yaw_joint,right_elbow_joint",0.0,0.0,0,pelvis,0.0,0.11224105954170227,1.9901458024978638,17.684724807739258,-3.5508270263671875,-8.499802,-36.0,False,-0.19021298
84,1.68,0.11242055147886276,-0.3368688387476073,0.1935685,29.928045,2.3852806091308594,36.180511474609375,36.0,0.9545454545454546,"left_hip_pitch_joint,left_hip_roll_joint,left_hip_yaw_joint,left_knee_joint,left_ankle_pitch_joint,left_ankle_roll_joint,right_hip_pitch_joint,right_hip_roll_joint,right_hip_yaw_joint,right_knee_joint,right_ankle_pitch_joint,right_ankle_roll_joint,waist_roll_joint,waist_yaw_joint,left_shoulder_pitch_joint,left_shoulder_yaw_joint,left_elbow_joint,right_shoulder_pitch_joint,right_shoulder_roll_joint,right_shoulder_yaw_joint,right_elbow_joint",0.0,0.0,1120.102783203125,torso_link,1120.1028,-0.0006894778925925493,1.327196717262268,1.2449650764465332,-36.180511474609375,-36.0,-36.0,True,-0.17412372
85,1.7,0.11316809058189392,-0.1347463448504218,1.2847513,25.725485,2.899280309677124,32.68923568725586,36.0,0.9090909090909091,"left_hip_pitch_joint,left_hip_roll_joint,left_hip_yaw_joint,left_ankle_pitch_joint,left_ankle_roll_joint,right_hip_pitch_joint,right_hip_yaw_joint,right_knee_joint,right_ankle_pitch_joint,right_ankle_roll_joint,waist_roll_joint,waist_yaw_joint,left_shoulder_pitch_joint,left_shoulder_roll_joint,left_shoulder_yaw_joint,left_elbow_joint,right_shoulder_pitch_joint,right_shoulder_roll_joint,right_shoulder_yaw_joint,right_elbow_joint",0.0,0.0,0,pelvis,0.0,0.18499194085597992,1.692284345626831,3.849393129348755,32.68923568725586,4.134506,36.0,False,-0.18824989
86,1.72,0.12241266667842865,-0.3499570792778357,0.508975,31.684273,2.431065559387207,36.21609878540039,36.0,0.9090909090909091,"left_hip_pitch_joint,left_hip_roll_joint,left_hip_yaw_joint,left_knee_joint,left_ankle_pitch_joint,left_ankle_roll_joint,right_hip_pitch_joint,right_hip_yaw_joint,right_knee_joint,right_ankle_pitch_joint,right_ankle_roll_joint,waist_roll_joint,waist_yaw_joint,left_shoulder_pitch_joint,left_shoulder_yaw_joint,left_elbow_joint,right_shoulder_pitch_joint,right_shoulder_roll_joint,right_shoulder_yaw_joint,right_elbow_joint",0.0,0.0,0,pelvis,0.0,-0.0006292101461440325,1.3314380645751953,1.0818042755126953,-36.21609878540039,-36.0,-36.0,True,-0.17573404
87,1.74,0.11779355257749557,-0.15684345458427096,1.7534922,17.41242,2.8994784355163574,30.53695297241211,36.0,0.9090909090909091,"left_hip_pitch_joint,left_hip_roll_joint,left_hip_yaw_joint,left_ankle_pitch_joint,left_ankle_roll_joint,right_hip_pitch_joint,right_hip_yaw_joint,right_knee_joint,right_ankle_pitch_joint,right_ankle_roll_joint,waist_roll_joint,waist_yaw_joint,left_shoulder_pitch_joint,left_shoulder_roll_joint,left_shoulder_yaw_joint,left_elbow_joint,right_shoulder_pitch_joint,right_shoulder_roll_joint,right_shoulder_yaw_joint,right_elbow_joint",0.0,0.0,0,pelvis,0.0,0.25298619270324707,1.6628142595291138,-13.437633514404297,19.752944946289062,8.045544,36.0,False,-0.19623822
88,1.76,0.12344053387641907,-0.34106045853253875,0.82816815,36.439,2.396852731704712,37.60929489135742,36.0,0.9545454545454546,"left_hip_pitch_joint,left_hip_roll_joint,left_hip_yaw_joint,left_knee_joint,left_ankle_pitch_joint,left_ankle_roll_joint,right_hip_pitch_joint,right_hip_yaw_joint,right_knee_joint,right_ankle_pitch_joint,right_ankle_roll_joint,waist_roll_joint,waist_yaw_joint,left_shoulder_pitch_joint,left_shoulder_roll_joint,left_shoulder_yaw_joint,left_elbow_joint,right_shoulder_pitch_joint,right_shoulder_roll_joint,right_shoulder_yaw_joint,right_elbow_joint",0.0,556.1263,786.425537109375,torso_link,786.42554,0.5461888313293457,1.1423929929733276,32.31244659423828,-33.51475143432617,36.0,-36.0,False,-0.18453877
89,1.78,0.12860560417175293,-0.1112752387535707,1.4526678,18.3851,2.730414390563965,36.171993255615234,36.0,1.0,"left_hip_pitch_joint,left_hip_roll_joint,left_hip_yaw_joint,left_knee_joint,left_ankle_pitch_joint,left_ankle_roll_joint,right_hip_pitch_joint,right_hip_roll_joint,right_hip_yaw_joint,right_knee_joint,right_ankle_pitch_joint,right_ankle_roll_joint,waist_roll_joint,waist_yaw_joint,left_shoulder_pitch_joint,left_shoulder_roll_joint,left_shoulder_yaw_joint,left_elbow_joint,right_shoulder_pitch_joint,right_shoulder_roll_joint,right_shoulder_yaw_joint,right_elbow_joint",0.0,106.597305,0,right_ankle_roll_link,106.597305,0.37278038263320923,1.641615390777588,-26.24201774597168,36.171993255615234,-36.0,36.0,False,-0.17991677
90,1.8,0.13830623030662537,-0.39406554249970327,0.8776815,32.81944,2.502941370010376,36.5611686706543,36.0,0.9545454545454546,"left_hip_pitch_joint,left_hip_roll_joint,left_hip_yaw_joint,left_knee_joint,left_ankle_pitch_joint,left_ankle_roll_joint,right_hip_pitch_joint,right_hip_roll_joint,right_hip_yaw_joint,right_knee_joint,right_ankle_pitch_joint,right_ankle_roll_joint,waist_yaw_joint,left_shoulder_pitch_joint,left_shoulder_roll_joint,left_shoulder_yaw_joint,left_elbow_joint,right_shoulder_pitch_joint,right_shoulder_roll_joint,right_shoulder_yaw_joint,right_elbow_joint",0.0,0.0,0,pelvis,0.0,0.48634347319602966,1.1458523273468018,28.893024444580078,-36.5611686706543,36.0,-36.0,False,-0.14731902
91,1.82,0.13295157253742218,-0.13537086333856507,2.3269446,34.138073,2.7023184299468994,36.30596923828125,36.0,0.9545454545454546,"left_hip_roll_joint,left_hip_yaw_joint,left_knee_joint,left_ankle_pitch_joint,left_ankle_roll_joint,right_hip_pitch_joint,right_hip_roll_joint,right_hip_yaw_joint,right_knee_joint,right_ankle_pitch_joint,right_ankle_roll_joint,waist_roll_joint,waist_yaw_joint,left_shoulder_pitch_joint,left_shoulder_roll_joint,left_shoulder_yaw_joint,left_elbow_joint,right_shoulder_pitch_joint,right_shoulder_roll_joint,right_shoulder_yaw_joint,right_elbow_joint",0.0,0.0,0,pelvis,0.0,0.16992881894111633,1.6008306741714478,-29.714269638061523,36.30596923828125,-36.0,36.0,False,-0.14890733
92,1.84,0.12892472743988037,-0.1637152781689597,0.7123747,31.97912,2.5277047157287598,36.23875427246094,36.0,1.0,"left_hip_pitch_joint,left_hip_roll_joint,left_hip_yaw_joint,left_knee_joint,left_ankle_pitch_joint,left_ankle_roll_joint,right_hip_pitch_joint,right_hip_roll_joint,right_hip_yaw_joint,right_knee_joint,right_ankle_pitch_joint,right_ankle_roll_joint,waist_roll_joint,waist_yaw_joint,left_shoulder_pitch_joint,left_shoulder_roll_joint,left_shoulder_yaw_joint,left_elbow_joint,right_shoulder_pitch_joint,right_shoulder_roll_joint,right_shoulder_yaw_joint,right_elbow_joint",0.0,0.0,0,pelvis,0.0,0.12069067358970642,1.1617467403411865,22.40831184387207,-36.23875427246094,36.0,-36.0,False,-0.11466524
93,1.86,0.11880090832710266,-0.06794034975855112,2.205204,22.457243,2.541914463043213,36.04228973388672,36.0,0.9090909090909091,"left_hip_roll_joint,left_hip_yaw_joint,left_knee_joint,left_ankle_pitch_joint,left_ankle_roll_joint,right_hip_pitch_joint,right_hip_roll_joint,right_hip_yaw_joint,right_knee_joint,right_ankle_roll_joint,waist_roll_joint,waist_yaw_joint,left_shoulder_pitch_joint,left_shoulder_roll_joint,left_shoulder_yaw_joint,left_elbow_joint,right_shoulder_pitch_joint,right_shoulder_roll_joint,right_shoulder_yaw_joint,right_elbow_joint",0.0,182.50479,0,right_ankle_roll_link,182.50479,0.004352524410933256,1.6676195859909058,0.19947461783885956,35.854312896728516,-36.0,36.0,True,-0.111777514
94,1.8800000000000001,0.12086895853281021,-0.22555831644427826,1.2187365,28.938845,2.4181838035583496,36.05802536010742,36.0,0.9545454545454546,"left_hip_pitch_joint,left_hip_roll_joint,left_hip_yaw_joint,left_ankle_pitch_joint,left_ankle_roll_joint,right_hip_pitch_joint,right_hip_roll_joint,right_hip_yaw_joint,right_knee_joint,right_ankle_pitch_joint,right_ankle_roll_joint,waist_roll_joint,waist_yaw_joint,left_shoulder_pitch_joint,left_shoulder_roll_joint,left_shoulder_yaw_joint,left_elbow_joint,right_shoulder_pitch_joint,right_shoulder_roll_joint,right_shoulder_yaw_joint,right_elbow_joint",0.0,0.0,506.3935852050781,torso_link,506.3936,0.3797239363193512,1.3029495477676392,30.323280334472656,-36.047637939453125,28.822918,-36.0,False,-0.0796603
95,1.9000000000000001,0.11605694144964218,-0.20178864347517056,2.1663246,11.630253,2.2352709770202637,36.06040954589844,36.0,0.9090909090909091,"left_hip_roll_joint,left_hip_yaw_joint,left_knee_joint,left_ankle_pitch_joint,left_ankle_roll_joint,right_hip_pitch_joint,right_hip_roll_joint,right_hip_yaw_joint,right_knee_joint,right_ankle_roll_joint,waist_roll_joint,waist_yaw_joint,left_shoulder_pitch_joint,left_shoulder_roll_joint,left_shoulder_yaw_joint,left_elbow_joint,right_shoulder_pitch_joint,right_shoulder_roll_joint,right_shoulder_yaw_joint,right_elbow_joint",0.0,461.4569,461.4569091796875,right_ankle_roll_link,461.4569,-4.361228548077634e-06,1.6390951871871948,0.023532480001449585,32.51239013671875,-36.0,36.0,True,-0.055513054
96,1.92,0.12634830176830292,-0.2898943664325575,0.92073447,13.884444,2.0866973400115967,36.075904846191406,36.0,0.9545454545454546,"left_hip_pitch_joint,left_hip_roll_joint,left_hip_yaw_joint,left_ankle_pitch_joint,left_ankle_roll_joint,right_hip_pitch_joint,right_hip_roll_joint,right_hip_yaw_joint,right_knee_joint,right_ankle_pitch_joint,right_ankle_roll_joint,waist_roll_joint,waist_yaw_joint,left_shoulder_pitch_joint,left_shoulder_roll_joint,left_shoulder_yaw_joint,left_elbow_joint,right_shoulder_pitch_joint,right_shoulder_roll_joint,right_shoulder_yaw_joint,right_elbow_joint",0.0,0.0,0,pelvis,0.0,0.45878976583480835,1.2579883337020874,36.075904846191406,-34.798133850097656,33.394077,-36.0,False,-0.06033499
97,1.94,0.1252346634864807,-0.30201882275086733,1.658695,12.489353,1.7937246561050415,36.01198959350586,36.0,0.9090909090909091,"left_hip_pitch_joint,left_hip_roll_joint,left_hip_yaw_joint,left_knee_joint,left_ankle_pitch_joint,left_ankle_roll_joint,right_hip_pitch_joint,right_hip_roll_joint,right_hip_yaw_joint,right_knee_joint,right_ankle_pitch_joint,waist_roll_joint,left_shoulder_pitch_joint,left_shoulder_roll_joint,left_shoulder_yaw_joint,left_elbow_joint,right_shoulder_pitch_joint,right_shoulder_roll_joint,right_shoulder_yaw_joint,right_elbow_joint",0.0,150.46498,196.91046142578125,torso_link,196.91046,-4.176905349595472e-06,1.6137827634811401,-0.1106380820274353,31.0565185546875,-36.0,36.0,True,-0.095868245
98,1.96,0.1471996009349823,-0.3494898394440118,1.4300997,10.55392,1.6886764764785767,36.17643737792969,36.0,0.9545454545454546,"left_hip_pitch_joint,left_hip_roll_joint,left_hip_yaw_joint,left_knee_joint,left_ankle_pitch_joint,left_ankle_roll_joint,right_hip_pitch_joint,right_hip_roll_joint,right_hip_yaw_joint,right_knee_joint,right_ankle_pitch_joint,right_ankle_roll_joint,waist_roll_joint,waist_yaw_joint,left_shoulder_roll_joint,left_shoulder_yaw_joint,left_elbow_joint,right_shoulder_pitch_joint,right_shoulder_roll_joint,right_shoulder_yaw_joint,right_elbow_joint",0.0,0.0,0,pelvis,0.0,0.32199838757514954,1.2399672269821167,36.15562438964844,-34.87715530395508,36.0,-36.0,False,-0.11105159
99,1.98,0.15583959221839905,-0.38854381067068466,1.58492,7.6473274,1.3135607242584229,36.05500411987305,36.0,0.9090909090909091,"left_hip_pitch_joint,left_hip_roll_joint,left_hip_yaw_joint,left_knee_joint,left_ankle_pitch_joint,left_ankle_roll_joint,right_hip_pitch_joint,right_hip_roll_joint,right_hip_yaw_joint,right_knee_joint,right_ankle_pitch_joint,waist_roll_joint,left_shoulder_pitch_joint,left_shoulder_roll_joint,left_shoulder_yaw_joint,left_elbow_joint,right_shoulder_pitch_joint,right_shoulder_roll_joint,right_shoulder_yaw_joint,right_elbow_joint",0.0,112.41851,114.67182922363281,torso_link,114.67183,-0.004273118916898966,1.6380951404571533,1.2291290760040283,29.644065856933594,-36.0,36.0,True,-0.096832365
100,2.0,0.17938922345638275,-0.4289427493917626,1.7256618,15.484294,1.5371652841567993,40.18560028076172,36.0,0.9090909090909091,"left_hip_pitch_joint,left_hip_yaw_joint,left_ankle_pitch_joint,left_ankle_roll_joint,right_hip_pitch_joint,right_hip_roll_joint,right_hip_yaw_joint,right_knee_joint,right_ankle_pitch_joint,right_ankle_roll_joint,waist_roll_joint,waist_yaw_joint,left_shoulder_pitch_joint,left_shoulder_roll_joint,left_shoulder_yaw_joint,left_elbow_joint,right_shoulder_pitch_joint,right_shoulder_roll_joint,right_shoulder_yaw_joint,right_elbow_joint",0.0,0.0,0,pelvis,0.0,0.4117072522640228,1.2368375062942505,40.18560028076172,-33.21173095703125,4.80126,-36.0,False,-0.09671752
101,2.02,0.1853170245885849,-0.4900033587856658,2.2734032,22.35144,1.3693183660507202,36.919620513916016,36.0,0.8636363636363636,"left_hip_pitch_joint,left_hip_yaw_joint,left_knee_joint,left_ankle_pitch_joint,left_ankle_roll_joint,right_hip_pitch_joint,right_hip_roll_joint,right_hip_yaw_joint,right_knee_joint,right_ankle_pitch_joint,waist_yaw_joint,left_shoulder_pitch_joint,left_shoulder_roll_joint,left_shoulder_yaw_joint,left_elbow_joint,right_shoulder_pitch_joint,right_shoulder_roll_joint,right_shoulder_yaw_joint,right_elbow_joint",0.0,0.0,0,pelvis,0.0,0.06571705639362335,1.804370641708374,-36.919620513916016,34.881690979003906,-36.0,36.0,False,-0.08841447
102,2.04,0.19954262673854828,-0.5462352414265124,1.587905,24.814245,1.569739818572998,36.81502914428711,36.0,1.0,"left_hip_pitch_joint,left_hip_roll_joint,left_hip_yaw_joint,left_knee_joint,left_ankle_pitch_joint,left_ankle_roll_joint,right_hip_pitch_joint,right_hip_roll_joint,right_hip_yaw_joint,right_knee_joint,right_ankle_pitch_joint,right_ankle_roll_joint,waist_roll_joint,waist_yaw_joint,left_shoulder_pitch_joint,left_shoulder_roll_joint,left_shoulder_yaw_joint,left_elbow_joint,right_shoulder_pitch_joint,right_shoulder_roll_joint,right_shoulder_yaw_joint,right_elbow_joint",0.0,0.0,0,pelvis,0.0,0.4852149188518524,1.4660768508911133,36.81502914428711,-34.648109436035156,36.0,-36.0,False,-0.096065
103,2.06,0.19951170682907104,-0.5705721795078387,1.6820338,18.252134,1.4143873453140259,36.40542221069336,36.0,0.9545454545454546,"left_hip_pitch_joint,left_hip_roll_joint,left_hip_yaw_joint,left_knee_joint,left_ankle_pitch_joint,left_ankle_roll_joint,right_hip_pitch_joint,right_hip_roll_joint,right_hip_yaw_joint,right_knee_joint,right_ankle_pitch_joint,waist_roll_joint,waist_yaw_joint,left_shoulder_pitch_joint,left_shoulder_roll_joint,left_shoulder_yaw_joint,left_elbow_joint,right_shoulder_pitch_joint,right_shoulder_roll_joint,right_shoulder_yaw_joint,right_elbow_joint",0.0,0.0,3155.088134765625,torso_link,3155.0881,0.3651871085166931,1.8494396209716797,-36.40542221069336,33.27180480957031,-36.0,36.0,False,-0.09328559
104,2.08,0.21336577832698822,-0.5834197326395341,2.0335684,6.0049877,1.5225803852081299,36.87477111816406,36.0,0.9545454545454546,"left_hip_pitch_joint,left_hip_roll_joint,left_hip_yaw_joint,left_knee_joint,left_ankle_pitch_joint,left_ankle_roll_joint,right_hip_pitch_joint,right_hip_roll_joint,right_hip_yaw_joint,right_knee_joint,right_ankle_pitch_joint,right_ankle_roll_joint,waist_roll_joint,waist_yaw_joint,left_shoulder_pitch_joint,left_shoulder_roll_joint,left_shoulder_yaw_joint,left_elbow_joint,right_shoulder_pitch_joint,right_shoulder_roll_joint,right_elbow_joint",0.0,0.0,0,pelvis,0.0,0.8488544225692749,1.5497900247573853,34.765106201171875,-26.683643341064453,36.0,-36.0,False,-0.09659126
105,2.1,0.21702253818511963,-0.5655336497060617,1.6808558,7.5890784,1.5737227201461792,36.92917251586914,36.0,0.8636363636363636,"left_hip_pitch_joint,left_hip_roll_joint,left_hip_yaw_joint,left_knee_joint,left_ankle_pitch_joint,left_ankle_roll_joint,right_hip_pitch_joint,right_hip_roll_joint,right_hip_yaw_joint,right_knee_joint,right_ankle_pitch_joint,waist_roll_joint,left_shoulder_pitch_joint,left_shoulder_roll_joint,left_shoulder_yaw_joint,left_elbow_joint,right_shoulder_pitch_joint,right_shoulder_roll_joint,right_elbow_joint",0.0,0.0,0,pelvis,0.0,0.42946264147758484,2.008774995803833,-36.92917251586914,34.40441131591797,-36.0,36.0,False,-0.08584966
106,2.12,0.2331399917602539,-0.6176134523144086,1.8205649,11.571239,1.5697969198226929,36.902870178222656,36.0,0.8181818181818182,"left_hip_roll_joint,left_hip_yaw_joint,left_knee_joint,left_ankle_pitch_joint,left_ankle_roll_joint,right_hip_pitch_joint,right_hip_roll_joint,right_hip_yaw_joint,right_knee_joint,right_ankle_pitch_joint,right_ankle_roll_joint,left_shoulder_roll_joint,left_shoulder_yaw_joint,left_elbow_joint,right_shoulder_pitch_joint,right_shoulder_roll_joint,right_shoulder_yaw_joint,right_elbow_joint",0.0,0.0,0,pelvis,0.0,0.766897439956665,1.7886269092559814,36.902870178222656,-35.73655700683594,36.0,-36.0,False,-0.090666324
107,2.14,0.2324478030204773,-0.6245784613270065,1.9340422,13.083687,1.6323152780532837,36.78548049926758,36.0,0.9090909090909091,"left_hip_pitch_joint,left_hip_roll_joint,left_hip_yaw_joint,left_knee_joint,left_ankle_pitch_joint,left_ankle_roll_joint,right_hip_pitch_joint,right_hip_roll_joint,right_hip_yaw_joint,right_knee_joint,right_ankle_pitch_joint,waist_yaw_joint,left_shoulder_pitch_joint,left_shoulder_roll_joint,left_shoulder_yaw_joint,left_elbow_joint,right_shoulder_pitch_joint,right_shoulder_roll_joint,right_shoulder_yaw_joint,right_elbow_joint",0.0,0.0,0,pelvis,0.0,0.38491472601890564,2.0673675537109375,-36.78548049926758,35.816104888916016,-36.0,36.0,False,-0.07955283
108,2.16,0.2383817583322525,-0.6920945001104002,1.3075099,15.155088,1.5022492408752441,36.87831497192383,36.0,0.9090909090909091,"left_hip_pitch_joint,left_hip_roll_joint,left_hip_yaw_joint,left_knee_joint,left_ankle_pitch_joint,left_ankle_roll_joint,right_hip_pitch_joint,right_hip_roll_joint,right_hip_yaw_joint,right_knee_joint,right_ankle_pitch_joint,right_ankle_roll_joint,waist_yaw_joint,left_shoulder_pitch_joint,left_shoulder_roll_joint,left_shoulder_yaw_joint,left_elbow_joint,right_shoulder_pitch_joint,right_shoulder_roll_joint,right_elbow_joint",0.0,0.0,0,pelvis,0.0,0.7422638535499573,1.8062268495559692,36.87831497192383,-35.335533142089844,36.0,-36.0,False,-0.08761445
109,2.18,0.2287939488887787,-0.6491207413448734,2.2633228,11.290282,1.6814810037612915,36.78201675415039,36.0,0.9545454545454546,"left_hip_pitch_joint,left_hip_roll_joint,left_hip_yaw_joint,left_knee_joint,left_ankle_pitch_joint,left_ankle_roll_joint,right_hip_pitch_joint,right_hip_roll_joint,right_hip_yaw_joint,right_knee_joint,right_ankle_pitch_joint,waist_roll_joint,waist_yaw_joint,left_shoulder_pitch_joint,left_shoulder_roll_joint,left_shoulder_yaw_joint,left_elbow_joint,right_shoulder_pitch_joint,right_shoulder_roll_joint,right_shoulder_yaw_joint,right_elbow_joint",0.0,0.0,0,pelvis,0.0,0.37873077392578125,2.1165332794189453,-36.78201675415039,33.24180603027344,-36.0,36.0,False,-0.079345815
110,2.2,0.23101936280727386,-0.6746996966204506,1.2258755,12.260415,1.5652883052825928,36.62611389160156,36.0,0.9545454545454546,"left_hip_pitch_joint,left_hip_roll_joint,left_hip_yaw_joint,left_knee_joint,left_ankle_pitch_joint,left_ankle_roll_joint,right_hip_pitch_joint,right_hip_roll_joint,right_hip_yaw_joint,right_knee_joint,right_ankle_pitch_joint,right_ankle_roll_joint,waist_yaw_joint,left_shoulder_pitch_joint,left_shoulder_roll_joint,left_shoulder_yaw_joint,left_elbow_joint,right_shoulder_pitch_joint,right_shoulder_roll_joint,right_shoulder_yaw_joint,right_elbow_joint",0.0,0.0,0,pelvis,0.0,0.7580627799034119,1.8378932476043701,36.62611389160156,-32.41704177856445,36.0,-36.0,False,-0.084494345
111,2.22,0.2167634218931198,-0.5911907443629136,2.077787,8.891905,1.786228060722351,36.877384185791016,36.0,0.9090909090909091,"left_hip_pitch_joint,left_hip_roll_joint,left_hip_yaw_joint,left_knee_joint,left_ankle_pitch_joint,left_ankle_roll_joint,right_hip_pitch_joint,right_hip_roll_joint,right_hip_yaw_joint,right_knee_joint,right_ankle_pitch_joint,waist_roll_joint,waist_yaw_joint,left_shoulder_pitch_joint,left_shoulder_roll_joint,left_shoulder_yaw_joint,left_elbow_joint,right_shoulder_pitch_joint,right_shoulder_yaw_joint,right_elbow_joint",0.0,0.0,828.2763671875,torso_link,828.27637,0.35490426421165466,2.221280336380005,-36.877384185791016,34.74048614501953,-36.0,36.0,False,-0.082047716
112,2.24,0.21944916248321533,-0.5911776166458029,1.2791654,8.11057,1.6309219598770142,36.87898254394531,36.0,0.9090909090909091,"left_hip_pitch_joint,left_hip_roll_joint,left_hip_yaw_joint,left_knee_joint,left_ankle_pitch_joint,left_ankle_roll_joint,right_hip_pitch_joint,right_hip_roll_joint,right_hip_yaw_joint,right_knee_joint,right_ankle_pitch_joint,right_ankle_roll_joint,left_shoulder_pitch_joint,left_shoulder_roll_joint,left_shoulder_yaw_joint,left_elbow_joint,right_shoulder_pitch_joint,right_shoulder_roll_joint,right_shoulder_yaw_joint,right_elbow_joint",0.0,0.0,0,pelvis,0.0,0.7528243064880371,2.065974235534668,36.87898254394531,-31.37088394165039,36.0,-36.0,False,-0.095509924
113,2.2600000000000002,0.20992276072502136,-0.5740016388657185,2.3374188,17.992718,1.913012146949768,33.954612731933594,36.0,0.8636363636363636,"left_hip_pitch_joint,left_hip_roll_joint,left_hip_yaw_joint,left_knee_joint,left_ankle_pitch_joint,left_ankle_roll_joint,right_hip_pitch_joint,right_hip_roll_joint,right_hip_yaw_joint,right_knee_joint,right_ankle_pitch_joint,left_shoulder_pitch_joint,left_shoulder_roll_joint,left_shoulder_yaw_joint,left_elbow_joint,right_shoulder_pitch_joint,right_shoulder_roll_joint,right_shoulder_yaw_joint,right_elbow_joint",0.0,0.0,637.1028442382812,torso_link,637.10284,0.3614928126335144,2.348064422607422,-14.36246109008789,33.954612731933594,-36.0,36.0,False,-0.09461361
114,2.2800000000000002,0.2135794460773468,-0.5337135438691121,1.6713401,6.4036646,1.7368870973587036,36.809165954589844,36.0,1.0,"left_hip_pitch_joint,left_hip_roll_joint,left_hip_yaw_joint,left_knee_joint,left_ankle_pitch_joint,left_ankle_roll_joint,right_hip_pitch_joint,right_hip_roll_joint,right_hip_yaw_joint,right_knee_joint,right_ankle_pitch_joint,right_ankle_roll_joint,waist_roll_joint,waist_yaw_joint,left_shoulder_pitch_joint,left_shoulder_roll_joint,left_shoulder_yaw_joint,left_elbow_joint,right_shoulder_pitch_joint,right_shoulder_roll_joint,right_shoulder_yaw_joint,right_elbow_joint",0.0,0.0,0,pelvis,0.0,0.9548498392105103,2.1719393730163574,36.809165954589844,-32.11008071899414,36.0,-36.0,False,-0.10397058
115,2.3000000000000003,0.20566222071647644,-0.5419299552166255,2.024994,8.743679,1.8564201593399048,36.71559143066406,36.0,0.8636363636363636,"left_hip_pitch_joint,left_hip_roll_joint,left_hip_yaw_joint,left_knee_joint,left_ankle_pitch_joint,left_ankle_roll_joint,right_hip_pitch_joint,right_hip_roll_joint,right_hip_yaw_joint,right_knee_joint,right_ankle_pitch_joint,left_shoulder_pitch_joint,left_shoulder_roll_joint,left_shoulder_yaw_joint,left_elbow_joint,right_shoulder_pitch_joint,right_shoulder_roll_joint,right_shoulder_yaw_joint,right_elbow_joint",0.0,271.6707,271.6706848144531,pelvis,271.6707,0.554484486579895,2.2914724349975586,-36.71559143066406,11.022031784057617,-36.0,36.0,False,-0.10376237
116,2.32,0.20497925579547882,-0.4942688939500215,1.4626323,8.565278,1.532143473625183,36.450687408447266,36.0,0.9090909090909091,"left_hip_pitch_joint,left_hip_roll_joint,left_hip_yaw_joint,left_knee_joint,left_ankle_pitch_joint,left_ankle_roll_joint,right_hip_pitch_joint,right_hip_roll_joint,right_knee_joint,right_ankle_pitch_joint,right_ankle_roll_joint,waist_roll_joint,left_shoulder_pitch_joint,left_shoulder_roll_joint,left_shoulder_yaw_joint,left_elbow_joint,right_shoulder_pitch_joint,right_shoulder_roll_joint,right_shoulder_yaw_joint,right_elbow_joint",0.0,0.0,0,pelvis,0.0,0.914954662322998,1.802831768989563,35.67159652709961,-36.450687408447266,36.0,-36.0,False,-0.11890154
117,2.34,0.1988389939069748,-0.544095083909129,2.0443556,12.229729,1.6889827251434326,36.62704086303711,36.0,0.9545454545454546,"left_hip_roll_joint,left_hip_yaw_joint,left_knee_joint,left_ankle_pitch_joint,left_ankle_roll_joint,right_hip_pitch_joint,right_hip_roll_joint,right_hip_yaw_joint,right_knee_joint,right_ankle_pitch_joint,right_ankle_roll_joint,waist_roll_joint,waist_yaw_joint,left_shoulder_pitch_joint,left_shoulder_roll_joint,left_shoulder_yaw_joint,left_elbow_joint,right_shoulder_pitch_joint,right_shoulder_roll_joint,right_shoulder_yaw_joint,right_elbow_joint",0.0,0.0,0,pelvis,0.0,0.39356446266174316,1.913370966911316,-36.62704086303711,32.738983154296875,-36.0,36.0,False,-0.11313596
118,2.36,0.17131857573986053,-0.4216508937251149,2.4250207,16.399105,1.9181833267211914,36.22282028198242,36.0,1.0,"left_hip_pitch_joint,left_hip_roll_joint,left_hip_yaw_joint,left_knee_joint,left_ankle_pitch_joint,left_ankle_roll_joint,right_hip_pitch_joint,right_hip_roll_joint,right_hip_yaw_joint,right_knee_joint,right_ankle_pitch_joint,right_ankle_roll_joint,waist_roll_joint,waist_yaw_joint,left_shoulder_pitch_joint,left_shoulder_roll_joint,left_shoulder_yaw_joint,left_elbow_joint,right_shoulder_pitch_joint,right_shoulder_roll_joint,right_shoulder_yaw_joint,right_elbow_joint",0.0,0.0,0,pelvis,0.0,0.8776256442070007,1.7379621267318726,36.022579193115234,-30.475534439086914,36.0,-36.0,False,-0.12693346
119,2.38,0.15551522374153137,-0.43446607268399307,1.6738743,11.337739,1.9463369846343994,36.11944580078125,36.0,1.0,"left_hip_pitch_joint,left_hip_roll_joint,left_hip_yaw_joint,left_knee_joint,left_ankle_pitch_joint,left_ankle_roll_joint,right_hip_pitch_joint,right_hip_roll_joint,right_hip_yaw_joint,right_knee_joint,right_ankle_pitch_joint,right_ankle_roll_joint,waist_roll_joint,waist_yaw_joint,left_shoulder_pitch_joint,left_shoulder_roll_joint,left_shoulder_yaw_joint,left_elbow_joint,right_shoulder_pitch_joint,right_shoulder_roll_joint,right_shoulder_yaw_joint,right_elbow_joint",0.0,0.0,78.33525085449219,torso_link,78.33525,0.5021801590919495,1.8899717330932617,-32.430267333984375,32.10916519165039,-36.0,36.0,False,-0.12437088
120,2.4,0.13318300247192383,-0.26205532147894717,1.704537,11.460623,1.9404404163360596,36.479923248291016,36.0,0.9090909090909091,"left_hip_pitch_joint,left_hip_roll_joint,left_hip_yaw_joint,left_knee_joint,left_ankle_pitch_joint,left_ankle_roll_joint,right_hip_roll_joint,right_hip_yaw_joint,right_knee_joint,right_ankle_pitch_joint,right_ankle_roll_joint,waist_roll_joint,waist_yaw_joint,left_shoulder_roll_joint,left_shoulder_yaw_joint,left_elbow_joint,right_shoulder_pitch_joint,right_shoulder_roll_joint,right_shoulder_yaw_joint,right_elbow_joint",0.0,0.0,186.44410705566406,torso_link,186.4441,0.9604873657226562,1.7300487756729126,36.479923248291016,-32.02238464355469,36.0,-36.0,False,-0.1253561
121,2.42,0.1290500909090042,-0.3906487000069996,1.3489661,19.775095,1.8452363014221191,31.560449600219727,36.0,0.9545454545454546,"left_hip_pitch_joint,left_hip_roll_joint,left_hip_yaw_joint,left_knee_joint,left_ankle_pitch_joint,left_ankle_roll_joint,right_hip_pitch_joint,right_hip_roll_joint,right_hip_yaw_joint,right_knee_joint,right_ankle_pitch_joint,waist_roll_joint,waist_yaw_joint,left_shoulder_pitch_joint,left_shoulder_roll_joint,left_shoulder_yaw_joint,left_elbow_joint,right_shoulder_pitch_joint,right_shoulder_roll_joint,right_shoulder_yaw_joint,right_elbow_joint",0.0,0.0,317.0738525390625,torso_link,317.07385,0.6126095056533813,1.7960879802703857,-13.912528991699219,28.177913665771484,-36.0,36.0,False,-0.11245465
122,2.44,0.11943168938159943,-0.218862208226263,2.0041578,26.952093,2.0745980739593506,36.11864471435547,36.0,1.0,"left_hip_pitch_joint,left_hip_roll_joint,left_hip_yaw_joint,left_knee_joint,left_ankle_pitch_joint,left_ankle_roll_joint,right_hip_pitch_joint,right_hip_roll_joint,right_hip_yaw_joint,right_knee_joint,right_ankle_pitch_joint,right_ankle_roll_joint,waist_roll_joint,waist_yaw_joint,left_shoulder_pitch_joint,left_shoulder_roll_joint,left_shoulder_yaw_joint,left_elbow_joint,right_shoulder_pitch_joint,right_shoulder_roll_joint,right_shoulder_yaw_joint,right_elbow_joint",0.0,293.14944,0,right_ankle_roll_link,293.14944,1.2391237020492554,1.5875054597854614,34.24446487426758,-15.502787590026855,36.0,-36.0,False,-0.10357584
123,2.46,0.1058361753821373,-0.1799161217344638,1.22044,13.809433,1.9494361877441406,36.069068908691406,36.0,1.0,"left_hip_pitch_joint,left_hip_roll_joint,left_hip_yaw_joint,left_knee_joint,left_ankle_pitch_joint,left_ankle_roll_joint,right_hip_pitch_joint,right_hip_roll_joint,right_hip_yaw_joint,right_knee_joint,right_ankle_pitch_joint,right_ankle_roll_joint,waist_roll_joint,waist_yaw_joint,left_shoulder_pitch_joint,left_shoulder_roll_joint,left_shoulder_yaw_joint,left_elbow_joint,right_shoulder_pitch_joint,right_shoulder_roll_joint,right_shoulder_yaw_joint,right_elbow_joint",0.0,0.0,0,pelvis,0.0,0.8838741779327393,1.992038369178772,-34.410980224609375,34.39553451538086,-36.0,36.0,False,-0.059251882
124,2.48,0.08755481243133545,0.03678070868829053,2.017458,31.097713,2.20666241645813,36.63330078125,36.0,1.0,"left_hip_pitch_joint,left_hip_roll_joint,left_hip_yaw_joint,left_knee_joint,left_ankle_pitch_joint,left_ankle_roll_joint,right_hip_pitch_joint,right_hip_roll_joint,right_hip_yaw_joint,right_knee_joint,right_ankle_pitch_joint,right_ankle_roll_joint,waist_roll_joint,waist_yaw_joint,left_shoulder_pitch_joint,left_shoulder_roll_joint,left_shoulder_yaw_joint,left_elbow_joint,right_shoulder_pitch_joint,right_shoulder_roll_joint,right_shoulder_yaw_joint,right_elbow_joint",0.0,0.0,0,pelvis,0.0,1.3272249698638916,1.828526496887207,36.08344650268555,-27.280162811279297,36.0,-36.0,False,-0.015900321
125,2.5,0.0672389417886734,0.14283883585039758,0.8104263,16.964272,1.8287780284881592,36.099185943603516,36.0,0.9545454545454546,"left_hip_pitch_joint,left_hip_roll_joint,left_hip_yaw_joint,left_knee_joint,left_ankle_pitch_joint,left_ankle_roll_joint,right_hip_pitch_joint,right_hip_roll_joint,right_hip_yaw_joint,right_knee_joint,right_ankle_pitch_joint,waist_roll_joint,waist_yaw_joint,left_shoulder_pitch_joint,left_shoulder_roll_joint,left_shoulder_yaw_joint,left_elbow_joint,right_shoulder_pitch_joint,right_shoulder_roll_joint,right_shoulder_yaw_joint,right_elbow_joint",0.0,0.0,0,pelvis,0.0,0.8944792151451111,2.098381757736206,-31.919357299804688,27.8984375,-36.0,36.0,False,-0.05070559
126,2.52,0.049749959260225296,0.2471175556572618,2.1722472,39.09078,2.1010513305664062,36.0799560546875,36.0,1.0,"left_hip_pitch_joint,left_hip_roll_joint,left_hip_yaw_joint,left_knee_joint,left_ankle_pitch_joint,left_ankle_roll_joint,right_hip_pitch_joint,right_hip_roll_joint,right_hip_yaw_joint,right_knee_joint,right_ankle_pitch_joint,right_ankle_roll_joint,waist_roll_joint,waist_yaw_joint,left_shoulder_pitch_joint,left_shoulder_roll_joint,left_shoulder_yaw_joint,left_elbow_joint,right_shoulder_pitch_joint,right_shoulder_roll_joint,right_shoulder_yaw_joint,right_elbow_joint",0.0,0.0,0,pelvis,0.0,1.3724181652069092,1.7831474542617798,36.07530975341797,-21.48919105529785,36.0,-36.0,False,-0.06395248
127,2.54,0.03339281678199768,0.33176630825718334,0.3614182,6.592903,1.7979978322982788,36.298465728759766,36.0,0.9545454545454546,"left_hip_pitch_joint,left_hip_roll_joint,left_hip_yaw_joint,left_knee_joint,left_ankle_pitch_joint,left_ankle_roll_joint,right_hip_pitch_joint,right_hip_roll_joint,right_hip_yaw_joint,right_knee_joint,right_ankle_pitch_joint,waist_roll_joint,waist_yaw_joint,left_shoulder_pitch_joint,left_shoulder_roll_joint,left_shoulder_yaw_joint,left_elbow_joint,right_shoulder_pitch_joint,right_shoulder_roll_joint,right_shoulder_yaw_joint,right_elbow_joint",0.0,0.0,0,pelvis,0.0,0.9240801930427551,2.1927242279052734,-36.298465728759766,29.298795700073242,-36.0,36.0,False,-0.10003166
128,2.56,0.028713958337903023,0.27946834769791273,0.9271159,32.74862,1.9085304737091064,38.68898010253906,36.0,1.0,"left_hip_pitch_joint,left_hip_roll_joint,left_hip_yaw_joint,left_knee_joint,left_ankle_pitch_joint,left_ankle_roll_joint,right_hip_pitch_joint,right_hip_roll_joint,right_hip_yaw_joint,right_knee_joint,right_ankle_pitch_joint,right_ankle_roll_joint,waist_roll_joint,waist_yaw_joint,left_shoulder_pitch_joint,left_shoulder_roll_joint,left_shoulder_yaw_joint,left_elbow_joint,right_shoulder_pitch_joint,right_shoulder_roll_joint,right_shoulder_yaw_joint,right_elbow_joint",0.0,0.0,468.8289794921875,pelvis,468.82898,1.342877984046936,1.9070382118225098,34.7281494140625,-19.545900344848633,36.0,-36.0,False,-0.11044697
129,2.58,0.06963596493005753,0.2036867434603522,2.932015,11.254027,1.9277945756912231,36.418190002441406,36.0,0.9545454545454546,"left_hip_pitch_joint,left_hip_roll_joint,left_hip_yaw_joint,left_knee_joint,left_ankle_pitch_joint,left_ankle_roll_joint,right_hip_pitch_joint,right_hip_roll_joint,right_hip_yaw_joint,right_knee_joint,right_ankle_pitch_joint,waist_roll_joint,waist_yaw_joint,left_shoulder_pitch_joint,left_shoulder_roll_joint,left_shoulder_yaw_joint,left_elbow_joint,right_shoulder_pitch_joint,right_shoulder_roll_joint,right_shoulder_yaw_joint,right_elbow_joint",0.0,0.0,0,pelvis,0.0,0.8819040060043335,2.362846851348877,-36.418190002441406,29.371049880981445,-36.0,36.0,False,-0.10862247
130,2.6,0.1003471165895462,0.08532543722090935,0.8319695,35.86993,1.7036415338516235,36.284873962402344,36.0,1.0,"left_hip_pitch_joint,left_hip_roll_joint,left_hip_yaw_joint,left_knee_joint,left_ankle_pitch_joint,left_ankle_roll_joint,right_hip_pitch_joint,right_hip_roll_joint,right_hip_yaw_joint,right_knee_joint,right_ankle_pitch_joint,right_ankle_roll_joint,waist_roll_joint,waist_yaw_joint,left_shoulder_pitch_joint,left_shoulder_roll_joint,left_shoulder_yaw_joint,left_elbow_joint,right_shoulder_pitch_joint,right_shoulder_roll_joint,right_shoulder_yaw_joint,right_elbow_joint",0.0,0.0,0,pelvis,0.0,1.3067307472229004,2.1386938095092773,36.284873962402344,-20.088163375854492,36.0,-36.0,False,-0.08186775
131,2.62,0.14967083930969238,-0.03506940759821653,2.9688935,15.237135,2.0084590911865234,36.34316635131836,36.0,0.9545454545454546,"left_hip_pitch_joint,left_hip_roll_joint,left_hip_yaw_joint,left_knee_joint,left_ankle_pitch_joint,left_ankle_roll_joint,right_hip_pitch_joint,right_hip_roll_joint,right_hip_yaw_joint,right_knee_joint,right_ankle_pitch_joint,waist_roll_joint,waist_yaw_joint,left_shoulder_pitch_joint,left_shoulder_roll_joint,left_shoulder_yaw_joint,left_elbow_joint,right_shoulder_pitch_joint,right_shoulder_roll_joint,right_shoulder_yaw_joint,right_elbow_joint",0.0,0.0,0,pelvis,0.0,0.9474847912788391,2.4435112476348877,-36.34316635131836,-0.09355641156435013,-36.0,36.0,False,-0.033585615
132,2.64,0.16643430292606354,-0.006711700032345336,0.86757576,35.620155,1.549666166305542,36.5145378112793,36.0,0.9545454545454546,"left_hip_pitch_joint,left_hip_roll_joint,left_hip_yaw_joint,left_knee_joint,left_ankle_pitch_joint,left_ankle_roll_joint,right_hip_pitch_joint,right_hip_roll_joint,right_hip_yaw_joint,right_knee_joint,right_ankle_roll_joint,waist_roll_joint,waist_yaw_joint,left_shoulder_pitch_joint,left_shoulder_roll_joint,left_shoulder_yaw_joint,left_elbow_joint,right_shoulder_pitch_joint,right_shoulder_roll_joint,right_shoulder_yaw_joint,right_elbow_joint",0.0,0.0,0,pelvis,0.0,1.3097686767578125,1.9225441217422485,36.5145378112793,-27.657567977905273,36.0,-36.0,False,0.016583182
133,2.66,0.21257241070270538,-0.20172309695376067,3.3447926,10.328739,1.8208411931991577,35.177799224853516,36.0,0.9545454545454546,"left_hip_pitch_joint,left_hip_roll_joint,left_hip_yaw_joint,left_knee_joint,left_ankle_pitch_joint,left_ankle_roll_joint,right_hip_pitch_joint,right_hip_roll_joint,right_hip_yaw_joint,right_knee_joint,right_ankle_pitch_joint,waist_roll_joint,waist_yaw_joint,left_shoulder_pitch_joint,left_shoulder_roll_joint,left_shoulder_yaw_joint,left_elbow_joint,right_shoulder_pitch_joint,right_shoulder_roll_joint,right_shoulder_yaw_joint,right_elbow_joint",1253.9885,0.0,0,left_ankle_roll_link,1253.9885,0.8986673355102539,2.2558934688568115,-34.58498001098633,24.02739715576172,-36.0,36.0,False,0.06329939
134,2.68,0.23748628795146942,-0.3544180737569418,0.9975795,34.028637,1.6142514944076538,35.883811950683594,36.0,1.0,"left_hip_pitch_joint,left_hip_roll_joint,left_hip_yaw_joint,left_knee_joint,left_ankle_pitch_joint,left_ankle_roll_joint,right_hip_pitch_joint,right_hip_roll_joint,right_hip_yaw_joint,right_knee_joint,right_ankle_pitch_joint,right_ankle_roll_joint,waist_roll_joint,waist_yaw_joint,left_shoulder_pitch_joint,left_shoulder_roll_joint,left_shoulder_yaw_joint,left_elbow_joint,right_shoulder_pitch_joint,right_shoulder_roll_joint,right_shoulder_yaw_joint,right_elbow_joint",0.0,0.0,0,pelvis,0.0,1.4343633651733398,2.0493037700653076,35.629268646240234,-18.900875091552734,36.0,-36.0,False,0.08531641
135,2.7,0.26876190304756165,-0.47809759454036005,3.5821505,11.913687,1.8474236726760864,35.24626922607422,36.0,0.9090909090909091,"left_hip_pitch_joint,left_hip_roll_joint,left_hip_yaw_joint,left_knee_joint,left_ankle_pitch_joint,right_hip_pitch_joint,right_hip_roll_joint,right_hip_yaw_joint,right_knee_joint,right_ankle_pitch_joint,waist_roll_joint,waist_yaw_joint,left_shoulder_pitch_joint,left_shoulder_roll_joint,left_shoulder_yaw_joint,left_elbow_joint,right_shoulder_pitch_joint,right_shoulder_roll_joint,right_shoulder_yaw_joint,right_elbow_joint",0.0,0.0,0,pelvis,0.0,1.0439643859863281,2.2824759483337402,-35.24626922607422,22.21208953857422,-36.0,36.0,False,0.09928435
136,2.72,0.25953736901283264,-0.31948277073310294,1.4531214,29.65712,1.5697141885757446,36.524051666259766,36.0,1.0,"left_hip_pitch_joint,left_hip_roll_joint,left_hip_yaw_joint,left_knee_joint,left_ankle_pitch_joint,left_ankle_roll_joint,right_hip_pitch_joint,right_hip_roll_joint,right_hip_yaw_joint,right_knee_joint,right_ankle_pitch_joint,right_ankle_roll_joint,waist_roll_joint,waist_yaw_joint,left_shoulder_pitch_joint,left_shoulder_roll_joint,left_shoulder_yaw_joint,left_elbow_joint,right_shoulder_pitch_joint,right_shoulder_roll_joint,right_shoulder_yaw_joint,right_elbow_joint",0.0,0.0,410.031982421875,left_knee_link,205.01599,1.5383120775222778,1.915140151977539,36.524051666259766,-30.44281578063965,36.0,-36.0,False,0.120513484
137,2.74,0.24540239572525024,-0.22348763481041978,3.4844327,19.702927,1.8650628328323364,36.0316162109375,36.0,0.9090909090909091,"left_hip_pitch_joint,left_hip_roll_joint,left_hip_yaw_joint,left_knee_joint,left_ankle_pitch_joint,right_hip_pitch_joint,right_hip_roll_joint,right_hip_yaw_joint,right_knee_joint,right_ankle_pitch_joint,waist_roll_joint,waist_yaw_joint,left_shoulder_pitch_joint,left_shoulder_roll_joint,left_shoulder_yaw_joint,left_elbow_joint,right_shoulder_pitch_joint,right_shoulder_roll_joint,right_shoulder_yaw_joint,right_elbow_joint",0.0,0.0,0,pelvis,0.0,1.0655760765075684,2.3001151084899902,-36.0316162109375,30.985319137573242,-36.0,36.0,False,0.10394722
138,2.7600000000000002,0.22470687329769135,-0.15283345068424126,1.2564818,25.367056,1.5808900594711304,28.01348114013672,36.0,0.8636363636363636,"left_hip_pitch_joint,left_hip_roll_joint,left_hip_yaw_joint,left_knee_joint,left_ankle_pitch_joint,right_hip_pitch_joint,right_hip_roll_joint,right_knee_joint,right_ankle_pitch_joint,right_ankle_roll_joint,waist_yaw_joint,left_shoulder_pitch_joint,left_shoulder_roll_joint,left_shoulder_yaw_joint,left_elbow_joint,right_shoulder_pitch_joint,right_shoulder_roll_joint,right_shoulder_yaw_joint,right_elbow_joint",0.0,0.0,0,pelvis,0.0,1.5947498083114624,2.015942335128784,24.81675910949707,-14.426379203796387,36.0,-36.0,False,0.062694244
139,2.7800000000000002,0.18222355842590332,0.14092443280429023,2.4189074,32.21201,2.0070104598999023,34.38117980957031,36.0,0.9090909090909091,"left_hip_pitch_joint,left_hip_roll_joint,left_hip_yaw_joint,left_knee_joint,left_ankle_pitch_joint,left_ankle_roll_joint,right_hip_pitch_joint,right_hip_roll_joint,right_hip_yaw_joint,right_knee_joint,right_ankle_pitch_joint,waist_yaw_joint,left_shoulder_pitch_joint,left_shoulder_roll_joint,left_shoulder_yaw_joint,left_elbow_joint,right_shoulder_pitch_joint,right_shoulder_roll_joint,right_shoulder_yaw_joint,right_elbow_joint",0.0,0.0,0,pelvis,0.0,1.0283337831497192,2.4420626163482666,-34.38117980957031,-0.0010495611932128668,-36.0,36.0,False,0.043371692
140,2.8000000000000003,0.16855837404727936,0.12315265665222164,0.9343631,17.671558,1.5359724760055542,36.183780670166016,36.0,0.9090909090909091,"left_hip_pitch_joint,left_hip_roll_joint,left_hip_yaw_joint,left_knee_joint,left_ankle_pitch_joint,right_hip_pitch_joint,right_hip_roll_joint,right_hip_yaw_joint,right_knee_joint,right_ankle_pitch_joint,right_ankle_roll_joint,waist_roll_joint,waist_yaw_joint,left_shoulder_roll_joint,left_shoulder_yaw_joint,left_elbow_joint,right_shoulder_pitch_joint,right_shoulder_roll_joint,right_shoulder_yaw_joint,right_elbow_joint",0.0,0.0,416.16619873046875,left_knee_link,416.1662,1.2228178977966309,1.8438557386398315,25.70757484436035,-36.183780670166016,36.0,-36.0,False,-0.017634723
141,2.82,0.14093615114688873,0.3845314596735445,2.489582,27.629744,1.6758862733840942,27.062437057495117,36.0,0.9545454545454546,"left_hip_pitch_joint,left_hip_roll_joint,left_hip_yaw_joint,left_knee_joint,left_ankle_pitch_joint,left_ankle_roll_joint,right_hip_pitch_joint,right_hip_roll_joint,right_hip_yaw_joint,right_knee_joint,right_ankle_pitch_joint,waist_roll_joint,waist_yaw_joint,left_shoulder_pitch_joint,left_shoulder_roll_joint,left_shoulder_yaw_joint,left_elbow_joint,right_shoulder_pitch_joint,right_shoulder_roll_joint,right_shoulder_yaw_joint,right_elbow_joint",0.0,0.0,0,pelvis,0.0,0.6376988291740417,2.110938549041748,-27.062437057495117,19.822927474975586,-36.0,36.0,False,-0.024746872
142,2.84,0.13974818587303162,0.09459464109198024,1.0208468,25.833515,1.5586165189743042,36.014564514160156,36.0,0.9090909090909091,"left_hip_pitch_joint,left_hip_roll_joint,left_hip_yaw_joint,left_knee_joint,left_ankle_pitch_joint,right_hip_pitch_joint,right_hip_roll_joint,right_hip_yaw_joint,right_knee_joint,right_ankle_pitch_joint,right_ankle_roll_joint,waist_yaw_joint,left_shoulder_pitch_joint,left_shoulder_roll_joint,left_shoulder_yaw_joint,left_elbow_joint,right_shoulder_pitch_joint,right_shoulder_roll_joint,right_shoulder_yaw_joint,right_elbow_joint",0.0,0.0,0,pelvis,0.0,1.249576210975647,1.9046359062194824,35.75624465942383,-33.192710876464844,36.0,-36.0,False,-0.05181474
143,2.86,0.10441576689481735,0.2818977610962232,1.6004196,31.25753,1.7181943655014038,36.014129638671875,36.0,0.9545454545454546,"left_hip_pitch_joint,left_hip_roll_joint,left_hip_yaw_joint,left_knee_joint,left_ankle_pitch_joint,left_ankle_roll_joint,right_hip_pitch_joint,right_hip_roll_joint,right_hip_yaw_joint,right_knee_joint,right_ankle_pitch_joint,waist_roll_joint,waist_yaw_joint,left_shoulder_pitch_joint,left_shoulder_roll_joint,left_shoulder_yaw_joint,left_elbow_joint,right_shoulder_pitch_joint,right_shoulder_roll_joint,right_shoulder_yaw_joint,right_elbow_joint",0.0,0.0,0,pelvis,0.0,0.682237982749939,2.1532466411590576,-33.802757263183594,24.232439041137695,-36.0,36.0,False,-0.058911588
144,2.88,0.11058154702186584,0.06829550119560679,1.6581973,6.5927367,1.5773662328720093,23.242568969726562,36.0,0.8636363636363636,"left_hip_pitch_joint,left_hip_roll_joint,left_hip_yaw_joint,left_knee_joint,left_ankle_pitch_joint,right_hip_pitch_joint,right_hip_roll_joint,right_hip_yaw_joint,right_knee_joint,right_ankle_pitch_joint,right_ankle_roll_joint,waist_roll_joint,waist_yaw_joint,left_shoulder_pitch_joint,left_shoulder_yaw_joint,left_elbow_joint,right_shoulder_pitch_joint,right_shoulder_yaw_joint,right_elbow_joint",291.30383,291.30383,0,left_ankle_roll_link,291.30383,1.1940248012542725,2.012418508529663,23.242568969726562,-14.73293399810791,36.0,-36.0,False,-0.062208783
145,2.9,0.09673341363668442,0.3441952887630365,0.99557215,28.910006,1.8366698026657104,34.65382766723633,36.0,0.9090909090909091,"left_hip_pitch_joint,left_hip_roll_joint,left_hip_yaw_joint,left_knee_joint,left_ankle_pitch_joint,left_ankle_roll_joint,right_hip_pitch_joint,right_hip_roll_joint,right_hip_yaw_joint,right_knee_joint,right_ankle_pitch_joint,waist_yaw_joint,left_shoulder_pitch_joint,left_shoulder_roll_joint,left_shoulder_yaw_joint,left_elbow_joint,right_shoulder_pitch_joint,right_shoulder_roll_joint,right_shoulder_yaw_joint,right_elbow_joint",320.9712,0.0,320.97119140625,left_ankle_roll_link,320.9712,0.5728583335876465,2.2717220783233643,-34.65382766723633,17.489316940307617,-36.0,36.0,False,-0.06567769
146,2.92,0.10840771347284317,0.15259005423867478,1.8188182,23.213247,1.7588006258010864,36.052799224853516,36.0,1.0,"left_hip_pitch_joint,left_hip_roll_joint,left_hip_yaw_joint,left_knee_joint,left_ankle_pitch_joint,left_ankle_roll_joint,right_hip_pitch_joint,right_hip_roll_joint,right_hip_yaw_joint,right_knee_joint,right_ankle_pitch_joint,right_ankle_roll_joint,waist_roll_joint,waist_yaw_joint,left_shoulder_pitch_joint,left_shoulder_roll_joint,left_shoulder_yaw_joint,left_elbow_joint,right_shoulder_pitch_joint,right_shoulder_roll_joint,right_shoulder_yaw_joint,right_elbow_joint",0.0,472.5378,0,right_ankle_roll_link,472.5378,1.1157886981964111,2.1938529014587402,35.41774368286133,-11.708171844482422,36.0,-36.0,False,-0.04844193
147,2.94,0.10673148185014725,0.13454971788629422,1.3138927,25.05092,2.008370876312256,35.58531951904297,36.0,0.9545454545454546,"left_hip_pitch_joint,left_hip_roll_joint,left_hip_yaw_joint,left_knee_joint,left_ankle_pitch_joint,left_ankle_roll_joint,right_hip_pitch_joint,right_hip_roll_joint,right_hip_yaw_joint,right_knee_joint,right_ankle_pitch_joint,waist_roll_joint,waist_yaw_joint,left_shoulder_pitch_joint,left_shoulder_roll_joint,left_shoulder_yaw_joint,left_elbow_joint,right_shoulder_pitch_joint,right_shoulder_roll_joint,right_shoulder_yaw_joint,right_elbow_joint",521.76263,545.9873,0,right_ankle_roll_link,545.9873,0.5151554346084595,2.44342303276062,-35.58531951904297,-0.09037519991397858,-36.0,36.0,False,-0.036732953
148,2.96,0.11529316753149033,0.001974514727747234,1.8686388,19.503874,1.890762448310852,36.099334716796875,36.0,0.8181818181818182,"left_hip_pitch_joint,left_hip_roll_joint,left_hip_yaw_joint,left_knee_joint,right_hip_pitch_joint,right_hip_roll_joint,right_hip_yaw_joint,right_knee_joint,waist_roll_joint,waist_yaw_joint,left_shoulder_pitch_joint,left_shoulder_roll_joint,left_shoulder_yaw_joint,left_elbow_joint,right_shoulder_pitch_joint,right_shoulder_roll_joint,right_shoulder_yaw_joint,right_elbow_joint",271.2703,260.76492,0,left_ankle_roll_link,271.2703,1.028592824935913,2.325814723968506,36.099334716796875,-5.163582801818848,36.0,-36.0,False,0.0118238665
149,2.98,0.12100835144519806,-0.06936959668269793,1.6629574,20.66051,1.9942899942398071,36.069915771484375,36.0,0.8636363636363636,"left_hip_pitch_joint,left_hip_roll_joint,left_hip_yaw_joint,left_knee_joint,right_hip_pitch_joint,right_hip_roll_joint,right_hip_yaw_joint,right_ankle_pitch_joint,right_ankle_roll_joint,waist_roll_joint,waist_yaw_joint,left_shoulder_pitch_joint,left_shoulder_roll_joint,left_shoulder_yaw_joint,left_elbow_joint,right_shoulder_pitch_joint,right_shoulder_roll_joint,right_shoulder_yaw_joint,right_elbow_joint",94.56965,90.91769,0,left_ankle_roll_link,94.56965,0.43795642256736755,2.429342269897461,-35.403411865234375,-4.375911235809326,-36.0,-27.335014,False,-0.044274133
150,3.0,0.12787166237831116,-0.17303815771949305,1.5292816,23.840422,1.8045939207077026,35.236732482910156,36.0,0.9090909090909091,"left_hip_pitch_joint,left_hip_roll_joint,left_hip_yaw_joint,left_knee_joint,left_ankle_pitch_joint,left_ankle_roll_joint,right_hip_pitch_joint,right_hip_roll_joint,right_hip_yaw_joint,right_knee_joint,right_ankle_pitch_joint,right_ankle_roll_joint,waist_roll_joint,left_shoulder_pitch_joint,left_shoulder_yaw_joint,left_elbow_joint,right_shoulder_pitch_joint,right_shoulder_roll_joint,right_shoulder_yaw_joint,right_elbow_joint",355.78897,341.9522,0,left_ankle_roll_link,355.78897,0.8814446926116943,2.2396461963653564,33.652320861816406,-8.826103210449219,36.0,-36.0,False,-0.07682417
151,3.02,0.1468801498413086,-0.3546767201020504,2.458876,21.081007,2.0045700073242188,36.14373779296875,36.0,0.9090909090909091,"left_hip_pitch_joint,left_hip_roll_joint,left_hip_yaw_joint,left_knee_joint,left_ankle_pitch_joint,right_hip_pitch_joint,right_hip_roll_joint,right_hip_yaw_joint,right_knee_joint,right_ankle_pitch_joint,right_ankle_roll_joint,waist_roll_joint,waist_yaw_joint,left_shoulder_pitch_joint,left_shoulder_yaw_joint,left_elbow_joint,right_shoulder_pitch_joint,right_shoulder_roll_joint,right_shoulder_yaw_joint,right_elbow_joint",0.0,0.0,0,pelvis,0.0,0.28757739067077637,2.439622402191162,-32.47850799560547,-1.119903326034546,-36.0,36.0,False,-0.10702289
152,3.04,0.15571463108062744,-0.34198996722486896,0.77876264,23.85201,1.6449328660964966,36.035404205322266,36.0,0.9090909090909091,"left_hip_pitch_joint,left_hip_roll_joint,left_hip_yaw_joint,left_knee_joint,left_ankle_pitch_joint,right_hip_pitch_joint,right_hip_roll_joint,right_hip_yaw_joint,right_knee_joint,right_ankle_pitch_joint,waist_roll_joint,waist_yaw_joint,left_shoulder_pitch_joint,left_shoulder_roll_joint,left_shoulder_yaw_joint,left_elbow_joint,right_shoulder_pitch_joint,right_shoulder_roll_joint,right_shoulder_yaw_joint,right_elbow_joint",0.0,0.0,0,pelvis,0.0,0.8593829274177551,2.0799851417541504,35.63676452636719,-22.527555465698242,36.0,-36.0,False,-0.1226123
153,3.06,0.1791694611310959,-0.4070635628649004,2.9431381,20.922066,1.5197855234146118,36.537574768066406,36.0,1.0,"left_hip_pitch_joint,left_hip_roll_joint,left_hip_yaw_joint,left_knee_joint,left_ankle_pitch_joint,left_ankle_roll_joint,right_hip_pitch_joint,right_hip_roll_joint,right_hip_yaw_joint,right_knee_joint,right_ankle_pitch_joint,right_ankle_roll_joint,waist_roll_joint,waist_yaw_joint,left_shoulder_pitch_joint,left_shoulder_roll_joint,left_shoulder_yaw_joint,left_elbow_joint,right_shoulder_pitch_joint,right_shoulder_roll_joint,right_shoulder_yaw_joint,right_elbow_joint",0.0,0.0,2684.283935546875,right_knee_link,2684.284,0.27116838097572327,1.9548377990722656,-36.537574768066406,1.8058042526245117,-36.0,36.0,False,-0.11838413
154,3.08,0.1909809112548828,-0.31341748862991636,0.337145,4.2304115,1.5696991682052612,36.29635238647461,36.0,0.9090909090909091,"left_hip_pitch_joint,left_hip_roll_joint,left_hip_yaw_joint,left_knee_joint,left_ankle_pitch_joint,right_hip_pitch_joint,right_hip_roll_joint,right_hip_yaw_joint,right_knee_joint,right_ankle_pitch_joint,waist_roll_joint,waist_yaw_joint,left_shoulder_pitch_joint,left_shoulder_roll_joint,left_shoulder_yaw_joint,left_elbow_joint,right_shoulder_pitch_joint,right_shoulder_roll_joint,right_shoulder_yaw_joint,right_elbow_joint",0.0,0.0,0,pelvis,0.0,0.8394792675971985,1.66107976436615,35.73146438598633,-22.879352569580078,36.0,-36.0,False,-0.12859462
155,3.1,0.2109665870666504,-0.45813319661883867,2.0088432,14.631689,1.5548512935638428,36.02095031738281,36.0,0.9090909090909091,"left_hip_pitch_joint,left_hip_roll_joint,left_hip_yaw_joint,left_knee_joint,left_ankle_pitch_joint,left_ankle_roll_joint,right_hip_roll_joint,right_hip_yaw_joint,right_knee_joint,right_ankle_pitch_joint,right_ankle_roll_joint,waist_yaw_joint,left_shoulder_pitch_joint,left_shoulder_roll_joint,left_shoulder_yaw_joint,left_elbow_joint,right_shoulder_pitch_joint,right_shoulder_roll_joint,right_shoulder_yaw_joint,right_elbow_joint",0.0,0.0,0,pelvis,0.0,0.3514879047870636,1.7224401235580444,7.3529181480407715,12.423785209655762,-36.0,36.0,False,-0.112458155
156,3.12,0.1960843950510025,-0.2865332322790213,1.2080094,9.503204,1.555557131767273,36.041481018066406,36.0,0.9090909090909091,"left_hip_pitch_joint,left_hip_roll_joint,left_hip_yaw_joint,left_knee_joint,left_ankle_pitch_joint,right_hip_pitch_joint,right_hip_roll_joint,right_hip_yaw_joint,right_knee_joint,right_ankle_pitch_joint,waist_roll_joint,waist_yaw_joint,left_shoulder_pitch_joint,left_shoulder_roll_joint,left_shoulder_yaw_joint,left_elbow_joint,right_shoulder_pitch_joint,right_shoulder_roll_joint,right_shoulder_yaw_joint,right_elbow_joint",0.0,0.0,0,pelvis,0.0,0.3070954978466034,1.3516716957092285,-14.352091789245605,-30.604568481445312,-36.0,-36.0,False,-0.107306674
157,3.14,0.19222380220890045,-0.5344727899140054,1.0423585,24.282284,1.4416327476501465,36.48769760131836,36.0,0.9545454545454546,"left_hip_pitch_joint,left_hip_roll_joint,left_hip_yaw_joint,left_knee_joint,left_ankle_pitch_joint,left_ankle_roll_joint,right_hip_pitch_joint,right_hip_roll_joint,right_hip_yaw_joint,right_knee_joint,right_ankle_pitch_joint,right_ankle_roll_joint,waist_yaw_joint,left_shoulder_pitch_joint,left_shoulder_roll_joint,left_shoulder_yaw_joint,left_elbow_joint,right_shoulder_pitch_joint,right_shoulder_roll_joint,right_shoulder_yaw_joint,right_elbow_joint",0.0,0.0,404.358154296875,right_knee_link,404.35815,0.6032624840736389,1.5196782350540161,36.48769760131836,15.9258451461792,36.0,36.0,False,-0.08933541
158,3.16,0.18827274441719055,-0.5375556494408471,1.6667541,11.334565,1.485937476158142,37.09379959106445,36.0,0.8181818181818182,"left_hip_pitch_joint,left_hip_yaw_joint,left_knee_joint,left_ankle_pitch_joint,right_hip_pitch_joint,right_hip_roll_joint,right_hip_yaw_joint,right_knee_joint,right_ankle_pitch_joint,waist_roll_joint,waist_yaw_joint,left_shoulder_roll_joint,left_shoulder_yaw_joint,left_elbow_joint,right_shoulder_pitch_joint,right_shoulder_roll_joint,right_shoulder_yaw_joint,right_elbow_joint",0.0,0.0,0,pelvis,0.0,0.35920003056526184,1.0055773258209229,-37.09379959106445,-26.282394409179688,-36.0,-36.0,False,-0.110723644
159,3.18,0.18921716511249542,-0.5276370093469751,1.3774825,21.950476,1.5101029872894287,36.65046310424805,36.0,0.9545454545454546,"left_hip_pitch_joint,left_hip_roll_joint,left_hip_yaw_joint,left_knee_joint,left_ankle_pitch_joint,left_ankle_roll_joint,right_hip_pitch_joint,right_hip_roll_joint,right_hip_yaw_joint,right_knee_joint,right_ankle_pitch_joint,right_ankle_roll_joint,waist_yaw_joint,left_shoulder_pitch_joint,left_shoulder_roll_joint,left_shoulder_yaw_joint,left_elbow_joint,right_shoulder_pitch_joint,right_shoulder_roll_joint,right_shoulder_yaw_joint,right_elbow_joint",0.0,0.0,839.4222412109375,right_knee_link,839.42224,0.9010758996009827,1.2965269088745117,36.65046310424805,24.212488174438477,36.0,36.0,False,-0.063735396
160,3.2,0.19224771857261658,-0.45001516129049435,1.9070215,10.5660095,1.5697077512741089,36.681251525878906,36.0,0.9090909090909091,"left_hip_pitch_joint,left_hip_roll_joint,left_hip_yaw_joint,left_knee_joint,left_ankle_pitch_joint,right_hip_pitch_joint,right_hip_roll_joint,right_hip_yaw_joint,right_knee_joint,right_ankle_pitch_joint,waist_roll_joint,waist_yaw_joint,left_shoulder_pitch_joint,left_shoulder_roll_joint,left_shoulder_yaw_joint,left_elbow_joint,right_shoulder_pitch_joint,right_shoulder_roll_joint,right_shoulder_yaw_joint,right_elbow_joint",0.0,0.0,0,pelvis,0.0,0.6871378421783447,0.8112483620643616,-36.681251525878906,-27.774566650390625,-36.0,-36.0,False,-0.07439255
161,3.22,0.2037329226732254,-0.5105021048983147,1.7627714,15.519445,1.5909719467163086,36.54111862182617,36.0,1.0,"left_hip_pitch_joint,left_hip_roll_joint,left_hip_yaw_joint,left_knee_joint,left_ankle_pitch_joint,left_ankle_roll_joint,right_hip_pitch_joint,right_hip_roll_joint,right_hip_yaw_joint,right_knee_joint,right_ankle_pitch_joint,right_ankle_roll_joint,waist_roll_joint,waist_yaw_joint,left_shoulder_pitch_joint,left_shoulder_roll_joint,left_shoulder_yaw_joint,left_elbow_joint,right_shoulder_pitch_joint,right_shoulder_roll_joint,right_shoulder_yaw_joint,right_elbow_joint",0.0,0.0,0,pelvis,0.0,1.1224126815795898,1.1649219989776611,36.54111862182617,34.4512825012207,36.0,36.0,False,-0.059745945
162,3.24,0.20272424817085266,-0.44163498972358184,1.5846016,13.029118,1.4984652996063232,36.57619094848633,36.0,0.9090909090909091,"left_hip_pitch_joint,left_hip_roll_joint,left_hip_yaw_joint,left_knee_joint,left_ankle_pitch_joint,right_hip_pitch_joint,right_hip_roll_joint,right_hip_yaw_joint,right_knee_joint,right_ankle_pitch_joint,waist_roll_joint,waist_yaw_joint,left_shoulder_pitch_joint,left_shoulder_roll_joint,left_shoulder_yaw_joint,left_elbow_joint,right_shoulder_pitch_joint,right_shoulder_roll_joint,right_shoulder_yaw_joint,right_elbow_joint",0.0,0.0,0,pelvis,0.0,0.9812808036804199,0.7082119584083557,-36.57619094848633,-28.666217803955078,-36.0,-36.0,False,-0.056033246
163,3.2600000000000002,0.2059960961341858,-0.5026202890066145,1.8643981,18.622261,1.4987751245498657,36.461692810058594,36.0,0.9545454545454546,"left_hip_roll_joint,left_hip_yaw_joint,left_knee_joint,left_ankle_pitch_joint,left_ankle_roll_joint,right_hip_pitch_joint,right_hip_roll_joint,right_hip_yaw_joint,right_knee_joint,right_ankle_pitch_joint,right_ankle_roll_joint,waist_roll_joint,waist_yaw_joint,left_shoulder_pitch_joint,left_shoulder_roll_joint,left_shoulder_yaw_joint,left_elbow_joint,right_shoulder_pitch_joint,right_shoulder_roll_joint,right_shoulder_yaw_joint,right_elbow_joint",0.0,0.0,0,pelvis,0.0,1.219960331916809,1.0618715286254883,36.461692810058594,34.81563186645508,36.0,36.0,False,-0.057870407
164,3.2800000000000002,0.20278576016426086,-0.45897852524010574,0.3687871,14.754861,1.5479806661605835,36.26024627685547,36.0,0.9090909090909091,"left_hip_pitch_joint,left_hip_roll_joint,left_hip_yaw_joint,left_knee_joint,left_ankle_pitch_joint,right_hip_pitch_joint,right_hip_roll_joint,right_hip_yaw_joint,right_knee_joint,right_ankle_pitch_joint,waist_roll_joint,waist_yaw_joint,left_shoulder_pitch_joint,left_shoulder_roll_joint,left_shoulder_yaw_joint,left_elbow_joint,right_shoulder_pitch_joint,right_shoulder_roll_joint,right_shoulder_yaw_joint,right_elbow_joint",0.0,311.15033,0,right_ankle_roll_link,311.15033,1.1318283081054688,0.5914062261581421,-36.26024627685547,-24.684555053710938,-36.0,-36.0,False,-0.053697485
165,3.3000000000000003,0.19686734676361084,-0.529291930339987,1.8656492,19.611975,1.5251245498657227,36.08639144897461,36.0,0.9545454545454546,"left_hip_pitch_joint,left_hip_roll_joint,left_hip_yaw_joint,left_knee_joint,left_ankle_pitch_joint,left_ankle_roll_joint,right_hip_pitch_joint,right_hip_roll_joint,right_hip_yaw_joint,right_knee_joint,right_ankle_pitch_joint,right_ankle_roll_joint,waist_yaw_joint,left_shoulder_pitch_joint,left_shoulder_roll_joint,left_shoulder_yaw_joint,left_elbow_joint,right_shoulder_pitch_joint,right_shoulder_roll_joint,right_shoulder_yaw_joint,right_elbow_joint",0.0,0.0,0,pelvis,0.0,0.9922961592674255,1.0538849830627441,27.090084075927734,31.291797637939453,36.0,36.0,False,-0.063292444
166,3.3200000000000003,0.17809991538524628,-0.4535325735872462,0.9095795,13.662064,1.5696923732757568,36.42106246948242,36.0,0.8636363636363636,"left_hip_pitch_joint,left_hip_roll_joint,left_hip_yaw_joint,left_knee_joint,left_ankle_pitch_joint,right_hip_pitch_joint,right_hip_roll_joint,right_hip_yaw_joint,right_knee_joint,waist_roll_joint,waist_yaw_joint,left_shoulder_pitch_joint,left_shoulder_roll_joint,left_shoulder_yaw_joint,left_elbow_joint,right_shoulder_pitch_joint,right_shoulder_roll_joint,right_shoulder_yaw_joint,right_elbow_joint",0.0,0.0,0,pelvis,0.0,0.7317897081375122,0.5469859838485718,-36.42106246948242,-33.871490478515625,-36.0,-36.0,False,-0.06157343
167,3.34,0.16461557149887085,-0.46009197502201715,1.8316687,16.132702,1.6115975379943848,36.48506546020508,36.0,0.9545454545454546,"left_hip_pitch_joint,left_hip_roll_joint,left_hip_yaw_joint,left_knee_joint,left_ankle_pitch_joint,left_ankle_roll_joint,right_hip_pitch_joint,right_hip_roll_joint,right_hip_yaw_joint,right_knee_joint,right_ankle_pitch_joint,right_ankle_roll_joint,waist_yaw_joint,left_shoulder_pitch_joint,left_shoulder_roll_joint,left_shoulder_yaw_joint,left_elbow_joint,right_shoulder_pitch_joint,right_shoulder_roll_joint,right_shoulder_yaw_joint,right_elbow_joint",0.0,0.0,0,pelvis,0.0,0.7696953415870667,0.8667570948600769,36.48506546020508,29.61295509338379,36.0,36.0,False,-0.06714542
168,3.36,0.13798034191131592,-0.3323398658801864,1.0286297,13.403314,1.554980754852295,36.671241760253906,36.0,0.8181818181818182,"left_hip_pitch_joint,left_hip_roll_joint,left_hip_yaw_joint,left_knee_joint,left_ankle_pitch_joint,right_hip_pitch_joint,right_hip_roll_joint,right_hip_yaw_joint,right_knee_joint,waist_roll_joint,waist_yaw_joint,left_shoulder_roll_joint,left_shoulder_yaw_joint,left_elbow_joint,right_shoulder_pitch_joint,right_shoulder_roll_joint,right_shoulder_yaw_joint,right_elbow_joint",0.0,0.0,0,pelvis,0.0,0.5168964862823486,0.2921397089958191,-36.384159088134766,-30.281484603881836,-36.0,-36.0,False,-0.056881227
169,3.38,0.1279052048921585,-0.3264596567426725,1.7448125,9.82907,1.7543354034423828,36.638755798339844,36.0,0.9090909090909091,"left_hip_pitch_joint,left_hip_roll_joint,left_hip_yaw_joint,left_knee_joint,left_ankle_pitch_joint,left_ankle_roll_joint,right_hip_pitch_joint,right_hip_roll_joint,right_hip_yaw_joint,right_knee_joint,right_ankle_pitch_joint,right_ankle_roll_joint,waist_yaw_joint,left_shoulder_roll_joint,left_shoulder_yaw_joint,left_elbow_joint,right_shoulder_pitch_joint,right_shoulder_roll_joint,right_shoulder_yaw_joint,right_elbow_joint",0.0,0.0,0,pelvis,0.0,0.8539918661117554,0.7606425285339355,36.638755798339844,32.068077087402344,36.0,36.0,False,-0.05934929
170,3.4,0.1025642454624176,-0.23393458444380322,1.3329488,11.579843,1.5632126331329346,36.64522171020508,36.0,0.8636363636363636,"left_hip_pitch_joint,left_hip_roll_joint,left_hip_yaw_joint,left_knee_joint,left_ankle_pitch_joint,right_hip_pitch_joint,right_hip_roll_joint,right_hip_yaw_joint,right_knee_joint,right_ankle_pitch_joint,waist_roll_joint,waist_yaw_joint,left_shoulder_roll_joint,left_shoulder_yaw_joint,left_elbow_joint,right_shoulder_pitch_joint,right_shoulder_roll_joint,right_shoulder_yaw_joint,right_elbow_joint",0.0,0.0,0,pelvis,0.0,0.260360985994339,0.18293426930904388,-36.64522171020508,-33.83062744140625,-36.0,-36.0,False,-0.050688673
171,3.42,0.0784645527601242,-0.11332894987611475,1.364584,15.747321,2.1389594078063965,34.9443359375,36.0,0.9545454545454546,"left_hip_pitch_joint,left_hip_roll_joint,left_hip_yaw_joint,left_knee_joint,left_ankle_pitch_joint,left_ankle_roll_joint,right_hip_pitch_joint,right_hip_roll_joint,right_hip_yaw_joint,right_knee_joint,right_ankle_pitch_joint,right_ankle_roll_joint,waist_yaw_joint,left_shoulder_pitch_joint,left_shoulder_roll_joint,left_shoulder_yaw_joint,left_elbow_joint,right_shoulder_pitch_joint,right_shoulder_roll_joint,right_shoulder_yaw_joint,right_elbow_joint",228.7538,217.72223,985.6152038574219,left_knee_link,416.86386,0.9062179923057556,0.7652214169502258,34.9443359375,19.446853637695312,36.0,36.0,False,-0.057741113
172,3.44,0.06300859153270721,-0.03955661814935674,0.72257864,12.204491,2.0282092094421387,37.06853485107422,36.0,0.8636363636363636,"left_hip_pitch_joint,left_hip_roll_joint,left_hip_yaw_joint,left_knee_joint,left_ankle_roll_joint,right_hip_pitch_joint,right_hip_roll_joint,right_hip_yaw_joint,right_knee_joint,waist_roll_joint,waist_yaw_joint,left_shoulder_pitch_joint,left_shoulder_roll_joint,left_shoulder_yaw_joint,left_elbow_joint,right_shoulder_pitch_joint,right_shoulder_roll_joint,right_shoulder_yaw_joint,right_elbow_joint",946.8869,0.0,0,left_ankle_roll_link,946.8869,0.4114675521850586,0.12410014867782593,-25.697586059570312,-35.97814178466797,-36.0,-36.0,False,-0.052587345
173,3.46,0.05191456526517868,-0.0016961733147198288,1.0797961,14.320435,2.651981830596924,35.85993194580078,36.0,0.9545454545454546,"left_hip_pitch_joint,left_hip_roll_joint,left_hip_yaw_joint,left_knee_joint,left_ankle_pitch_joint,left_ankle_roll_joint,right_hip_pitch_joint,right_hip_roll_joint,right_hip_yaw_joint,right_knee_joint,right_ankle_pitch_joint,right_ankle_roll_joint,waist_yaw_joint,left_shoulder_pitch_joint,left_shoulder_roll_joint,left_shoulder_yaw_joint,left_elbow_joint,right_shoulder_pitch_joint,right_shoulder_roll_joint,right_shoulder_yaw_joint,right_elbow_joint",169.6171,1125.4188,1295.0359191894531,right_ankle_roll_link,1125.4188,1.0331292152404785,0.526793897151947,35.33049774169922,35.85993194580078,36.0,36.0,False,-0.063847795
174,3.48,0.05831802263855934,-0.013551460907002877,0.6482828,9.208389,2.2145395278930664,37.214134216308594,36.0,0.9545454545454546,"left_hip_pitch_joint,left_hip_roll_joint,left_hip_yaw_joint,left_knee_joint,left_ankle_roll_joint,right_hip_pitch_joint,right_hip_roll_joint,right_hip_yaw_joint,right_knee_joint,right_ankle_pitch_joint,right_ankle_roll_joint,waist_roll_joint,waist_yaw_joint,left_shoulder_pitch_joint,left_shoulder_roll_joint,left_shoulder_yaw_joint,left_elbow_joint,right_shoulder_pitch_joint,right_shoulder_roll_joint,right_shoulder_yaw_joint,right_elbow_joint",0.0,0.0,0,pelvis,0.0,0.6434421539306641,0.015828635543584824,-34.60970687866211,-27.5816650390625,-36.0,-36.0,False,-0.061247993
175,3.5,0.0517009012401104,-0.01037436739654396,1.1182454,14.307484,2.745375871658325,36.280208587646484,36.0,0.9545454545454546,"left_hip_pitch_joint,left_hip_roll_joint,left_hip_yaw_joint,left_knee_joint,left_ankle_pitch_joint,right_hip_pitch_joint,right_hip_roll_joint,right_hip_yaw_joint,right_knee_joint,right_ankle_pitch_joint,right_ankle_roll_joint,waist_roll_joint,waist_yaw_joint,left_shoulder_pitch_joint,left_shoulder_roll_joint,left_shoulder_yaw_joint,left_elbow_joint,right_shoulder_pitch_joint,right_shoulder_roll_joint,right_shoulder_yaw_joint,right_elbow_joint",0.0,0.0,0,pelvis,0.0,1.2120451927185059,0.5829759240150452,35.73879623413086,36.280208587646484,36.0,36.0,False,-0.07302883
176,3.52,0.04890917241573334,0.005590087148270584,0.88919425,10.334486,2.3481626510620117,36.606380462646484,36.0,0.9545454545454546,"left_hip_pitch_joint,left_hip_roll_joint,left_hip_yaw_joint,left_knee_joint,left_ankle_pitch_joint,left_ankle_roll_joint,right_hip_pitch_joint,right_hip_roll_joint,right_hip_yaw_joint,right_knee_joint,right_ankle_pitch_joint,waist_roll_joint,waist_yaw_joint,left_shoulder_pitch_joint,left_shoulder_roll_joint,left_shoulder_yaw_joint,left_elbow_joint,right_shoulder_pitch_joint,right_shoulder_roll_joint,right_shoulder_yaw_joint,right_elbow_joint",0.0,0.0,0,pelvis,0.0,0.872279703617096,0.042408645153045654,-35.223331451416016,-36.606380462646484,-36.0,-36.0,False,-0.080218725
177,3.54,0.046793822199106216,0.012162204161882073,0.7306279,15.085806,2.865208148956299,36.32225799560547,36.0,0.9545454545454546,"left_hip_pitch_joint,left_hip_roll_joint,left_hip_yaw_joint,left_knee_joint,left_ankle_pitch_joint,right_hip_pitch_joint,right_hip_roll_joint,right_hip_yaw_joint,right_knee_joint,right_ankle_pitch_joint,right_ankle_roll_joint,waist_roll_joint,waist_yaw_joint,left_shoulder_pitch_joint,left_shoulder_roll_joint,left_shoulder_yaw_joint,left_elbow_joint,right_shoulder_pitch_joint,right_shoulder_roll_joint,right_shoulder_yaw_joint,right_elbow_joint",0.0,0.0,0,pelvis,0.0,1.4091856479644775,0.5248274207115173,33.6067008972168,36.32225799560547,36.0,36.0,False,-0.07269957
178,3.56,0.04610598459839821,0.024358374886949363,0.90593517,11.345926,2.4257309436798096,36.628822326660156,36.0,0.9545454545454546,"left_hip_pitch_joint,left_hip_roll_joint,left_hip_yaw_joint,left_knee_joint,left_ankle_pitch_joint,left_ankle_roll_joint,right_hip_pitch_joint,right_hip_roll_joint,right_hip_yaw_joint,right_knee_joint,right_ankle_pitch_joint,waist_roll_joint,waist_yaw_joint,left_shoulder_pitch_joint,left_shoulder_roll_joint,left_shoulder_yaw_joint,left_elbow_joint,right_shoulder_pitch_joint,right_shoulder_roll_joint,right_shoulder_yaw_joint,right_elbow_joint",0.0,0.0,0,pelvis,0.0,1.0768455266952515,0.03895924612879753,-34.72349548339844,-36.628822326660156,-36.0,-36.0,False,-0.091983974
179,3.58,0.04778058081865311,0.013059138696142725,0.5846278,10.453228,2.8660624027252197,37.151344299316406,36.0,0.9090909090909091,"left_hip_pitch_joint,left_hip_roll_joint,left_hip_yaw_joint,left_knee_joint,left_ankle_pitch_joint,right_hip_pitch_joint,right_hip_roll_joint,right_hip_yaw_joint,right_knee_joint,right_ankle_pitch_joint,right_ankle_roll_joint,waist_yaw_joint,left_shoulder_pitch_joint,left_shoulder_roll_joint,left_shoulder_yaw_joint,left_elbow_joint,right_shoulder_pitch_joint,right_shoulder_roll_joint,right_shoulder_yaw_joint,right_elbow_joint",0.0,0.0,0,pelvis,0.0,1.5246360301971436,0.3903551697731018,31.68067169189453,37.151344299316406,36.0,36.0,False,-0.07352585
180,3.6,0.042228780686855316,0.051154541591913016,0.6558446,2.86287,2.390887975692749,36.786964416503906,36.0,0.9090909090909091,"left_hip_roll_joint,left_hip_yaw_joint,left_knee_joint,left_ankle_pitch_joint,left_ankle_roll_joint,right_hip_pitch_joint,right_hip_roll_joint,right_hip_yaw_joint,right_knee_joint,right_ankle_pitch_joint,waist_roll_joint,waist_yaw_joint,left_shoulder_pitch_joint,left_shoulder_roll_joint,left_shoulder_yaw_joint,left_elbow_joint,right_shoulder_pitch_joint,right_shoulder_roll_joint,right_shoulder_yaw_joint,right_elbow_joint",0.0,0.0,1828.5732421875,right_hip_yaw_link,914.2866,1.2678519487380981,-0.006189689971506596,-30.65195655822754,2.8753933906555176,-36.0,-36.0,True,-0.093587
181,3.62,0.04816082864999771,0.005782651030022734,0.6097378,8.223129,2.8511650562286377,28.818479537963867,36.0,0.8181818181818182,"left_hip_pitch_joint,left_hip_roll_joint,left_hip_yaw_joint,left_knee_joint,left_ankle_pitch_joint,right_hip_pitch_joint,right_hip_roll_joint,right_hip_yaw_joint,waist_roll_joint,waist_yaw_joint,left_shoulder_pitch_joint,left_shoulder_roll_joint,left_shoulder_yaw_joint,left_elbow_joint,right_shoulder_pitch_joint,right_shoulder_roll_joint,right_shoulder_yaw_joint,right_elbow_joint",344.99478,0.0,344.9947814941406,left_knee_link,344.99478,1.7254419326782227,0.00019029637041967362,19.54751205444336,0.38618969917297363,36.0,-33.710087,True,-0.07212854
182,3.64,0.058801669627428055,-0.04733887189323838,0.5911427,5.8373437,2.378967761993408,36.037391662597656,36.0,0.8636363636363636,"left_hip_pitch_joint,left_hip_roll_joint,left_hip_yaw_joint,left_knee_joint,left_ankle_pitch_joint,left_ankle_roll_joint,right_hip_pitch_joint,right_hip_roll_joint,right_hip_yaw_joint,right_ankle_pitch_joint,waist_roll_joint,waist_yaw_joint,left_shoulder_pitch_joint,left_shoulder_yaw_joint,left_elbow_joint,right_shoulder_pitch_joint,right_shoulder_roll_joint,right_shoulder_yaw_joint,right_elbow_joint",0.0,0.0,191.54986572265625,torso_link,191.54987,1.394106149673462,0.42617082595825195,-33.50196838378906,15.932615280151367,-36.0,25.520407,False,-0.09064691
183,3.66,0.05905131250619888,-0.03709106872227608,0.6989145,5.4780407,2.888319253921509,31.849071502685547,36.0,0.8636363636363636,"left_hip_pitch_joint,left_hip_yaw_joint,left_knee_joint,left_ankle_pitch_joint,right_hip_pitch_joint,right_hip_roll_joint,right_hip_yaw_joint,right_knee_joint,right_ankle_roll_joint,waist_roll_joint,waist_yaw_joint,left_shoulder_pitch_joint,left_shoulder_roll_joint,left_shoulder_yaw_joint,left_elbow_joint,right_shoulder_pitch_joint,right_shoulder_roll_joint,right_shoulder_yaw_joint,right_elbow_joint",0.0,0.0,0,pelvis,0.0,1.6926745176315308,0.21743004024028778,31.849071502685547,-20.426170349121094,36.0,-36.0,False,-0.06710377
184,3.68,0.08526657521724701,-0.1284735781184807,1.9972311,13.134405,2.2960405349731445,36.402976989746094,36.0,0.8636363636363636,"left_hip_pitch_joint,left_hip_roll_joint,left_hip_yaw_joint,left_knee_joint,left_ankle_pitch_joint,left_ankle_roll_joint,right_hip_pitch_joint,right_hip_yaw_joint,right_knee_joint,right_ankle_pitch_joint,waist_roll_joint,waist_yaw_joint,left_shoulder_pitch_joint,left_shoulder_yaw_joint,left_elbow_joint,right_shoulder_pitch_joint,right_shoulder_roll_joint,right_shoulder_yaw_joint,right_elbow_joint",0.0,0.0,648.2492065429688,left_knee_link,648.2492,1.5867359638214111,0.654206395149231,-12.869312286376953,1.689704418182373,-36.0,36.0,False,-0.06477851
185,3.7,0.08525195717811584,-0.10570503925544728,0.4360989,6.6332097,2.907632827758789,36.57244873046875,36.0,0.8636363636363636,"left_hip_pitch_joint,left_hip_roll_joint,left_hip_yaw_joint,left_knee_joint,left_ankle_pitch_joint,right_hip_pitch_joint,right_hip_roll_joint,right_hip_yaw_joint,right_knee_joint,waist_roll_joint,waist_yaw_joint,left_shoulder_pitch_joint,left_shoulder_roll_joint,left_shoulder_yaw_joint,left_elbow_joint,right_shoulder_pitch_joint,right_shoulder_roll_joint,right_shoulder_yaw_joint,right_elbow_joint",0.0,0.0,0,pelvis,0.0,1.540785789489746,0.13046419620513916,11.294584274291992,-36.57244873046875,36.0,-36.0,False,-0.048364088
186,3.72,0.13143442571163177,-0.2227200024885012,2.659594,22.00867,2.3022401332855225,36.35725021362305,36.0,0.9090909090909091,"left_hip_pitch_joint,left_hip_roll_joint,left_hip_yaw_joint,left_knee_joint,left_ankle_pitch_joint,left_ankle_roll_joint,right_hip_pitch_joint,right_hip_roll_joint,right_hip_yaw_joint,right_knee_joint,right_ankle_pitch_joint,right_ankle_roll_joint,waist_yaw_joint,left_shoulder_pitch_joint,left_shoulder_yaw_joint,left_elbow_joint,right_shoulder_pitch_joint,right_shoulder_roll_joint,right_shoulder_yaw_joint,right_elbow_joint",0.0,0.0,0,pelvis,0.0,1.4880964756011963,0.5840879678726196,-2.792238235473633,32.513916015625,-36.0,36.0,False,-0.03214865
187,3.74,0.13117557764053345,-0.17065996904320402,1.4133023,13.491868,2.2504851818084717,36.603309631347656,36.0,0.8181818181818182,"left_hip_pitch_joint,left_hip_roll_joint,left_hip_yaw_joint,left_ankle_pitch_joint,right_hip_pitch_joint,right_hip_roll_joint,right_hip_yaw_joint,right_knee_joint,waist_roll_joint,waist_yaw_joint,left_shoulder_pitch_joint,left_shoulder_roll_joint,left_shoulder_yaw_joint,left_elbow_joint,right_shoulder_pitch_joint,right_shoulder_roll_joint,right_shoulder_yaw_joint,right_elbow_joint",0.0,0.0,0,pelvis,0.0,0.8870840072631836,0.5150189399719238,-36.603309631347656,-29.5152530670166,-18.075485,-36.0,False,0.0005413331
188,3.7600000000000002,0.14592570066452026,-0.37783050660464035,1.1387167,29.904585,1.9137804508209229,36.248817443847656,36.0,0.9545454545454546,"left_hip_pitch_joint,left_hip_roll_joint,left_hip_yaw_joint,left_knee_joint,left_ankle_pitch_joint,left_ankle_roll_joint,right_hip_pitch_joint,right_hip_roll_joint,right_hip_yaw_joint,right_knee_joint,right_ankle_pitch_joint,right_ankle_roll_joint,waist_yaw_joint,left_shoulder_pitch_joint,left_shoulder_roll_joint,left_shoulder_yaw_joint,left_elbow_joint,right_shoulder_pitch_joint,right_shoulder_roll_joint,right_shoulder_yaw_joint,right_elbow_joint",0.0,0.0,0,pelvis,0.0,1.3443363904953003,0.8608571290969849,36.248817443847656,31.432052612304688,36.0,36.0,False,0.03202343
189,3.7800000000000002,0.13110284507274628,-0.18064990314678653,0.7190009,18.333696,1.9305171966552734,36.282806396484375,36.0,0.8636363636363636,"left_hip_pitch_joint,left_hip_roll_joint,left_hip_yaw_joint,left_knee_joint,left_ankle_pitch_joint,right_hip_pitch_joint,right_hip_roll_joint,right_hip_yaw_joint,right_knee_joint,waist_roll_joint,waist_yaw_joint,left_shoulder_pitch_joint,left_shoulder_roll_joint,left_shoulder_yaw_joint,left_elbow_joint,right_shoulder_pitch_joint,right_shoulder_roll_joint,right_shoulder_yaw_joint,right_elbow_joint",0.0,0.0,0,pelvis,0.0,0.9162936210632324,1.0252025127410889,-36.282806396484375,-11.464178085327148,-36.0,-36.0,False,0.053294275
190,3.8000000000000003,0.1361960470676422,-0.4100027451225703,0.6053109,17.753506,1.8903412818908691,35.88139343261719,36.0,1.0,"left_hip_pitch_joint,left_hip_roll_joint,left_hip_yaw_joint,left_knee_joint,left_ankle_pitch_joint,left_ankle_roll_joint,right_hip_pitch_joint,right_hip_roll_joint,right_hip_yaw_joint,right_knee_joint,right_ankle_pitch_joint,right_ankle_roll_joint,waist_roll_joint,waist_yaw_joint,left_shoulder_pitch_joint,left_shoulder_roll_joint,left_shoulder_yaw_joint,left_elbow_joint,right_shoulder_pitch_joint,right_shoulder_roll_joint,right_shoulder_yaw_joint,right_elbow_joint",0.0,0.0,0,pelvis,0.0,1.3738754987716675,1.0635616779327393,33.813331604003906,7.453202247619629,36.0,36.0,False,0.05162399
191,3.8200000000000003,0.11653748899698257,-0.24397202103359206,0.9191235,24.106419,1.5909171104431152,36.608604431152344,36.0,0.8636363636363636,"left_hip_pitch_joint,left_hip_roll_joint,left_hip_yaw_joint,left_knee_joint,left_ankle_pitch_joint,right_hip_pitch_joint,right_hip_roll_joint,right_hip_yaw_joint,right_knee_joint,waist_roll_joint,waist_yaw_joint,left_shoulder_pitch_joint,left_shoulder_roll_joint,left_shoulder_yaw_joint,left_elbow_joint,right_shoulder_pitch_joint,right_shoulder_roll_joint,right_shoulder_yaw_joint,right_elbow_joint",0.0,0.0,0,pelvis,0.0,0.8713854551315308,0.6482256650924683,-35.95767593383789,-30.539331436157227,-36.0,-36.0,False,0.03649661
192,3.84,0.11909255385398865,-0.3808558223398766,0.7346239,27.712667,1.5298881530761719,36.41029357910156,36.0,1.0,"left_hip_pitch_joint,left_hip_roll_joint,left_hip_yaw_joint,left_knee_joint,left_ankle_pitch_joint,left_ankle_roll_joint,right_hip_pitch_joint,right_hip_roll_joint,right_hip_yaw_joint,right_knee_joint,right_ankle_pitch_joint,right_ankle_roll_joint,waist_roll_joint,waist_yaw_joint,left_shoulder_pitch_joint,left_shoulder_roll_joint,left_shoulder_yaw_joint,left_elbow_joint,right_shoulder_pitch_joint,right_shoulder_roll_joint,right_shoulder_yaw_joint,right_elbow_joint",0.0,0.0,0,pelvis,0.0,1.3091856241226196,0.8175376057624817,36.41029357910156,26.671552658081055,36.0,36.0,False,0.017861202
193,3.86,0.1033235490322113,-0.36974850969775197,1.2251347,26.095959,1.4550741910934448,36.45500564575195,36.0,0.8636363636363636,"left_hip_pitch_joint,left_hip_roll_joint,left_hip_yaw_joint,left_knee_joint,left_ankle_pitch_joint,right_hip_pitch_joint,right_hip_roll_joint,right_hip_yaw_joint,right_knee_joint,waist_roll_joint,waist_yaw_joint,left_shoulder_pitch_joint,left_shoulder_roll_joint,left_shoulder_yaw_joint,left_elbow_joint,right_shoulder_pitch_joint,right_shoulder_roll_joint,right_shoulder_yaw_joint,right_elbow_joint",0.0,0.0,0,pelvis,0.0,0.8012276291847229,0.6267497539520264,-36.45500564575195,-31.280384063720703,-36.0,-36.0,False,0.008330293
194,3.88,0.10135789215564728,-0.44275829262826427,0.8839306,24.990965,1.5407779216766357,36.45686721801758,36.0,1.0,"left_hip_pitch_joint,left_hip_roll_joint,left_hip_yaw_joint,left_knee_joint,left_ankle_pitch_joint,left_ankle_roll_joint,right_hip_pitch_joint,right_hip_roll_joint,right_hip_yaw_joint,right_knee_joint,right_ankle_pitch_joint,right_ankle_roll_joint,waist_roll_joint,waist_yaw_joint,left_shoulder_pitch_joint,left_shoulder_roll_joint,left_shoulder_yaw_joint,left_elbow_joint,right_shoulder_pitch_joint,right_shoulder_roll_joint,right_shoulder_yaw_joint,right_elbow_joint",0.0,0.0,118.86940002441406,torso_link,118.8694,1.2713127136230469,0.860136091709137,36.45686721801758,31.037307739257812,36.0,36.0,False,0.011325121
195,3.9,0.09180238842964172,-0.4300766472540918,0.996391,13.966645,1.555341362953186,36.46847915649414,36.0,0.8181818181818182,"left_hip_pitch_joint,left_hip_roll_joint,left_hip_yaw_joint,left_knee_joint,left_ankle_pitch_joint,right_hip_pitch_joint,right_hip_roll_joint,right_hip_yaw_joint,right_knee_joint,waist_yaw_joint,left_shoulder_pitch_joint,left_shoulder_roll_joint,left_shoulder_yaw_joint,left_elbow_joint,right_shoulder_pitch_joint,right_shoulder_roll_joint,right_shoulder_yaw_joint,right_elbow_joint",0.0,0.0,181.32840538024902,torso_link,153.73685,0.7708806991577148,0.6153028011322021,-36.46847915649414,-36.2138786315918,-36.0,-36.0,False,0.011450096
196,3.92,0.09383410215377808,-0.28520192273854583,0.86143994,30.599228,1.5448921918869019,36.496578216552734,36.0,0.9090909090909091,"left_hip_pitch_joint,left_hip_roll_joint,left_hip_yaw_joint,left_knee_joint,left_ankle_pitch_joint,left_ankle_roll_joint,right_hip_pitch_joint,right_hip_yaw_joint,right_knee_joint,right_ankle_pitch_joint,right_ankle_roll_joint,waist_yaw_joint,left_shoulder_pitch_joint,left_shoulder_roll_joint,left_shoulder_yaw_joint,left_elbow_joint,right_shoulder_pitch_joint,right_shoulder_roll_joint,right_shoulder_yaw_joint,right_elbow_joint",0.0,0.0,0,pelvis,0.0,1.2526100873947144,0.912617564201355,36.496578216552734,30.188194274902344,36.0,36.0,False,0.019610321
197,3.94,0.0912754014134407,-0.414585775665401,1.0164754,15.316125,1.5555094480514526,36.14927291870117,36.0,0.8636363636363636,"left_hip_pitch_joint,left_hip_roll_joint,left_hip_yaw_joint,left_knee_joint,left_ankle_pitch_joint,right_hip_pitch_joint,right_hip_roll_joint,right_hip_yaw_joint,right_knee_joint,waist_roll_joint,waist_yaw_joint,left_shoulder_pitch_joint,left_shoulder_roll_joint,left_shoulder_yaw_joint,left_elbow_joint,right_shoulder_pitch_joint,right_shoulder_roll_joint,right_shoulder_yaw_joint,right_elbow_joint",0.0,0.0,1204.7569580078125,left_hip_yaw_link,833.1584,0.7369040846824646,0.5716514587402344,-35.736690521240234,-24.79234504699707,-36.0,-36.0,False,0.0116652
198,3.96,0.09763532876968384,-0.29337646953133145,0.6499811,24.9986,1.5698237419128418,36.352115631103516,36.0,0.9545454545454546,"left_hip_pitch_joint,left_hip_roll_joint,left_hip_yaw_joint,left_knee_joint,left_ankle_pitch_joint,left_ankle_roll_joint,right_hip_pitch_joint,right_hip_roll_joint,right_hip_yaw_joint,right_knee_joint,right_ankle_pitch_joint,right_ankle_roll_joint,waist_yaw_joint,left_shoulder_pitch_joint,left_shoulder_roll_joint,left_shoulder_yaw_joint,left_elbow_joint,right_shoulder_pitch_joint,right_shoulder_roll_joint,right_shoulder_yaw_joint,right_elbow_joint",0.0,0.0,0,pelvis,0.0,1.230830192565918,0.9590891599655151,36.352115631103516,30.093231201171875,36.0,36.0,False,0.027206838
199,3.98,0.0992204025387764,-0.4185112674364806,1.0496104,16.862364,1.609086036682129,36.50297164916992,36.0,0.8636363636363636,"left_hip_pitch_joint,left_hip_roll_joint,left_hip_yaw_joint,left_knee_joint,left_ankle_pitch_joint,right_hip_pitch_joint,right_hip_roll_joint,right_hip_yaw_joint,right_knee_joint,waist_roll_joint,waist_yaw_joint,left_shoulder_pitch_joint,left_shoulder_roll_joint,left_shoulder_yaw_joint,left_elbow_joint,right_shoulder_pitch_joint,right_shoulder_roll_joint,right_shoulder_yaw_joint,right_elbow_joint",0.0,0.0,0,pelvis,0.0,0.7057440876960754,0.62894606590271,-36.50297164916992,-32.56024932861328,-36.0,-36.0,False,0.018906875
200,4.0,0.10735204815864563,-0.1617250596600357,0.8761923,27.257483,1.5551561117172241,36.2613410949707,36.0,0.9545454545454546,"left_hip_pitch_joint,left_hip_roll_joint,left_hip_yaw_joint,left_knee_joint,left_ankle_pitch_joint,left_ankle_roll_joint,right_hip_pitch_joint,right_hip_roll_joint,right_hip_yaw_joint,right_knee_joint,right_ankle_pitch_joint,right_ankle_roll_joint,waist_yaw_joint,left_shoulder_pitch_joint,left_shoulder_roll_joint,left_shoulder_yaw_joint,left_elbow_joint,right_shoulder_pitch_joint,right_shoulder_roll_joint,right_shoulder_yaw_joint,right_elbow_joint",0.0,0.0,0,pelvis,0.0,1.2073566913604736,1.0116288661956787,36.2613410949707,28.576005935668945,36.0,36.0,False,0.019687016
201,4.0200000000000005,0.10920201987028122,-0.30537649404753786,0.43268466,18.879185,1.7259536981582642,36.21329116821289,36.0,0.9090909090909091,"left_hip_pitch_joint,left_hip_roll_joint,left_hip_yaw_joint,left_knee_joint,left_ankle_pitch_joint,right_hip_pitch_joint,right_hip_roll_joint,right_hip_yaw_joint,right_knee_joint,right_ankle_pitch_joint,waist_roll_joint,waist_yaw_joint,left_shoulder_pitch_joint,left_shoulder_roll_joint,left_shoulder_yaw_joint,left_elbow_joint,right_shoulder_pitch_joint,right_shoulder_roll_joint,right_shoulder_yaw_joint,right_elbow_joint",0.0,197.79237,273.7833614349365,left_hip_yaw_link,244.35184,0.6639059782028198,0.6132431626319885,-36.09199142456055,-28.11155128479004,-36.0,-36.0,False,0.012384083
202,4.04,0.10763050615787506,-0.16593866647099276,0.8851337,23.871044,1.569718599319458,36.328895568847656,36.0,1.0,"left_hip_pitch_joint,left_hip_roll_joint,left_hip_yaw_joint,left_knee_joint,left_ankle_pitch_joint,left_ankle_roll_joint,right_hip_pitch_joint,right_hip_roll_joint,right_hip_yaw_joint,right_knee_joint,right_ankle_pitch_joint,right_ankle_roll_joint,waist_roll_joint,waist_yaw_joint,left_shoulder_pitch_joint,left_shoulder_roll_joint,left_shoulder_yaw_joint,left_elbow_joint,right_shoulder_pitch_joint,right_shoulder_roll_joint,right_shoulder_yaw_joint,right_elbow_joint",0.0,0.0,0,pelvis,0.0,1.2156014442443848,1.0992406606674194,36.328895568847656,30.929393768310547,36.0,36.0,False,0.014848001
203,4.0600000000000005,0.10445170849561691,-0.4510310869828018,0.9684724,16.869839,1.6573565006256104,36.82154083251953,36.0,0.7727272727272727,"left_hip_pitch_joint,left_hip_roll_joint,left_hip_yaw_joint,left_knee_joint,left_ankle_pitch_joint,right_hip_pitch_joint,right_hip_roll_joint,right_hip_yaw_joint,right_knee_joint,waist_yaw_joint,left_shoulder_roll_joint,left_shoulder_yaw_joint,left_elbow_joint,right_shoulder_pitch_joint,right_shoulder_roll_joint,right_shoulder_yaw_joint,right_elbow_joint",0.0,0.0,1660.6148376464844,left_hip_yaw_link,1174.1144,0.6688013672828674,0.6730932593345642,-32.88924026489258,-36.82154083251953,-36.0,-36.0,False,0.018885884
204,4.08,0.10015912353992462,-0.2697476532598344,1.0867401,24.016445,1.5391720533370972,36.22966384887695,36.0,0.9545454545454546,"left_hip_pitch_joint,left_hip_roll_joint,left_hip_yaw_joint,left_knee_joint,left_ankle_pitch_joint,left_ankle_roll_joint,right_hip_pitch_joint,right_hip_roll_joint,right_hip_yaw_joint,right_knee_joint,right_ankle_pitch_joint,right_ankle_roll_joint,waist_roll_joint,waist_yaw_joint,left_shoulder_pitch_joint,left_shoulder_roll_joint,left_shoulder_yaw_joint,left_elbow_joint,right_shoulder_roll_joint,right_shoulder_yaw_joint,right_elbow_joint",0.0,0.0,0,pelvis,0.0,1.2282207012176514,1.1662184000015259,36.22966384887695,29.923555374145508,36.0,36.0,False,0.011769213
205,4.1,0.1056317389011383,-0.4637695032861675,0.5778112,16.190605,1.726117730140686,36.48384475708008,36.0,0.9090909090909091,"left_hip_pitch_joint,left_hip_roll_joint,left_hip_yaw_joint,left_knee_joint,left_ankle_pitch_joint,right_hip_pitch_joint,right_hip_roll_joint,right_hip_yaw_joint,right_knee_joint,right_ankle_pitch_joint,waist_roll_joint,waist_yaw_joint,left_shoulder_pitch_joint,left_shoulder_roll_joint,left_shoulder_yaw_joint,left_elbow_joint,right_shoulder_pitch_joint,right_shoulder_roll_joint,right_shoulder_yaw_joint,right_elbow_joint",0.0,0.0,499.7049255371094,torso_link,499.70493,0.6994895339012146,0.7282035946846008,-35.282413482666016,-28.72952651977539,-36.0,-36.0,False,0.016497519
206,4.12,0.10787349194288254,-0.19872971316090116,1.1280698,24.191097,1.5558053255081177,36.14243698120117,36.0,0.9545454545454546,"left_hip_pitch_joint,left_hip_roll_joint,left_hip_yaw_joint,left_knee_joint,left_ankle_pitch_joint,left_ankle_roll_joint,right_hip_pitch_joint,right_hip_roll_joint,right_hip_yaw_joint,right_knee_joint,right_ankle_pitch_joint,right_ankle_roll_joint,waist_yaw_joint,left_shoulder_pitch_joint,left_shoulder_roll_joint,left_shoulder_yaw_joint,left_elbow_joint,right_shoulder_pitch_joint,right_shoulder_roll_joint,right_shoulder_yaw_joint,right_elbow_joint",0.0,0.0,0,pelvis,0.0,1.2446719408035278,1.2545511722564697,36.14243698120117,27.901384353637695,36.0,36.0,False,0.007767357
207,4.14,0.11436211317777634,-0.4336271941279577,0.9405462,18.836744,1.726245403289795,36.229087829589844,36.0,0.9090909090909091,"left_hip_pitch_joint,left_hip_roll_joint,left_hip_yaw_joint,left_knee_joint,left_ankle_pitch_joint,right_hip_pitch_joint,right_hip_roll_joint,right_hip_yaw_joint,right_knee_joint,right_ankle_pitch_joint,waist_roll_joint,waist_yaw_joint,left_shoulder_pitch_joint,left_shoulder_roll_joint,left_shoulder_yaw_joint,left_elbow_joint,right_shoulder_pitch_joint,right_shoulder_roll_joint,right_shoulder_yaw_joint,right_elbow_joint",0.0,186.3225,0,right_ankle_roll_link,186.3225,0.7156815528869629,0.8034840226173401,-28.963375091552734,-22.602773666381836,-36.0,-36.0,False,0.016241975
208,4.16,0.10946936905384064,-0.17680465111762977,1.1788162,25.425497,1.5696837902069092,36.61888122558594,36.0,0.9545454545454546,"left_hip_pitch_joint,left_hip_roll_joint,left_hip_yaw_joint,left_knee_joint,left_ankle_pitch_joint,left_ankle_roll_joint,right_hip_pitch_joint,right_hip_roll_joint,right_hip_yaw_joint,right_knee_joint,right_ankle_pitch_joint,right_ankle_roll_joint,waist_roll_joint,waist_yaw_joint,left_shoulder_pitch_joint,left_shoulder_yaw_joint,left_elbow_joint,right_shoulder_pitch_joint,right_shoulder_roll_joint,right_shoulder_yaw_joint,right_elbow_joint",69.769196,69.769196,158.5982208251953,left_knee_link,158.59822,1.3142681121826172,1.3521116971969604,34.27537536621094,28.849105834960938,36.0,36.0,False,0.0038458295
209,4.18,0.12867885828018188,-0.5076510039364184,0.41582,21.655514,1.726239562034607,33.68849182128906,36.0,0.8181818181818182,"left_hip_pitch_joint,left_hip_roll_joint,left_hip_yaw_joint,left_knee_joint,left_ankle_pitch_joint,right_hip_pitch_joint,right_hip_roll_joint,right_knee_joint,right_ankle_pitch_joint,waist_roll_joint,waist_yaw_joint,left_shoulder_roll_joint,left_shoulder_yaw_joint,left_elbow_joint,right_shoulder_pitch_joint,right_shoulder_roll_joint,right_shoulder_yaw_joint,right_elbow_joint",0.0,39.48038,1774.0115966796875,torso_link,1774.0116,0.7672143578529358,0.8548738360404968,-23.76756477355957,-24.17525863647461,-36.0,-36.0,False,0.0074362606
210,4.2,0.12301124632358551,-0.18691978282836352,0.8350218,22.274559,1.5548945665359497,35.30732727050781,36.0,1.0,"left_hip_pitch_joint,left_hip_roll_joint,left_hip_yaw_joint,left_knee_joint,left_ankle_pitch_joint,left_ankle_roll_joint,right_hip_pitch_joint,right_hip_roll_joint,right_hip_yaw_joint,right_knee_joint,right_ankle_pitch_joint,right_ankle_roll_joint,waist_roll_joint,waist_yaw_joint,left_shoulder_pitch_joint,left_shoulder_roll_joint,left_shoulder_yaw_joint,left_elbow_joint,right_shoulder_pitch_joint,right_shoulder_roll_joint,right_shoulder_yaw_joint,right_elbow_joint",0.0,0.0,0,pelvis,0.0,1.3994441032409668,1.4287372827529907,35.30732727050781,27.786291122436523,36.0,36.0,False,0.016019743
211,4.22,0.13843411207199097,-0.6018374677557432,2.0475752,11.233428,1.6336477994918823,28.50465202331543,36.0,0.9090909090909091,"left_hip_pitch_joint,left_hip_roll_joint,left_hip_yaw_joint,left_knee_joint,left_ankle_pitch_joint,right_hip_pitch_joint,right_hip_roll_joint,right_hip_yaw_joint,right_knee_joint,right_ankle_pitch_joint,waist_roll_joint,waist_yaw_joint,left_shoulder_pitch_joint,left_shoulder_roll_joint,left_shoulder_yaw_joint,left_elbow_joint,right_shoulder_pitch_joint,right_shoulder_roll_joint,right_shoulder_yaw_joint,right_elbow_joint",0.0,0.0,7994.2330322265625,torso_link,4059.4272,0.9435696601867676,0.9252209067344666,-28.50465202331543,-16.922502517700195,-36.0,-36.0,False,0.011936896
212,4.24,0.1509377658367157,-0.2959647472748159,0.7435651,19.687603,1.5696921348571777,33.80073547363281,36.0,0.9545454545454546,"left_hip_pitch_joint,left_hip_roll_joint,left_hip_yaw_joint,left_knee_joint,left_ankle_pitch_joint,left_ankle_roll_joint,right_hip_pitch_joint,right_hip_roll_joint,right_hip_yaw_joint,right_knee_joint,right_ankle_pitch_joint,right_ankle_roll_joint,waist_yaw_joint,left_shoulder_pitch_joint,left_shoulder_roll_joint,left_shoulder_yaw_joint,left_elbow_joint,right_shoulder_pitch_joint,right_shoulder_roll_joint,right_shoulder_yaw_joint,right_elbow_joint",0.0,0.0,0,pelvis,0.0,1.4962972402572632,1.5033326148986816,32.97909164428711,18.728851318359375,36.0,36.0,False,-0.0067815334
213,4.26,0.1751847118139267,-0.625057579121659,1.337918,23.992865,1.7262712717056274,36.11634063720703,36.0,0.8636363636363636,"left_hip_pitch_joint,left_hip_roll_joint,left_hip_yaw_joint,left_knee_joint,left_ankle_pitch_joint,right_hip_pitch_joint,right_hip_roll_joint,right_hip_yaw_joint,right_knee_joint,right_ankle_pitch_joint,waist_yaw_joint,left_shoulder_pitch_joint,left_shoulder_roll_joint,left_shoulder_yaw_joint,left_elbow_joint,right_shoulder_pitch_joint,right_shoulder_roll_joint,right_shoulder_yaw_joint,right_elbow_joint",0.0,0.0,0,pelvis,0.0,1.0841032266616821,1.0189845561981201,-26.905784606933594,-20.807424545288086,-36.0,-36.0,False,0.019727472
214,4.28,0.18021993339061737,-0.41272102628870044,1.4114429,17.34058,1.5088084936141968,36.258880615234375,36.0,0.9545454545454546,"left_hip_pitch_joint,left_hip_roll_joint,left_hip_yaw_joint,left_knee_joint,left_ankle_pitch_joint,left_ankle_roll_joint,right_hip_pitch_joint,right_hip_roll_joint,right_knee_joint,right_ankle_pitch_joint,right_ankle_roll_joint,waist_roll_joint,waist_yaw_joint,left_shoulder_pitch_joint,left_shoulder_roll_joint,left_shoulder_yaw_joint,left_elbow_joint,right_shoulder_pitch_joint,right_shoulder_roll_joint,right_shoulder_yaw_joint,right_elbow_joint",0.0,0.0,0,pelvis,0.0,1.6507139205932617,1.5666790008544922,36.258880615234375,31.448827743530273,36.0,36.0,False,-0.0040416755
215,4.3,0.20080386102199554,-0.6888145127749183,1.7833775,33.28395,1.5256974697113037,36.33516311645508,36.0,0.8636363636363636,"left_hip_pitch_joint,left_hip_roll_joint,left_hip_yaw_joint,left_knee_joint,left_ankle_pitch_joint,right_hip_pitch_joint,right_hip_roll_joint,right_hip_yaw_joint,right_knee_joint,right_ankle_pitch_joint,waist_roll_joint,waist_yaw_joint,left_shoulder_roll_joint,left_shoulder_yaw_joint,left_elbow_joint,right_shoulder_pitch_joint,right_shoulder_roll_joint,right_shoulder_yaw_joint,right_elbow_joint",0.0,0.0,0,pelvis,0.0,1.1688854694366455,1.2329596281051636,-36.33516311645508,-32.6854248046875,-36.0,-36.0,False,0.0057243295
216,4.32,0.18959076702594757,-0.452047195451188,1.2120802,29.273355,1.5686262845993042,36.19911575317383,36.0,1.0,"left_hip_pitch_joint,left_hip_roll_joint,left_hip_yaw_joint,left_knee_joint,left_ankle_pitch_joint,left_ankle_roll_joint,right_hip_pitch_joint,right_hip_roll_joint,right_hip_yaw_joint,right_knee_joint,right_ankle_pitch_joint,right_ankle_roll_joint,waist_roll_joint,waist_yaw_joint,left_shoulder_pitch_joint,left_shoulder_roll_joint,left_shoulder_yaw_joint,left_elbow_joint,right_shoulder_pitch_joint,right_shoulder_roll_joint,right_shoulder_yaw_joint,right_elbow_joint",0.0,0.0,0,pelvis,0.0,1.650753140449524,1.648848056793213,36.19911575317383,29.486310958862305,36.0,36.0,False,-0.00027399696
217,4.34,0.19086714088916779,-0.5457303210610025,1.5860544,10.287756,1.5762803554534912,32.527687072753906,36.0,0.8636363636363636,"left_hip_pitch_joint,left_hip_roll_joint,left_hip_yaw_joint,left_knee_joint,left_ankle_pitch_joint,right_hip_pitch_joint,right_hip_roll_joint,right_hip_yaw_joint,right_knee_joint,waist_roll_joint,waist_yaw_joint,left_shoulder_pitch_joint,left_shoulder_roll_joint,left_shoulder_yaw_joint,left_elbow_joint,right_shoulder_pitch_joint,right_shoulder_roll_joint,right_shoulder_yaw_joint,right_elbow_joint",0.0,0.0,0,pelvis,0.0,1.164103388786316,1.2335987091064453,-32.527687072753906,-22.18492317199707,-36.0,-36.0,False,0.048355713
218,4.36,0.17259865999221802,-0.0674944772891255,1.0348978,31.658375,1.5526111125946045,36.259910583496094,36.0,0.9090909090909091,"left_hip_pitch_joint,left_hip_roll_joint,left_hip_yaw_joint,left_knee_joint,left_ankle_roll_joint,right_hip_pitch_joint,right_hip_roll_joint,right_hip_yaw_joint,right_knee_joint,right_ankle_pitch_joint,right_ankle_roll_joint,waist_roll_joint,waist_yaw_joint,left_shoulder_pitch_joint,left_shoulder_yaw_joint,left_elbow_joint,right_shoulder_pitch_joint,right_shoulder_roll_joint,right_shoulder_yaw_joint,right_elbow_joint",0.0,0.0,0,pelvis,0.0,1.6890302896499634,1.6977342367172241,36.259910583496094,30.474517822265625,36.0,36.0,False,0.048536047
219,4.38,0.1687408834695816,-0.23287588803959558,2.0133355,25.047636,1.5398633480072021,38.98109817504883,36.0,0.8636363636363636,"left_hip_pitch_joint,left_hip_roll_joint,left_hip_yaw_joint,left_knee_joint,left_ankle_pitch_joint,right_hip_pitch_joint,right_hip_roll_joint,right_hip_yaw_joint,right_knee_joint,waist_roll_joint,waist_yaw_joint,left_shoulder_pitch_joint,left_shoulder_roll_joint,left_shoulder_yaw_joint,left_elbow_joint,right_shoulder_pitch_joint,right_shoulder_roll_joint,right_shoulder_yaw_joint,right_elbow_joint",0.0,0.0,0,pelvis,0.0,1.1833182573318481,1.339081048965454,-38.98109817504883,-33.356910705566406,-36.0,-36.0,False,0.0640581
220,4.4,0.1387627273797989,0.14695785403713124,0.9731124,28.085747,1.5599228143692017,36.34487533569336,36.0,1.0,"left_hip_pitch_joint,left_hip_roll_joint,left_hip_yaw_joint,left_knee_joint,left_ankle_pitch_joint,left_ankle_roll_joint,right_hip_pitch_joint,right_hip_roll_joint,right_hip_yaw_joint,right_knee_joint,right_ankle_pitch_joint,right_ankle_roll_joint,waist_roll_joint,waist_yaw_joint,left_shoulder_pitch_joint,left_shoulder_roll_joint,left_shoulder_yaw_joint,left_elbow_joint,right_shoulder_pitch_joint,right_shoulder_roll_joint,right_shoulder_yaw_joint,right_elbow_joint",0.0,0.0,0,pelvis,0.0,1.6815818548202515,1.7387232780456543,36.34487533569336,29.76865005493164,36.0,36.0,False,0.038028397
221,4.42,0.1285652071237564,-0.02527539367802234,2.1740198,21.963818,1.4701530933380127,35.55031967163086,36.0,0.8636363636363636,"left_hip_pitch_joint,left_hip_roll_joint,left_hip_yaw_joint,left_knee_joint,left_ankle_pitch_joint,right_hip_pitch_joint,right_hip_roll_joint,right_hip_yaw_joint,right_knee_joint,waist_roll_joint,waist_yaw_joint,left_shoulder_pitch_joint,left_shoulder_roll_joint,left_shoulder_yaw_joint,left_elbow_joint,right_shoulder_pitch_joint,right_shoulder_roll_joint,right_shoulder_yaw_joint,right_elbow_joint",0.0,786.321,1368.5374755859375,left_knee_link,1368.5375,1.2515519857406616,1.4339568614959717,-19.111421585083008,-35.55031967163086,-36.0,-36.0,False,0.026035652
222,4.44,0.11644062399864197,0.20576289548197257,0.98956,32.804684,1.559109091758728,36.3215446472168,36.0,0.9545454545454546,"left_hip_pitch_joint,left_hip_roll_joint,left_hip_yaw_joint,left_knee_joint,left_ankle_pitch_joint,left_ankle_roll_joint,right_hip_pitch_joint,right_hip_roll_joint,right_hip_yaw_joint,right_knee_joint,right_ankle_roll_joint,waist_roll_joint,waist_yaw_joint,left_shoulder_pitch_joint,left_shoulder_roll_joint,left_shoulder_yaw_joint,left_elbow_joint,right_shoulder_pitch_joint,right_shoulder_roll_joint,right_shoulder_yaw_joint,right_elbow_joint",20.001476,0.0,20.001476287841797,left_hip_yaw_link,20.001476,1.8474794626235962,1.686129093170166,36.3215446472168,31.503583908081055,36.0,36.0,False,0.017482126
223,4.46,0.12299557030200958,0.0032858036741583163,2.0219054,24.109077,1.3541265726089478,36.57887268066406,36.0,0.9090909090909091,"left_hip_pitch_joint,left_hip_roll_joint,left_hip_yaw_joint,left_knee_joint,left_ankle_pitch_joint,right_hip_pitch_joint,right_hip_roll_joint,right_hip_yaw_joint,right_knee_joint,right_ankle_pitch_joint,waist_roll_joint,waist_yaw_joint,left_shoulder_pitch_joint,left_shoulder_roll_joint,left_shoulder_yaw_joint,left_elbow_joint,right_shoulder_pitch_joint,right_shoulder_roll_joint,right_shoulder_yaw_joint,right_elbow_joint",0.0,107.96701,0,right_ankle_roll_link,107.96701,1.4442378282546997,1.5380264520645142,-32.659976959228516,-26.69232749938965,-36.0,-36.0,False,0.02042835
224,4.48,0.1164354607462883,0.2318738371775999,0.82600987,31.836445,1.5621625185012817,36.29302215576172,36.0,1.0,"left_hip_pitch_joint,left_hip_roll_joint,left_hip_yaw_joint,left_knee_joint,left_ankle_pitch_joint,left_ankle_roll_joint,right_hip_pitch_joint,right_hip_roll_joint,right_hip_yaw_joint,right_knee_joint,right_ankle_pitch_joint,right_ankle_roll_joint,waist_roll_joint,waist_yaw_joint,left_shoulder_pitch_joint,left_shoulder_roll_joint,left_shoulder_yaw_joint,left_elbow_joint,right_shoulder_pitch_joint,right_shoulder_roll_joint,right_shoulder_yaw_joint,right_elbow_joint",0.0,0.0,0,pelvis,0.0,1.9235038757324219,1.8107556104660034,36.29302215576172,31.129350662231445,36.0,36.0,False,0.018832076
225,4.5,0.11768987774848938,-0.0021902394459878405,2.2068567,27.881939,1.498302698135376,36.02830123901367,36.0,0.9090909090909091,"left_hip_pitch_joint,left_hip_roll_joint,left_hip_yaw_joint,left_knee_joint,left_ankle_pitch_joint,right_hip_pitch_joint,right_hip_roll_joint,right_hip_yaw_joint,right_knee_joint,right_ankle_pitch_joint,waist_roll_joint,waist_yaw_joint,left_shoulder_pitch_joint,left_shoulder_roll_joint,left_shoulder_yaw_joint,left_elbow_joint,right_shoulder_pitch_joint,right_shoulder_roll_joint,right_shoulder_yaw_joint,right_elbow_joint",0.0,0.0,0,pelvis,0.0,1.5818873643875122,1.6783099174499512,-31.62811279296875,-32.989234924316406,-36.0,-36.0,False,0.015717767
226,4.5200000000000005,0.1088956668972969,0.2866872480530879,0.7219166,31.711088,1.6205568313598633,36.34052658081055,36.0,1.0,"left_hip_pitch_joint,left_hip_roll_joint,left_hip_yaw_joint,left_knee_joint,left_ankle_pitch_joint,left_ankle_roll_joint,right_hip_pitch_joint,right_hip_roll_joint,right_hip_yaw_joint,right_knee_joint,right_ankle_pitch_joint,right_ankle_roll_joint,waist_roll_joint,waist_yaw_joint,left_shoulder_pitch_joint,left_shoulder_roll_joint,left_shoulder_yaw_joint,left_elbow_joint,right_shoulder_pitch_joint,right_shoulder_roll_joint,right_shoulder_yaw_joint,right_elbow_joint",0.0,0.0,0,pelvis,0.0,2.0450382232666016,1.8854544162750244,36.34052658081055,30.30885124206543,36.0,36.0,False,0.021225639
227,4.54,0.10228228569030762,0.0435065805662429,1.495571,26.78506,1.7032878398895264,35.878875732421875,36.0,0.9090909090909091,"left_hip_pitch_joint,left_hip_roll_joint,left_hip_yaw_joint,left_knee_joint,left_ankle_pitch_joint,right_hip_pitch_joint,right_hip_roll_joint,right_hip_yaw_joint,right_knee_joint,right_ankle_pitch_joint,waist_roll_joint,waist_yaw_joint,left_shoulder_pitch_joint,left_shoulder_roll_joint,left_shoulder_yaw_joint,left_elbow_joint,right_shoulder_pitch_joint,right_shoulder_roll_joint,right_shoulder_yaw_joint,right_elbow_joint",0.0,0.0,1540.53125,left_hip_yaw_link,1540.5312,1.6996135711669922,1.794763207435608,-32.742679595947266,-22.9288272857666,-36.0,-36.0,False,0.008216027
228,4.5600000000000005,0.09074918180704117,0.2610343540988783,1.1743833,24.010515,1.7097445726394653,28.389192581176758,36.0,1.0,"left_hip_pitch_joint,left_hip_roll_joint,left_hip_yaw_joint,left_knee_joint,left_ankle_pitch_joint,left_ankle_roll_joint,right_hip_pitch_joint,right_hip_roll_joint,right_hip_yaw_joint,right_knee_joint,right_ankle_pitch_joint,right_ankle_roll_joint,waist_roll_joint,waist_yaw_joint,left_shoulder_pitch_joint,left_shoulder_roll_joint,left_shoulder_yaw_joint,left_elbow_joint,right_shoulder_pitch_joint,right_shoulder_roll_joint,right_shoulder_yaw_joint,right_elbow_joint",0.0,0.0,0,pelvis,0.0,2.1070854663848877,2.144796848297119,25.257118225097656,20.921794891357422,36.0,36.0,False,0.012567488
229,4.58,0.0826125517487526,-0.06465675206505228,1.1900139,9.8353,1.4720942974090576,22.42428970336914,36.0,0.8636363636363636,"left_hip_pitch_joint,left_hip_roll_joint,left_hip_yaw_joint,left_knee_joint,left_ankle_pitch_joint,right_hip_pitch_joint,right_hip_roll_joint,right_hip_yaw_joint,right_knee_joint,right_ankle_pitch_joint,waist_roll_joint,waist_yaw_joint,left_shoulder_pitch_joint,left_shoulder_roll_joint,left_shoulder_yaw_joint,left_elbow_joint,right_shoulder_pitch_joint,right_shoulder_roll_joint,right_elbow_joint",0.0,0.0,0,pelvis,0.0,1.8042932748794556,1.9071465730667114,-13.23031997680664,-20.574626922607422,-36.0,-36.0,False,0.00706435
230,4.6000000000000005,0.07140845060348511,0.18389065106372016,0.8899796,35.83062,1.8799068927764893,36.39628219604492,36.0,0.9545454545454546,"left_hip_pitch_joint,left_hip_roll_joint,left_hip_yaw_joint,left_knee_joint,left_ankle_pitch_joint,left_ankle_roll_joint,right_hip_pitch_joint,right_hip_roll_joint,right_hip_yaw_joint,right_knee_joint,right_ankle_pitch_joint,right_ankle_roll_joint,waist_yaw_joint,left_shoulder_pitch_joint,left_shoulder_roll_joint,left_shoulder_yaw_joint,left_elbow_joint,right_shoulder_pitch_joint,right_shoulder_roll_joint,right_shoulder_yaw_joint,right_elbow_joint",0.0,0.0,0,pelvis,0.0,2.3043882846832275,2.1236674785614014,36.39628219604492,24.167531967163086,36.0,36.0,False,0.027565053
231,4.62,0.05706822872161865,0.05639082915552307,1.9134781,28.76735,1.5850112438201904,36.36308670043945,36.0,0.9090909090909091,"left_hip_pitch_joint,left_hip_roll_joint,left_hip_yaw_joint,left_knee_joint,left_ankle_pitch_joint,right_hip_pitch_joint,right_hip_roll_joint,right_hip_yaw_joint,right_knee_joint,right_ankle_pitch_joint,waist_roll_joint,waist_yaw_joint,left_shoulder_pitch_joint,left_shoulder_roll_joint,left_shoulder_yaw_joint,left_elbow_joint,right_shoulder_pitch_joint,right_shoulder_roll_joint,right_shoulder_yaw_joint,right_elbow_joint",0.0,0.0,0,pelvis,0.0,2.0094926357269287,1.973036289215088,-36.36308670043945,-24.595726013183594,-36.0,-36.0,False,0.013291157
232,4.64,0.041497696191072464,0.10740144936817841,1.2143952,25.743042,1.838304042816162,36.1671257019043,36.0,1.0,"left_hip_pitch_joint,left_hip_roll_joint,left_hip_yaw_joint,left_knee_joint,left_ankle_pitch_joint,left_ankle_roll_joint,right_hip_pitch_joint,right_hip_roll_joint,right_hip_yaw_joint,right_knee_joint,right_ankle_pitch_joint,right_ankle_roll_joint,waist_roll_joint,waist_yaw_joint,left_shoulder_pitch_joint,left_shoulder_roll_joint,left_shoulder_yaw_joint,left_elbow_joint,right_shoulder_pitch_joint,right_shoulder_roll_joint,right_shoulder_yaw_joint,right_elbow_joint",0.0,0.0,1733.2777099609375,pelvis,866.63885,2.2627854347229004,2.064413070678711,36.1671257019043,2.8957600593566895,36.0,36.0,False,0.01278674
233,4.66,0.05343971401453018,-0.10963048937100939,0.45231748,26.883018,1.746405839920044,35.83576965332031,36.0,0.8181818181818182,"left_hip_pitch_joint,left_hip_roll_joint,left_hip_yaw_joint,left_knee_joint,left_ankle_pitch_joint,right_hip_roll_joint,right_hip_yaw_joint,right_knee_joint,right_ankle_pitch_joint,waist_roll_joint,waist_yaw_joint,left_shoulder_pitch_joint,left_shoulder_roll_joint,left_shoulder_yaw_joint,left_elbow_joint,right_shoulder_roll_joint,right_shoulder_yaw_joint,right_elbow_joint",0.0,0.0,0,pelvis,0.0,2.1708872318267822,1.9496467113494873,-27.69114875793457,-6.059321880340576,-36.0,-36.0,False,0.009531947
234,4.68,0.05258850008249283,-0.07988283875344582,1.0173544,34.353928,1.9792900085449219,36.32308578491211,36.0,0.8636363636363636,"left_hip_roll_joint,left_hip_yaw_joint,left_knee_joint,left_ankle_pitch_joint,left_ankle_roll_joint,right_hip_pitch_joint,right_hip_roll_joint,right_hip_yaw_joint,right_ankle_pitch_joint,right_ankle_roll_joint,waist_yaw_joint,left_shoulder_pitch_joint,left_shoulder_roll_joint,left_shoulder_yaw_joint,left_elbow_joint,right_shoulder_pitch_joint,right_shoulder_roll_joint,right_shoulder_yaw_joint,right_elbow_joint",0.0,0.0,0,pelvis,0.0,2.40377140045166,1.8307358026504517,36.32308578491211,-7.419183254241943,36.0,24.256165,False,0.017335534
235,4.7,0.05932767689228058,-0.11893392294511762,0.41267037,14.802903,1.8356753587722778,30.26297950744629,36.0,0.9090909090909091,"left_hip_pitch_joint,left_hip_roll_joint,left_hip_yaw_joint,left_knee_joint,left_ankle_pitch_joint,right_hip_pitch_joint,right_hip_roll_joint,right_hip_yaw_joint,right_knee_joint,right_ankle_pitch_joint,waist_roll_joint,waist_yaw_joint,left_shoulder_pitch_joint,left_shoulder_roll_joint,left_shoulder_yaw_joint,left_elbow_joint,right_shoulder_pitch_joint,right_shoulder_roll_joint,right_shoulder_yaw_joint,right_elbow_joint",0.0,0.0,1449.8001708984375,right_knee_link,724.9001,2.00348162651062,2.2707276344299316,-30.26297950744629,27.144927978515625,-36.0,36.0,False,0.0027011186
236,4.72,0.050579264760017395,-0.060248037397606424,0.8896225,32.35816,1.7974038124084473,36.03649139404297,36.0,0.8636363636363636,"left_hip_pitch_joint,left_hip_roll_joint,left_hip_yaw_joint,left_knee_joint,left_ankle_pitch_joint,left_ankle_roll_joint,right_hip_roll_joint,right_hip_yaw_joint,right_knee_joint,right_ankle_roll_joint,waist_yaw_joint,left_shoulder_pitch_joint,left_shoulder_roll_joint,left_shoulder_yaw_joint,left_elbow_joint,right_shoulder_pitch_joint,right_shoulder_roll_joint,right_shoulder_yaw_joint,right_elbow_joint",0.0,0.0,0,pelvis,0.0,2.2218852043151855,2.189436912536621,33.557762145996094,-18.97699737548828,36.0,-36.0,False,-0.004997246
237,4.74,0.06109779700636864,-0.18528768007813778,1.1753397,30.518623,1.9969297647476196,36.32827377319336,36.0,0.9090909090909091,"left_hip_pitch_joint,left_hip_roll_joint,left_hip_yaw_joint,left_knee_joint,left_ankle_pitch_joint,right_hip_pitch_joint,right_hip_roll_joint,right_hip_yaw_joint,right_knee_joint,right_ankle_pitch_joint,waist_roll_joint,waist_yaw_joint,left_shoulder_pitch_joint,left_shoulder_roll_joint,left_shoulder_yaw_joint,left_elbow_joint,right_shoulder_pitch_joint,right_shoulder_roll_joint,right_shoulder_yaw_joint,right_elbow_joint",0.0,0.0,0,pelvis,0.0,1.9552879333496094,2.4319820404052734,-36.32827377319336,19.538654327392578,-36.0,36.0,False,-0.022583194
238,4.76,0.05724291875958443,-0.12329557379905554,1.0408307,29.51425,1.8381001949310303,36.412208557128906,36.0,0.9545454545454546,"left_hip_pitch_joint,left_hip_roll_joint,left_hip_yaw_joint,left_knee_joint,left_ankle_pitch_joint,left_ankle_roll_joint,right_hip_pitch_joint,right_hip_roll_joint,right_hip_yaw_joint,right_knee_joint,right_ankle_pitch_joint,right_ankle_roll_joint,waist_roll_joint,waist_yaw_joint,left_shoulder_pitch_joint,left_shoulder_yaw_joint,left_elbow_joint,right_shoulder_pitch_joint,right_shoulder_roll_joint,right_shoulder_yaw_joint,right_elbow_joint",0.0,0.0,0,pelvis,0.0,2.2625815868377686,2.1496541500091553,36.412208557128906,-30.68157958984375,36.0,-36.0,False,-0.0072875395
239,4.78,0.0747990682721138,-0.19611333629766792,1.3060033,24.381584,1.769616723060608,33.40650177001953,36.0,0.8636363636363636,"left_hip_roll_joint,left_hip_yaw_joint,left_knee_joint,left_ankle_pitch_joint,right_hip_pitch_joint,right_hip_roll_joint,right_hip_yaw_joint,right_knee_joint,right_ankle_pitch_joint,waist_roll_joint,waist_yaw_joint,left_shoulder_pitch_joint,left_shoulder_roll_joint,left_shoulder_yaw_joint,left_elbow_joint,right_shoulder_pitch_joint,right_shoulder_roll_joint,right_shoulder_yaw_joint,right_elbow_joint",961.70605,0.0,1954.8691711425781,left_ankle_roll_link,961.70605,2.0987114906311035,2.2046689987182617,-9.066507339477539,14.00113296508789,-36.0,36.0,False,-0.013120264
240,4.8,0.07950020581483841,-0.2225766476298361,0.4827855,15.34186,2.0219459533691406,32.769264221191406,36.0,0.9545454545454546,"left_hip_roll_joint,left_hip_yaw_joint,left_knee_joint,left_ankle_pitch_joint,left_ankle_roll_joint,right_hip_pitch_joint,right_hip_roll_joint,right_hip_yaw_joint,right_knee_joint,right_ankle_pitch_joint,right_ankle_roll_joint,waist_roll_joint,waist_yaw_joint,left_shoulder_pitch_joint,left_shoulder_roll_joint,left_shoulder_yaw_joint,left_elbow_joint,right_shoulder_pitch_joint,right_shoulder_roll_joint,right_shoulder_yaw_joint,right_elbow_joint",0.0,0.0,0,pelvis,0.0,2.446427345275879,1.7763409614562988,-0.44851213693618774,-32.769264221191406,36.0,-36.0,False,0.033300005
241,4.82,0.1017732173204422,-0.2944237355520265,1.6464335,38.856777,1.5615551471710205,36.135684967041016,36.0,0.8181818181818182,"left_hip_pitch_joint,left_hip_roll_joint,left_hip_yaw_joint,left_knee_joint,left_ankle_pitch_joint,right_hip_pitch_joint,right_hip_roll_joint,right_hip_yaw_joint,right_knee_joint,right_ankle_pitch_joint,waist_yaw_joint,left_shoulder_pitch_joint,left_shoulder_yaw_joint,left_elbow_joint,right_shoulder_pitch_joint,right_shoulder_roll_joint,right_shoulder_yaw_joint,right_elbow_joint",0.0,0.0,0,pelvis,0.0,1.9424622058868408,1.9966074228286743,-36.135684967041016,26.07081413269043,-36.0,36.0,False,0.023712195
242,4.84,0.10862837731838226,-0.39819408197774386,0.63841397,23.13129,1.6202044486999512,36.06959533691406,36.0,0.9545454545454546,"left_hip_pitch_joint,left_hip_roll_joint,left_hip_yaw_joint,left_knee_joint,left_ankle_pitch_joint,left_ankle_roll_joint,right_hip_pitch_joint,right_hip_roll_joint,right_hip_yaw_joint,right_knee_joint,right_ankle_pitch_joint,right_ankle_roll_joint,waist_roll_joint,waist_yaw_joint,left_shoulder_pitch_joint,left_shoulder_yaw_joint,left_elbow_joint,right_shoulder_pitch_joint,right_shoulder_roll_joint,right_shoulder_yaw_joint,right_elbow_joint",0.0,0.0,0,pelvis,0.0,1.8579154014587402,1.7824114561080933,19.877071380615234,-25.6922664642334,36.0,-36.0,False,0.00094908103
243,4.86,0.1250007599592209,-0.19137342241669275,1.4498943,35.280285,1.6520131826400757,37.02991485595703,36.0,0.8636363636363636,"left_hip_pitch_joint,left_hip_roll_joint,left_hip_yaw_joint,left_knee_joint,left_ankle_pitch_joint,right_hip_pitch_joint,right_hip_roll_joint,right_hip_yaw_joint,right_knee_joint,right_ankle_pitch_joint,waist_yaw_joint,left_shoulder_pitch_joint,left_shoulder_roll_joint,left_shoulder_yaw_joint,left_elbow_joint,right_shoulder_pitch_joint,right_shoulder_roll_joint,right_shoulder_yaw_joint,right_elbow_joint",0.0,0.0,0,pelvis,0.0,1.5609045028686523,2.0870654582977295,-37.02991485595703,21.571088790893555,-36.0,36.0,False,-0.019344855
244,4.88,0.12467056512832642,-0.3196319554683211,1.5533514,26.270535,1.6369823217391968,36.3981819152832,36.0,1.0,"left_hip_pitch_joint,left_hip_roll_joint,left_hip_yaw_joint,left_knee_joint,left_ankle_pitch_joint,left_ankle_roll_joint,right_hip_pitch_joint,right_hip_roll_joint,right_hip_yaw_joint,right_knee_joint,right_ankle_pitch_joint,right_ankle_roll_joint,waist_roll_joint,waist_yaw_joint,left_shoulder_pitch_joint,left_shoulder_roll_joint,left_shoulder_yaw_joint,left_elbow_joint,right_shoulder_pitch_joint,right_shoulder_roll_joint,right_shoulder_yaw_joint,right_elbow_joint",0.0,0.0,0,pelvis,0.0,1.765521764755249,1.876727819442749,36.3981819152832,-32.32735824584961,36.0,-36.0,False,-0.033858545
245,4.9,0.1280987560749054,-0.2883410631000718,0.89523506,24.64834,1.4393399953842163,30.40960121154785,36.0,0.8636363636363636,"left_hip_pitch_joint,left_hip_roll_joint,left_hip_yaw_joint,left_knee_joint,left_ankle_pitch_joint,right_hip_roll_joint,right_hip_yaw_joint,right_knee_joint,right_ankle_pitch_joint,waist_roll_joint,waist_yaw_joint,left_shoulder_pitch_joint,left_shoulder_roll_joint,left_shoulder_yaw_joint,left_elbow_joint,right_shoulder_pitch_joint,right_shoulder_roll_joint,right_shoulder_yaw_joint,right_elbow_joint",0.0,0.0,0,pelvis,0.0,1.4360917806625366,1.8743922710418701,-29.051809310913086,18.354753494262695,-36.0,36.0,False,-0.03549449
246,4.92,0.1127491295337677,-0.33698568230928494,1.4222999,30.804022,1.627713680267334,36.46615982055664,36.0,0.9545454545454546,"left_hip_pitch_joint,left_hip_roll_joint,left_hip_yaw_joint,left_knee_joint,left_ankle_pitch_joint,left_ankle_roll_joint,right_hip_pitch_joint,right_hip_roll_joint,right_hip_yaw_joint,right_knee_joint,right_ankle_pitch_joint,right_ankle_roll_joint,waist_roll_joint,waist_yaw_joint,left_shoulder_pitch_joint,left_shoulder_yaw_joint,left_elbow_joint,right_shoulder_pitch_joint,right_shoulder_roll_joint,right_shoulder_yaw_joint,right_elbow_joint",0.0,0.0,0,pelvis,0.0,1.7595973014831543,1.5646060705184937,36.46615982055664,-36.283103942871094,36.0,-36.0,False,-0.037162006
247,4.94,0.11810421198606491,-0.23143440553848826,1.6501088,21.161238,1.4179590940475464,32.87474060058594,36.0,0.9090909090909091,"left_hip_pitch_joint,left_hip_roll_joint,left_hip_yaw_joint,left_knee_joint,left_ankle_pitch_joint,right_hip_pitch_joint,right_hip_roll_joint,right_hip_yaw_joint,right_knee_joint,right_ankle_pitch_joint,waist_roll_joint,waist_yaw_joint,left_shoulder_pitch_joint,left_shoulder_roll_joint,left_shoulder_yaw_joint,left_elbow_joint,right_shoulder_pitch_joint,right_shoulder_roll_joint,right_shoulder_yaw_joint,right_elbow_joint",0.0,0.0,0,pelvis,0.0,1.4870482683181763,1.8530113697052002,-29.029939651489258,32.87474060058594,-36.0,36.0,False,-0.037103813
248,4.96,0.12323933094739914,-0.367871543232678,1.2139494,30.85895,1.624807596206665,36.31648635864258,36.0,1.0,"left_hip_pitch_joint,left_hip_roll_joint,left_hip_yaw_joint,left_knee_joint,left_ankle_pitch_joint,left_ankle_roll_joint,right_hip_pitch_joint,right_hip_roll_joint,right_hip_yaw_joint,right_knee_joint,right_ankle_pitch_joint,right_ankle_roll_joint,waist_roll_joint,waist_yaw_joint,left_shoulder_pitch_joint,left_shoulder_roll_joint,left_shoulder_yaw_joint,left_elbow_joint,right_shoulder_pitch_joint,right_shoulder_roll_joint,right_shoulder_yaw_joint,right_elbow_joint",0.0,0.0,0,pelvis,0.0,1.86936354637146,1.837609052658081,36.31648635864258,-25.374364852905273,36.0,-36.0,False,-0.037135348
249,4.98,0.11938479542732239,-0.17683226875745994,1.3955052,33.719086,1.6793142557144165,36.12336730957031,36.0,0.8636363636363636,"left_hip_roll_joint,left_hip_yaw_joint,left_knee_joint,left_ankle_pitch_joint,right_hip_pitch_joint,right_hip_roll_joint,right_hip_yaw_joint,right_knee_joint,right_ankle_pitch_joint,waist_roll_joint,waist_yaw_joint,left_shoulder_pitch_joint,left_shoulder_roll_joint,left_shoulder_yaw_joint,left_elbow_joint,right_shoulder_pitch_joint,right_shoulder_roll_joint,right_shoulder_yaw_joint,right_elbow_joint",0.6748888,0.0,0,left_ankle_roll_link,0.6748888,1.6776421070098877,2.1143665313720703,-36.12336730957031,31.20461654663086,-36.0,36.0,False,-0.04626663
250,5.0,0.10466603934764862,-0.17495479056728458,1.6433122,26.992292,1.6326812505722046,36.486637115478516,36.0,1.0,"left_hip_pitch_joint,left_hip_roll_joint,left_hip_yaw_joint,left_knee_joint,left_ankle_pitch_joint,left_ankle_roll_joint,right_hip_pitch_joint,right_hip_roll_joint,right_hip_yaw_joint,right_knee_joint,right_ankle_pitch_joint,right_ankle_roll_joint,waist_roll_joint,waist_yaw_joint,left_shoulder_pitch_joint,left_shoulder_roll_joint,left_shoulder_yaw_joint,left_elbow_joint,right_shoulder_pitch_joint,right_shoulder_roll_joint,right_shoulder_yaw_joint,right_elbow_joint",690.2681,0.0,345.1340637207031,left_ankle_roll_link,690.2681,1.9875354766845703,2.057819128036499,30.826168060302734,-23.350383758544922,36.0,-36.0,False,-0.050042443
