frame,t,rz,pgz,lv_norm,av_norm,dof_pos_err_max,dof_vel_max,tau_max,tau_sat,saturated_joints,L_fz,R_fz,non_foot_cf_sum,top_cf_name,top_cf_val,knee_L,knee_R,knee_L_vel,knee_R_vel,knee_L_tau,knee_R_tau,knee_hit_limit,bz_min
0,0.0,0.4103291630744934,0.9999562098754664,0.0,0.0,0.0,0.0,0.0,0.0,,0.0,0.0,0,pelvis,0.0,0.4244813621044159,0.4350522756576538,0.0,0.0,0.0,0.0,False,0.03364689
1,0.02,0.40812188386917114,0.9999562098754664,0.192132,0.068791136,1.4901161193847656e-08,1.3132964372634888,0.0,0.0,,0.0,22.089802,0,right_ankle_roll_link,22.089802,0.4244813621044159,0.4350522756576538,0.012202293612062931,-0.16971461474895477,0.0,0.0,False,0.0314397
2,0.04,0.40494391322135925,0.9999318719150668,0.19681235,0.9624456,0.11277216672897339,9.039633750915527,2.6265929,0.0,,45.39848,46.232555,0,right_ankle_roll_link,46.232555,0.4701586067676544,0.5478244423866272,3.962509870529175,9.039633750915527,-0.07321376,1.0182877,False,0.03099877
3,0.06,0.4119787812232971,0.9926290473546077,1.0770484,8.698641,0.43516090512275696,27.981155395507812,36.0,0.045454545454545456,right_knee_joint,0.0,0.0,0,pelvis,0.0,-3.855911472783191e-06,-0.00010861888586077839,-5.7798752784729,-0.17098045349121094,-27.429237,-36.0,True,0.033474743
4,0.08,0.4160294532775879,0.9985903202642928,1.701738,16.233004,0.3068271279335022,36.11149215698242,36.0,0.2727272727272727,"left_hip_pitch_joint,left_knee_joint,right_hip_pitch_joint,right_hip_yaw_joint,right_knee_joint,right_ankle_roll_joint",96.536064,96.536064,0,left_ankle_roll_link,96.536064,0.6415243148803711,0.7069481611251831,36.11149215698242,35.91740417480469,36.0,35.838757,False,0.048647657
5,0.1,0.4250626266002655,0.9862765248036335,1.7823046,14.387527,0.39953097701072693,36.157081604003906,36.0,0.5454545454545454,"left_hip_pitch_joint,left_knee_joint,left_ankle_pitch_joint,right_hip_pitch_joint,right_hip_yaw_joint,right_knee_joint,waist_yaw_joint,left_shoulder_pitch_joint,left_elbow_joint,right_shoulder_pitch_joint,right_shoulder_yaw_joint,right_elbow_joint",240.64598,0.0,0,left_ankle_roll_link,240.64598,0.4528103172779083,0.14317470788955688,-33.83308029174805,-35.91576385498047,-36.0,-36.0,False,0.04239908
6,0.12,0.4239377975463867,0.998650515570704,1.608654,21.658,0.4754757583141327,36.44746780395508,36.0,0.6818181818181818,"left_hip_pitch_joint,left_hip_roll_joint,left_hip_yaw_joint,left_knee_joint,right_hip_pitch_joint,right_hip_roll_joint,right_hip_yaw_joint,right_knee_joint,waist_roll_joint,waist_yaw_joint,left_shoulder_pitch_joint,left_elbow_joint,right_shoulder_pitch_joint,right_shoulder_roll_joint,right_elbow_joint",0.0,0.0,0,pelvis,0.0,0.8999571204185486,0.7036677002906799,36.44746780395508,32.665626525878906,36.0,36.0,False,0.058614604
7,0.14,0.4244982898235321,0.9940000850527815,1.6324372,14.763153,0.5562924146652222,36.441436767578125,36.0,0.9090909090909091,"left_hip_pitch_joint,left_hip_roll_joint,left_hip_yaw_joint,left_knee_joint,left_ankle_pitch_joint,left_ankle_roll_joint,right_hip_pitch_joint,right_hip_roll_joint,right_hip_yaw_joint,right_knee_joint,right_ankle_pitch_joint,right_ankle_roll_joint,waist_roll_joint,waist_yaw_joint,left_shoulder_pitch_joint,left_shoulder_roll_joint,left_elbow_joint,right_shoulder_pitch_joint,right_shoulder_roll_joint,right_elbow_joint",0.0,0.0,0,pelvis,0.0,0.9807738065719604,0.12397991120815277,-19.99237823486328,-33.65430450439453,-36.0,-36.0,False,0.054350294
8,0.16,0.4130527675151825,0.9973895724555072,2.1466892,16.850433,0.899553656578064,36.40391540527344,36.0,0.8636363636363636,"left_hip_pitch_joint,left_hip_roll_joint,left_hip_yaw_joint,left_knee_joint,left_ankle_pitch_joint,left_ankle_roll_joint,right_hip_pitch_joint,right_hip_roll_joint,right_hip_yaw_joint,right_knee_joint,right_ankle_pitch_joint,waist_roll_joint,left_shoulder_pitch_joint,left_shoulder_roll_joint,left_shoulder_yaw_joint,left_elbow_joint,right_shoulder_pitch_joint,right_shoulder_roll_joint,right_elbow_joint",0.0,0.0,0,pelvis,0.0,1.3240350484848022,0.6999530792236328,36.40391540527344,33.2020263671875,36.0,36.0,False,0.059115455
9,0.18,0.40114936232566833,0.9978724999024805,1.4038771,13.036568,1.173494815826416,36.02763748168945,36.0,0.8636363636363636,"left_hip_pitch_joint,left_hip_roll_joint,left_hip_yaw_joint,left_knee_joint,left_ankle_pitch_joint,left_ankle_roll_joint,right_hip_pitch_joint,right_hip_roll_joint,right_hip_yaw_joint,right_knee_joint,right_ankle_pitch_joint,right_ankle_roll_joint,waist_roll_joint,left_shoulder_pitch_joint,left_shoulder_roll_joint,left_elbow_joint,right_shoulder_pitch_joint,right_shoulder_roll_joint,right_elbow_joint",0.0,0.0,0,pelvis,0.0,1.5979762077331543,0.16248749196529388,-8.925591468811035,-34.4342155456543,-36.0,-36.0,False,0.04634399
10,0.2,0.3924606442451477,0.9810319780528941,1.2692863,20.55239,0.5541019439697266,35.72465896606445,36.0,0.7272727272727273,"left_hip_roll_joint,left_hip_yaw_joint,left_knee_joint,left_ankle_pitch_joint,left_ankle_roll_joint,right_hip_pitch_joint,right_hip_yaw_joint,right_knee_joint,right_ankle_pitch_joint,waist_roll_joint,waist_yaw_joint,left_shoulder_pitch_joint,left_elbow_joint,right_shoulder_pitch_joint,right_shoulder_roll_joint,right_elbow_joint",0.0,262.8257,0,right_ankle_roll_link,262.8257,0.9785833358764648,0.6977578997612,-32.49958038330078,31.684785842895508,-36.0,36.0,False,0.044413604
11,0.22,0.3798428773880005,0.9899529863134945,1.4649796,15.76122,0.9186153411865234,37.22874069213867,36.0,0.7727272727272727,"left_hip_roll_joint,left_hip_yaw_joint,left_knee_joint,left_ankle_pitch_joint,left_ankle_roll_joint,right_hip_pitch_joint,right_hip_roll_joint,right_hip_yaw_joint,right_knee_joint,right_ankle_pitch_joint,waist_roll_joint,left_shoulder_pitch_joint,left_shoulder_roll_joint,left_elbow_joint,right_shoulder_pitch_joint,right_shoulder_roll_joint,right_elbow_joint",0.0,0.0,0,pelvis,0.0,1.3430967330932617,0.31527191400527954,22.224960327148438,-32.02393341064453,36.0,-36.0,False,0.042484853
12,0.24,0.36996540427207947,0.9679021723384156,1.0010253,23.27654,0.7839323878288269,36.068973541259766,36.0,0.9090909090909091,"left_hip_pitch_joint,left_hip_roll_joint,left_hip_yaw_joint,left_knee_joint,left_ankle_pitch_joint,left_ankle_roll_joint,right_hip_pitch_joint,right_hip_roll_joint,right_hip_yaw_joint,right_knee_joint,right_ankle_pitch_joint,waist_roll_joint,left_shoulder_pitch_joint,left_shoulder_roll_joint,left_shoulder_yaw_joint,left_elbow_joint,right_shoulder_pitch_joint,right_shoulder_roll_joint,right_shoulder_yaw_joint,right_elbow_joint",337.98105,0.0,0,left_ankle_roll_link,337.98105,0.9402886629104614,0.8706074953079224,-31.616891860961914,30.35637664794922,-36.0,36.0,False,0.03723432
13,0.26,0.35405024886131287,0.9679489928517377,1.259839,29.704683,1.0313036441802979,35.87131881713867,36.0,0.6818181818181818,"left_hip_pitch_joint,left_hip_roll_joint,left_knee_joint,right_hip_pitch_joint,right_hip_roll_joint,right_hip_yaw_joint,right_knee_joint,right_ankle_pitch_joint,waist_roll_joint,waist_yaw_joint,left_shoulder_pitch_joint,left_shoulder_roll_joint,left_elbow_joint,right_shoulder_roll_joint,right_elbow_joint",117.09306,0.0,0,left_ankle_roll_link,117.09306,1.4557850360870361,0.640174150466919,35.87131881713867,-33.69940948486328,36.0,-36.0,False,0.041818757
14,0.28,0.34242480993270874,0.9521016408614885,0.9537471,28.046478,0.98680579662323,36.175132751464844,36.0,0.9545454545454546,"left_hip_pitch_joint,left_hip_roll_joint,left_hip_yaw_joint,left_knee_joint,left_ankle_pitch_joint,left_ankle_roll_joint,right_hip_pitch_joint,right_hip_roll_joint,right_hip_yaw_joint,right_knee_joint,right_ankle_pitch_joint,right_ankle_roll_joint,waist_roll_joint,waist_yaw_joint,left_shoulder_pitch_joint,left_shoulder_roll_joint,left_shoulder_yaw_joint,left_elbow_joint,right_shoulder_roll_joint,right_shoulder_yaw_joint,right_elbow_joint",363.8076,0.0,0,left_ankle_roll_link,363.8076,1.2741973400115967,1.0817574262619019,-29.670007705688477,21.291839599609375,-36.0,36.0,False,0.03324943
15,0.3,0.3279631435871124,0.9459414388646876,1.2902994,26.572176,1.3915109634399414,36.10298538208008,36.0,0.7727272727272727,"left_hip_pitch_joint,left_hip_roll_joint,left_hip_yaw_joint,left_knee_joint,left_ankle_pitch_joint,right_hip_pitch_joint,right_hip_roll_joint,right_hip_yaw_joint,right_knee_joint,right_ankle_pitch_joint,waist_roll_joint,waist_yaw_joint,left_shoulder_pitch_joint,left_shoulder_roll_joint,left_elbow_joint,right_shoulder_roll_joint,right_elbow_joint",0.0,0.0,0,pelvis,0.0,1.8159923553466797,1.0446475744247437,36.10298538208008,-30.023906707763672,36.0,-36.0,False,0.06261693
16,0.32,0.31421616673469543,0.9341337429681555,0.7536786,29.234797,1.2663450241088867,36.21516036987305,36.0,0.9545454545454546,"left_hip_pitch_joint,left_hip_roll_joint,left_hip_yaw_joint,left_knee_joint,left_ankle_pitch_joint,left_ankle_roll_joint,right_hip_pitch_joint,right_hip_roll_joint,right_hip_yaw_joint,right_knee_joint,right_ankle_pitch_joint,right_ankle_roll_joint,waist_roll_joint,waist_yaw_joint,left_shoulder_pitch_joint,left_shoulder_roll_joint,left_shoulder_yaw_joint,left_elbow_joint,right_shoulder_roll_joint,right_shoulder_yaw_joint,right_elbow_joint",0.0,0.0,0,pelvis,0.0,1.690826416015625,1.398560643196106,-35.98654556274414,15.135199546813965,-36.0,36.0,False,0.05423305
17,0.34,0.2942878007888794,0.9289589554397448,1.7947437,28.107868,1.6165590286254883,36.37784194946289,36.0,0.7727272727272727,"left_hip_pitch_joint,left_hip_roll_joint,left_hip_yaw_joint,left_knee_joint,left_ankle_roll_joint,right_hip_pitch_joint,right_hip_roll_joint,right_hip_yaw_joint,right_knee_joint,right_ankle_pitch_joint,waist_roll_joint,waist_yaw_joint,left_shoulder_pitch_joint,left_shoulder_roll_joint,left_elbow_joint,right_shoulder_roll_joint,right_elbow_joint",55.093555,0.0,0,left_ankle_roll_link,55.093555,2.0410404205322266,1.4261665344238281,35.42744445800781,-25.258792877197266,36.0,-36.0,False,0.06445824
18,0.36,0.27036404609680176,0.9323152118096063,1.311129,22.908573,1.5362604856491089,36.1434211730957,36.0,0.9090909090909091,"left_hip_pitch_joint,left_hip_yaw_joint,left_knee_joint,left_ankle_pitch_joint,left_ankle_roll_joint,right_hip_pitch_joint,right_hip_roll_joint,right_hip_yaw_joint,right_knee_joint,right_ankle_pitch_joint,right_ankle_roll_joint,waist_roll_joint,waist_yaw_joint,left_shoulder_pitch_joint,left_shoulder_roll_joint,left_shoulder_yaw_joint,left_elbow_joint,right_shoulder_roll_joint,right_shoulder_yaw_joint,right_elbow_joint",0.0,0.0,0,pelvis,0.0,1.9607418775558472,1.7746344804763794,-24.628671646118164,18.774574279785156,-36.0,36.0,False,0.049944077
19,0.38,0.23926398158073425,0.9313425130689813,2.3746343,27.337915,1.8830819129943848,36.1058464050293,36.0,0.6818181818181818,"left_hip_pitch_joint,left_hip_yaw_joint,left_ankle_roll_joint,right_hip_pitch_joint,right_hip_roll_joint,right_hip_yaw_joint,right_knee_joint,right_ankle_pitch_joint,waist_roll_joint,waist_yaw_joint,left_shoulder_pitch_joint,left_shoulder_roll_joint,left_elbow_joint,right_shoulder_roll_joint,right_elbow_joint",45.196392,0.0,0,left_ankle_roll_link,45.196392,2.307563304901123,1.877402663230896,30.902257919311523,-19.438032150268555,24.871193,-36.0,False,0.055703066
20,0.4,0.20774337649345398,0.948816094955215,1.5816023,27.709864,1.9146180152893066,36.099971771240234,36.0,0.8636363636363636,"left_hip_pitch_joint,left_hip_roll_joint,left_hip_yaw_joint,left_knee_joint,left_ankle_roll_joint,right_hip_pitch_joint,right_hip_roll_joint,right_hip_yaw_joint,right_ankle_pitch_joint,right_ankle_roll_joint,waist_roll_joint,waist_yaw_joint,left_shoulder_pitch_joint,left_shoulder_roll_joint,left_shoulder_yaw_joint,left_elbow_joint,right_shoulder_roll_joint,right_shoulder_yaw_joint,right_elbow_joint",804.481,0.0,0,left_ankle_roll_link,804.481,2.339099407196045,1.9402481317520142,0.05975937843322754,-2.373159170150757,-36.0,1.2401581,False,0.047922365
21,0.42,0.18645119667053223,0.9312580183352711,0.8823269,13.892326,2.0191237926483154,36.48028564453125,36.0,0.7272727272727273,"left_hip_roll_joint,left_hip_yaw_joint,left_knee_joint,left_ankle_pitch_joint,right_hip_pitch_joint,right_hip_roll_joint,right_hip_yaw_joint,right_knee_joint,right_ankle_pitch_joint,waist_roll_joint,waist_yaw_joint,left_shoulder_pitch_joint,left_shoulder_roll_joint,left_elbow_joint,right_shoulder_roll_joint,right_elbow_joint",485.15057,0.0,0,left_ankle_roll_link,485.15057,2.4436051845550537,1.6114665269851685,-2.271688461303711,-32.882408142089844,-36.0,-36.0,False,0.04181251
22,0.44,0.18141961097717285,0.9281971896158304,1.5963775,32.054043,1.8453588485717773,36.35460662841797,36.0,0.6818181818181818,"left_hip_pitch_joint,left_hip_roll_joint,left_hip_yaw_joint,left_knee_joint,right_hip_pitch_joint,right_hip_roll_joint,right_hip_yaw_joint,right_knee_joint,right_ankle_pitch_joint,right_ankle_roll_joint,waist_yaw_joint,left_shoulder_pitch_joint,left_elbow_joint,right_shoulder_roll_joint,right_elbow_joint",282.34903,0.0,0,left_ankle_roll_link,282.34903,2.2698402404785156,1.8128918409347534,-12.56071949005127,14.517723083496094,-36.0,36.0,False,0.035642385
23,0.46,0.17819556593894958,0.9048881800542605,1.1315895,28.87063,1.7274320125579834,35.944969177246094,36.0,0.6818181818181818,"left_hip_roll_joint,left_hip_yaw_joint,left_knee_joint,right_hip_roll_joint,right_hip_yaw_joint,right_knee_joint,right_ankle_pitch_joint,waist_roll_joint,waist_yaw_joint,left_shoulder_pitch_joint,left_shoulder_roll_joint,left_elbow_joint,right_shoulder_pitch_joint,right_shoulder_roll_joint,right_elbow_joint",163.94753,0.0,0,left_ankle_roll_link,163.94753,2.1519134044647217,1.7201396226882935,-2.1321921348571777,-27.496437072753906,-36.0,-36.0,False,0.037257887
24,0.48,0.17628389596939087,0.8748244672794954,1.1754065,19.215847,1.6465229988098145,36.51634216308594,36.0,0.9090909090909091,"left_hip_pitch_joint,left_hip_roll_joint,left_hip_yaw_joint,left_knee_joint,left_ankle_pitch_joint,right_hip_pitch_joint,right_hip_roll_joint,right_hip_yaw_joint,right_knee_joint,right_ankle_pitch_joint,right_ankle_roll_joint,waist_roll_joint,waist_yaw_joint,left_shoulder_pitch_joint,left_shoulder_roll_joint,left_shoulder_yaw_joint,left_elbow_joint,right_shoulder_roll_joint,right_shoulder_yaw_joint,right_elbow_joint",218.4558,0.0,0,left_ankle_roll_link,218.4558,2.0710043907165527,2.0371363162994385,-8.325533866882324,17.859718322753906,-36.0,36.0,False,0.042138834
25,0.5,0.17520129680633545,0.8537254806002615,1.6066011,43.99747,1.5679657459259033,35.86911392211914,36.0,0.7272727272727273,"left_hip_roll_joint,left_hip_yaw_joint,left_knee_joint,left_ankle_roll_joint,right_hip_roll_joint,right_hip_yaw_joint,right_knee_joint,right_ankle_pitch_joint,waist_roll_joint,waist_yaw_joint,left_shoulder_pitch_joint,left_shoulder_roll_joint,left_elbow_joint,right_shoulder_pitch_joint,right_shoulder_roll_joint,right_elbow_joint",105.72535,0.0,0,left_ankle_roll_link,105.72535,1.8000435829162598,1.9447287321090698,-7.027072429656982,-29.347537994384766,-36.0,-36.0,False,0.04071468
26,0.52,0.17094063758850098,0.8364957033932237,0.7036939,8.10956,1.5960546731948853,36.49989318847656,36.0,0.8636363636363636,"left_hip_pitch_joint,left_hip_roll_joint,left_hip_yaw_joint,left_knee_joint,left_ankle_pitch_joint,right_hip_pitch_joint,right_hip_roll_joint,right_hip_yaw_joint,right_knee_joint,right_ankle_pitch_joint,right_ankle_roll_joint,waist_yaw_joint,left_shoulder_pitch_joint,left_shoulder_roll_joint,left_shoulder_yaw_joint,left_elbow_joint,right_shoulder_roll_joint,right_shoulder_yaw_joint,right_elbow_joint",0.0,0.0,0,pelvis,0.0,1.6121379137039185,2.031106948852539,-21.424470901489258,2.4011645317077637,-36.0,36.0,False,0.07127343
27,0.54,0.16122829914093018,0.7339554695409514,1.6645793,40.51091,1.5539865493774414,36.23632049560547,36.0,0.7727272727272727,"left_hip_roll_joint,left_hip_yaw_joint,left_ankle_pitch_joint,left_ankle_roll_joint,right_hip_pitch_joint,right_hip_roll_joint,right_hip_yaw_joint,right_knee_joint,right_ankle_pitch_joint,waist_roll_joint,waist_yaw_joint,left_shoulder_pitch_joint,left_shoulder_roll_joint,left_elbow_joint,right_shoulder_pitch_joint,right_shoulder_roll_joint,right_elbow_joint",0.0,0.0,0,pelvis,0.0,1.381477952003479,1.5488184690475464,6.772550106048584,-35.726932525634766,33.53431,-36.0,False,0.080358714
28,0.56,0.1531606912612915,0.6508825446331876,1.139151,5.6343384,1.3576595783233643,36.63570785522461,36.0,0.9090909090909091,"left_hip_pitch_joint,left_hip_roll_joint,left_hip_yaw_joint,left_knee_joint,left_ankle_pitch_joint,right_hip_pitch_joint,right_hip_roll_joint,right_hip_yaw_joint,right_knee_joint,right_ankle_pitch_joint,right_ankle_roll_joint,waist_roll_joint,waist_yaw_joint,left_shoulder_pitch_joint,left_shoulder_roll_joint,left_shoulder_yaw_joint,left_elbow_joint,right_shoulder_roll_joint,right_shoulder_yaw_joint,right_elbow_joint",0.0,0.0,0,pelvis,0.0,1.154951572418213,1.792711853981018,-36.167930603027344,12.592293739318848,-36.0,36.0,False,0.09574173
29,0.58,0.1406724750995636,0.520808298895707,1.7884356,36.458805,1.607460856437683,36.195804595947266,36.0,0.7727272727272727,"left_hip_roll_joint,left_hip_yaw_joint,left_knee_joint,left_ankle_pitch_joint,left_ankle_roll_joint,right_hip_pitch_joint,right_hip_roll_joint,right_hip_yaw_joint,right_knee_joint,right_ankle_pitch_joint,waist_roll_joint,waist_yaw_joint,left_shoulder_pitch_joint,left_shoulder_roll_joint,left_elbow_joint,right_shoulder_roll_joint,right_elbow_joint",0.0,0.0,0,pelvis,0.0,0.6932023167610168,1.3276941776275635,-1.7445719242095947,-35.12322998046875,36.0,-36.0,False,0.05273973
30,0.6,0.140839621424675,0.3795459949506661,1.1926736,3.7567503,1.2768728733062744,36.22797775268555,36.0,0.7272727272727273,"left_hip_roll_joint,left_hip_yaw_joint,left_ankle_pitch_joint,right_hip_pitch_joint,right_hip_roll_joint,right_hip_yaw_joint,right_knee_joint,right_ankle_pitch_joint,right_ankle_roll_joint,waist_yaw_joint,left_shoulder_pitch_joint,left_shoulder_yaw_joint,left_elbow_joint,right_shoulder_roll_joint,right_shoulder_yaw_joint,right_elbow_joint",0.0,0.0,0,pelvis,0.0,0.6329686641693115,1.7119251489639282,-18.551462173461914,16.913326263427734,-11.030245,36.0,False,0.041639544
31,0.62,0.1302984058856964,0.24984940634956487,0.29352358,32.39291,1.4092859029769897,36.10434341430664,36.0,0.6818181818181818,"left_hip_yaw_joint,left_knee_joint,left_ankle_pitch_joint,left_ankle_roll_joint,right_hip_pitch_joint,right_hip_roll_joint,right_hip_yaw_joint,right_knee_joint,right_ankle_pitch_joint,waist_roll_joint,waist_yaw_joint,left_shoulder_roll_joint,left_elbow_joint,right_shoulder_roll_joint,right_elbow_joint",0.0,0.0,434.92926025390625,left_knee_link,434.92926,0.7090584635734558,1.3153935670852661,19.4576416015625,-25.10394859313965,36.0,-36.0,False,0.032247607
32,0.64,0.152046799659729,0.2684209479353932,1.9199326,19.57794,1.2538535594940186,36.29664611816406,36.0,0.7727272727272727,"left_hip_roll_joint,left_hip_yaw_joint,left_knee_joint,left_ankle_pitch_joint,right_hip_pitch_joint,right_hip_yaw_joint,right_knee_joint,right_ankle_pitch_joint,right_ankle_roll_joint,waist_roll_joint,waist_yaw_joint,left_shoulder_pitch_joint,left_shoulder_yaw_joint,left_elbow_joint,right_shoulder_roll_joint,right_shoulder_yaw_joint,right_elbow_joint",137.36333,0.0,240.77630615234375,left_ankle_roll_link,137.36333,0.2874675691127777,1.6539695262908936,-36.29664611816406,10.79236125946045,-36.0,36.0,False,0.045047626
33,0.66,0.16739293932914734,0.14532617747153687,0.86515087,26.476084,1.3029733896255493,36.65565490722656,36.0,0.8181818181818182,"left_hip_pitch_joint,left_hip_roll_joint,left_hip_yaw_joint,left_knee_joint,left_ankle_pitch_joint,left_ankle_roll_joint,right_hip_pitch_joint,right_hip_roll_joint,right_hip_yaw_joint,right_knee_joint,right_ankle_pitch_joint,waist_roll_joint,waist_yaw_joint,left_shoulder_pitch_joint,left_shoulder_roll_joint,left_elbow_joint,right_shoulder_roll_joint,right_elbow_joint",0.0,0.0,0,pelvis,0.0,0.8102092742919922,1.3683112859725952,36.65565490722656,-33.93333435058594,36.0,-36.0,False,0.05924984
34,0.68,0.19058579206466675,0.15594740305979826,2.074892,22.633469,1.258231520652771,35.98457336425781,36.0,0.8636363636363636,"left_hip_pitch_joint,left_hip_roll_joint,left_hip_yaw_joint,left_knee_joint,left_ankle_pitch_joint,right_hip_pitch_joint,right_hip_roll_joint,right_hip_yaw_joint,right_knee_joint,right_ankle_pitch_joint,right_ankle_roll_joint,waist_roll_joint,waist_yaw_joint,left_shoulder_pitch_joint,left_shoulder_yaw_joint,left_elbow_joint,right_shoulder_roll_joint,right_shoulder_yaw_joint,right_elbow_joint",303.6024,0.0,8.466202735900879,left_ankle_roll_link,303.6024,0.5500476360321045,1.6843712329864502,-34.9893684387207,12.443243026733398,-36.0,36.0,False,0.06649513
35,0.7000000000000001,0.20661096274852753,0.024412953867084752,1.6074853,15.4275255,1.3417311906814575,36.056121826171875,36.0,0.6818181818181818,"left_hip_pitch_joint,left_hip_yaw_joint,left_knee_joint,left_ankle_pitch_joint,left_ankle_roll_joint,right_hip_pitch_joint,right_hip_roll_joint,right_hip_yaw_joint,right_knee_joint,waist_roll_joint,waist_yaw_joint,left_shoulder_roll_joint,left_elbow_joint,right_shoulder_roll_joint,right_elbow_joint",0.0,0.0,0,pelvis,0.0,1.0227006673812866,1.5094565153121948,35.99296569824219,-24.555965423583984,36.0,-36.0,False,0.07631841
36,0.72,0.23439811170101166,0.04355063782710633,2.355516,19.808445,1.4173455238342285,36.096214294433594,36.0,0.7727272727272727,"left_hip_pitch_joint,left_hip_roll_joint,left_hip_yaw_joint,left_knee_joint,left_ankle_pitch_joint,right_hip_pitch_joint,right_hip_roll_joint,right_hip_yaw_joint,right_knee_joint,right_ankle_pitch_joint,right_ankle_roll_joint,waist_yaw_joint,left_shoulder_pitch_joint,left_shoulder_yaw_joint,left_elbow_joint,right_shoulder_roll_joint,right_elbow_joint",0.0,0.0,0,pelvis,0.0,0.8869785666465759,1.8523977994918823,-28.004005432128906,17.301727294921875,-36.0,36.0,False,0.083595835
37,0.74,0.2545374035835266,-0.1260321179098871,1.4520706,17.536264,1.4452122449874878,36.66271209716797,36.0,0.8181818181818182,"left_hip_pitch_joint,left_hip_roll_joint,left_hip_yaw_joint,left_knee_joint,left_ankle_pitch_joint,left_ankle_roll_joint,right_hip_pitch_joint,right_hip_roll_joint,right_hip_yaw_joint,right_knee_joint,right_ankle_pitch_joint,waist_roll_joint,waist_yaw_joint,left_shoulder_pitch_joint,left_shoulder_roll_joint,left_elbow_joint,right_shoulder_roll_joint,right_elbow_joint",0.0,0.0,0,pelvis,0.0,1.1712146997451782,1.8019466400146484,34.15221405029297,-21.39141845703125,36.0,-36.0,False,0.086556815
38,0.76,0.2760961055755615,-0.15158265214533317,1.6588297,14.384377,1.574102520942688,36.190425872802734,36.0,0.6818181818181818,"left_hip_pitch_joint,left_hip_yaw_joint,left_knee_joint,left_ankle_pitch_joint,right_hip_pitch_joint,right_hip_roll_joint,right_hip_yaw_joint,right_ankle_pitch_joint,right_ankle_roll_joint,waist_yaw_joint,left_shoulder_pitch_joint,left_shoulder_yaw_joint,left_elbow_joint,right_shoulder_roll_joint,right_elbow_joint",0.0,0.0,0,pelvis,0.0,1.1031675338745117,2.009154796600342,-14.334027290344238,8.585637092590332,-36.0,18.996964,False,0.09048552
39,0.78,0.28354230523109436,-0.21502753575950995,1.1889459,18.124517,1.6981918811798096,36.44963836669922,36.0,0.7727272727272727,"left_hip_pitch_joint,left_hip_roll_joint,left_hip_yaw_joint,left_ankle_pitch_joint,left_ankle_roll_joint,right_hip_pitch_joint,right_hip_roll_joint,right_hip_yaw_joint,right_knee_joint,right_ankle_pitch_joint,waist_roll_joint,waist_yaw_joint,left_shoulder_pitch_joint,left_shoulder_roll_joint,left_elbow_joint,right_shoulder_roll_joint,right_elbow_joint",0.0,0.0,0,pelvis,0.0,1.1250888109207153,1.8062235116958618,19.871870040893555,-30.23233413696289,31.709274,-36.0,False,0.0933781
40,0.8,0.2958267331123352,-0.32296461136614285,1.2591271,15.162497,1.516746997833252,36.14239501953125,36.0,0.8181818181818182,"left_hip_pitch_joint,left_hip_roll_joint,left_hip_yaw_joint,left_knee_joint,left_ankle_pitch_joint,right_hip_pitch_joint,right_hip_roll_joint,right_hip_yaw_joint,right_knee_joint,right_ankle_pitch_joint,right_ankle_roll_joint,waist_yaw_joint,left_shoulder_pitch_joint,left_shoulder_roll_joint,left_shoulder_yaw_joint,left_elbow_joint,right_shoulder_roll_joint,right_elbow_joint",0.0,0.0,0,pelvis,0.0,0.8875501751899719,1.9517992734909058,-2.785923719406128,9.18678092956543,-36.0,36.0,False,0.092446744
41,0.8200000000000001,0.309848427772522,-0.4147063068815626,1.0148815,19.676132,1.7318286895751953,35.568199157714844,36.0,0.6818181818181818,"left_hip_pitch_joint,left_hip_roll_joint,left_hip_yaw_joint,left_ankle_pitch_joint,left_ankle_roll_joint,right_hip_pitch_joint,right_hip_roll_joint,right_hip_yaw_joint,right_knee_joint,right_ankle_pitch_joint,waist_yaw_joint,left_shoulder_pitch_joint,left_shoulder_roll_joint,left_elbow_joint,right_elbow_joint",151.08064,0.0,0,left_ankle_roll_link,151.08064,0.5359739065170288,1.832776665687561,-11.436529159545898,-24.450773239135742,-20.329964,-36.0,False,0.088521495
42,0.84,0.32395660877227783,-0.4645067092151294,1.0513002,16.780754,1.6467605829238892,36.14326858520508,36.0,0.8636363636363636,"left_hip_pitch_joint,left_hip_roll_joint,left_hip_yaw_joint,left_knee_joint,left_ankle_pitch_joint,right_hip_pitch_joint,right_hip_roll_joint,right_hip_yaw_joint,right_knee_joint,right_ankle_pitch_joint,right_ankle_roll_joint,waist_yaw_joint,left_shoulder_pitch_joint,left_shoulder_roll_joint,left_shoulder_yaw_joint,left_elbow_joint,right_shoulder_pitch_joint,right_shoulder_roll_joint,right_elbow_joint",0.0,0.0,0,pelvis,0.0,0.568488597869873,2.081812858581543,22.8161563873291,14.59391975402832,36.0,34.88669,False,0.10849448
43,0.86,0.33148086071014404,-0.543237032982427,1.1345152,22.71108,1.7314860820770264,36.87348937988281,36.0,0.8181818181818182,"left_hip_pitch_joint,left_hip_roll_joint,left_hip_yaw_joint,left_knee_joint,left_ankle_pitch_joint,left_ankle_roll_joint,right_hip_pitch_joint,right_hip_roll_joint,right_hip_yaw_joint,right_knee_joint,right_ankle_pitch_joint,waist_roll_joint,waist_yaw_joint,left_shoulder_pitch_joint,left_shoulder_roll_joint,left_elbow_joint,right_shoulder_pitch_joint,right_elbow_joint",0.0,0.0,0,pelvis,0.0,0.440618097782135,2.0582215785980225,-10.788217544555664,-23.11581802368164,-36.0,-36.0,False,0.085313156
44,0.88,0.33310365676879883,-0.6155088665153361,0.18845165,18.911171,1.6632994413375854,36.17164611816406,36.0,0.8181818181818182,"left_hip_pitch_joint,left_hip_roll_joint,left_hip_yaw_joint,left_knee_joint,left_ankle_pitch_joint,right_hip_pitch_joint,right_hip_roll_joint,right_hip_yaw_joint,right_ankle_pitch_joint,right_ankle_roll_joint,waist_yaw_joint,left_shoulder_pitch_joint,left_shoulder_roll_joint,left_shoulder_yaw_joint,left_elbow_joint,right_shoulder_pitch_joint,right_shoulder_roll_joint,right_elbow_joint",0.0,0.0,0,pelvis,0.0,0.34378811717033386,2.0983517169952393,13.40467643737793,-0.9246711730957031,36.0,8.84137,False,0.078018025
45,0.9,0.331921249628067,-0.7183835875468052,1.2639984,26.143158,1.731876254081726,36.567073822021484,36.0,0.8181818181818182,"left_hip_pitch_joint,left_hip_roll_joint,left_hip_yaw_joint,left_knee_joint,left_ankle_pitch_joint,left_ankle_roll_joint,right_hip_roll_joint,right_hip_yaw_joint,right_knee_joint,right_ankle_pitch_joint,waist_roll_joint,waist_yaw_joint,left_shoulder_pitch_joint,left_shoulder_roll_joint,left_elbow_joint,right_shoulder_pitch_joint,right_shoulder_yaw_joint,right_elbow_joint",0.0,0.0,0,pelvis,0.0,0.2856332063674927,1.7466193437576294,-4.200961112976074,-33.768096923828125,-36.0,-36.0,False,0.05441651
46,0.92,0.3292761445045471,-0.7722684210088602,0.6413994,19.856169,1.5003982782363892,36.1927490234375,36.0,0.9090909090909091,"left_hip_pitch_joint,left_hip_roll_joint,left_hip_yaw_joint,left_knee_joint,left_ankle_pitch_joint,right_hip_pitch_joint,right_hip_roll_joint,right_hip_yaw_joint,right_knee_joint,right_ankle_pitch_joint,right_ankle_roll_joint,waist_roll_joint,waist_yaw_joint,left_shoulder_pitch_joint,left_shoulder_roll_joint,left_shoulder_yaw_joint,left_elbow_joint,right_shoulder_pitch_joint,right_shoulder_roll_joint,right_elbow_joint",0.0,0.0,0,pelvis,0.0,0.29228177666664124,1.935450553894043,11.057205200195312,14.159967422485352,36.0,36.0,False,0.04739758
47,0.9400000000000001,0.3088611960411072,-0.7752580726317788,1.7254318,22.590586,1.7292693853378296,38.2962646484375,36.0,0.8181818181818182,"left_hip_roll_joint,left_hip_yaw_joint,left_knee_joint,left_ankle_pitch_joint,left_ankle_roll_joint,right_hip_roll_joint,right_hip_yaw_joint,right_knee_joint,right_ankle_pitch_joint,waist_roll_joint,waist_yaw_joint,left_shoulder_pitch_joint,left_shoulder_roll_joint,left_elbow_joint,right_shoulder_pitch_joint,right_shoulder_roll_joint,right_shoulder_yaw_joint,right_elbow_joint",0.0,0.0,0,pelvis,0.0,-2.9694156182813458e-05,1.8309519290924072,-2.6611764430999756,-27.423206329345703,-36.0,-36.0,True,0.019887548
48,0.96,0.28120020031929016,-0.7665659015577617,1.3792441,20.1373,1.607197880744934,36.08749771118164,36.0,0.8181818181818182,"left_hip_pitch_joint,left_hip_roll_joint,left_hip_yaw_joint,left_knee_joint,right_hip_pitch_joint,right_hip_roll_joint,right_hip_yaw_joint,right_knee_joint,right_ankle_pitch_joint,right_ankle_roll_joint,waist_yaw_joint,left_shoulder_pitch_joint,left_shoulder_roll_joint,left_shoulder_yaw_joint,left_elbow_joint,right_shoulder_pitch_joint,right_shoulder_roll_joint,right_elbow_joint",0.0,0.0,0,pelvis,0.0,0.09676750749349594,2.042250156402588,15.809566497802734,13.403535842895508,36.0,36.0,False,0.0092858225
49,0.98,0.2480594962835312,-0.7540462816737659,2.1666534,22.749853,1.6960033178329468,36.1589241027832,36.0,0.8181818181818182,"left_hip_pitch_joint,left_hip_roll_joint,left_hip_yaw_joint,left_knee_joint,left_ankle_pitch_joint,left_ankle_roll_joint,right_hip_roll_joint,right_hip_yaw_joint,right_knee_joint,right_ankle_pitch_joint,waist_roll_joint,waist_yaw_joint,left_shoulder_pitch_joint,left_shoulder_roll_joint,left_elbow_joint,right_shoulder_pitch_joint,right_shoulder_yaw_joint,right_elbow_joint",0.0,0.0,0,pelvis,0.0,0.3234146535396576,2.0097079277038574,5.185832500457764,-23.967731475830078,-36.0,-36.0,False,-0.023453955
50,1.0,0.22290454804897308,-0.7819671169087332,0.5914677,18.843315,1.6869698762893677,36.03813552856445,36.0,0.7272727272727273,"left_hip_roll_joint,left_hip_yaw_joint,left_ankle_pitch_joint,right_hip_pitch_joint,right_hip_roll_joint,right_hip_yaw_joint,right_ankle_pitch_joint,right_ankle_roll_joint,waist_yaw_joint,left_shoulder_pitch_joint,left_shoulder_roll_joint,left_shoulder_yaw_joint,left_elbow_joint,right_shoulder_pitch_joint,right_shoulder_roll_joint,right_elbow_joint",0.0,0.0,0,pelvis,0.0,-0.0006758192903362215,2.1220221519470215,1.187917947769165,9.030567169189453,-23.029657,17.833946,True,-0.034555357
51,1.02,0.21807518601417542,-0.7357112739673042,0.7995453,17.172798,1.7300560474395752,36.279945373535156,36.0,0.6363636363636364,"left_hip_roll_joint,left_hip_yaw_joint,left_ankle_pitch_joint,left_ankle_roll_joint,right_hip_roll_joint,right_hip_yaw_joint,right_knee_joint,right_ankle_pitch_joint,waist_yaw_joint,left_shoulder_pitch_joint,left_shoulder_roll_joint,left_elbow_joint,right_shoulder_yaw_joint,right_elbow_joint",0.0,0.0,0,pelvis,0.0,0.6655283570289612,2.0128841400146484,36.279945373535156,-18.450172424316406,26.885065,-36.0,False,-0.043446064
52,1.04,0.20979823172092438,-0.7282357821041874,1.3173623,20.518562,1.537053108215332,36.614036560058594,36.0,0.6818181818181818,"left_hip_roll_joint,left_hip_yaw_joint,left_knee_joint,left_ankle_pitch_joint,right_hip_pitch_joint,right_hip_roll_joint,right_ankle_pitch_joint,right_ankle_roll_joint,waist_yaw_joint,left_shoulder_pitch_joint,left_shoulder_roll_joint,left_shoulder_yaw_joint,left_elbow_joint,right_shoulder_roll_joint,right_elbow_joint",0.0,0.0,0,pelvis,0.0,0.3573545515537262,1.9721053838729858,-36.614036560058594,-12.980499267578125,-36.0,-15.525513,False,-0.026606519
53,1.06,0.20781029760837555,-0.6714972775958206,0.94567454,22.137636,1.7305045127868652,36.48618698120117,36.0,0.8181818181818182,"left_hip_pitch_joint,left_hip_roll_joint,left_hip_yaw_joint,left_knee_joint,left_ankle_pitch_joint,left_ankle_roll_joint,right_hip_pitch_joint,right_hip_roll_joint,right_hip_yaw_joint,right_knee_joint,right_ankle_pitch_joint,waist_roll_joint,waist_yaw_joint,left_shoulder_roll_joint,left_elbow_joint,right_shoulder_pitch_joint,right_shoulder_yaw_joint,right_elbow_joint",0.0,0.0,0,pelvis,0.0,0.9195041060447693,1.4453765153884888,36.48618698120117,-32.02658462524414,36.0,-36.0,False,-0.033115383
54,1.08,0.20748759806156158,-0.6890213852074272,2.2072694,22.895382,1.426718831062317,36.57030487060547,36.0,0.9090909090909091,"left_hip_pitch_joint,left_hip_roll_joint,left_hip_yaw_joint,left_knee_joint,left_ankle_pitch_joint,right_hip_pitch_joint,right_hip_roll_joint,right_hip_yaw_joint,right_knee_joint,right_ankle_pitch_joint,right_ankle_roll_joint,waist_roll_joint,waist_yaw_joint,left_shoulder_pitch_joint,left_shoulder_roll_joint,left_shoulder_yaw_joint,left_elbow_joint,right_shoulder_pitch_joint,right_shoulder_roll_joint,right_elbow_joint",0.0,0.0,0,pelvis,0.0,0.554821252822876,1.8617711067199707,-36.57030487060547,26.911245346069336,-36.0,36.0,False,-0.00844118
55,1.1,0.18543249368667603,-0.6014131952117125,1.4635289,15.72794,1.7313454151153564,36.52151107788086,36.0,0.7727272727272727,"left_hip_roll_joint,left_hip_yaw_joint,left_knee_joint,left_ankle_pitch_joint,left_ankle_roll_joint,right_hip_roll_joint,right_hip_yaw_joint,right_knee_joint,right_ankle_pitch_joint,waist_roll_joint,waist_yaw_joint,left_shoulder_roll_joint,left_elbow_joint,right_shoulder_pitch_joint,right_shoulder_roll_joint,right_shoulder_yaw_joint,right_elbow_joint",0.0,0.0,0,pelvis,0.0,0.974554181098938,1.8897106647491455,36.52151107788086,-16.767784118652344,36.0,-36.0,False,-0.01552188
56,1.12,0.15940091013908386,-0.521040202583686,1.6338053,22.021095,1.47989821434021,36.1023063659668,36.0,0.7727272727272727,"left_hip_roll_joint,left_hip_yaw_joint,left_knee_joint,left_ankle_pitch_joint,right_hip_pitch_joint,right_hip_roll_joint,right_hip_yaw_joint,right_ankle_pitch_joint,right_ankle_roll_joint,waist_yaw_joint,left_shoulder_pitch_joint,left_shoulder_roll_joint,left_shoulder_yaw_joint,left_elbow_joint,right_shoulder_pitch_joint,right_shoulder_roll_joint,right_elbow_joint",0.0,0.0,624.5730590820312,torso_link,624.57306,0.9624192714691162,1.9149504899978638,-29.56960105895996,-6.052002429962158,-36.0,-15.765968,False,-0.0030816756
57,1.1400000000000001,0.1284036487340927,-0.3670668724532806,1.8749539,22.069185,1.6531193256378174,36.3712043762207,36.0,0.7272727272727273,"left_hip_roll_joint,left_hip_yaw_joint,left_knee_joint,left_ankle_pitch_joint,left_ankle_roll_joint,right_hip_roll_joint,right_hip_yaw_joint,right_knee_joint,right_ankle_pitch_joint,waist_yaw_joint,left_shoulder_roll_joint,left_elbow_joint,right_shoulder_pitch_joint,right_shoulder_roll_joint,right_shoulder_yaw_joint,right_elbow_joint",0.0,0.0,0,pelvis,0.0,1.386897087097168,1.327881097793579,36.3712043762207,-35.32986068725586,36.0,-36.0,False,-0.0016948655
58,1.16,0.11744523048400879,-0.30649693504769004,1.6288556,19.125732,1.3135336637496948,36.08735656738281,36.0,0.8181818181818182,"left_hip_pitch_joint,left_hip_roll_joint,left_hip_yaw_joint,left_knee_joint,left_ankle_pitch_joint,right_hip_pitch_joint,right_hip_roll_joint,right_hip_yaw_joint,right_knee_joint,right_ankle_pitch_joint,right_ankle_roll_joint,waist_yaw_joint,left_shoulder_pitch_joint,left_shoulder_roll_joint,left_shoulder_yaw_joint,left_elbow_joint,right_shoulder_roll_joint,right_elbow_joint",0.0,0.0,0,pelvis,0.0,1.4813958406448364,1.7485859394073486,-24.67125129699707,25.977094650268555,-36.0,36.0,False,0.02762167
59,1.18,0.08159862458705902,-0.12264267256170491,1.9380081,19.771633,1.7304604053497314,29.337759017944336,36.0,0.7272727272727273,"left_hip_pitch_joint,left_hip_roll_joint,left_hip_yaw_joint,left_knee_joint,left_ankle_pitch_joint,left_ankle_roll_joint,right_hip_pitch_joint,right_hip_roll_joint,right_hip_yaw_joint,right_knee_joint,right_ankle_pitch_joint,waist_yaw_joint,left_shoulder_roll_joint,left_elbow_joint,right_shoulder_roll_joint,right_elbow_joint",0.0,0.0,0,pelvis,0.0,1.5670679807662964,1.5749462842941284,29.337759017944336,-19.375011444091797,36.0,-36.0,False,0.025484186
60,1.2,0.06795428693294525,-0.07628519483576213,1.5575484,15.145121,1.6329859495162964,36.351924896240234,36.0,0.7727272727272727,"left_hip_pitch_joint,left_hip_roll_joint,left_hip_yaw_joint,left_knee_joint,left_ankle_pitch_joint,right_hip_pitch_joint,right_hip_roll_joint,right_ankle_pitch_joint,right_ankle_roll_joint,waist_roll_joint,waist_yaw_joint,left_shoulder_pitch_joint,left_shoulder_roll_joint,left_shoulder_yaw_joint,left_elbow_joint,right_shoulder_roll_joint,right_elbow_joint",0.0,0.0,0,pelvis,0.0,1.3115553855895996,2.06803822517395,-36.351924896240234,27.996009826660156,-36.0,25.058548,False,0.034834176
61,1.22,0.05023311823606491,-0.054524956889792975,1.3189586,23.493755,1.7213796377182007,34.9317741394043,36.0,0.8181818181818182,"left_hip_roll_joint,left_hip_yaw_joint,left_knee_joint,left_ankle_pitch_joint,left_ankle_roll_joint,right_hip_pitch_joint,right_hip_roll_joint,right_hip_yaw_joint,right_knee_joint,right_ankle_pitch_joint,waist_roll_joint,waist_yaw_joint,left_shoulder_pitch_joint,left_shoulder_roll_joint,left_elbow_joint,right_shoulder_roll_joint,right_shoulder_yaw_joint,right_elbow_joint",0.0,0.0,0,pelvis,0.0,1.4217239618301392,1.937524437904358,26.77094268798828,-23.9305419921875,36.0,-36.0,False,0.017793078
62,1.24,0.03964122384786606,-0.002830726641391834,1.6708424,17.267492,1.9013479948043823,36.3995246887207,36.0,0.7727272727272727,"left_hip_pitch_joint,left_hip_roll_joint,left_hip_yaw_joint,left_knee_joint,left_ankle_pitch_joint,right_hip_pitch_joint,right_hip_roll_joint,right_hip_yaw_joint,right_ankle_pitch_joint,right_ankle_roll_joint,waist_yaw_joint,left_shoulder_pitch_joint,left_shoulder_roll_joint,left_shoulder_yaw_joint,left_elbow_joint,right_shoulder_roll_joint,right_elbow_joint",0.0,0.0,139.97619652748108,left_knee_link,69.9881,1.2988206148147583,2.336400270462036,-36.3995246887207,25.978153228759766,-36.0,23.385483,False,0.017803308
63,1.26,0.053889669477939606,-0.0771715407223259,1.5131744,21.685656,1.7330302000045776,35.9085693359375,36.0,0.6818181818181818,"left_hip_roll_joint,left_hip_yaw_joint,left_knee_joint,left_ankle_pitch_joint,left_ankle_roll_joint,right_hip_pitch_joint,right_hip_roll_joint,right_hip_yaw_joint,right_knee_joint,right_ankle_pitch_joint,waist_yaw_joint,left_shoulder_roll_joint,left_elbow_joint,right_shoulder_roll_joint,right_elbow_joint",0.0,0.0,222.61599731445312,right_hip_yaw_link,222.616,1.3997786045074463,2.1680824756622314,25.903928756713867,-29.590038299560547,36.0,-36.0,False,0.009786273
64,1.28,0.08813843131065369,-0.15002670887727731,1.8894199,20.31966,2.0084900856018066,36.21852493286133,36.0,0.8636363636363636,"left_hip_pitch_joint,left_hip_roll_joint,left_hip_yaw_joint,left_knee_joint,left_ankle_pitch_joint,right_hip_pitch_joint,right_hip_roll_joint,right_hip_yaw_joint,right_knee_joint,right_ankle_pitch_joint,right_ankle_roll_joint,waist_yaw_joint,left_shoulder_pitch_joint,left_shoulder_roll_joint,left_shoulder_yaw_joint,left_elbow_joint,right_shoulder_pitch_joint,right_shoulder_roll_joint,right_elbow_joint",0.0,0.0,0,pelvis,0.0,1.3997018337249756,2.44354248046875,-27.059146881103516,-0.1250772923231125,-36.0,36.0,False,0.00986125
65,1.3,0.1041107103228569,-0.1952899687275238,0.44816095,13.697172,1.7301301956176758,30.877527236938477,36.0,0.6818181818181818,"left_hip_pitch_joint,left_hip_roll_joint,left_hip_yaw_joint,left_knee_joint,left_ankle_pitch_joint,left_ankle_roll_joint,right_hip_roll_joint,right_hip_yaw_joint,right_knee_joint,waist_yaw_joint,left_shoulder_roll_joint,left_elbow_joint,right_shoulder_roll_joint,right_shoulder_yaw_joint,right_elbow_joint",0.0,0.0,0,pelvis,0.0,1.4457294940948486,1.9785422086715698,8.827208518981934,-22.879825592041016,36.0,-36.0,False,0.016306626
66,1.32,0.11308455467224121,-0.2692300964009888,2.1330457,21.390247,1.7733074426651,36.23635482788086,36.0,0.7727272727272727,"left_hip_roll_joint,left_hip_yaw_joint,left_knee_joint,left_ankle_pitch_joint,left_ankle_roll_joint,right_hip_pitch_joint,right_hip_roll_joint,right_ankle_pitch_joint,right_ankle_roll_joint,waist_roll_joint,waist_yaw_joint,left_shoulder_pitch_joint,left_shoulder_roll_joint,left_shoulder_yaw_joint,left_elbow_joint,right_shoulder_roll_joint,right_elbow_joint",0.0,0.0,0,pelvis,0.0,1.0494349002838135,2.208359718322754,-36.23635482788086,15.745780944824219,-36.0,13.799767,False,-0.00081900693
67,1.34,0.11502683907747269,-0.27813253053973286,0.90233153,18.146809,1.7302860021591187,37.56489944458008,36.0,0.8181818181818182,"left_hip_pitch_joint,left_hip_roll_joint,left_hip_yaw_joint,left_knee_joint,left_ankle_pitch_joint,left_ankle_roll_joint,right_hip_roll_joint,right_hip_yaw_joint,right_knee_joint,right_ankle_pitch_joint,waist_roll_joint,waist_yaw_joint,left_shoulder_pitch_joint,left_shoulder_roll_joint,left_elbow_joint,right_shoulder_roll_joint,right_shoulder_yaw_joint,right_elbow_joint",0.0,0.0,0,pelvis,0.0,1.1948585510253906,1.7984286546707153,36.3859977722168,-32.20976638793945,36.0,-36.0,False,0.02714838
68,1.36,0.1206866055727005,-0.2806791017399348,2.1341832,21.174028,1.797427773475647,36.15993118286133,36.0,0.8181818181818182,"left_hip_roll_joint,left_hip_yaw_joint,left_knee_joint,left_ankle_pitch_joint,right_hip_pitch_joint,right_hip_roll_joint,right_hip_yaw_joint,right_knee_joint,right_ankle_pitch_joint,right_ankle_roll_joint,waist_yaw_joint,left_shoulder_pitch_joint,left_shoulder_roll_joint,left_shoulder_yaw_joint,left_elbow_joint,right_shoulder_pitch_joint,right_shoulder_roll_joint,right_elbow_joint",0.0,0.0,0,pelvis,0.0,1.2099590301513672,2.232480049133301,-29.135028839111328,29.090341567993164,-36.0,36.0,False,0.014721753
69,1.3800000000000001,0.1100156158208847,-0.2561483431605964,1.5353138,16.05352,1.626222014427185,36.119014739990234,36.0,0.8636363636363636,"left_hip_pitch_joint,left_hip_roll_joint,left_hip_yaw_joint,left_knee_joint,left_ankle_pitch_joint,left_ankle_roll_joint,right_hip_pitch_joint,right_hip_roll_joint,right_hip_yaw_joint,right_knee_joint,right_ankle_pitch_joint,waist_roll_joint,waist_yaw_joint,left_shoulder_roll_joint,left_elbow_joint,right_shoulder_pitch_joint,right_shoulder_roll_joint,right_shoulder_yaw_joint,right_elbow_joint",0.0,0.0,0,pelvis,0.0,1.3951064348220825,1.9763336181640625,33.636478424072266,-33.41108322143555,36.0,-36.0,False,0.026576884
70,1.4000000000000001,0.10830174386501312,-0.20084639937466164,1.9402105,23.738342,1.9762135744094849,36.05779266357422,36.0,0.8181818181818182,"left_hip_pitch_joint,left_hip_roll_joint,left_hip_yaw_joint,left_knee_joint,left_ankle_pitch_joint,right_hip_pitch_joint,right_hip_roll_joint,right_hip_yaw_joint,right_knee_joint,right_ankle_pitch_joint,right_ankle_roll_joint,waist_yaw_joint,left_shoulder_pitch_joint,left_shoulder_roll_joint,left_shoulder_yaw_joint,left_elbow_joint,right_shoulder_roll_joint,right_elbow_joint",0.0,0.0,0,pelvis,0.0,1.5585538148880005,2.4112658500671387,-24.9567928314209,32.859439849853516,-36.0,36.0,False,0.028815472
71,1.42,0.0967920795083046,-0.2419192987000045,0.9941405,18.712204,1.7300926446914673,36.034915924072266,36.0,0.7272727272727273,"left_hip_pitch_joint,left_hip_roll_joint,left_knee_joint,left_ankle_pitch_joint,left_ankle_roll_joint,right_hip_pitch_joint,right_hip_roll_joint,right_hip_yaw_joint,right_knee_joint,right_ankle_pitch_joint,waist_yaw_joint,left_shoulder_roll_joint,left_elbow_joint,right_shoulder_roll_joint,right_shoulder_yaw_joint,right_elbow_joint",0.0,0.0,0,pelvis,0.0,1.5572595596313477,2.1045351028442383,21.785755157470703,-28.65536117553711,36.0,-36.0,False,0.010443851
72,1.44,0.10002689063549042,-0.22584286835167156,1.3064425,19.31936,2.008452892303467,36.101356506347656,36.0,0.8181818181818182,"left_hip_pitch_joint,left_hip_roll_joint,left_hip_yaw_joint,left_knee_joint,left_ankle_pitch_joint,right_hip_pitch_joint,right_hip_roll_joint,right_hip_yaw_joint,right_knee_joint,right_ankle_pitch_joint,right_ankle_roll_joint,waist_yaw_joint,left_shoulder_pitch_joint,left_shoulder_roll_joint,left_shoulder_yaw_joint,left_elbow_joint,right_shoulder_roll_joint,right_elbow_joint",0.0,0.0,238.47109985351562,torso_link,238.4711,1.5361484289169312,2.44350528717041,-23.526193618774414,-0.017887527123093605,-36.0,36.0,False,0.010221783
73,1.46,0.09201161563396454,-0.273051297767509,1.189342,13.417232,1.6748443841934204,27.783138275146484,36.0,0.7272727272727273,"left_hip_pitch_joint,left_hip_roll_joint,left_hip_yaw_joint,left_knee_joint,left_ankle_pitch_joint,left_ankle_roll_joint,right_hip_roll_joint,right_hip_yaw_joint,right_knee_joint,waist_yaw_joint,left_shoulder_pitch_joint,left_shoulder_roll_joint,left_elbow_joint,right_shoulder_roll_joint,right_shoulder_yaw_joint,right_elbow_joint",0.0,0.0,0,pelvis,0.0,1.4727849960327148,1.8127578496932983,5.088977813720703,-27.783138275146484,36.0,-36.0,False,0.010481527
74,1.48,0.08666884154081345,-0.16224718626347823,1.4445982,19.47663,1.8277033567428589,36.13847732543945,36.0,0.8181818181818182,"left_hip_pitch_joint,left_hip_roll_joint,left_hip_yaw_joint,left_knee_joint,left_ankle_pitch_joint,right_hip_pitch_joint,right_hip_roll_joint,right_hip_yaw_joint,right_knee_joint,right_ankle_pitch_joint,right_ankle_roll_joint,waist_roll_joint,waist_yaw_joint,left_shoulder_pitch_joint,left_shoulder_yaw_joint,left_elbow_joint,right_shoulder_roll_joint,right_elbow_joint",0.0,0.0,0,pelvis,0.0,1.381056308746338,2.2627556324005127,-17.27105140686035,31.60464096069336,-36.0,36.0,False,0.021885531
75,1.5,0.07601907849311829,-0.26994302243635104,1.430469,23.392197,1.7305285930633545,36.46037292480469,36.0,0.7272727272727273,"left_hip_pitch_joint,left_hip_roll_joint,left_hip_yaw_joint,left_ankle_pitch_joint,left_ankle_roll_joint,right_hip_pitch_joint,right_hip_roll_joint,right_hip_yaw_joint,right_knee_joint,right_ankle_pitch_joint,waist_yaw_joint,left_shoulder_roll_joint,left_elbow_joint,right_shoulder_roll_joint,right_shoulder_yaw_joint,right_elbow_joint",0.0,0.0,368.64713287353516,torso_link,245.76476,1.2494189739227295,2.081197500228882,1.2047467231750488,-27.930133819580078,27.100319,-36.0,False,0.014483654
76,1.52,0.07613206654787064,-0.13133284515002153,1.0694108,14.615711,2.011129379272461,36.12763977050781,36.0,0.8636363636363636,"left_hip_roll_joint,left_hip_yaw_joint,left_knee_joint,left_ankle_pitch_joint,left_ankle_roll_joint,right_hip_pitch_joint,right_hip_roll_joint,right_hip_yaw_joint,right_knee_joint,right_ankle_pitch_joint,right_ankle_roll_joint,waist_roll_joint,waist_yaw_joint,left_shoulder_pitch_joint,left_shoulder_yaw_joint,left_elbow_joint,right_shoulder_pitch_joint,right_shoulder_roll_joint,right_elbow_joint",0.0,0.0,0,pelvis,0.0,1.1711682081222534,2.446181535720825,-16.751506805419922,4.313764572143555,-36.0,35.88919,False,0.014944313
77,1.54,0.0768548995256424,-0.1950562281621444,0.7740313,16.05535,1.5242711305618286,36.21722412109375,36.0,0.7727272727272727,"left_hip_pitch_joint,left_hip_roll_joint,left_hip_yaw_joint,left_knee_joint,left_ankle_pitch_joint,left_ankle_roll_joint,right_hip_roll_joint,right_hip_yaw_joint,right_knee_joint,right_ankle_pitch_joint,waist_roll_joint,left_shoulder_roll_joint,left_elbow_joint,right_shoulder_pitch_joint,right_shoulder_roll_joint,right_shoulder_yaw_joint,right_elbow_joint",0.0,0.0,1132.987777709961,left_knee_link,981.7546,1.1546180248260498,1.9281656742095947,-0.19946002960205078,-36.21722412109375,36.0,-36.0,False,0.007340857
78,1.56,0.08968240767717361,-0.18660621411805955,1.9869325,29.734365,1.8245683908462524,35.855220794677734,36.0,0.7727272727272727,"left_hip_roll_joint,left_hip_yaw_joint,left_knee_joint,left_ankle_pitch_joint,right_hip_pitch_joint,right_hip_roll_joint,right_hip_yaw_joint,right_knee_joint,right_ankle_roll_joint,waist_roll_joint,waist_yaw_joint,left_shoulder_pitch_joint,left_shoulder_yaw_joint,left_elbow_joint,right_shoulder_pitch_joint,right_shoulder_roll_joint,right_elbow_joint",117.605865,0.0,2.9310669898986816,left_ankle_roll_link,117.605865,0.8262636661529541,2.2596206665039062,-32.10408401489258,34.91251754760742,-36.0,36.0,False,0.010638041
79,1.58,0.0926581621170044,-0.35412737060679866,1.297934,23.367334,1.4821261167526245,36.205284118652344,36.0,0.7272727272727273,"left_hip_pitch_joint,left_hip_roll_joint,left_hip_yaw_joint,left_knee_joint,left_ankle_pitch_joint,right_hip_pitch_joint,right_hip_roll_joint,right_hip_yaw_joint,right_knee_joint,right_ankle_pitch_joint,waist_yaw_joint,left_shoulder_roll_joint,left_elbow_joint,right_shoulder_pitch_joint,right_shoulder_roll_joint,right_elbow_joint",321.86023,0.0,321.8602294921875,left_ankle_roll_link,321.86023,0.6213341355323792,1.9171783924102783,8.291583061218262,-36.205284118652344,36.0,-36.0,False,0.015723651
80,1.6,0.09342914074659348,-0.295497525321494,1.5174814,29.825155,1.8170396089553833,36.26789855957031,36.0,0.8181818181818182,"left_hip_pitch_joint,left_hip_roll_joint,left_hip_yaw_joint,left_knee_joint,left_ankle_pitch_joint,right_hip_pitch_joint,right_hip_roll_joint,right_hip_yaw_joint,right_knee_joint,right_ankle_pitch_joint,right_ankle_roll_joint,waist_roll_joint,waist_yaw_joint,left_shoulder_pitch_joint,left_elbow_joint,right_shoulder_pitch_joint,right_shoulder_roll_joint,right_elbow_joint",0.0,0.0,0,pelvis,0.0,0.3530687689781189,2.252091884613037,-30.26982307434082,36.26789855957031,-36.0,36.0,False,0.021945458
81,1.62,0.09975986927747726,-0.38199907161820335,1.513826,20.967247,1.564121961593628,36.36474609375,36.0,0.7727272727272727,"left_hip_roll_joint,left_hip_yaw_joint,left_knee_joint,left_ankle_pitch_joint,left_ankle_roll_joint,right_hip_roll_joint,right_hip_yaw_joint,right_knee_joint,right_ankle_pitch_joint,waist_roll_joint,waist_yaw_joint,left_shoulder_pitch_joint,left_shoulder_roll_joint,left_elbow_joint,right_shoulder_pitch_joint,right_shoulder_roll_joint,right_elbow_joint",0.0,0.0,0,pelvis,0.0,0.7211720943450928,1.9991742372512817,36.36474609375,-36.19547653198242,36.0,-36.0,False,0.013486836
82,1.6400000000000001,0.08743837475776672,-0.2850705366702897,1.1747148,29.216738,1.7382229566574097,36.45286178588867,36.0,0.8181818181818182,"left_hip_roll_joint,left_hip_yaw_joint,left_knee_joint,left_ankle_pitch_joint,right_hip_pitch_joint,right_hip_roll_joint,right_hip_yaw_joint,right_knee_joint,right_ankle_pitch_joint,right_ankle_roll_joint,waist_roll_joint,waist_yaw_joint,left_shoulder_pitch_joint,left_shoulder_yaw_joint,left_elbow_joint,right_shoulder_pitch_joint,right_shoulder_roll_joint,right_elbow_joint",0.0,0.0,0,pelvis,0.0,0.43847396969795227,2.1732752323150635,-36.45286178588867,36.028297424316406,-36.0,36.0,False,0.03536155
83,1.6600000000000001,0.10629551857709885,-0.3362652053904256,1.5526261,19.133266,1.929524540901184,36.500911712646484,36.0,0.7272727272727273,"left_hip_pitch_joint,left_hip_roll_joint,left_hip_yaw_joint,left_knee_joint,left_ankle_pitch_joint,left_ankle_roll_joint,right_hip_yaw_joint,right_knee_joint,right_ankle_pitch_joint,waist_yaw_joint,left_shoulder_pitch_joint,left_shoulder_roll_joint,left_elbow_joint,right_shoulder_pitch_joint,right_shoulder_roll_joint,right_elbow_joint",0.0,0.0,596.5523071289062,torso_link,596.5523,0.9526999592781067,2.364576816558838,36.500911712646484,-2.904249429702759,36.0,-36.0,False,0.0069146156
84,1.68,0.10007660835981369,-0.38677914251818635,1.0946172,22.623161,1.6778110265731812,36.4238166809082,36.0,0.7727272727272727,"left_hip_pitch_joint,left_hip_roll_joint,left_hip_yaw_joint,left_knee_joint,left_ankle_pitch_joint,right_hip_roll_joint,right_hip_yaw_joint,right_knee_joint,right_ankle_pitch_joint,right_ankle_roll_joint,waist_yaw_joint,left_shoulder_pitch_joint,left_shoulder_roll_joint,left_shoulder_yaw_joint,left_elbow_joint,right_shoulder_roll_joint,right_elbow_joint",0.0,0.0,0,pelvis,0.0,0.7392741441726685,2.112863302230835,-36.4238166809082,-15.40638542175293,-36.0,-36.0,False,0.02418919
85,1.7,0.1036282628774643,-0.16828437415804842,0.5631266,5.255376,1.2373355627059937,31.33556365966797,36.0,0.7272727272727273,"left_hip_roll_joint,left_hip_yaw_joint,left_knee_joint,left_ankle_pitch_joint,left_ankle_roll_joint,right_hip_pitch_joint,right_hip_roll_joint,right_hip_yaw_joint,right_knee_joint,right_ankle_pitch_joint,waist_yaw_joint,left_shoulder_pitch_joint,left_shoulder_roll_joint,left_elbow_joint,right_shoulder_roll_joint,right_elbow_joint",0.0,0.0,173.81260681152344,torso_link,173.8126,1.1678165197372437,1.4805067777633667,31.33556365966797,-25.844295501708984,36.0,-36.0,False,0.002366908
86,1.72,0.11928961426019669,-0.37168511150570716,2.4286528,32.324615,1.3189828395843506,36.57743835449219,36.0,0.7272727272727273,"left_hip_roll_joint,left_hip_yaw_joint,left_knee_joint,left_ankle_pitch_joint,right_hip_roll_joint,right_knee_joint,right_ankle_pitch_joint,right_ankle_roll_joint,waist_yaw_joint,left_shoulder_pitch_joint,left_shoulder_roll_joint,left_shoulder_yaw_joint,left_elbow_joint,right_shoulder_pitch_joint,right_shoulder_roll_joint,right_elbow_joint",0.0,0.0,0,pelvis,0.0,0.8959722518920898,1.7540351152420044,-36.57743835449219,29.787179946899414,-36.0,36.0,False,0.024486717
87,1.74,0.10830581933259964,-0.31626471929731004,0.5003863,21.443495,1.4068456888198853,35.955055236816406,36.0,0.8181818181818182,"left_hip_roll_joint,left_hip_yaw_joint,left_knee_joint,left_ankle_pitch_joint,left_ankle_roll_joint,right_hip_pitch_joint,right_hip_roll_joint,right_hip_yaw_joint,right_knee_joint,right_ankle_pitch_joint,waist_roll_joint,waist_yaw_joint,left_shoulder_pitch_joint,left_shoulder_roll_joint,left_elbow_joint,right_shoulder_pitch_joint,right_shoulder_roll_joint,right_elbow_joint",0.0,0.0,0,pelvis,0.0,1.1967703104019165,1.2611150741577148,20.57943344116211,-35.955055236816406,36.0,-36.0,False,0.014625
88,1.76,0.11534401029348373,-0.2984449034151613,1.8241898,23.351019,1.2714399099349976,32.926307678222656,36.0,0.8181818181818182,"left_hip_roll_joint,left_hip_yaw_joint,left_knee_joint,left_ankle_pitch_joint,right_hip_pitch_joint,right_hip_roll_joint,right_hip_yaw_joint,right_knee_joint,right_ankle_pitch_joint,right_ankle_roll_joint,waist_roll_joint,waist_yaw_joint,left_shoulder_pitch_joint,left_shoulder_roll_joint,left_shoulder_yaw_joint,left_elbow_joint,right_shoulder_roll_joint,right_elbow_joint",0.0,0.0,0,pelvis,0.0,0.7769323587417603,1.7064921855926514,-26.70581817626953,29.700807571411133,-36.0,36.0,False,0.03494622
89,1.78,0.10171549022197723,-0.22298559910412052,1.46646,15.88967,1.5140327215194702,36.53406524658203,36.0,0.6818181818181818,"left_hip_pitch_joint,left_hip_roll_joint,left_hip_yaw_joint,left_knee_joint,left_ankle_pitch_joint,left_ankle_roll_joint,right_hip_pitch_joint,right_hip_yaw_joint,right_knee_joint,right_ankle_pitch_joint,waist_yaw_joint,left_shoulder_pitch_joint,left_shoulder_roll_joint,left_elbow_joint,right_shoulder_roll_joint",0.0,0.0,0,pelvis,0.0,1.125701665878296,1.5325556993484497,36.53406524658203,-27.909109115600586,36.0,-36.0,False,0.0039034802
90,1.8,0.0987166091799736,-0.17355472403667394,1.7034055,24.710413,1.2407145500183105,36.173004150390625,36.0,0.7727272727272727,"left_hip_pitch_joint,left_hip_roll_joint,left_hip_yaw_joint,left_knee_joint,left_ankle_pitch_joint,right_hip_pitch_joint,right_hip_yaw_joint,right_knee_joint,right_ankle_pitch_joint,right_ankle_roll_joint,waist_yaw_joint,left_shoulder_pitch_joint,left_shoulder_roll_joint,left_shoulder_yaw_joint,left_elbow_joint,right_shoulder_roll_joint,right_elbow_joint",0.0,0.0,0,pelvis,0.0,1.0394673347473145,1.6757668256759644,-36.173004150390625,22.73149871826172,-36.0,36.0,False,0.009046527
91,1.82,0.0854194313287735,-0.15183411259401147,1.1709942,15.758005,1.5398356914520264,31.631805419921875,36.0,0.7272727272727273,"left_hip_roll_joint,left_hip_yaw_joint,left_knee_joint,left_ankle_pitch_joint,left_ankle_roll_joint,right_hip_pitch_joint,right_hip_yaw_joint,right_knee_joint,right_ankle_pitch_joint,waist_roll_joint,waist_yaw_joint,left_shoulder_pitch_joint,left_shoulder_roll_joint,left_elbow_joint,right_shoulder_roll_joint,right_elbow_joint",191.64055,0.0,191.6405487060547,left_knee_link,191.64055,1.2122899293899536,1.37788724899292,26.623470306396484,-31.631805419921875,36.0,-36.0,False,-0.02514446
92,1.84,0.08159566670656204,-0.10609920914795623,0.7287683,24.509674,0.9873460531234741,36.060707092285156,36.0,0.7727272727272727,"left_hip_roll_joint,left_hip_yaw_joint,left_knee_joint,left_ankle_pitch_joint,right_hip_pitch_joint,right_hip_yaw_joint,right_knee_joint,right_ankle_pitch_joint,right_ankle_roll_joint,waist_roll_joint,waist_yaw_joint,left_shoulder_pitch_joint,left_shoulder_roll_joint,left_shoulder_yaw_joint,left_elbow_joint,right_shoulder_roll_joint,right_elbow_joint",3.0040295,0.0,299.2702331542969,right_knee_link,196.12271,0.9324339032173157,1.3803926706314087,-36.060707092285156,13.91076946258545,-36.0,36.0,False,-0.013946008
93,1.86,0.08857148140668869,-0.16331250537707298,1.5716901,24.482372,1.4885761737823486,36.19011688232422,36.0,0.6818181818181818,"left_hip_roll_joint,left_hip_yaw_joint,left_knee_joint,left_ankle_pitch_joint,left_ankle_roll_joint,right_hip_pitch_joint,right_hip_yaw_joint,right_knee_joint,right_ankle_pitch_joint,waist_yaw_joint,left_shoulder_pitch_joint,left_shoulder_roll_joint,left_elbow_joint,right_shoulder_roll_joint,right_elbow_joint",0.0,0.0,0,pelvis,0.0,1.2822270393371582,1.1838016510009766,36.19011688232422,-21.18964195251465,36.0,-36.0,False,-0.031939726
94,1.8800000000000001,0.10218878090381622,-0.18481957490068357,1.0076169,17.62735,1.186822772026062,36.048553466796875,36.0,0.8181818181818182,"left_hip_roll_joint,left_hip_yaw_joint,left_knee_joint,left_ankle_pitch_joint,right_hip_pitch_joint,right_hip_roll_joint,right_hip_yaw_joint,right_knee_joint,right_ankle_pitch_joint,right_ankle_roll_joint,waist_roll_joint,waist_yaw_joint,left_shoulder_pitch_joint,left_shoulder_roll_joint,left_shoulder_yaw_joint,left_elbow_joint,right_shoulder_roll_joint,right_elbow_joint",0.0,0.0,0,pelvis,0.0,1.2586631774902344,1.2197058200836182,-33.36642837524414,18.661361694335938,-36.0,36.0,False,-0.00022168271
95,1.9000000000000001,0.09111473709344864,-0.1358099566976354,1.5506964,11.26375,1.551513433456421,36.169403076171875,36.0,0.7272727272727273,"left_hip_roll_joint,left_hip_yaw_joint,left_knee_joint,left_ankle_pitch_joint,left_ankle_roll_joint,right_hip_pitch_joint,right_hip_yaw_joint,right_knee_joint,right_ankle_pitch_joint,waist_roll_joint,waist_yaw_joint,left_shoulder_pitch_joint,left_shoulder_roll_joint,left_elbow_joint,right_shoulder_roll_joint,right_elbow_joint",0.0,0.0,0,pelvis,0.0,1.3991912603378296,0.8167743682861328,36.169403076171875,-31.17354965209961,36.0,-36.0,False,-0.011111286
96,1.92,0.09479475021362305,-0.14986394213374687,0.4515919,22.394781,0.9220681190490723,36.12080001831055,36.0,0.8636363636363636,"left_hip_roll_joint,left_hip_yaw_joint,left_knee_joint,left_ankle_pitch_joint,right_hip_pitch_joint,right_hip_roll_joint,right_hip_yaw_joint,right_knee_joint,right_ankle_pitch_joint,right_ankle_roll_joint,waist_roll_joint,waist_yaw_joint,left_shoulder_pitch_joint,left_shoulder_roll_joint,left_shoulder_yaw_joint,left_elbow_joint,right_shoulder_pitch_joint,right_shoulder_roll_joint,right_elbow_joint",0.0,0.0,0,pelvis,0.0,1.3465495109558105,1.2842516899108887,-33.05773162841797,36.045166015625,-36.0,36.0,False,0.0067752907
97,1.94,0.08763960748910904,-0.14817774331118727,0.35040948,29.465334,1.1275012493133545,36.28131103515625,36.0,0.7727272727272727,"left_hip_yaw_joint,left_knee_joint,left_ankle_pitch_joint,left_ankle_roll_joint,right_hip_pitch_joint,right_hip_roll_joint,right_hip_yaw_joint,right_knee_joint,right_ankle_pitch_joint,waist_roll_joint,waist_yaw_joint,left_shoulder_pitch_joint,left_shoulder_roll_joint,left_elbow_joint,right_shoulder_pitch_joint,right_shoulder_roll_joint,right_elbow_joint",0.0,0.0,2384.630184173584,torso_link,1192.3151,1.4539930820465088,1.0424898862838745,19.22597312927246,-36.28131103515625,36.0,-36.0,False,-0.020322187
98,1.96,0.074581578373909,-0.07232137427817564,1.594858,19.89142,0.9707272052764893,28.069721221923828,36.0,0.7727272727272727,"left_hip_pitch_joint,left_hip_roll_joint,left_hip_yaw_joint,left_knee_joint,left_ankle_pitch_joint,right_hip_pitch_joint,right_hip_roll_joint,right_hip_yaw_joint,right_knee_joint,right_ankle_pitch_joint,right_ankle_roll_joint,waist_roll_joint,waist_yaw_joint,left_shoulder_pitch_joint,right_shoulder_pitch_joint,right_shoulder_roll_joint,right_elbow_joint",0.0,0.0,0,pelvis,0.0,1.2860028743743896,1.405779480934143,-19.575546264648438,15.682393074035645,-36.0,36.0,False,0.0074172216
99,1.98,0.06347872316837311,-0.034432217247726715,0.2310581,14.202942,1.1464112997055054,32.1480827331543,36.0,0.5454545454545454,"left_hip_pitch_joint,left_knee_joint,left_ankle_pitch_joint,left_ankle_roll_joint,right_hip_pitch_joint,right_hip_roll_joint,right_hip_yaw_joint,right_knee_joint,right_ankle_pitch_joint,waist_yaw_joint,left_shoulder_pitch_joint,left_elbow_joint",0.0,0.0,1342.274658203125,left_knee_link,1342.2747,1.5708926916122437,1.161800742149353,15.052522659301758,-23.065202713012695,36.0,-36.0,False,-0.02137478
100,2.0,0.05196544528007507,0.0018621478602475205,1.0567151,26.707348,1.0125963687896729,36.405601501464844,36.0,0.6818181818181818,"left_hip_yaw_joint,left_knee_joint,left_ankle_pitch_joint,right_hip_pitch_joint,right_hip_yaw_joint,right_knee_joint,right_ankle_pitch_joint,right_ankle_roll_joint,waist_yaw_joint,left_shoulder_pitch_joint,left_shoulder_yaw_joint,left_elbow_joint,right_shoulder_pitch_joint,right_shoulder_roll_joint,right_elbow_joint",0.0,0.0,114.0570297241211,right_knee_link,57.028515,1.1588735580444336,1.4476486444473267,-36.405601501464844,29.60391616821289,-36.0,36.0,False,-0.016362593
101,2.02,0.05237952992320061,-0.0164245802269114,1.0859866,23.887861,1.187310814857483,36.15632247924805,36.0,0.7727272727272727,"left_hip_pitch_joint,left_hip_yaw_joint,left_knee_joint,left_ankle_pitch_joint,left_ankle_roll_joint,right_hip_pitch_joint,right_hip_roll_joint,right_hip_yaw_joint,right_knee_joint,right_ankle_pitch_joint,waist_roll_joint,waist_yaw_joint,left_shoulder_roll_joint,left_elbow_joint,right_shoulder_pitch_joint,right_shoulder_roll_joint,right_elbow_joint",0.0,0.0,180.48676681518555,torso_link,174.56528,1.4417353868484497,1.2951817512512207,36.15285873413086,-35.489891052246094,36.0,-36.0,False,-0.031964615
102,2.04,0.041828714311122894,0.12518397656169888,1.2210722,26.49654,1.2556158304214478,35.99153518676758,36.0,0.8636363636363636,"left_hip_pitch_joint,left_hip_roll_joint,left_hip_yaw_joint,left_knee_joint,left_ankle_pitch_joint,right_hip_pitch_joint,right_hip_roll_joint,right_hip_yaw_joint,right_knee_joint,right_ankle_pitch_joint,right_ankle_roll_joint,waist_roll_joint,waist_yaw_joint,left_shoulder_roll_joint,left_shoulder_yaw_joint,left_elbow_joint,right_shoulder_pitch_joint,right_shoulder_roll_joint,right_elbow_joint",0.0,0.0,685.9356689453125,left_hip_yaw_link,342.96783,1.680097222328186,1.6793471574783325,-12.91480541229248,35.448028564453125,-36.0,36.0,False,-0.028573565
103,2.06,0.046055495738983154,0.0303576178262861,0.32895815,24.745241,1.191659927368164,36.009010314941406,36.0,0.7272727272727273,"left_hip_pitch_joint,left_hip_roll_joint,left_ankle_pitch_joint,left_ankle_roll_joint,right_hip_pitch_joint,right_hip_roll_joint,right_hip_yaw_joint,right_knee_joint,right_ankle_pitch_joint,waist_roll_joint,waist_yaw_joint,left_shoulder_pitch_joint,left_shoulder_roll_joint,left_elbow_joint,right_shoulder_roll_joint,right_elbow_joint",0.0,0.0,0,pelvis,0.0,1.1260420083999634,1.6267122030258179,-28.726396560668945,-27.454877853393555,-22.960434,-36.0,False,-0.031066895
104,2.08,0.06427894532680511,0.10236906835657822,1.4702712,24.339994,1.6010926961898804,35.86502456665039,36.0,0.9090909090909091,"left_hip_pitch_joint,left_hip_roll_joint,left_hip_yaw_joint,left_knee_joint,left_ankle_pitch_joint,right_hip_pitch_joint,right_hip_roll_joint,right_hip_yaw_joint,right_knee_joint,right_ankle_pitch_joint,right_ankle_roll_joint,waist_roll_joint,waist_yaw_joint,left_shoulder_pitch_joint,left_shoulder_roll_joint,left_shoulder_yaw_joint,left_elbow_joint,right_shoulder_pitch_joint,right_shoulder_roll_joint,right_elbow_joint",0.0,0.0,0,pelvis,0.0,1.6560133695602417,2.036144971847534,34.15705108642578,22.89898681640625,36.0,36.0,False,-0.06098388
105,2.1,0.059458937495946884,-0.05844239959083808,1.167132,25.34021,1.3616080284118652,36.02592086791992,36.0,0.7727272727272727,"left_hip_pitch_joint,left_hip_roll_joint,left_hip_yaw_joint,left_knee_joint,left_ankle_pitch_joint,left_ankle_roll_joint,right_hip_pitch_joint,right_hip_roll_joint,right_hip_yaw_joint,right_knee_joint,right_ankle_pitch_joint,waist_roll_joint,waist_yaw_joint,left_shoulder_pitch_joint,left_shoulder_roll_joint,left_elbow_joint,right_elbow_joint",0.0,0.0,0,pelvis,0.0,1.2384697198867798,1.796660304069519,-34.92347717285156,-33.06411361694336,-36.0,-36.0,False,-0.03168858
106,2.12,0.06528600305318832,0.09901628548860542,2.318302,31.813921,1.7361527681350708,36.09522247314453,36.0,0.8636363636363636,"left_hip_pitch_joint,left_hip_roll_joint,left_hip_yaw_joint,left_knee_joint,left_ankle_pitch_joint,right_hip_pitch_joint,right_hip_roll_joint,right_hip_yaw_joint,right_knee_joint,right_ankle_pitch_joint,right_ankle_roll_joint,waist_roll_joint,left_shoulder_pitch_joint,left_shoulder_roll_joint,left_shoulder_yaw_joint,left_elbow_joint,right_shoulder_pitch_joint,right_shoulder_roll_joint,right_elbow_joint",212.92651,0.0,224.22646522521973,pelvis,212.92651,1.6819279193878174,2.1712050437927246,25.149686813354492,24.21091651916504,36.0,36.0,False,-0.045347407
107,2.14,0.06705842167139053,-0.1046939695049165,1.1869085,24.725708,1.3330724239349365,36.020050048828125,36.0,0.7272727272727273,"left_hip_pitch_joint,left_hip_roll_joint,left_hip_yaw_joint,left_knee_joint,right_hip_pitch_joint,right_hip_roll_joint,right_hip_yaw_joint,right_knee_joint,right_ankle_pitch_joint,waist_roll_joint,left_shoulder_pitch_joint,left_shoulder_roll_joint,left_elbow_joint,right_shoulder_pitch_joint,right_shoulder_roll_joint,right_elbow_joint",0.0,0.0,0,pelvis,0.0,1.1045621633529663,1.7681246995925903,-35.40169143676758,-32.24774169921875,-36.0,-36.0,False,-0.017979205
108,2.16,0.06871683150529861,0.13030723388395415,1.6292452,31.316273,1.61418879032135,36.4996223449707,36.0,0.9090909090909091,"left_hip_pitch_joint,left_hip_roll_joint,left_hip_yaw_joint,left_knee_joint,left_ankle_pitch_joint,left_ankle_roll_joint,right_hip_pitch_joint,right_hip_roll_joint,right_hip_yaw_joint,right_knee_joint,right_ankle_pitch_joint,right_ankle_roll_joint,waist_roll_joint,left_shoulder_pitch_joint,left_shoulder_roll_joint,left_shoulder_yaw_joint,left_elbow_joint,right_shoulder_pitch_joint,right_shoulder_roll_joint,right_elbow_joint",375.7359,676.72516,895.6933288574219,left_knee_link,676.72516,1.4906765222549438,2.049241065979004,11.359841346740723,7.683218002319336,36.0,36.0,False,-0.022239871
109,2.18,0.0673256516456604,-0.00378465259825278,0.81197864,13.44085,1.0998975038528442,36.209266662597656,36.0,0.6363636363636364,"left_hip_roll_joint,left_hip_yaw_joint,left_knee_joint,right_hip_pitch_joint,right_hip_roll_joint,right_hip_yaw_joint,right_knee_joint,right_ankle_pitch_joint,waist_roll_joint,left_shoulder_roll_joint,left_elbow_joint,right_shoulder_pitch_joint,right_shoulder_roll_joint,right_elbow_joint",0.0,0.0,0,pelvis,0.0,0.9169564247131348,1.534949779510498,-35.96859359741211,-36.209266662597656,-36.0,-36.0,False,0.003332207
110,2.2,0.07460656017065048,0.19685398245297137,2.1854749,38.526287,1.380461573600769,36.12660598754883,36.0,0.9090909090909091,"left_hip_pitch_joint,left_hip_roll_joint,left_hip_yaw_joint,left_knee_joint,left_ankle_pitch_joint,right_hip_pitch_joint,right_hip_roll_joint,right_hip_yaw_joint,right_knee_joint,right_ankle_pitch_joint,right_ankle_roll_joint,waist_roll_joint,waist_yaw_joint,left_shoulder_pitch_joint,left_shoulder_roll_joint,left_shoulder_yaw_joint,left_elbow_joint,right_shoulder_pitch_joint,right_shoulder_roll_joint,right_elbow_joint",0.0,0.0,0,pelvis,0.0,1.4495289325714111,1.8155138492584229,34.82875061035156,19.855621337890625,36.0,36.0,False,0.013162499
111,2.22,0.06516910344362259,0.12941159112791167,0.96215844,10.156692,1.1417888402938843,38.4858512878418,36.0,0.8181818181818182,"left_hip_pitch_joint,left_hip_roll_joint,left_hip_yaw_joint,left_knee_joint,left_ankle_pitch_joint,left_ankle_roll_joint,right_hip_pitch_joint,right_hip_roll_joint,right_hip_yaw_joint,right_knee_joint,right_ankle_pitch_joint,waist_roll_joint,waist_yaw_joint,left_shoulder_roll_joint,left_elbow_joint,right_shoulder_pitch_joint,right_shoulder_roll_joint,right_elbow_joint",0.0,0.0,2478.51025390625,left_hip_yaw_link,2478.5103,1.1045557260513306,1.4133656024932861,-27.66695785522461,-36.91276550292969,-36.0,-36.0,False,0.011624599
112,2.24,0.08985945582389832,0.17539329047883712,2.1642673,21.046423,1.258120059967041,31.836849212646484,36.0,0.8181818181818182,"left_hip_pitch_joint,left_hip_roll_joint,left_knee_joint,left_ankle_pitch_joint,right_hip_pitch_joint,right_hip_roll_joint,right_hip_yaw_joint,right_knee_joint,right_ankle_pitch_joint,right_ankle_roll_joint,waist_roll_joint,left_shoulder_pitch_joint,left_shoulder_roll_joint,left_shoulder_yaw_joint,left_elbow_joint,right_shoulder_pitch_joint,right_shoulder_roll_joint,right_elbow_joint",0.0,0.0,1321.263916015625,left_hip_yaw_link,1321.2639,1.5364296436309814,1.6931723356246948,31.836849212646484,15.176692962646484,36.0,36.0,False,0.027879104
113,2.2600000000000002,0.09271793067455292,0.07871438479656767,1.7526662,15.870071,1.3067400455474854,36.368141174316406,36.0,0.7272727272727273,"left_hip_pitch_joint,left_hip_roll_joint,left_hip_yaw_joint,left_knee_joint,left_ankle_pitch_joint,left_ankle_roll_joint,right_hip_pitch_joint,right_hip_roll_joint,right_knee_joint,right_ankle_pitch_joint,waist_roll_joint,left_shoulder_roll_joint,left_elbow_joint,right_shoulder_pitch_joint,right_shoulder_roll_joint,right_elbow_joint",0.0,0.0,0,pelvis,0.0,1.4675053358078003,1.1517740488052368,-30.643672943115234,-36.368141174316406,-36.0,-36.0,False,0.04292863
114,2.2800000000000002,0.10116131603717804,0.13456175637361412,1.5940639,28.420933,1.10220468044281,36.099647521972656,36.0,0.9090909090909091,"left_hip_pitch_joint,left_hip_roll_joint,left_hip_yaw_joint,left_knee_joint,left_ankle_pitch_joint,left_ankle_roll_joint,right_hip_pitch_joint,right_hip_roll_joint,right_hip_yaw_joint,right_knee_joint,right_ankle_pitch_joint,right_ankle_roll_joint,waist_roll_joint,left_shoulder_pitch_joint,left_shoulder_roll_joint,left_shoulder_yaw_joint,left_elbow_joint,right_shoulder_pitch_joint,right_shoulder_roll_joint,right_elbow_joint",0.0,0.0,0,pelvis,0.0,1.4738925695419312,1.5372569561004639,22.49228858947754,34.87125778198242,36.0,36.0,False,0.04421988
115,2.3000000000000003,0.09469981491565704,0.08445829364632651,1.4631356,23.200195,1.3669945001602173,36.27620315551758,36.0,0.8181818181818182,"left_hip_pitch_joint,left_hip_roll_joint,left_hip_yaw_joint,left_knee_joint,left_ankle_pitch_joint,left_ankle_roll_joint,right_hip_pitch_joint,right_hip_roll_joint,right_hip_yaw_joint,right_knee_joint,right_ankle_pitch_joint,waist_roll_joint,waist_yaw_joint,left_shoulder_roll_joint,left_elbow_joint,right_shoulder_pitch_joint,right_shoulder_roll_joint,right_elbow_joint",0.0,0.0,0,pelvis,0.0,1.4542136192321777,1.2249161005020142,-22.80013084411621,-36.27620315551758,-36.0,-36.0,False,0.054963507
116,2.32,0.10321648418903351,0.07172977549941173,1.2303865,10.557254,1.182500958442688,32.16636657714844,36.0,0.9545454545454546,"left_hip_pitch_joint,left_hip_roll_joint,left_hip_yaw_joint,left_knee_joint,left_ankle_pitch_joint,right_hip_pitch_joint,right_hip_roll_joint,right_hip_yaw_joint,right_knee_joint,right_ankle_pitch_joint,right_ankle_roll_joint,waist_roll_joint,waist_yaw_joint,left_shoulder_pitch_joint,left_shoulder_roll_joint,left_shoulder_yaw_joint,left_elbow_joint,right_shoulder_pitch_joint,right_shoulder_roll_joint,right_shoulder_yaw_joint,right_elbow_joint",0.0,0.0,0,pelvis,0.0,1.5311193466186523,1.6175532341003418,32.16636657714844,24.915740966796875,36.0,36.0,False,0.050504252
117,2.34,0.07927562296390533,0.056742177956547124,1.922885,22.911676,1.4265950918197632,36.08048629760742,36.0,0.6363636363636364,"left_hip_pitch_joint,left_hip_roll_joint,left_knee_joint,left_ankle_pitch_joint,left_ankle_roll_joint,right_hip_pitch_joint,right_hip_roll_joint,right_knee_joint,right_ankle_pitch_joint,waist_yaw_joint,left_shoulder_roll_joint,left_elbow_joint,right_shoulder_pitch_joint,right_elbow_joint",0.0,0.0,0,pelvis,0.0,1.537519097328186,1.2949247360229492,-25.136341094970703,-35.75687026977539,-36.0,-36.0,False,0.041871794
118,2.36,0.07839156687259674,0.005365628811608403,1.1098186,27.086458,1.305977702140808,36.1667366027832,36.0,0.9545454545454546,"left_hip_pitch_joint,left_hip_roll_joint,left_hip_yaw_joint,left_knee_joint,left_ankle_pitch_joint,right_hip_pitch_joint,right_hip_roll_joint,right_hip_yaw_joint,right_knee_joint,right_ankle_pitch_joint,right_ankle_roll_joint,waist_roll_joint,waist_yaw_joint,left_shoulder_pitch_joint,left_shoulder_roll_joint,left_shoulder_yaw_joint,left_elbow_joint,right_shoulder_pitch_joint,right_shoulder_roll_joint,right_shoulder_yaw_joint,right_elbow_joint",0.0,0.0,379.7332763671875,left_hip_yaw_link,189.86664,1.615688443183899,1.741029977798462,21.510501861572266,33.98863220214844,36.0,36.0,False,0.027979372
119,2.38,0.05270124971866608,0.011974887325655104,2.1143546,17.47645,1.4646694660186768,36.55267333984375,36.0,0.8636363636363636,"left_hip_pitch_joint,left_hip_roll_joint,left_hip_yaw_joint,left_knee_joint,left_ankle_pitch_joint,left_ankle_roll_joint,right_hip_pitch_joint,right_hip_roll_joint,right_hip_yaw_joint,right_knee_joint,right_ankle_pitch_joint,waist_roll_joint,waist_yaw_joint,left_shoulder_pitch_joint,left_shoulder_roll_joint,left_elbow_joint,right_shoulder_pitch_joint,right_shoulder_roll_joint,right_elbow_joint",0.0,0.0,0,pelvis,0.0,1.4947452545166016,1.4189503192901611,-31.607297897338867,-29.708866119384766,-36.0,-36.0,False,0.038635913
120,2.4,0.0511976033449173,-0.04182437786221449,0.9064261,27.841383,1.4479354619979858,36.128055572509766,36.0,0.9090909090909091,"left_hip_pitch_joint,left_hip_roll_joint,left_hip_yaw_joint,left_knee_joint,left_ankle_pitch_joint,right_hip_pitch_joint,right_hip_roll_joint,right_hip_yaw_joint,right_knee_joint,right_ankle_pitch_joint,right_ankle_roll_joint,waist_roll_joint,waist_yaw_joint,left_shoulder_pitch_joint,left_shoulder_roll_joint,left_shoulder_yaw_joint,left_elbow_joint,right_shoulder_roll_joint,right_shoulder_yaw_joint,right_elbow_joint",0.0,0.0,0,pelvis,0.0,1.5564277172088623,1.8829877376556396,22.284231185913086,30.541677474975586,36.0,36.0,False,0.0032889452
121,2.42,0.02774318866431713,0.0354466963463409,0.48456025,10.440095,1.4778335094451904,26.499605178833008,36.0,0.7727272727272727,"left_hip_pitch_joint,left_hip_roll_joint,left_knee_joint,left_ankle_pitch_joint,left_ankle_roll_joint,right_hip_pitch_joint,right_hip_roll_joint,right_hip_yaw_joint,right_knee_joint,right_ankle_pitch_joint,waist_roll_joint,waist_yaw_joint,left_shoulder_roll_joint,left_elbow_joint,right_shoulder_pitch_joint,right_shoulder_roll_joint,right_elbow_joint",0.0,0.0,1480.7889404296875,pelvis,1480.789,1.4278446435928345,1.6242589950561523,-22.96443748474121,-23.526941299438477,-36.0,-36.0,False,0.004120387
122,2.44,0.0559060275554657,0.008293649483865906,1.597766,15.789954,1.5556344985961914,36.013214111328125,36.0,0.8636363636363636,"left_hip_pitch_joint,left_hip_roll_joint,left_hip_yaw_joint,left_knee_joint,left_ankle_pitch_joint,right_hip_pitch_joint,right_hip_roll_joint,right_hip_yaw_joint,right_knee_joint,right_ankle_pitch_joint,right_ankle_roll_joint,waist_roll_joint,waist_yaw_joint,left_shoulder_pitch_joint,left_shoulder_roll_joint,left_shoulder_yaw_joint,left_elbow_joint,right_shoulder_roll_joint,right_elbow_joint",0.0,0.0,0,pelvis,0.0,1.6095492839813232,1.9906867742538452,31.741308212280273,19.1123046875,36.0,36.0,False,0.010718428
123,2.46,0.05151018872857094,0.00979667733314038,0.7917819,22.882187,1.4784632921218872,36.09074401855469,36.0,0.6818181818181818,"left_hip_pitch_joint,left_hip_roll_joint,left_hip_yaw_joint,left_knee_joint,left_ankle_pitch_joint,left_ankle_roll_joint,right_hip_pitch_joint,right_hip_roll_joint,right_hip_yaw_joint,right_knee_joint,right_ankle_pitch_joint,waist_yaw_joint,left_shoulder_roll_joint,left_elbow_joint,right_elbow_joint",0.0,22.007385,0,right_ankle_roll_link,22.007385,1.6594736576080322,1.712363839149475,-20.88007354736328,-29.116573333740234,-36.0,-36.0,False,0.032890417
124,2.48,0.06634978204965591,-0.019257152509505104,1.0746379,24.994823,1.6741191148757935,36.1173095703125,36.0,0.8636363636363636,"left_hip_pitch_joint,left_hip_roll_joint,left_hip_yaw_joint,left_ankle_pitch_joint,right_hip_pitch_joint,right_hip_roll_joint,right_hip_yaw_joint,right_knee_joint,right_ankle_pitch_joint,right_ankle_roll_joint,waist_roll_joint,waist_yaw_joint,left_shoulder_pitch_joint,left_shoulder_roll_joint,left_shoulder_yaw_joint,left_elbow_joint,right_shoulder_roll_joint,right_shoulder_yaw_joint,right_elbow_joint",0.0,0.0,0,pelvis,0.0,1.6467218399047852,2.1091713905334473,12.883404731750488,31.042268753051758,26.481064,36.0,False,0.031261124
125,2.5,0.053565237671136856,-0.008491812568637513,1.29678,19.111357,1.5150537490844727,36.06035614013672,36.0,0.7727272727272727,"left_hip_pitch_joint,left_hip_roll_joint,left_knee_joint,left_ankle_pitch_joint,left_ankle_roll_joint,right_hip_pitch_joint,right_hip_roll_joint,right_hip_yaw_joint,right_knee_joint,right_ankle_pitch_joint,waist_roll_joint,waist_yaw_joint,left_shoulder_pitch_joint,left_shoulder_roll_joint,left_elbow_joint,right_shoulder_roll_joint,right_elbow_joint",0.0,0.0,0,pelvis,0.0,1.3845882415771484,1.9369078874588013,-32.646907806396484,-28.080093383789062,-36.0,-36.0,False,0.035806708
126,2.52,0.0643475204706192,-0.04214030264277113,1.3700386,25.381647,1.8812326192855835,36.254478454589844,36.0,0.9090909090909091,"left_hip_pitch_joint,left_hip_roll_joint,left_hip_yaw_joint,left_knee_joint,left_ankle_pitch_joint,right_hip_pitch_joint,right_hip_roll_joint,right_hip_yaw_joint,right_knee_joint,right_ankle_pitch_joint,right_ankle_roll_joint,waist_roll_joint,waist_yaw_joint,left_shoulder_pitch_joint,left_shoulder_roll_joint,left_shoulder_yaw_joint,left_elbow_joint,right_shoulder_roll_joint,right_shoulder_yaw_joint,right_elbow_joint",0.0,0.0,399.15283203125,left_hip_yaw_link,399.15283,1.3672502040863037,2.3162848949432373,16.348346710205078,31.6762752532959,36.0,36.0,False,0.02753929
127,2.54,0.04850246012210846,-0.07383418091251492,1.6085249,15.79239,1.7431238889694214,36.60123825073242,36.0,0.7727272727272727,"left_hip_roll_joint,left_knee_joint,left_ankle_pitch_joint,left_ankle_roll_joint,right_hip_pitch_joint,right_hip_roll_joint,right_hip_yaw_joint,right_knee_joint,right_ankle_pitch_joint,waist_roll_joint,waist_yaw_joint,left_shoulder_pitch_joint,left_shoulder_roll_joint,left_elbow_joint,right_shoulder_pitch_joint,right_shoulder_roll_joint,right_elbow_joint",0.0,0.0,0,pelvis,0.0,0.9671786427497864,2.178176164627075,-34.30585861206055,-24.860069274902344,-36.0,-36.0,False,0.022136675
128,2.56,0.07316647469997406,-0.16869856820896878,2.057083,23.091846,1.9036537408828735,36.05035400390625,36.0,0.8636363636363636,"left_hip_pitch_joint,left_hip_roll_joint,left_hip_yaw_joint,left_knee_joint,left_ankle_pitch_joint,right_hip_pitch_joint,right_hip_roll_joint,right_hip_yaw_joint,right_ankle_pitch_joint,waist_roll_joint,waist_yaw_joint,left_shoulder_pitch_joint,left_shoulder_roll_joint,left_shoulder_yaw_joint,left_elbow_joint,right_shoulder_pitch_joint,right_shoulder_roll_joint,right_shoulder_yaw_joint,right_elbow_joint",0.0,0.0,124.3754653930664,torso_link,124.375465,1.4117605686187744,2.3387060165405273,35.07011032104492,17.51139259338379,36.0,9.71051,False,0.018867187
129,2.58,0.06475203484296799,-0.17654110021997127,1.5634235,16.777561,1.5901163816452026,36.117515563964844,36.0,0.8181818181818182,"left_hip_pitch_joint,left_hip_roll_joint,left_hip_yaw_joint,left_knee_joint,left_ankle_pitch_joint,left_ankle_roll_joint,right_hip_pitch_joint,right_hip_roll_joint,right_hip_yaw_joint,right_knee_joint,right_ankle_pitch_joint,waist_roll_joint,left_shoulder_pitch_joint,left_shoulder_roll_joint,left_elbow_joint,right_shoulder_pitch_joint,right_shoulder_roll_joint,right_elbow_joint",0.0,0.0,0,pelvis,0.0,1.2261394262313843,1.9076284170150757,-34.3136100769043,-36.117515563964844,-36.0,-36.0,False,0.021550767
130,2.6,0.09138993173837662,-0.24070027211228684,2.5576997,22.35266,1.6566227674484253,36.15873336791992,36.0,0.8636363636363636,"left_hip_pitch_joint,left_hip_roll_joint,left_hip_yaw_joint,left_knee_joint,left_ankle_pitch_joint,right_hip_pitch_joint,right_hip_roll_joint,right_hip_yaw_joint,right_knee_joint,right_ankle_pitch_joint,waist_roll_joint,left_shoulder_pitch_joint,left_shoulder_roll_joint,left_shoulder_yaw_joint,left_elbow_joint,right_shoulder_pitch_joint,right_shoulder_roll_joint,right_shoulder_yaw_joint,right_elbow_joint",0.0,0.0,0,pelvis,0.0,1.6700671911239624,2.091675043106079,32.71998596191406,31.93559455871582,36.0,36.0,False,0.009464093
131,2.62,0.07961421459913254,-0.20253973176525308,1.8650411,14.7953415,1.4439953565597534,36.12982177734375,36.0,0.8181818181818182,"left_hip_pitch_joint,left_hip_roll_joint,left_hip_yaw_joint,left_knee_joint,left_ankle_pitch_joint,left_ankle_roll_joint,right_hip_pitch_joint,right_hip_roll_joint,right_hip_yaw_joint,right_knee_joint,right_ankle_pitch_joint,waist_roll_joint,waist_yaw_joint,left_shoulder_roll_joint,left_elbow_joint,right_shoulder_pitch_joint,right_shoulder_roll_joint,right_elbow_joint",0.0,0.0,0,pelvis,0.0,1.4218313694000244,1.7829999923706055,-33.99103927612305,-36.12982177734375,-36.0,-36.0,False,0.013397485
132,2.64,0.0849757194519043,-0.21921942150732043,1.8449175,23.147917,1.6822346448898315,36.31695556640625,36.0,0.8181818181818182,"left_hip_pitch_joint,left_hip_roll_joint,left_knee_joint,left_ankle_pitch_joint,right_hip_pitch_joint,right_hip_roll_joint,right_hip_yaw_joint,right_knee_joint,right_ankle_pitch_joint,right_ankle_roll_joint,waist_roll_joint,left_shoulder_pitch_joint,left_shoulder_roll_joint,left_shoulder_yaw_joint,left_elbow_joint,right_shoulder_pitch_joint,right_shoulder_roll_joint,right_elbow_joint",0.0,0.0,249.11395263671875,left_hip_yaw_link,85.56452,1.5474262237548828,2.1172869205474854,28.194820404052734,36.22869873046875,36.0,36.0,False,0.029824361
133,2.66,0.07482999563217163,-0.18722564263016084,1.5172387,17.473501,1.5693038702011108,35.942176818847656,36.0,0.8181818181818182,"left_hip_pitch_joint,left_hip_roll_joint,left_knee_joint,left_ankle_pitch_joint,left_ankle_roll_joint,right_hip_pitch_joint,right_hip_roll_joint,right_hip_yaw_joint,right_knee_joint,right_ankle_pitch_joint,waist_roll_joint,waist_yaw_joint,left_shoulder_pitch_joint,left_shoulder_roll_joint,left_elbow_joint,right_shoulder_pitch_joint,right_shoulder_roll_joint,right_elbow_joint",0.0,0.0,1172.8638916015625,torso_link,1172.8639,1.5105535984039307,1.8385916948318481,-27.08013343811035,-34.429931640625,-36.0,-36.0,False,0.012556348
134,2.68,0.07970315217971802,-0.19879996625247287,1.6080761,24.199068,1.7729512453079224,36.169593811035156,36.0,0.8636363636363636,"left_hip_pitch_joint,left_hip_roll_joint,left_hip_yaw_joint,left_knee_joint,left_ankle_pitch_joint,right_hip_pitch_joint,right_hip_roll_joint,right_hip_yaw_joint,right_knee_joint,right_ankle_pitch_joint,right_ankle_roll_joint,waist_roll_joint,waist_yaw_joint,left_shoulder_pitch_joint,left_shoulder_roll_joint,left_elbow_joint,right_shoulder_pitch_joint,right_shoulder_roll_joint,right_elbow_joint",0.0,0.0,0,pelvis,0.0,1.5305901765823364,2.208003520965576,21.103008270263672,36.169593811035156,36.0,36.0,False,0.025725467
135,2.7,0.06488163769245148,-0.13243351772773737,1.6424309,14.44139,1.5895251035690308,36.03301239013672,36.0,0.8636363636363636,"left_hip_pitch_joint,left_hip_roll_joint,left_hip_yaw_joint,left_knee_joint,left_ankle_pitch_joint,left_ankle_roll_joint,right_hip_pitch_joint,right_hip_roll_joint,right_hip_yaw_joint,right_knee_joint,right_ankle_pitch_joint,waist_roll_joint,waist_yaw_joint,left_shoulder_pitch_joint,left_shoulder_roll_joint,left_elbow_joint,right_shoulder_pitch_joint,right_shoulder_roll_joint,right_elbow_joint",0.0,0.0,383.6051330566406,torso_link,383.60513,1.502350091934204,1.9202582836151123,-23.48031997680664,-34.55387496948242,-36.0,-36.0,False,0.012051668
136,2.72,0.0664406567811966,-0.125368292213615,1.6465958,24.023527,1.7637180089950562,36.331424713134766,36.0,0.7727272727272727,"left_hip_pitch_joint,left_hip_roll_joint,left_knee_joint,left_ankle_pitch_joint,right_hip_pitch_joint,right_hip_roll_joint,right_hip_yaw_joint,right_knee_joint,right_ankle_pitch_joint,waist_roll_joint,waist_yaw_joint,left_shoulder_pitch_joint,left_shoulder_roll_joint,left_shoulder_yaw_joint,left_elbow_joint,right_shoulder_roll_joint,right_elbow_joint",0.0,0.0,0,pelvis,0.0,1.5655921697616577,2.19877028465271,21.142271041870117,36.331424713134766,36.0,36.0,False,0.024492405
137,2.74,0.05033308267593384,-0.05378882911502503,2.0501332,21.471476,1.4851385354995728,36.248233795166016,36.0,0.8636363636363636,"left_hip_pitch_joint,left_hip_roll_joint,left_hip_yaw_joint,left_knee_joint,left_ankle_pitch_joint,left_ankle_roll_joint,right_hip_pitch_joint,right_hip_roll_joint,right_hip_yaw_joint,right_knee_joint,right_ankle_pitch_joint,waist_roll_joint,waist_yaw_joint,left_shoulder_pitch_joint,left_shoulder_roll_joint,left_elbow_joint,right_shoulder_pitch_joint,right_shoulder_roll_joint,right_elbow_joint",0.0,0.0,0,pelvis,0.0,1.5916520357131958,1.8509033918380737,-19.32213020324707,-36.248233795166016,-36.0,-36.0,False,0.02021626
138,2.7600000000000002,0.05209578573703766,-0.10792356220904198,1.5972193,26.873487,1.610205054283142,36.41468048095703,36.0,0.8181818181818182,"left_hip_pitch_joint,left_hip_roll_joint,left_hip_yaw_joint,left_ankle_pitch_joint,right_hip_pitch_joint,right_hip_roll_joint,right_hip_yaw_joint,right_knee_joint,right_ankle_pitch_joint,right_ankle_roll_joint,waist_yaw_joint,left_shoulder_pitch_joint,left_shoulder_roll_joint,left_shoulder_yaw_joint,left_elbow_joint,right_shoulder_pitch_joint,right_shoulder_roll_joint,right_elbow_joint",0.0,0.0,323.9103088378906,left_hip_yaw_link,323.9103,1.6513818502426147,2.045257329940796,9.766824722290039,36.41468048095703,22.559135,36.0,False,0.023111181
139,2.7800000000000002,0.04151688143610954,-0.04161105876226112,1.558999,23.986624,1.589951515197754,35.03251266479492,36.0,0.8181818181818182,"left_hip_pitch_joint,left_hip_roll_joint,left_hip_yaw_joint,left_knee_joint,left_ankle_pitch_joint,left_ankle_roll_joint,right_hip_pitch_joint,right_hip_roll_joint,right_hip_yaw_joint,right_knee_joint,right_ankle_pitch_joint,waist_roll_joint,waist_yaw_joint,left_shoulder_pitch_joint,left_shoulder_roll_joint,left_elbow_joint,right_shoulder_pitch_joint,right_elbow_joint",0.0,0.0,0,pelvis,0.0,1.2499982118606567,1.8093369007110596,-34.98779296875,-35.03251266479492,-36.0,-36.0,False,0.027251255
140,2.8000000000000003,0.04186297580599785,-0.057526383896526756,1.3323042,28.271053,1.4424039125442505,36.27389144897461,36.0,0.7727272727272727,"left_hip_pitch_joint,left_hip_roll_joint,left_hip_yaw_joint,left_knee_joint,left_ankle_pitch_joint,right_hip_pitch_joint,right_hip_roll_joint,right_hip_yaw_joint,right_knee_joint,right_ankle_pitch_joint,waist_roll_joint,waist_yaw_joint,left_shoulder_pitch_joint,left_shoulder_roll_joint,left_shoulder_yaw_joint,left_elbow_joint,right_elbow_joint",0.0,0.0,0,pelvis,0.0,1.3811511993408203,1.8774561882019043,32.20284652709961,36.27389144897461,36.0,36.0,False,0.007932782
141,2.82,0.029495596885681152,-0.01797658564165272,0.99143654,26.733242,1.489824891090393,36.76080322265625,36.0,0.8181818181818182,"left_hip_pitch_joint,left_hip_roll_joint,left_hip_yaw_joint,left_knee_joint,left_ankle_pitch_joint,left_ankle_roll_joint,right_hip_pitch_joint,right_hip_yaw_joint,right_knee_joint,right_ankle_pitch_joint,right_ankle_roll_joint,waist_roll_joint,waist_yaw_joint,left_shoulder_pitch_joint,left_shoulder_roll_joint,left_elbow_joint,right_shoulder_pitch_joint,right_elbow_joint",0.0,0.0,1977.6597900390625,pelvis,1060.76,1.1178337335586548,1.9248771667480469,-26.331649780273438,-16.985200881958008,-36.0,-36.0,False,0.014669061
142,2.84,0.043720610439777374,-0.037508917132676345,0.9934194,26.906061,1.4038766622543335,36.0129280090332,36.0,0.8181818181818182,"left_hip_pitch_joint,left_hip_roll_joint,left_hip_yaw_joint,left_knee_joint,left_ankle_pitch_joint,right_hip_pitch_joint,right_hip_roll_joint,right_hip_yaw_joint,right_ankle_pitch_joint,right_ankle_roll_joint,waist_roll_joint,waist_yaw_joint,left_shoulder_pitch_joint,left_shoulder_roll_joint,left_shoulder_yaw_joint,left_elbow_joint,right_shoulder_roll_joint,right_elbow_joint",0.0,0.0,0,pelvis,0.0,1.557141661643982,1.8052031993865967,33.79141616821289,4.620882987976074,36.0,-17.27478,False,-0.0052756146
143,2.86,0.05335552617907524,-0.09163318751282867,0.581597,23.246716,1.3025628328323364,36.10346221923828,36.0,0.8181818181818182,"left_hip_roll_joint,left_hip_yaw_joint,left_knee_joint,left_ankle_pitch_joint,left_ankle_roll_joint,right_hip_pitch_joint,right_hip_yaw_joint,right_knee_joint,right_ankle_pitch_joint,right_ankle_roll_joint,waist_roll_joint,waist_yaw_joint,left_shoulder_pitch_joint,left_shoulder_roll_joint,left_elbow_joint,right_shoulder_pitch_joint,right_shoulder_roll_joint,right_elbow_joint",0.0,0.0,153.48806762695312,torso_link,153.48807,1.484490990638733,1.4748862981796265,-25.64681625366211,-28.562782287597656,-36.0,-36.0,False,0.009572394
144,2.88,0.07858692854642868,-0.18198974326140416,2.2358441,31.618889,1.373860239982605,36.41286087036133,36.0,0.8181818181818182,"left_hip_roll_joint,left_hip_yaw_joint,left_knee_joint,left_ankle_pitch_joint,right_hip_pitch_joint,right_hip_roll_joint,right_hip_yaw_joint,right_knee_joint,right_ankle_pitch_joint,right_ankle_roll_joint,waist_roll_joint,waist_yaw_joint,left_shoulder_pitch_joint,left_shoulder_roll_joint,left_shoulder_yaw_joint,left_elbow_joint,right_shoulder_roll_joint,right_elbow_joint",0.0,0.0,0,pelvis,0.0,1.7536218166351318,1.8089125156402588,32.23725128173828,36.41286087036133,36.0,36.0,False,0.0037106872
145,2.9,0.07807113230228424,-0.173261607603715,1.0445988,15.841927,1.1581339836120605,36.27477264404297,36.0,0.8636363636363636,"left_hip_pitch_joint,left_hip_roll_joint,left_hip_yaw_joint,left_knee_joint,left_ankle_pitch_joint,left_ankle_roll_joint,right_hip_pitch_joint,right_hip_roll_joint,right_hip_yaw_joint,right_knee_joint,right_ankle_pitch_joint,right_ankle_roll_joint,waist_roll_joint,waist_yaw_joint,left_shoulder_pitch_joint,left_elbow_joint,right_shoulder_pitch_joint,right_shoulder_roll_joint,right_elbow_joint",0.0,0.0,1419.7838134765625,torso_link,1419.7838,1.3074946403503418,1.401815414428711,-29.625085830688477,-36.27477264404297,-36.0,-36.0,False,0.01751111
146,2.92,0.09694673866033554,-0.2977957240643292,2.1486654,32.367508,1.2754664421081543,36.41848373413086,36.0,0.7727272727272727,"left_hip_pitch_joint,left_hip_roll_joint,left_hip_yaw_joint,left_knee_joint,left_ankle_pitch_joint,right_hip_pitch_joint,right_hip_roll_joint,right_hip_yaw_joint,right_knee_joint,right_ankle_pitch_joint,right_ankle_roll_joint,waist_yaw_joint,left_shoulder_pitch_joint,left_shoulder_roll_joint,left_elbow_joint,right_shoulder_pitch_joint,right_elbow_joint",0.0,0.0,0,pelvis,0.0,1.5158038139343262,1.710518717765808,32.095088958740234,36.41848373413086,36.0,36.0,False,0.028667444
147,2.94,0.0915745422244072,-0.22779654623344614,1.4228153,24.903439,1.191172480583191,36.36476516723633,36.0,0.8181818181818182,"left_hip_pitch_joint,left_hip_roll_joint,left_hip_yaw_joint,left_knee_joint,left_ankle_pitch_joint,left_ankle_roll_joint,right_hip_pitch_joint,right_hip_yaw_joint,right_knee_joint,right_ankle_pitch_joint,right_ankle_roll_joint,waist_roll_joint,waist_yaw_joint,left_shoulder_pitch_joint,left_shoulder_roll_joint,left_elbow_joint,right_shoulder_pitch_joint,right_elbow_joint",0.0,0.0,241.66738891601562,torso_link,241.66739,1.3610084056854248,1.3827314376831055,-30.800579071044922,-36.36476516723633,-36.0,-36.0,False,0.006445799
148,2.96,0.10334691405296326,-0.33284408746023253,2.112561,31.635914,1.3041075468063354,36.4084358215332,36.0,0.8636363636363636,"left_hip_pitch_joint,left_hip_roll_joint,left_hip_yaw_joint,left_knee_joint,left_ankle_pitch_joint,right_hip_pitch_joint,right_hip_roll_joint,right_hip_yaw_joint,right_knee_joint,right_ankle_pitch_joint,right_ankle_roll_joint,waist_roll_joint,waist_yaw_joint,left_shoulder_pitch_joint,left_shoulder_yaw_joint,left_elbow_joint,right_shoulder_pitch_joint,right_shoulder_roll_joint,right_elbow_joint",0.0,0.0,0,pelvis,0.0,1.5999425649642944,1.7391598224639893,34.25899887084961,36.4084358215332,36.0,36.0,False,0.0191152
149,2.98,0.0926685482263565,-0.22188184103478692,1.6453099,26.850443,1.2288161516189575,36.400238037109375,36.0,0.8181818181818182,"left_hip_pitch_joint,left_hip_roll_joint,left_hip_yaw_joint,left_knee_joint,left_ankle_pitch_joint,left_ankle_roll_joint,right_hip_pitch_joint,right_hip_yaw_joint,right_knee_joint,right_ankle_pitch_joint,right_ankle_roll_joint,waist_roll_joint,waist_yaw_joint,left_shoulder_pitch_joint,left_elbow_joint,right_shoulder_pitch_joint,right_shoulder_roll_joint,right_elbow_joint",0.0,0.0,0,pelvis,0.0,1.5531522035598755,1.3535592555999756,-25.611127853393555,-36.400238037109375,-36.0,-36.0,False,0.00095817447
150,3.0,0.10728902369737625,-0.337078060567201,2.6603794,31.24388,1.3413617610931396,36.51696014404297,36.0,0.8636363636363636,"left_hip_pitch_joint,left_hip_roll_joint,left_hip_yaw_joint,left_knee_joint,left_ankle_pitch_joint,right_hip_pitch_joint,right_hip_roll_joint,right_hip_yaw_joint,right_knee_joint,right_ankle_pitch_joint,right_ankle_roll_joint,waist_roll_joint,waist_yaw_joint,left_shoulder_pitch_joint,left_shoulder_yaw_joint,left_elbow_joint,right_shoulder_pitch_joint,right_shoulder_roll_joint,right_elbow_joint",0.0,0.0,473.1644744873047,left_hip_yaw_link,449.39386,1.765843152999878,1.7253557443618774,24.96540641784668,36.51696014404297,36.0,36.0,False,0.014633359
151,3.02,0.09980924427509308,-0.1895755862426296,1.4916184,26.494965,1.2328083515167236,36.14350128173828,36.0,0.8181818181818182,"left_hip_pitch_joint,left_hip_roll_joint,left_knee_joint,left_ankle_pitch_joint,left_ankle_roll_joint,right_hip_pitch_joint,right_hip_yaw_joint,right_knee_joint,right_ankle_pitch_joint,right_ankle_roll_joint,waist_roll_joint,waist_yaw_joint,left_shoulder_pitch_joint,left_shoulder_roll_joint,left_elbow_joint,right_shoulder_pitch_joint,right_shoulder_roll_joint,right_elbow_joint",0.0,0.0,0,pelvis,0.0,1.4086202383041382,1.6181011199951172,-34.34039306640625,-30.0867862701416,-36.0,-36.0,False,-0.0025273673
152,3.04,0.11079416424036026,-0.3058537844522249,2.4501107,31.295008,1.5019593238830566,36.201725006103516,36.0,0.8181818181818182,"left_hip_pitch_joint,left_hip_roll_joint,left_hip_yaw_joint,left_knee_joint,left_ankle_pitch_joint,right_hip_pitch_joint,right_hip_yaw_joint,right_knee_joint,right_ankle_pitch_joint,right_ankle_roll_joint,waist_roll_joint,waist_yaw_joint,left_shoulder_pitch_joint,left_shoulder_roll_joint,left_elbow_joint,right_shoulder_pitch_joint,right_shoulder_roll_joint,right_elbow_joint",0.0,0.0,0,pelvis,0.0,1.7147293090820312,1.9370115995407104,33.532005310058594,36.201725006103516,36.0,36.0,False,0.006344598
153,3.06,0.09949922561645508,-0.19417174211949373,1.4417403,27.16922,1.2744691371917725,36.39257049560547,36.0,0.8636363636363636,"left_hip_pitch_joint,left_hip_roll_joint,left_hip_yaw_joint,left_knee_joint,left_ankle_pitch_joint,left_ankle_roll_joint,right_hip_pitch_joint,right_hip_roll_joint,right_hip_yaw_joint,right_knee_joint,right_ankle_pitch_joint,right_ankle_roll_joint,waist_roll_joint,waist_yaw_joint,left_shoulder_pitch_joint,left_elbow_joint,right_shoulder_pitch_joint,right_shoulder_roll_joint,right_elbow_joint",0.0,0.0,0,pelvis,0.0,1.6535447835922241,1.5807970762252808,-25.65838050842285,-36.39257049560547,-36.0,-36.0,False,-0.011690665
154,3.08,0.10774004459381104,-0.3245717436642792,2.3502843,30.12564,1.5248167514801025,36.3172492980957,36.0,0.8636363636363636,"left_hip_pitch_joint,left_hip_roll_joint,left_hip_yaw_joint,left_knee_joint,left_ankle_pitch_joint,right_hip_pitch_joint,right_hip_roll_joint,right_hip_yaw_joint,right_knee_joint,right_ankle_pitch_joint,right_ankle_roll_joint,waist_roll_joint,waist_yaw_joint,left_shoulder_pitch_joint,left_shoulder_yaw_joint,left_elbow_joint,right_shoulder_pitch_joint,right_shoulder_roll_joint,right_elbow_joint",0.0,0.0,0,pelvis,0.0,1.9492981433868408,1.8969252109527588,33.29304885864258,36.3172492980957,36.0,36.0,False,0.0012194514
155,3.1,0.09393103420734406,-0.16200293176066793,1.693901,29.081326,1.4538848400115967,36.32612228393555,36.0,0.8181818181818182,"left_hip_pitch_joint,left_hip_roll_joint,left_hip_yaw_joint,left_knee_joint,left_ankle_pitch_joint,left_ankle_roll_joint,right_hip_pitch_joint,right_hip_yaw_joint,right_knee_joint,right_ankle_pitch_joint,right_ankle_roll_joint,waist_roll_joint,waist_yaw_joint,left_shoulder_pitch_joint,left_elbow_joint,right_shoulder_pitch_joint,right_shoulder_roll_joint,right_elbow_joint",0.0,0.0,0,pelvis,0.0,1.878366231918335,1.5886696577072144,-24.972427368164062,-36.32612228393555,-36.0,-36.0,False,-0.010712575
156,3.12,0.09873292595148087,-0.24827455582826197,2.4140623,35.25146,1.6680338382720947,36.20701599121094,36.0,0.8181818181818182,"left_hip_pitch_joint,left_hip_roll_joint,left_hip_yaw_joint,left_ankle_pitch_joint,right_hip_pitch_joint,right_hip_roll_joint,right_hip_yaw_joint,right_knee_joint,right_ankle_pitch_joint,right_ankle_roll_joint,waist_roll_joint,waist_yaw_joint,left_shoulder_pitch_joint,left_shoulder_yaw_joint,left_elbow_joint,right_shoulder_pitch_joint,right_shoulder_roll_joint,right_elbow_joint",237.84746,0.0,237.8474578857422,left_ankle_roll_link,237.84746,2.092515230178833,1.8588446378707886,25.10264015197754,36.20701599121094,33.523773,36.0,False,0.0036908723
157,3.14,0.09470988810062408,-0.09045997195249278,0.89763814,10.54014,1.3516652584075928,30.839799880981445,36.0,0.7272727272727273,"left_hip_pitch_joint,left_hip_roll_joint,left_knee_joint,left_ankle_pitch_joint,right_hip_pitch_joint,right_hip_yaw_joint,right_knee_joint,right_ankle_pitch_joint,right_ankle_roll_joint,waist_roll_joint,waist_yaw_joint,left_shoulder_pitch_joint,left_elbow_joint,right_shoulder_pitch_joint,right_shoulder_roll_joint,right_elbow_joint",0.0,0.0,0,pelvis,0.0,1.776146650314331,1.7249236106872559,-18.47952651977539,-30.839799880981445,-36.0,-36.0,False,-0.013915908
158,3.16,0.09255607426166534,-0.307735199021387,1.7374048,34.399784,1.5990632772445679,36.42144775390625,36.0,0.6363636363636364,"left_hip_pitch_joint,left_hip_roll_joint,left_hip_yaw_joint,left_ankle_pitch_joint,right_hip_pitch_joint,right_hip_roll_joint,right_hip_yaw_joint,right_knee_joint,right_ankle_pitch_joint,right_ankle_roll_joint,waist_yaw_joint,left_shoulder_pitch_joint,right_shoulder_yaw_joint,right_elbow_joint",0.0,0.0,0,pelvis,0.0,1.6918588876724243,2.0341155529022217,1.390783429145813,36.42144775390625,2.7439346,36.0,False,0.00028149784
159,3.18,0.0886574238538742,-0.09913647423539373,0.7492415,27.643127,1.5398834943771362,36.22213363647461,36.0,0.6818181818181818,"left_hip_roll_joint,left_hip_yaw_joint,left_knee_joint,left_ankle_pitch_joint,left_ankle_roll_joint,right_hip_roll_joint,right_hip_yaw_joint,right_knee_joint,right_ankle_pitch_joint,right_ankle_roll_joint,waist_roll_joint,waist_yaw_joint,left_shoulder_pitch_joint,left_elbow_joint,right_elbow_joint",0.0,0.0,0,pelvis,0.0,1.161954402923584,1.7213536500930786,-35.65605545043945,-36.22213363647461,-36.0,-36.0,False,-0.02124579
160,3.2,0.10317183285951614,-0.30587656237594274,2.1137252,27.88079,1.5093034505844116,36.42836380004883,36.0,0.7727272727272727,"left_hip_pitch_joint,left_hip_roll_joint,left_hip_yaw_joint,left_knee_joint,left_ankle_pitch_joint,right_hip_pitch_joint,right_hip_roll_joint,right_hip_yaw_joint,right_knee_joint,right_ankle_pitch_joint,right_ankle_roll_joint,waist_roll_joint,waist_yaw_joint,left_shoulder_pitch_joint,left_shoulder_roll_joint,left_elbow_joint,right_elbow_joint",0.0,0.0,0,pelvis,0.0,1.479391098022461,1.9443557262420654,34.421348571777344,36.42836380004883,36.0,36.0,False,-0.012470168
161,3.22,0.09843999892473221,-0.0514812769799633,0.680245,19.64969,1.4284576177597046,37.93144226074219,36.0,0.7727272727272727,"left_hip_pitch_joint,left_hip_roll_joint,left_hip_yaw_joint,left_knee_joint,left_ankle_pitch_joint,left_ankle_roll_joint,right_hip_yaw_joint,right_knee_joint,right_ankle_pitch_joint,right_ankle_roll_joint,waist_roll_joint,waist_yaw_joint,left_shoulder_pitch_joint,left_shoulder_roll_joint,left_elbow_joint,right_shoulder_roll_joint,right_elbow_joint",0.0,469.18732,0,right_ankle_roll_link,469.18732,1.174531102180481,1.8635098934173584,-28.40450668334961,-22.043094635009766,-36.0,-36.0,False,-0.032724954
162,3.24,0.1158277839422226,-0.220502543815293,1.7587811,22.427855,1.9033271074295044,36.11921310424805,36.0,0.8181818181818182,"left_hip_pitch_joint,left_hip_roll_joint,left_hip_yaw_joint,left_knee_joint,left_ankle_pitch_joint,right_hip_pitch_joint,right_hip_roll_joint,right_hip_yaw_joint,right_ankle_pitch_joint,right_ankle_roll_joint,waist_roll_joint,waist_yaw_joint,left_shoulder_pitch_joint,left_shoulder_roll_joint,left_elbow_joint,right_shoulder_pitch_joint,right_shoulder_roll_joint,right_elbow_joint",0.0,0.0,0,pelvis,0.0,1.7252830266952515,2.338379383087158,34.768611907958984,32.99260711669922,36.0,17.981964,False,0.025679262
163,3.2600000000000002,0.1140381395816803,0.11818136452858141,1.5315336,32.35838,1.6977018117904663,35.95497512817383,36.0,0.7272727272727273,"left_hip_pitch_joint,left_hip_roll_joint,left_knee_joint,left_ankle_pitch_joint,left_ankle_roll_joint,right_hip_pitch_joint,right_hip_yaw_joint,right_knee_joint,right_ankle_roll_joint,waist_roll_joint,waist_yaw_joint,left_shoulder_pitch_joint,left_elbow_joint,right_shoulder_pitch_joint,right_shoulder_roll_joint,right_elbow_joint",0.0,0.0,0,pelvis,0.0,1.3735488653182983,2.13275408744812,-35.18305587768555,-30.563085556030273,-36.0,-36.0,False,0.01806195
164,3.2800000000000002,0.13863879442214966,-0.023147267059314913,1.8975363,24.745749,1.9163817167282104,36.03522872924805,36.0,0.8636363636363636,"left_hip_pitch_joint,left_hip_roll_joint,left_hip_yaw_joint,left_knee_joint,left_ankle_pitch_joint,right_hip_pitch_joint,right_hip_roll_joint,right_hip_yaw_joint,right_knee_joint,right_ankle_pitch_joint,right_ankle_roll_joint,waist_roll_joint,waist_yaw_joint,left_shoulder_pitch_joint,left_shoulder_roll_joint,left_elbow_joint,right_shoulder_pitch_joint,right_shoulder_roll_joint,right_elbow_joint",0.0,0.0,915.4138793945312,left_hip_yaw_link,915.4139,1.8097786903381348,2.3514339923858643,32.81870651245117,29.813501358032227,36.0,36.0,False,0.027157983
165,3.3000000000000003,0.12768490612506866,0.40736997336522585,1.2794359,15.977961,1.6874014139175415,23.81204605102539,36.0,0.8181818181818182,"left_hip_pitch_joint,left_hip_roll_joint,left_knee_joint,left_ankle_pitch_joint,left_ankle_roll_joint,right_hip_pitch_joint,right_hip_roll_joint,right_hip_yaw_joint,right_knee_joint,right_ankle_pitch_joint,right_ankle_roll_joint,waist_roll_joint,waist_yaw_joint,left_shoulder_pitch_joint,left_shoulder_roll_joint,left_elbow_joint,right_shoulder_roll_joint,right_elbow_joint",0.0,0.0,0,pelvis,0.0,1.369541883468628,2.1224536895751953,-19.680288314819336,-22.143417358398438,-36.0,-36.0,False,0.031807564
166,3.3200000000000003,0.14740121364593506,0.13625011843248558,2.0149164,7.300966,1.5149809122085571,27.279266357421875,36.0,0.7272727272727273,"left_hip_pitch_joint,left_hip_roll_joint,left_hip_yaw_joint,left_knee_joint,left_ankle_pitch_joint,right_hip_pitch_joint,right_hip_yaw_joint,right_ankle_pitch_joint,right_ankle_roll_joint,waist_yaw_joint,left_shoulder_pitch_joint,left_shoulder_roll_joint,left_elbow_joint,right_shoulder_pitch_joint,right_shoulder_roll_joint,right_elbow_joint",0.0,0.0,0,pelvis,0.0,1.9351983070373535,1.950033187866211,27.279266357421875,-4.011072158813477,36.0,-2.131607,False,0.0315385
167,3.34,0.13444232940673828,0.5639185796446213,2.033006,14.03615,1.0798554420471191,31.898710250854492,36.0,0.8181818181818182,"left_hip_pitch_joint,left_hip_yaw_joint,left_knee_joint,left_ankle_pitch_joint,left_ankle_roll_joint,right_hip_pitch_joint,right_hip_roll_joint,right_hip_yaw_joint,right_knee_joint,right_ankle_pitch_joint,right_ankle_roll_joint,waist_yaw_joint,left_shoulder_pitch_joint,left_shoulder_roll_joint,left_shoulder_yaw_joint,left_elbow_joint,right_shoulder_roll_joint,right_elbow_joint",0.0,0.0,0,pelvis,0.0,1.5043368339538574,1.3246468305587769,-25.56453514099121,-27.279922485351562,-36.0,-36.0,False,0.041346822
168,3.36,0.15160682797431946,0.3229583401103575,2.4882853,14.34035,1.4812901020050049,28.26340675354004,36.0,0.6818181818181818,"left_hip_pitch_joint,left_hip_roll_joint,left_hip_yaw_joint,left_knee_joint,left_ankle_pitch_joint,right_hip_pitch_joint,right_hip_yaw_joint,right_knee_joint,right_ankle_pitch_joint,right_ankle_roll_joint,waist_yaw_joint,left_shoulder_pitch_joint,left_shoulder_roll_joint,left_elbow_joint,right_elbow_joint",0.0,0.0,13.50835132598877,left_knee_link,13.508351,1.9057714939117432,1.662544846534729,17.062545776367188,28.031818389892578,36.0,36.0,False,0.023669256
169,3.38,0.14661049842834473,0.6581732455807905,1.7061033,16.096865,1.0854336023330688,28.141300201416016,36.0,0.6818181818181818,"left_hip_pitch_joint,left_knee_joint,left_ankle_pitch_joint,left_ankle_roll_joint,right_hip_pitch_joint,right_hip_roll_joint,right_hip_yaw_joint,right_knee_joint,right_ankle_pitch_joint,right_ankle_roll_joint,waist_yaw_joint,left_shoulder_pitch_joint,left_shoulder_roll_joint,right_shoulder_roll_joint,right_elbow_joint",0.0,0.0,0,pelvis,0.0,1.3936799764633179,1.2648200988769531,-28.141300201416016,-27.440664291381836,-36.0,-36.0,False,0.042802714
170,3.4,0.17889820039272308,0.3857649648123864,2.9582558,28.743347,1.4390745162963867,35.81243896484375,36.0,0.7727272727272727,"left_hip_pitch_joint,left_hip_roll_joint,left_hip_yaw_joint,left_knee_joint,left_ankle_pitch_joint,right_hip_pitch_joint,right_hip_yaw_joint,right_knee_joint,right_ankle_pitch_joint,right_ankle_roll_joint,waist_roll_joint,left_shoulder_pitch_joint,left_shoulder_roll_joint,left_elbow_joint,right_shoulder_pitch_joint,right_shoulder_roll_joint,right_elbow_joint",0.0,0.0,133.4432830810547,left_knee_link,133.44328,1.863555908203125,1.6604316234588623,34.38788604736328,34.608116149902344,36.0,36.0,False,0.030747768
171,3.42,0.171321839094162,0.6188549720888115,1.7683147,18.562654,0.9953985214233398,28.495487213134766,36.0,0.9545454545454546,"left_hip_pitch_joint,left_hip_roll_joint,left_hip_yaw_joint,left_knee_joint,left_ankle_pitch_joint,left_ankle_roll_joint,right_hip_pitch_joint,right_hip_roll_joint,right_hip_yaw_joint,right_knee_joint,right_ankle_pitch_joint,right_ankle_roll_joint,waist_roll_joint,waist_yaw_joint,left_shoulder_pitch_joint,left_shoulder_roll_joint,left_shoulder_yaw_joint,left_elbow_joint,right_shoulder_pitch_joint,right_shoulder_roll_joint,right_elbow_joint",0.0,0.0,0,pelvis,0.0,1.400304913520813,1.3089101314544678,-28.33049201965332,-26.436880111694336,-36.0,-36.0,False,0.06978322
172,3.44,0.20322144031524658,0.3565227046217636,2.1390886,12.138318,1.4884274005889893,29.892765045166016,36.0,0.8636363636363636,"left_hip_pitch_joint,left_hip_roll_joint,left_hip_yaw_joint,left_knee_joint,left_ankle_pitch_joint,right_hip_pitch_joint,right_hip_roll_joint,right_hip_yaw_joint,right_knee_joint,right_ankle_pitch_joint,right_ankle_roll_joint,waist_roll_joint,waist_yaw_joint,left_shoulder_pitch_joint,left_shoulder_roll_joint,left_elbow_joint,right_shoulder_pitch_joint,right_shoulder_roll_joint,right_elbow_joint",0.0,0.0,0,pelvis,0.0,1.9129087924957275,1.7051246166229248,22.393831253051758,29.892765045166016,36.0,36.0,False,0.04646233
173,3.46,0.18568862974643707,0.6442110498887031,2.070815,9.264645,1.008957028388977,26.88269805908203,36.0,0.8636363636363636,"left_hip_pitch_joint,left_hip_roll_joint,left_hip_yaw_joint,left_knee_joint,left_ankle_pitch_joint,left_ankle_roll_joint,right_hip_pitch_joint,right_hip_roll_joint,right_hip_yaw_joint,right_knee_joint,right_ankle_pitch_joint,right_ankle_roll_joint,waist_yaw_joint,left_shoulder_pitch_joint,left_shoulder_yaw_joint,left_elbow_joint,right_shoulder_pitch_joint,right_shoulder_roll_joint,right_elbow_joint",0.0,0.0,0,pelvis,0.0,1.4334384202957153,1.3175909519195557,-22.13102912902832,-25.70909309387207,-36.0,-36.0,False,0.08216719
174,3.48,0.202226921916008,0.3816265897350828,2.1731575,18.479168,1.4503228664398193,33.48873519897461,36.0,0.5909090909090909,"left_hip_pitch_joint,left_hip_roll_joint,left_knee_joint,right_hip_pitch_joint,right_hip_yaw_joint,right_knee_joint,right_ankle_pitch_joint,right_ankle_roll_joint,waist_yaw_joint,left_shoulder_pitch_joint,left_elbow_joint,right_shoulder_pitch_joint,right_elbow_joint",172.58101,0.0,172.5810089111328,left_ankle_roll_link,172.58101,1.8748042583465576,1.7918920516967773,23.045263290405273,33.48873519897461,36.0,36.0,False,0.05971909
175,3.5,0.17913198471069336,0.6180447453653026,2.053035,28.33151,1.0299785137176514,36.05656433105469,36.0,0.7727272727272727,"left_hip_pitch_joint,left_hip_roll_joint,left_knee_joint,left_ankle_pitch_joint,right_hip_pitch_joint,right_hip_roll_joint,right_hip_yaw_joint,right_knee_joint,right_ankle_pitch_joint,right_ankle_roll_joint,waist_roll_joint,waist_yaw_joint,left_shoulder_pitch_joint,left_shoulder_yaw_joint,left_elbow_joint,right_shoulder_pitch_joint,right_elbow_joint",0.0,0.0,0,pelvis,0.0,1.4544599056243896,1.3468207120895386,-35.7803840637207,-31.8388729095459,-36.0,-36.0,False,0.09577962
176,3.52,0.1876923143863678,0.48245279068403235,2.3689682,28.046637,1.3912936449050903,36.15455627441406,36.0,0.7727272727272727,"left_hip_pitch_joint,left_hip_roll_joint,left_hip_yaw_joint,left_knee_joint,left_ankle_pitch_joint,left_ankle_roll_joint,right_hip_pitch_joint,right_hip_yaw_joint,right_knee_joint,right_ankle_pitch_joint,right_ankle_roll_joint,waist_roll_joint,waist_yaw_joint,left_shoulder_pitch_joint,left_elbow_joint,right_shoulder_pitch_joint,right_elbow_joint",0.0,0.0,0,pelvis,0.0,1.7107861042022705,1.8263459205627441,35.18251419067383,32.66342544555664,36.0,36.0,False,0.06811617
177,3.54,0.15859827399253845,0.6177338018354952,2.349098,27.444836,1.1099528074264526,36.10034942626953,36.0,0.8636363636363636,"left_hip_pitch_joint,left_hip_roll_joint,left_hip_yaw_joint,left_knee_joint,left_ankle_pitch_joint,left_ankle_roll_joint,right_hip_pitch_joint,right_hip_roll_joint,right_hip_yaw_joint,right_knee_joint,right_ankle_roll_joint,waist_roll_joint,waist_yaw_joint,left_shoulder_pitch_joint,left_shoulder_roll_joint,left_elbow_joint,right_shoulder_pitch_joint,right_shoulder_roll_joint,right_elbow_joint",0.0,0.0,0,pelvis,0.0,1.534434199333191,1.4021705389022827,-33.014183044433594,-32.85569763183594,-36.0,-36.0,False,0.084627435
178,3.56,0.16156281530857086,0.4153546750419834,2.264906,31.162231,1.444882869720459,36.03434371948242,36.0,0.8181818181818182,"left_hip_pitch_joint,left_hip_roll_joint,left_hip_yaw_joint,left_knee_joint,left_ankle_pitch_joint,left_ankle_roll_joint,right_hip_pitch_joint,right_hip_roll_joint,right_hip_yaw_joint,right_knee_joint,right_ankle_pitch_joint,right_ankle_roll_joint,waist_roll_joint,waist_yaw_joint,left_shoulder_pitch_joint,left_elbow_joint,right_shoulder_pitch_joint,right_elbow_joint",0.0,0.0,0,pelvis,0.0,1.8693642616271973,1.8424127101898193,34.2546501159668,34.97587585449219,36.0,36.0,False,0.05421062
179,3.58,0.12542088329792023,0.5914586812529914,2.6244216,27.699347,1.3715877532958984,36.107078552246094,36.0,0.8636363636363636,"left_hip_pitch_joint,left_hip_roll_joint,left_hip_yaw_joint,left_knee_joint,left_ankle_pitch_joint,left_ankle_roll_joint,right_hip_pitch_joint,right_hip_roll_joint,right_hip_yaw_joint,right_knee_joint,right_ankle_pitch_joint,right_ankle_roll_joint,waist_roll_joint,waist_yaw_joint,left_shoulder_pitch_joint,left_elbow_joint,right_shoulder_pitch_joint,right_shoulder_roll_joint,right_elbow_joint",0.0,0.0,0,pelvis,0.0,1.7960691452026367,1.39275062084198,-25.090333938598633,-32.62271499633789,-36.0,-36.0,False,0.063407384
180,3.6,0.11744868010282516,0.4663196684007711,2.2691674,30.624258,1.6323792934417725,36.15536880493164,36.0,0.7727272727272727,"left_hip_pitch_joint,left_hip_roll_joint,left_hip_yaw_joint,left_knee_joint,left_ankle_pitch_joint,left_ankle_roll_joint,right_hip_pitch_joint,right_hip_yaw_joint,right_knee_joint,right_ankle_pitch_joint,right_ankle_roll_joint,waist_roll_joint,waist_yaw_joint,left_shoulder_pitch_joint,left_elbow_joint,right_shoulder_pitch_joint,right_elbow_joint",0.0,0.0,0,pelvis,0.0,2.0568606853485107,1.8497314453125,33.271209716796875,32.607173919677734,36.0,36.0,False,0.036600944
181,3.62,0.07853052020072937,0.5784198117419037,2.7876997,15.33854,1.6618568897247314,35.594058990478516,36.0,0.8181818181818182,"left_hip_pitch_joint,left_hip_roll_joint,left_hip_yaw_joint,left_knee_joint,left_ankle_pitch_joint,left_ankle_roll_joint,right_hip_pitch_joint,right_hip_roll_joint,right_hip_yaw_joint,right_knee_joint,right_ankle_roll_joint,waist_roll_joint,waist_yaw_joint,left_shoulder_pitch_joint,left_elbow_joint,right_shoulder_pitch_joint,right_shoulder_roll_joint,right_elbow_joint",0.0,0.0,0,pelvis,0.0,2.0863382816314697,1.411503791809082,-21.274938583374023,-35.594058990478516,-36.0,-36.0,False,0.047905862
182,3.64,0.07669128477573395,0.4229273181789117,1.845333,27.708954,1.5344308614730835,36.127952575683594,36.0,0.7272727272727273,"left_hip_pitch_joint,left_hip_roll_joint,left_hip_yaw_joint,left_ankle_roll_joint,right_hip_pitch_joint,right_hip_yaw_joint,right_knee_joint,right_ankle_pitch_joint,right_ankle_roll_joint,waist_roll_joint,waist_yaw_joint,left_shoulder_pitch_joint,left_shoulder_roll_joint,left_elbow_joint,right_shoulder_pitch_joint,right_elbow_joint",0.0,0.0,917.63818359375,left_hip_yaw_link,917.6382,1.894477128982544,1.9694831371307373,-2.7514827251434326,32.89289855957031,-5.2989197,36.0,False,0.017285626
183,3.66,0.06431980431079865,0.5360370077913074,2.4219975,8.903178,1.1597180366516113,32.67737579345703,36.0,0.8181818181818182,"left_hip_yaw_joint,left_knee_joint,left_ankle_pitch_joint,left_ankle_roll_joint,right_hip_pitch_joint,right_hip_roll_joint,right_hip_yaw_joint,right_knee_joint,right_ankle_pitch_joint,right_ankle_roll_joint,waist_roll_joint,waist_yaw_joint,left_shoulder_pitch_joint,left_shoulder_roll_joint,left_elbow_joint,right_shoulder_pitch_joint,right_shoulder_roll_joint,right_elbow_joint",0.0,0.0,0,pelvis,0.0,1.4205100536346436,1.5947703123092651,-28.642545700073242,-32.5178108215332,-36.0,-36.0,False,0.030849282
184,3.68,0.07349395006895065,0.24142537401107766,1.4730524,15.142601,1.3141571283340454,29.07571029663086,36.0,0.7272727272727273,"left_hip_pitch_joint,left_hip_roll_joint,left_hip_yaw_joint,left_knee_joint,left_ankle_pitch_joint,left_ankle_roll_joint,right_hip_pitch_joint,right_hip_roll_joint,right_hip_yaw_joint,right_knee_joint,right_ankle_pitch_joint,right_ankle_roll_joint,waist_yaw_joint,left_shoulder_pitch_joint,left_elbow_joint,right_elbow_joint",0.0,0.0,0,pelvis,0.0,1.5152207612991333,1.7492094039916992,18.25613021850586,21.618980407714844,36.0,36.0,False,0.01111448
185,3.7,0.04647890478372574,0.4161987942413674,2.4585505,23.093683,1.1152616739273071,36.381202697753906,36.0,0.7272727272727273,"left_hip_pitch_joint,left_hip_yaw_joint,left_knee_joint,left_ankle_pitch_joint,left_ankle_roll_joint,right_hip_pitch_joint,right_hip_roll_joint,right_hip_yaw_joint,right_knee_joint,right_ankle_pitch_joint,right_ankle_roll_joint,waist_yaw_joint,left_shoulder_pitch_joint,left_shoulder_yaw_joint,left_elbow_joint,right_elbow_joint",0.0,0.0,0,pelvis,0.0,1.2448569536209106,1.238938331604004,-33.97929382324219,-28.481107711791992,-36.0,-36.0,False,0.004639851
186,3.72,0.06128349155187607,0.26589424633651504,1.8952178,19.94348,1.1170886754989624,36.079254150390625,36.0,0.8636363636363636,"left_hip_pitch_joint,left_hip_roll_joint,left_hip_yaw_joint,left_knee_joint,left_ankle_pitch_joint,left_ankle_roll_joint,right_hip_pitch_joint,right_hip_roll_joint,right_hip_yaw_joint,right_knee_joint,right_ankle_pitch_joint,right_ankle_roll_joint,waist_roll_joint,waist_yaw_joint,left_shoulder_pitch_joint,left_elbow_joint,right_shoulder_pitch_joint,right_shoulder_roll_joint,right_elbow_joint",0.0,0.0,727.5823364257812,left_hip_yaw_link,727.58234,1.3233717679977417,1.5521409511566162,26.261472702026367,24.98258399963379,36.0,36.0,False,-0.03028298
187,3.74,0.04296974092721939,0.2763533628517436,2.9039266,12.049578,1.2725974321365356,36.080509185791016,36.0,0.7727272727272727,"left_hip_pitch_joint,left_hip_roll_joint,left_hip_yaw_joint,left_knee_joint,left_ankle_pitch_joint,left_ankle_roll_joint,right_hip_pitch_joint,right_hip_roll_joint,right_hip_yaw_joint,right_knee_joint,right_ankle_pitch_joint,right_ankle_roll_joint,waist_roll_joint,left_shoulder_pitch_joint,left_elbow_joint,right_shoulder_pitch_joint,right_elbow_joint",0.0,0.0,0,pelvis,0.0,1.131860375404358,1.0722464323043823,-24.966733932495117,-34.97547912597656,-36.0,-36.0,False,-0.0212925
188,3.7600000000000002,0.04526171088218689,0.11561784933237362,1.9250472,25.626951,1.098382592201233,36.10151290893555,36.0,0.7272727272727273,"left_hip_pitch_joint,left_hip_yaw_joint,left_knee_joint,left_ankle_pitch_joint,right_hip_pitch_joint,right_hip_yaw_joint,right_knee_joint,right_ankle_pitch_joint,right_ankle_roll_joint,waist_yaw_joint,left_shoulder_pitch_joint,left_shoulder_roll_joint,left_elbow_joint,right_shoulder_pitch_joint,right_shoulder_roll_joint,right_elbow_joint",0.0,0.0,0,pelvis,0.0,1.5228639841079712,1.5256874561309814,34.89909744262695,29.482526779174805,36.0,36.0,False,-0.07072503
189,3.7800000000000002,0.037266120314598083,0.07442005469516566,1.7235394,30.122126,1.1183301210403442,36.24913024902344,36.0,0.7727272727272727,"left_hip_roll_joint,left_hip_yaw_joint,left_knee_joint,left_ankle_pitch_joint,left_ankle_roll_joint,right_hip_pitch_joint,right_hip_roll_joint,right_hip_yaw_joint,right_knee_joint,right_ankle_roll_joint,waist_roll_joint,waist_yaw_joint,left_shoulder_pitch_joint,left_shoulder_roll_joint,left_elbow_joint,right_shoulder_pitch_joint,right_elbow_joint",0.0,0.0,557.255859375,torso_link,557.25586,1.4663631916046143,1.090773344039917,-28.78845977783203,-33.894168853759766,-36.0,-36.0,False,-0.08223544
190,3.8000000000000003,0.07177877426147461,-0.08504264481048551,2.0032487,18.18678,1.3489834070205688,36.18962097167969,36.0,0.7272727272727273,"left_hip_pitch_joint,left_hip_roll_joint,left_hip_yaw_joint,left_knee_joint,left_ankle_pitch_joint,right_hip_pitch_joint,right_hip_yaw_joint,right_knee_joint,right_ankle_pitch_joint,right_ankle_roll_joint,waist_roll_joint,waist_yaw_joint,left_shoulder_pitch_joint,left_elbow_joint,right_shoulder_pitch_joint,right_elbow_joint",0.0,0.0,0,pelvis,0.0,1.7734647989273071,1.6205462217330933,35.44456481933594,29.143272399902344,36.0,36.0,False,-0.08067671
191,3.8200000000000003,0.07061239331960678,-0.07843805187179242,1.9407051,30.714632,1.299724817276001,36.06380081176758,36.0,0.7727272727272727,"left_hip_pitch_joint,left_hip_roll_joint,left_hip_yaw_joint,left_knee_joint,left_ankle_pitch_joint,left_ankle_roll_joint,right_hip_pitch_joint,right_hip_roll_joint,right_hip_yaw_joint,right_knee_joint,right_ankle_pitch_joint,right_ankle_roll_joint,waist_yaw_joint,left_shoulder_pitch_joint,left_elbow_joint,right_shoulder_pitch_joint,right_elbow_joint",0.0,0.0,0,pelvis,0.0,1.7242062091827393,1.1642268896102905,-29.876745223999023,-34.68959426879883,-36.0,-36.0,False,-0.048089154
192,3.84,0.09600415080785751,-0.1355405753830352,1.4893408,27.430973,1.5507416725158691,36.38478469848633,36.0,0.6818181818181818,"left_hip_roll_joint,left_hip_yaw_joint,left_knee_joint,left_ankle_pitch_joint,right_hip_pitch_joint,right_hip_roll_joint,right_hip_yaw_joint,right_knee_joint,right_ankle_pitch_joint,right_ankle_roll_joint,waist_yaw_joint,left_shoulder_pitch_joint,left_elbow_joint,right_shoulder_pitch_joint,right_elbow_joint",0.0,0.0,0,pelvis,0.0,1.9752230644226074,1.7236732244491577,28.116165161132812,27.797983169555664,36.0,36.0,False,-0.042361476
193,3.86,0.08676936477422714,-0.15492803072528183,1.0556233,31.233353,1.467605471611023,36.09617614746094,36.0,0.7727272727272727,"left_hip_pitch_joint,left_hip_roll_joint,left_hip_yaw_joint,left_knee_joint,left_ankle_pitch_joint,left_ankle_roll_joint,right_hip_pitch_joint,right_hip_roll_joint,right_hip_yaw_joint,right_knee_joint,right_ankle_roll_joint,waist_roll_joint,waist_yaw_joint,left_shoulder_pitch_joint,left_elbow_joint,right_shoulder_pitch_joint,right_elbow_joint",0.0,0.0,862.7049560546875,torso_link,862.70496,1.8920868635177612,1.2092896699905396,-21.6533260345459,-33.28303527832031,-36.0,-36.0,False,-0.024334408
194,3.88,0.09340313822031021,-0.1345975948813991,1.1239762,30.446112,1.548895239830017,36.037696838378906,36.0,0.7272727272727273,"left_hip_roll_joint,left_hip_yaw_joint,left_ankle_pitch_joint,right_hip_pitch_joint,right_hip_roll_joint,right_hip_yaw_joint,right_knee_joint,right_ankle_pitch_joint,right_ankle_roll_joint,waist_roll_joint,waist_yaw_joint,left_shoulder_pitch_joint,left_shoulder_roll_joint,left_elbow_joint,right_shoulder_roll_joint,right_elbow_joint",0.0,0.0,0,pelvis,0.0,1.9733766317367554,1.7788819074630737,4.879124641418457,31.483898162841797,12.511513,36.0,False,-0.022068195
195,3.9,0.09077904373407364,-0.1833742414434889,1.2081978,28.343412,1.2212127447128296,36.077816009521484,36.0,0.9090909090909091,"left_hip_pitch_joint,left_hip_roll_joint,left_hip_yaw_joint,left_knee_joint,left_ankle_pitch_joint,left_ankle_roll_joint,right_hip_pitch_joint,right_hip_roll_joint,right_hip_yaw_joint,right_knee_joint,right_ankle_pitch_joint,right_ankle_roll_joint,waist_roll_joint,waist_yaw_joint,left_shoulder_pitch_joint,left_shoulder_roll_joint,left_elbow_joint,right_shoulder_pitch_joint,right_shoulder_roll_joint,right_elbow_joint",0.0,0.0,0,pelvis,0.0,1.6456941366195679,1.3158810138702393,-31.365447998046875,-33.034523010253906,-36.0,-36.0,False,-0.016210854
196,3.92,0.08620947599411011,-0.124152323663687,0.6142757,30.255167,1.4128079414367676,36.07952880859375,36.0,0.9545454545454546,"left_hip_pitch_joint,left_hip_roll_joint,left_hip_yaw_joint,left_knee_joint,left_ankle_pitch_joint,right_hip_pitch_joint,right_hip_roll_joint,right_hip_yaw_joint,right_knee_joint,right_ankle_pitch_joint,right_ankle_roll_joint,waist_roll_joint,waist_yaw_joint,left_shoulder_pitch_joint,left_shoulder_roll_joint,left_shoulder_yaw_joint,left_elbow_joint,right_shoulder_pitch_joint,right_shoulder_roll_joint,right_shoulder_yaw_joint,right_elbow_joint",0.0,0.0,0,pelvis,0.0,1.705602765083313,1.8478602170944214,9.666013717651367,33.20306396484375,36.0,36.0,False,-0.015689246
197,3.94,0.07697582989931107,-0.1578750760309895,0.94762325,30.571909,1.2296664714813232,36.09206008911133,36.0,0.8636363636363636,"left_hip_pitch_joint,left_hip_roll_joint,left_hip_yaw_joint,left_knee_joint,left_ankle_pitch_joint,left_ankle_roll_joint,right_hip_pitch_joint,right_hip_roll_joint,right_hip_yaw_joint,right_knee_joint,right_ankle_pitch_joint,right_ankle_roll_joint,waist_yaw_joint,left_shoulder_pitch_joint,left_shoulder_roll_joint,left_elbow_joint,right_shoulder_pitch_joint,right_shoulder_roll_joint,right_elbow_joint",0.0,0.0,75.79501342773438,torso_link,75.79501,1.6541478633880615,1.4771728515625,-18.466838836669922,-34.574363708496094,-36.0,-36.0,False,-0.012467574
198,3.96,0.07074851542711258,-0.051408772658868784,1.2194641,34.09339,1.431754231452942,36.1412353515625,36.0,0.8636363636363636,"left_hip_pitch_joint,left_hip_roll_joint,left_hip_yaw_joint,left_ankle_pitch_joint,right_hip_pitch_joint,right_hip_roll_joint,right_hip_yaw_joint,right_knee_joint,right_ankle_pitch_joint,right_ankle_roll_joint,waist_yaw_joint,left_shoulder_pitch_joint,left_shoulder_roll_joint,left_shoulder_yaw_joint,left_elbow_joint,right_shoulder_pitch_joint,right_shoulder_roll_joint,right_shoulder_yaw_joint,right_elbow_joint",0.0,0.0,0,pelvis,0.0,1.4133892059326172,1.8668065071105957,-15.909562110900879,35.262020111083984,12.4277115,36.0,False,-0.0064855292
199,3.98,0.06105213612318039,-0.04143260214466027,0.9326175,31.221523,1.2017815113067627,36.07158660888672,36.0,0.8636363636363636,"left_hip_pitch_joint,left_hip_roll_joint,left_hip_yaw_joint,left_ankle_pitch_joint,left_ankle_roll_joint,right_hip_pitch_joint,right_hip_roll_joint,right_hip_yaw_joint,right_knee_joint,right_ankle_pitch_joint,right_ankle_roll_joint,waist_roll_joint,waist_yaw_joint,left_shoulder_pitch_joint,left_shoulder_roll_joint,left_elbow_joint,right_shoulder_pitch_joint,right_shoulder_roll_joint,right_elbow_joint",0.0,0.0,0,pelvis,0.0,1.626262903213501,1.5576132535934448,19.7011661529541,-33.90377426147461,16.34475,-36.0,False,0.0025936058
200,4.0,0.07019682228565216,-0.07856059520152314,1.2302647,38.720757,1.493772268295288,36.295223236083984,36.0,0.9090909090909091,"left_hip_roll_joint,left_hip_yaw_joint,left_knee_joint,left_ankle_pitch_joint,right_hip_pitch_joint,right_hip_roll_joint,right_hip_yaw_joint,right_knee_joint,right_ankle_pitch_joint,right_ankle_roll_joint,waist_roll_joint,waist_yaw_joint,left_shoulder_pitch_joint,left_shoulder_roll_joint,left_shoulder_yaw_joint,left_elbow_joint,right_shoulder_pitch_joint,right_shoulder_roll_joint,right_shoulder_yaw_joint,right_elbow_joint",0.0,0.0,173.80982971191406,right_knee_link,173.80983,1.5300157070159912,1.928824543952942,-27.167491912841797,31.332401275634766,-36.0,36.0,False,-0.0138622
201,4.0200000000000005,0.07731670141220093,-0.13014039463678317,0.51114345,30.350788,1.405987024307251,36.206748962402344,36.0,0.8636363636363636,"left_hip_pitch_joint,left_hip_roll_joint,left_hip_yaw_joint,left_knee_joint,left_ankle_pitch_joint,left_ankle_roll_joint,right_hip_pitch_joint,right_hip_roll_joint,right_hip_yaw_joint,right_knee_joint,right_ankle_roll_joint,waist_roll_joint,waist_yaw_joint,left_shoulder_pitch_joint,left_shoulder_roll_joint,left_elbow_joint,right_shoulder_pitch_joint,right_shoulder_roll_joint,right_elbow_joint",0.0,0.0,31.105765342712402,torso_link,16.08059,1.8304684162139893,1.7391912937164307,36.1602897644043,-29.472347259521484,36.0,-36.0,False,-0.019548956
202,4.04,0.09623001515865326,-0.13358919651160228,1.5748776,37.35508,1.6903914213180542,36.174678802490234,36.0,0.7727272727272727,"left_hip_roll_joint,left_hip_yaw_joint,left_knee_joint,left_ankle_pitch_joint,right_hip_roll_joint,right_hip_yaw_joint,right_knee_joint,right_ankle_pitch_joint,right_ankle_roll_joint,waist_yaw_joint,left_shoulder_roll_joint,left_shoulder_yaw_joint,left_elbow_joint,right_shoulder_pitch_joint,right_shoulder_roll_joint,right_shoulder_yaw_joint,right_elbow_joint",0.0,0.0,0,pelvis,0.0,1.8428750038146973,2.125443696975708,-22.251461029052734,34.22998046875,-36.0,36.0,False,-0.030194327
203,4.0600000000000005,0.09803129732608795,-0.25195056999104715,0.37449408,25.897774,1.5305708646774292,34.65849685668945,36.0,0.8181818181818182,"left_hip_pitch_joint,left_hip_roll_joint,left_hip_yaw_joint,left_ankle_pitch_joint,left_ankle_roll_joint,right_hip_pitch_joint,right_hip_roll_joint,right_hip_yaw_joint,right_knee_joint,right_ankle_pitch_joint,right_ankle_roll_joint,waist_yaw_joint,left_shoulder_pitch_joint,left_shoulder_roll_joint,left_elbow_joint,right_shoulder_pitch_joint,right_shoulder_roll_joint,right_elbow_joint",0.0,0.0,0,pelvis,0.0,1.9550522565841675,1.8355777263641357,20.60678482055664,-23.834125518798828,20.03727,-36.0,False,-0.033724423
204,4.08,0.10523981600999832,-0.16264507701126263,0.86994034,32.379234,1.8256853818893433,36.178443908691406,36.0,0.6818181818181818,"left_hip_roll_joint,left_hip_yaw_joint,left_knee_joint,left_ankle_pitch_joint,right_hip_roll_joint,right_hip_yaw_joint,right_ankle_pitch_joint,right_ankle_roll_joint,waist_roll_joint,waist_yaw_joint,left_shoulder_pitch_joint,left_shoulder_yaw_joint,left_elbow_joint,right_shoulder_roll_joint,right_elbow_joint",0.0,0.0,0,pelvis,0.0,1.6819323301315308,2.260737657546997,-36.178443908691406,27.780723571777344,-36.0,30.962723,False,-0.05120288
205,4.1,0.10528120398521423,-0.18410325827176877,0.5430238,30.528162,1.5379301309585571,36.274330139160156,36.0,0.7272727272727273,"left_hip_roll_joint,left_hip_yaw_joint,left_knee_joint,left_ankle_pitch_joint,left_ankle_roll_joint,right_hip_roll_joint,right_hip_yaw_joint,right_knee_joint,right_ankle_pitch_joint,right_ankle_roll_joint,waist_roll_joint,waist_yaw_joint,left_shoulder_pitch_joint,left_shoulder_roll_joint,left_elbow_joint,right_elbow_joint",0.0,0.0,0,pelvis,0.0,1.8213419914245605,1.972982406616211,25.860872268676758,-34.43857192993164,36.0,-36.0,False,-0.044353258
206,4.12,0.0871523916721344,0.021393027030638834,1.431195,33.626804,1.7394100427627563,36.32887649536133,36.0,0.7727272727272727,"left_hip_roll_joint,left_hip_yaw_joint,left_knee_joint,left_ankle_pitch_joint,right_hip_roll_joint,right_hip_yaw_joint,right_knee_joint,right_ankle_pitch_joint,right_ankle_roll_joint,waist_roll_joint,waist_yaw_joint,left_shoulder_pitch_joint,left_shoulder_roll_joint,left_shoulder_yaw_joint,left_elbow_joint,right_shoulder_roll_joint,right_elbow_joint",0.0,0.0,0,pelvis,0.0,1.3859894275665283,2.17446231842041,-36.32887649536133,26.590932846069336,-36.0,36.0,False,-0.04631798
207,4.14,0.08635155111551285,-0.04875918673153734,1.5830498,28.710386,1.5738004446029663,36.24517059326172,36.0,0.8181818181818182,"left_hip_pitch_joint,left_hip_roll_joint,left_hip_yaw_joint,left_knee_joint,left_ankle_pitch_joint,left_ankle_roll_joint,right_hip_pitch_joint,right_hip_roll_joint,right_hip_yaw_joint,right_knee_joint,right_ankle_pitch_joint,right_ankle_roll_joint,waist_yaw_joint,left_shoulder_pitch_joint,left_shoulder_roll_joint,left_elbow_joint,right_shoulder_roll_joint,right_elbow_joint",0.0,0.0,0,pelvis,0.0,1.8329209089279175,2.00885272026062,36.24517059326172,-25.083805084228516,36.0,-36.0,False,-0.042466708
208,4.16,0.07046109437942505,0.042872278200761116,1.844241,29.188927,1.7077816724777222,36.340450286865234,36.0,0.7272727272727273,"left_hip_pitch_joint,left_hip_yaw_joint,left_knee_joint,left_ankle_pitch_joint,right_hip_pitch_joint,right_hip_roll_joint,right_hip_yaw_joint,right_ankle_pitch_joint,right_ankle_roll_joint,waist_roll_joint,waist_yaw_joint,left_shoulder_roll_joint,left_shoulder_yaw_joint,left_elbow_joint,right_shoulder_roll_joint,right_elbow_joint",0.0,0.0,0,pelvis,0.0,1.4829756021499634,2.142833948135376,-36.340450286865234,19.015384674072266,-36.0,24.5988,False,-0.066256866
209,4.18,0.059669796377420425,0.041435388495072445,1.6711423,25.46445,1.470605492591858,36.27610778808594,36.0,0.7727272727272727,"left_hip_pitch_joint,left_hip_yaw_joint,left_knee_joint,left_ankle_pitch_joint,left_ankle_roll_joint,right_hip_pitch_joint,right_hip_roll_joint,right_hip_yaw_joint,right_knee_joint,right_ankle_pitch_joint,right_ankle_roll_joint,waist_yaw_joint,left_shoulder_pitch_joint,left_shoulder_roll_joint,left_elbow_joint,right_shoulder_roll_joint,right_elbow_joint",0.0,0.0,0,pelvis,0.0,1.8950868844985962,1.8438109159469604,36.27610778808594,-30.138118743896484,36.0,-36.0,False,-0.06690984
210,4.2,0.05402034893631935,0.036210821885445554,1.5475063,19.31067,1.5206975936889648,36.00694274902344,36.0,0.8181818181818182,"left_hip_pitch_joint,left_hip_yaw_joint,left_knee_joint,left_ankle_pitch_joint,right_hip_pitch_joint,right_hip_roll_joint,right_hip_yaw_joint,right_knee_joint,right_ankle_pitch_joint,right_ankle_roll_joint,waist_yaw_joint,left_shoulder_pitch_joint,left_shoulder_roll_joint,left_shoulder_yaw_joint,left_elbow_joint,right_shoulder_pitch_joint,right_shoulder_roll_joint,right_elbow_joint",0.0,0.0,371.55224609375,left_hip_yaw_link,371.55225,1.6241486072540283,1.9557498693466187,-36.00694274902344,20.377012252807617,-36.0,36.0,False,-0.08797771
211,4.22,0.0665750801563263,-0.001287567146421864,2.1867986,24.06667,1.5094621181488037,34.0501594543457,36.0,0.8636363636363636,"left_hip_pitch_joint,left_hip_roll_joint,left_hip_yaw_joint,left_knee_joint,left_ankle_pitch_joint,left_ankle_roll_joint,right_hip_pitch_joint,right_hip_roll_joint,right_hip_yaw_joint,right_knee_joint,right_ankle_pitch_joint,right_ankle_roll_joint,waist_yaw_joint,left_shoulder_pitch_joint,left_shoulder_roll_joint,left_elbow_joint,right_shoulder_pitch_joint,right_shoulder_roll_joint,right_elbow_joint",196.63782,0.0,3499.7738647460938,right_knee_link,1427.3213,1.933943510055542,1.8078604936599731,33.45866775512695,-20.3044490814209,36.0,-36.0,False,-0.07698213
212,4.24,0.06759745627641678,-0.06533534073966685,1.0370398,18.748756,1.2621372938156128,36.09540557861328,36.0,0.7272727272727273,"left_hip_pitch_joint,left_hip_roll_joint,left_hip_yaw_joint,left_knee_joint,left_ankle_pitch_joint,right_hip_pitch_joint,right_hip_roll_joint,right_ankle_roll_joint,waist_yaw_joint,left_shoulder_pitch_joint,left_shoulder_roll_joint,left_shoulder_yaw_joint,left_elbow_joint,right_shoulder_pitch_joint,right_shoulder_roll_joint,right_elbow_joint",0.0,0.0,0,pelvis,0.0,1.686618685722351,1.5690491199493408,-36.09540557861328,-13.008273124694824,-36.0,12.002029,False,-0.076203585
213,4.26,0.0757199227809906,-0.04000899855343398,2.100181,25.043715,1.5032391548156738,36.06459045410156,36.0,0.8636363636363636,"left_hip_pitch_joint,left_hip_roll_joint,left_hip_yaw_joint,left_knee_joint,left_ankle_pitch_joint,left_ankle_roll_joint,right_hip_pitch_joint,right_hip_roll_joint,right_hip_yaw_joint,right_ankle_pitch_joint,right_ankle_roll_joint,waist_roll_joint,waist_yaw_joint,left_shoulder_pitch_joint,left_shoulder_roll_joint,left_elbow_joint,right_shoulder_pitch_joint,right_shoulder_roll_joint,right_elbow_joint",0.0,0.0,0,pelvis,0.0,1.927720546722412,1.20823335647583,36.02263259887695,-14.287236213684082,36.0,-12.670113,False,-0.058007926
214,4.28,0.0679749920964241,-0.04423618926597506,1.1906005,19.602186,1.3810911178588867,36.08366775512695,36.0,0.8181818181818182,"left_hip_pitch_joint,left_hip_roll_joint,left_hip_yaw_joint,left_knee_joint,left_ankle_pitch_joint,right_hip_pitch_joint,right_hip_roll_joint,right_hip_yaw_joint,right_ankle_pitch_joint,right_ankle_roll_joint,waist_roll_joint,waist_yaw_joint,left_shoulder_pitch_joint,left_shoulder_yaw_joint,left_elbow_joint,right_shoulder_pitch_joint,right_shoulder_roll_joint,right_elbow_joint",0.0,0.0,0,pelvis,0.0,1.805572509765625,1.368895411491394,-31.62096405029297,10.010906219482422,-36.0,23.868935,False,-0.060564034
215,4.3,0.06339077651500702,-0.014833599184372659,2.192205,24.711935,1.6875154972076416,36.297752380371094,36.0,0.9090909090909091,"left_hip_pitch_joint,left_hip_roll_joint,left_hip_yaw_joint,left_knee_joint,left_ankle_pitch_joint,left_ankle_roll_joint,right_hip_pitch_joint,right_hip_roll_joint,right_hip_yaw_joint,right_knee_joint,right_ankle_pitch_joint,right_ankle_roll_joint,waist_roll_joint,waist_yaw_joint,left_shoulder_pitch_joint,left_shoulder_roll_joint,left_elbow_joint,right_shoulder_pitch_joint,right_shoulder_roll_joint,right_elbow_joint",0.0,0.0,0,pelvis,0.0,2.11199688911438,1.0033842325210571,36.297752380371094,-25.591569900512695,36.0,-36.0,False,-0.039437905
216,4.32,0.05075228214263916,-0.037747237708773085,1.7347116,22.796597,1.576617956161499,36.07917404174805,36.0,0.9090909090909091,"left_hip_pitch_joint,left_hip_roll_joint,left_hip_yaw_joint,left_knee_joint,left_ankle_pitch_joint,right_hip_pitch_joint,right_hip_roll_joint,right_hip_yaw_joint,right_knee_joint,right_ankle_pitch_joint,right_ankle_roll_joint,waist_roll_joint,waist_yaw_joint,left_shoulder_pitch_joint,left_shoulder_roll_joint,left_shoulder_yaw_joint,left_elbow_joint,right_shoulder_pitch_joint,right_shoulder_roll_joint,right_elbow_joint",0.0,0.0,0,pelvis,0.0,2.0010993480682373,1.2700167894363403,-35.74089431762695,20.95892333984375,-36.0,36.0,False,-0.054060854
217,4.34,0.04798039793968201,-0.009335650153589725,2.1387296,27.16599,1.7601258754730225,36.015838623046875,36.0,0.8636363636363636,"left_hip_pitch_joint,left_hip_yaw_joint,left_knee_joint,left_ankle_pitch_joint,left_ankle_roll_joint,right_hip_pitch_joint,right_hip_roll_joint,right_hip_yaw_joint,right_knee_joint,right_ankle_pitch_joint,right_ankle_roll_joint,waist_roll_joint,waist_yaw_joint,left_shoulder_pitch_joint,left_shoulder_roll_joint,left_elbow_joint,right_shoulder_pitch_joint,right_shoulder_roll_joint,right_elbow_joint",0.0,0.0,645.3091430664062,torso_link,329.19373,2.1846072673797607,0.9609835147857666,33.92385482788086,-33.674102783203125,36.0,-36.0,False,-0.04185562
218,4.36,0.04507507383823395,-0.02646788597793659,1.0522043,11.608153,1.6690471172332764,24.894607543945312,36.0,0.8181818181818182,"left_hip_pitch_joint,left_hip_yaw_joint,left_knee_joint,left_ankle_pitch_joint,right_hip_pitch_joint,right_hip_roll_joint,right_hip_yaw_joint,right_knee_joint,right_ankle_pitch_joint,right_ankle_roll_joint,waist_roll_joint,waist_yaw_joint,left_shoulder_pitch_joint,left_shoulder_roll_joint,left_elbow_joint,right_shoulder_pitch_joint,right_shoulder_roll_joint,right_elbow_joint",0.0,0.0,0,pelvis,0.0,2.0935285091400146,1.1619960069656372,-24.894607543945312,-0.23775947093963623,-36.0,36.0,False,-0.050670706
219,4.38,0.044315990060567856,-0.0034581442865064815,1.2902281,26.065517,1.6522862911224365,36.085384368896484,36.0,0.7727272727272727,"left_hip_pitch_joint,left_hip_yaw_joint,left_ankle_pitch_joint,left_ankle_roll_joint,right_hip_pitch_joint,right_hip_roll_joint,right_hip_yaw_joint,right_knee_joint,right_ankle_pitch_joint,right_ankle_roll_joint,waist_yaw_joint,left_shoulder_pitch_joint,left_shoulder_roll_joint,left_elbow_joint,right_shoulder_roll_joint,right_shoulder_yaw_joint,right_elbow_joint",0.0,0.0,0,pelvis,0.0,2.076767683029175,0.5543208122253418,6.014523506164551,-30.706029891967773,15.843872,-36.0,False,-0.02631794
220,4.4,0.04664969444274902,-0.055661988500213866,0.9109727,25.243198,1.3445804119110107,36.17526626586914,36.0,0.7727272727272727,"left_hip_pitch_joint,left_hip_roll_joint,left_hip_yaw_joint,left_knee_joint,left_ankle_pitch_joint,right_hip_roll_joint,right_hip_yaw_joint,right_knee_joint,right_ankle_pitch_joint,right_ankle_roll_joint,waist_yaw_joint,left_shoulder_pitch_joint,left_shoulder_roll_joint,left_shoulder_yaw_joint,left_elbow_joint,right_shoulder_roll_joint,right_elbow_joint",0.0,0.0,0,pelvis,0.0,1.693707823753357,1.1239746809005737,-35.81692123413086,30.660493850708008,-36.0,36.0,False,-0.03545756
221,4.42,0.06371117383241653,-0.10550805093137683,1.7016443,26.865961,1.2638393640518188,36.08481979370117,36.0,0.7272727272727273,"left_hip_pitch_joint,left_hip_roll_joint,left_hip_yaw_joint,left_knee_joint,left_ankle_pitch_joint,left_ankle_roll_joint,right_hip_roll_joint,right_hip_yaw_joint,right_knee_joint,right_ankle_roll_joint,waist_roll_joint,waist_yaw_joint,left_shoulder_pitch_joint,left_shoulder_roll_joint,left_elbow_joint,right_elbow_joint",0.0,0.0,42.591705322265625,torso_link,42.591705,1.6883207559585571,0.7726805210113525,9.402864456176758,-35.33317565917969,36.0,-36.0,False,-0.01363904
222,4.44,0.06721583008766174,-0.09026604518136061,1.1733636,17.415659,1.5519665479660034,36.20644760131836,36.0,0.7727272727272727,"left_hip_pitch_joint,left_hip_roll_joint,left_hip_yaw_joint,left_knee_joint,left_ankle_pitch_joint,right_hip_pitch_joint,right_hip_roll_joint,right_hip_yaw_joint,right_knee_joint,right_ankle_pitch_joint,right_ankle_roll_joint,waist_yaw_joint,left_shoulder_pitch_joint,left_shoulder_roll_joint,left_shoulder_yaw_joint,left_elbow_joint,right_elbow_joint",0.0,0.0,0,pelvis,0.0,1.3813625574111938,1.228769302368164,-32.74901580810547,32.873443603515625,-36.0,36.0,False,-0.0030343384
223,4.46,0.08395785838365555,-0.13436269782786425,1.5302949,25.816305,1.0791829824447632,36.06222915649414,36.0,0.8181818181818182,"left_hip_pitch_joint,left_hip_roll_joint,left_hip_yaw_joint,left_knee_joint,left_ankle_pitch_joint,left_ankle_roll_joint,right_hip_pitch_joint,right_hip_roll_joint,right_hip_yaw_joint,right_knee_joint,right_ankle_pitch_joint,right_ankle_roll_joint,waist_yaw_joint,left_shoulder_pitch_joint,left_shoulder_roll_joint,left_elbow_joint,right_shoulder_pitch_joint,right_elbow_joint",0.0,0.0,0,pelvis,0.0,1.5036643743515015,0.9237067103385925,12.25256061553955,-33.907508850097656,36.0,-36.0,False,0.024417795
224,4.48,0.08279035985469818,-0.0829477128892524,0.79015356,21.726768,1.5711987018585205,35.9568977355957,36.0,0.8636363636363636,"left_hip_pitch_joint,left_hip_roll_joint,left_hip_yaw_joint,left_knee_joint,left_ankle_pitch_joint,right_hip_pitch_joint,right_hip_roll_joint,right_hip_yaw_joint,right_knee_joint,right_ankle_pitch_joint,right_ankle_roll_joint,waist_yaw_joint,left_shoulder_pitch_joint,left_shoulder_roll_joint,left_shoulder_yaw_joint,left_elbow_joint,right_shoulder_pitch_joint,right_shoulder_roll_joint,right_elbow_joint",0.0,0.0,0,pelvis,0.0,1.3057937622070312,1.3091844320297241,-26.058238983154297,22.614608764648438,-36.0,36.0,False,0.030607387
225,4.5,0.08994993567466736,-0.12668518344789437,2.1406143,26.519924,1.24775230884552,36.120670318603516,36.0,0.7727272727272727,"left_hip_pitch_joint,left_hip_roll_joint,left_hip_yaw_joint,left_knee_joint,left_ankle_pitch_joint,left_ankle_roll_joint,right_hip_pitch_joint,right_hip_roll_joint,right_hip_yaw_joint,right_knee_joint,right_ankle_pitch_joint,right_ankle_roll_joint,waist_yaw_joint,left_shoulder_pitch_joint,left_shoulder_roll_joint,left_elbow_joint,right_elbow_joint",0.0,0.0,0,pelvis,0.0,1.6722337007522583,0.9212455749511719,34.63966751098633,-32.39787292480469,36.0,-36.0,False,0.03305798
226,4.5200000000000005,0.08147291094064713,-0.1384557859702369,1.8041795,24.883633,1.6655261516571045,36.367271423339844,36.0,0.8181818181818182,"left_hip_pitch_joint,left_hip_roll_joint,left_hip_yaw_joint,left_knee_joint,left_ankle_pitch_joint,right_hip_pitch_joint,right_hip_roll_joint,right_hip_yaw_joint,right_knee_joint,right_ankle_pitch_joint,right_ankle_roll_joint,waist_yaw_joint,left_shoulder_pitch_joint,left_shoulder_roll_joint,left_shoulder_yaw_joint,left_elbow_joint,right_shoulder_roll_joint,right_elbow_joint",0.0,0.0,0,pelvis,0.0,1.6442006826400757,1.2710368633270264,-32.84941864013672,28.629491806030273,-36.0,36.0,False,0.025470927
227,4.54,0.07431616634130478,-0.10494660732929795,2.0498748,22.819916,1.5176689624786377,36.23826599121094,36.0,0.8636363636363636,"left_hip_pitch_joint,left_hip_roll_joint,left_hip_yaw_joint,left_knee_joint,left_ankle_pitch_joint,left_ankle_roll_joint,right_hip_pitch_joint,right_hip_roll_joint,right_hip_yaw_joint,right_knee_joint,right_ankle_pitch_joint,right_ankle_roll_joint,waist_roll_joint,waist_yaw_joint,left_shoulder_pitch_joint,left_shoulder_roll_joint,left_elbow_joint,right_shoulder_pitch_joint,right_elbow_joint",4.161628,0.0,224.44163513183594,right_knee_link,224.44164,1.9194540977478027,0.9663698077201843,36.23826599121094,-29.77571678161621,36.0,-36.0,False,0.023693057
228,4.5600000000000005,0.08343935012817383,-0.24583878701602124,0.8481942,18.784826,1.5510679483413696,36.05951690673828,36.0,0.7727272727272727,"left_hip_yaw_joint,left_knee_joint,left_ankle_pitch_joint,right_hip_pitch_joint,right_hip_roll_joint,right_knee_joint,right_ankle_pitch_joint,right_ankle_roll_joint,waist_roll_joint,waist_yaw_joint,left_shoulder_pitch_joint,left_shoulder_roll_joint,left_shoulder_yaw_joint,left_elbow_joint,right_shoulder_pitch_joint,right_shoulder_roll_joint,right_elbow_joint",74.87729,3.3270028,1.741714596748352,left_ankle_roll_link,74.87729,1.905251383781433,1.2297593355178833,-20.999507904052734,23.883432388305664,-36.0,36.0,False,-0.010097884
229,4.58,0.08826402574777603,-0.2466281233372758,1.5868659,22.055565,1.5211423635482788,36.06049728393555,36.0,0.7272727272727273,"left_hip_pitch_joint,left_hip_yaw_joint,left_ankle_pitch_joint,right_hip_roll_joint,right_hip_yaw_joint,right_knee_joint,right_ankle_pitch_joint,right_ankle_roll_joint,waist_roll_joint,waist_yaw_joint,left_shoulder_pitch_joint,left_shoulder_roll_joint,left_elbow_joint,right_shoulder_roll_joint,right_shoulder_yaw_joint,right_elbow_joint",0.0,0.0,387.5091552734375,torso_link,387.50916,1.945623755455017,1.0498652458190918,17.109298706054688,-16.954439163208008,7.535446,-36.0,False,0.00376976
230,4.6000000000000005,0.08779538422822952,-0.2335598882202774,1.3420874,23.544891,1.41482412815094,36.522281646728516,36.0,0.8636363636363636,"left_hip_roll_joint,left_hip_yaw_joint,left_knee_joint,left_ankle_pitch_joint,left_ankle_roll_joint,right_hip_pitch_joint,right_hip_roll_joint,right_hip_yaw_joint,right_knee_joint,right_ankle_pitch_joint,right_ankle_roll_joint,waist_roll_joint,waist_yaw_joint,left_shoulder_pitch_joint,left_shoulder_yaw_joint,left_elbow_joint,right_shoulder_pitch_joint,right_shoulder_roll_joint,right_elbow_joint",0.0,0.0,0,pelvis,0.0,1.5689932107925415,1.3554267883300781,-36.522281646728516,22.636585235595703,-36.0,36.0,False,0.010917023
231,4.62,0.08008621633052826,-0.11499859913787613,1.7973615,23.861273,1.3763188123703003,36.29400634765625,36.0,0.9090909090909091,"left_hip_pitch_joint,left_hip_roll_joint,left_hip_yaw_joint,left_knee_joint,left_ankle_pitch_joint,right_hip_pitch_joint,right_hip_roll_joint,right_hip_yaw_joint,right_knee_joint,right_ankle_pitch_joint,right_ankle_roll_joint,waist_roll_joint,waist_yaw_joint,left_shoulder_pitch_joint,left_shoulder_roll_joint,left_elbow_joint,right_shoulder_pitch_joint,right_shoulder_roll_joint,right_shoulder_yaw_joint,right_elbow_joint",0.0,0.0,0,pelvis,0.0,1.8008002042770386,1.3320480585098267,36.29400634765625,-7.385205268859863,36.0,-36.0,False,0.027628139
232,4.64,0.08009299635887146,-0.1705791256213871,1.712885,8.625924,1.272202968597412,36.257205963134766,36.0,0.8181818181818182,"left_hip_yaw_joint,left_knee_joint,left_ankle_pitch_joint,left_ankle_roll_joint,right_hip_pitch_joint,right_hip_roll_joint,right_hip_yaw_joint,right_ankle_pitch_joint,right_ankle_roll_joint,waist_roll_joint,waist_yaw_joint,left_shoulder_pitch_joint,left_shoulder_roll_joint,left_shoulder_yaw_joint,left_elbow_joint,right_shoulder_pitch_joint,right_shoulder_roll_joint,right_elbow_joint",0.0,0.0,0,pelvis,0.0,1.6056221723556519,0.7813822627067566,-36.257205963134766,-36.05498123168945,-36.0,-27.448425,False,0.009317294
233,4.66,0.09004586189985275,-0.08177263273183799,1.573892,27.451418,1.3792041540145874,36.11712646484375,36.0,0.8181818181818182,"left_hip_pitch_joint,left_hip_roll_joint,left_hip_yaw_joint,left_knee_joint,left_ankle_pitch_joint,right_hip_pitch_joint,right_hip_roll_joint,right_hip_yaw_joint,right_knee_joint,right_ankle_pitch_joint,right_ankle_roll_joint,waist_yaw_joint,left_shoulder_pitch_joint,left_shoulder_roll_joint,left_elbow_joint,right_shoulder_roll_joint,right_shoulder_yaw_joint,right_elbow_joint",0.0,0.0,0,pelvis,0.0,1.8036855459213257,0.8888053297996521,32.51844787597656,36.11712646484375,36.0,36.0,False,0.02637272
234,4.68,0.06360317021608353,-0.10608410954575476,1.8686708,24.580616,1.1691114902496338,36.33940887451172,36.0,0.9545454545454546,"left_hip_pitch_joint,left_hip_roll_joint,left_hip_yaw_joint,left_knee_joint,left_ankle_pitch_joint,left_ankle_roll_joint,right_hip_pitch_joint,right_hip_roll_joint,right_hip_yaw_joint,right_knee_joint,right_ankle_pitch_joint,right_ankle_roll_joint,waist_roll_joint,waist_yaw_joint,left_shoulder_pitch_joint,left_shoulder_roll_joint,left_shoulder_yaw_joint,left_elbow_joint,right_shoulder_pitch_joint,right_shoulder_roll_joint,right_elbow_joint",0.0,0.0,0,pelvis,0.0,1.5290392637252808,0.5412560105323792,-36.30662155151367,-36.33940887451172,-36.0,-36.0,False,0.014357984
235,4.7,0.05673987418413162,-0.06827833813681305,1.9172082,19.07918,1.3664460182189941,33.969322204589844,36.0,0.8181818181818182,"left_hip_pitch_joint,left_hip_roll_joint,left_hip_yaw_joint,left_knee_joint,left_ankle_pitch_joint,right_hip_pitch_joint,right_hip_roll_joint,right_hip_yaw_joint,right_knee_joint,right_ankle_pitch_joint,right_ankle_roll_joint,waist_roll_joint,waist_yaw_joint,left_shoulder_pitch_joint,left_elbow_joint,right_shoulder_pitch_joint,right_shoulder_yaw_joint,right_elbow_joint",0.0,38.76418,1909.7255859375,right_knee_link,956.5263,1.7909274101257324,0.8599953651428223,33.969322204589844,2.53806209564209,36.0,36.0,False,0.0162066
236,4.72,0.05595875531435013,-0.17794398679876622,1.0145531,9.187636,1.2284867763519287,36.917667388916016,36.0,0.8636363636363636,"left_hip_pitch_joint,left_hip_roll_joint,left_hip_yaw_joint,left_knee_joint,left_ankle_pitch_joint,left_ankle_roll_joint,right_hip_pitch_joint,right_hip_roll_joint,right_hip_yaw_joint,right_knee_joint,right_ankle_pitch_joint,right_ankle_roll_joint,waist_roll_joint,waist_yaw_joint,left_shoulder_pitch_joint,left_shoulder_roll_joint,left_elbow_joint,right_shoulder_pitch_joint,right_elbow_joint",0.0,0.0,435.92657470703125,pelvis,435.92657,1.652968168258667,0.20397239923477173,-29.969884872436523,-36.917667388916016,-36.0,-36.0,False,0.0006436631
237,4.74,0.0861533060669899,-0.1333921582215929,2.9519398,28.000774,1.5064826011657715,36.65022277832031,36.0,0.7272727272727273,"left_hip_pitch_joint,left_hip_roll_joint,left_hip_yaw_joint,left_knee_joint,left_ankle_pitch_joint,right_hip_pitch_joint,right_hip_roll_joint,right_hip_yaw_joint,right_knee_joint,right_ankle_pitch_joint,right_ankle_roll_joint,waist_yaw_joint,left_shoulder_pitch_joint,left_shoulder_roll_joint,right_shoulder_yaw_joint,right_elbow_joint",0.0,0.0,0,pelvis,0.0,1.9309639930725098,0.24219973385334015,33.079925537109375,36.65022277832031,36.0,36.0,False,0.007578321
238,4.76,0.0831824392080307,-0.11470223140714397,1.2061946,29.35007,1.3122286796569824,36.48994064331055,36.0,0.9090909090909091,"left_hip_pitch_joint,left_hip_roll_joint,left_hip_yaw_joint,left_knee_joint,left_ankle_pitch_joint,left_ankle_roll_joint,right_hip_pitch_joint,right_hip_roll_joint,right_hip_yaw_joint,right_knee_joint,right_ankle_pitch_joint,right_ankle_roll_joint,waist_roll_joint,waist_yaw_joint,left_shoulder_pitch_joint,left_shoulder_roll_joint,left_elbow_joint,right_shoulder_pitch_joint,right_shoulder_roll_joint,right_elbow_joint",0.0,0.0,0,pelvis,0.0,1.7367100715637207,0.014784089289605618,-36.462120056152344,-26.12681007385254,-36.0,-36.0,False,0.021018818
239,4.78,0.09157287329435349,-0.0845106851675097,2.9034576,29.192892,1.5281903743743896,36.608734130859375,36.0,0.9090909090909091,"left_hip_pitch_joint,left_hip_roll_joint,left_hip_yaw_joint,left_knee_joint,left_ankle_pitch_joint,right_hip_pitch_joint,right_hip_roll_joint,right_hip_yaw_joint,right_knee_joint,right_ankle_pitch_joint,right_ankle_roll_joint,waist_roll_joint,waist_yaw_joint,left_shoulder_pitch_joint,left_shoulder_roll_joint,left_elbow_joint,right_shoulder_pitch_joint,right_shoulder_roll_joint,right_shoulder_yaw_joint,right_elbow_joint",0.0,0.0,151.99729919433594,torso_link,151.9973,1.952671766281128,0.3232942819595337,32.85648727416992,36.608734130859375,36.0,36.0,False,-0.015363542
240,4.8,0.08177988231182098,-0.17735269726894431,1.7467926,32.045086,1.3743910789489746,36.626808166503906,36.0,0.8636363636363636,"left_hip_pitch_joint,left_hip_roll_joint,left_hip_yaw_joint,left_knee_joint,left_ankle_pitch_joint,left_ankle_roll_joint,right_hip_pitch_joint,right_hip_roll_joint,right_hip_yaw_joint,right_knee_joint,right_ankle_pitch_joint,right_ankle_roll_joint,waist_roll_joint,waist_yaw_joint,left_shoulder_roll_joint,left_elbow_joint,right_shoulder_pitch_joint,right_shoulder_roll_joint,right_elbow_joint",0.0,0.0,0,pelvis,0.0,1.798872470855713,0.05118047818541527,-36.32891845703125,-36.626808166503906,-36.0,-36.0,False,0.0021171272
241,4.82,0.07748472690582275,-0.1603524077984293,2.5736017,26.983215,1.5075241327285767,36.3935432434082,36.0,0.8181818181818182,"left_hip_pitch_joint,left_hip_roll_joint,left_hip_yaw_joint,left_knee_joint,left_ankle_pitch_joint,right_hip_pitch_joint,right_hip_roll_joint,right_hip_yaw_joint,right_knee_joint,right_ankle_pitch_joint,right_ankle_roll_joint,waist_roll_joint,waist_yaw_joint,left_shoulder_pitch_joint,left_shoulder_roll_joint,left_elbow_joint,right_shoulder_pitch_joint,right_elbow_joint",0.8528284,0.0,0,left_ankle_roll_link,0.8528284,1.932005524635315,0.22323450446128845,27.433399200439453,36.3935432434082,36.0,36.0,False,-0.013304727
242,4.84,0.07250308990478516,-0.20577074715441102,1.2799923,14.286192,1.2461129426956177,36.64348602294922,36.0,0.8181818181818182,"left_hip_pitch_joint,left_hip_roll_joint,left_hip_yaw_joint,left_knee_joint,left_ankle_pitch_joint,left_ankle_roll_joint,right_hip_pitch_joint,right_hip_yaw_joint,right_knee_joint,right_ankle_pitch_joint,right_ankle_roll_joint,waist_roll_joint,waist_yaw_joint,left_shoulder_pitch_joint,left_shoulder_roll_joint,left_elbow_joint,right_shoulder_pitch_joint,right_elbow_joint",0.0,0.0,0,pelvis,0.0,1.670594334602356,0.02021600678563118,-36.64348602294922,-34.03315353393555,-36.0,-36.0,False,-0.027181983
243,4.86,0.07330909371376038,-0.08388568252874506,2.1716957,33.61734,1.450465202331543,36.91911315917969,36.0,0.8636363636363636,"left_hip_pitch_joint,left_hip_roll_joint,left_hip_yaw_joint,left_knee_joint,left_ankle_pitch_joint,right_hip_pitch_joint,right_hip_yaw_joint,right_knee_joint,right_ankle_pitch_joint,right_ankle_roll_joint,waist_roll_joint,waist_yaw_joint,left_shoulder_pitch_joint,left_shoulder_roll_joint,left_elbow_joint,right_shoulder_pitch_joint,right_shoulder_roll_joint,right_shoulder_yaw_joint,right_elbow_joint",0.0,0.0,117.85140991210938,torso_link,117.85141,1.8749465942382812,0.3279697597026825,32.15264892578125,36.91911315917969,36.0,36.0,False,-0.023151636
244,4.88,0.058304186910390854,0.06932442444191289,1.810237,22.15967,1.3279863595962524,36.14145278930664,36.0,0.9090909090909091,"left_hip_pitch_joint,left_hip_roll_joint,left_hip_yaw_joint,left_knee_joint,left_ankle_pitch_joint,left_ankle_roll_joint,right_hip_pitch_joint,right_hip_roll_joint,right_hip_yaw_joint,right_knee_joint,right_ankle_pitch_joint,right_ankle_roll_joint,waist_roll_joint,waist_yaw_joint,left_shoulder_pitch_joint,left_shoulder_yaw_joint,left_elbow_joint,right_shoulder_pitch_joint,right_shoulder_roll_joint,right_elbow_joint",0.0,0.0,0,pelvis,0.0,1.7524677515029907,0.26092037558555603,-32.94590377807617,-36.14145278930664,-36.0,-36.0,False,-0.013191149
245,4.9,0.06803783029317856,-0.0007050951951228512,2.1106327,28.779812,1.6165578365325928,36.72367477416992,36.0,0.7272727272727273,"left_hip_pitch_joint,left_hip_roll_joint,left_hip_yaw_joint,left_knee_joint,left_ankle_pitch_joint,right_hip_pitch_joint,right_hip_yaw_joint,right_knee_joint,right_ankle_pitch_joint,right_ankle_roll_joint,waist_yaw_joint,left_shoulder_pitch_joint,left_shoulder_roll_joint,left_elbow_joint,right_shoulder_roll_joint,right_elbow_joint",0.0,0.0,0,pelvis,0.0,2.041039228439331,0.31735992431640625,34.64250564575195,36.72367477416992,36.0,36.0,False,0.0158959
246,4.92,0.056598518043756485,0.08265965572256384,1.7081708,24.072273,1.4797385931015015,36.72133255004883,36.0,0.9090909090909091,"left_hip_pitch_joint,left_hip_roll_joint,left_hip_yaw_joint,left_knee_joint,left_ankle_pitch_joint,left_ankle_roll_joint,right_hip_pitch_joint,right_hip_roll_joint,right_hip_yaw_joint,right_knee_joint,right_ankle_pitch_joint,right_ankle_roll_joint,waist_yaw_joint,left_shoulder_pitch_joint,left_shoulder_roll_joint,left_shoulder_yaw_joint,left_elbow_joint,right_shoulder_pitch_joint,right_shoulder_roll_joint,right_elbow_joint",0.0,0.0,0,pelvis,0.0,1.9042199850082397,0.14792506396770477,-36.15952682495117,-36.72133255004883,-36.0,-36.0,False,0.027621947
247,4.94,0.06552564352750778,-0.02396739891020916,2.4997795,32.061245,1.6297497749328613,36.75495529174805,36.0,0.8181818181818182,"left_hip_pitch_joint,left_hip_yaw_joint,left_knee_joint,left_ankle_pitch_joint,right_hip_pitch_joint,right_hip_roll_joint,right_hip_yaw_joint,right_knee_joint,right_ankle_pitch_joint,right_ankle_roll_joint,waist_roll_joint,waist_yaw_joint,left_shoulder_pitch_joint,left_shoulder_roll_joint,left_elbow_joint,right_shoulder_pitch_joint,right_shoulder_roll_joint,right_elbow_joint",0.0,0.0,0,pelvis,0.0,2.0542311668395996,0.43855220079421997,32.43109130859375,36.75495529174805,36.0,36.0,False,0.03560472
248,4.96,0.03573661670088768,0.07547418057628574,2.735806,23.27247,1.6814274787902832,36.51615905761719,36.0,0.8636363636363636,"left_hip_pitch_joint,left_hip_yaw_joint,left_knee_joint,left_ankle_pitch_joint,left_ankle_roll_joint,right_hip_pitch_joint,right_hip_roll_joint,right_hip_yaw_joint,right_knee_joint,right_ankle_pitch_joint,right_ankle_roll_joint,waist_roll_joint,waist_yaw_joint,left_shoulder_pitch_joint,left_shoulder_roll_joint,left_elbow_joint,right_shoulder_pitch_joint,right_shoulder_roll_joint,right_elbow_joint",0.0,0.0,0,pelvis,0.0,2.1059088706970215,0.22617456316947937,-20.923145294189453,-36.51615905761719,-36.0,-36.0,False,0.0123755485
249,4.98,0.06590351462364197,-0.04671963445586158,2.4516253,30.050903,1.4117422103881836,36.346309661865234,36.0,0.8636363636363636,"left_hip_pitch_joint,left_hip_roll_joint,left_hip_yaw_joint,left_ankle_pitch_joint,right_hip_pitch_joint,right_hip_roll_joint,right_hip_yaw_joint,right_knee_joint,right_ankle_pitch_joint,right_ankle_roll_joint,waist_roll_joint,waist_yaw_joint,left_shoulder_pitch_joint,left_shoulder_roll_joint,left_elbow_joint,right_shoulder_pitch_joint,right_shoulder_roll_joint,right_shoulder_yaw_joint,right_elbow_joint",0.0,0.0,0,pelvis,0.0,1.8362236022949219,0.6222506761550903,-15.974148750305176,36.346309661865234,-8.975319,36.0,False,-0.0062641203
250,5.0,0.06534817069768906,-0.0922663197640432,1.9026012,27.550219,1.0529969930648804,36.41553497314453,36.0,0.8636363636363636,"left_hip_pitch_joint,left_hip_roll_joint,left_hip_yaw_joint,left_ankle_pitch_joint,left_ankle_roll_joint,right_hip_pitch_joint,right_hip_roll_joint,right_hip_yaw_joint,right_knee_joint,right_ankle_pitch_joint,right_ankle_roll_joint,waist_yaw_joint,left_shoulder_pitch_joint,left_shoulder_roll_joint,left_shoulder_yaw_joint,left_elbow_joint,right_shoulder_pitch_joint,right_shoulder_roll_joint,right_elbow_joint",0.0,0.0,0,pelvis,0.0,1.2395455837249756,0.575421929359436,-36.41553497314453,-35.78460693359375,-17.094482,-36.0,False,-0.01906737
