frame,t,rz,pgz,lv_norm,av_norm,dof_pos_err_max,dof_vel_max,tau_max,tau_sat,saturated_joints,L_fz,R_fz,non_foot_cf_sum,top_cf_name,top_cf_val,knee_L,knee_R,knee_L_vel,knee_R_vel,knee_L_tau,knee_R_tau,knee_hit_limit,bz_min
0,0.0,0.4103291630744934,0.9999562098754664,0.0,0.0,0.0,0.0,0.0,0.0,,0.0,0.0,0,pelvis,0.0,0.4244813621044159,0.4350522756576538,0.0,0.0,0.0,0.0,False,0.03364689
1,0.02,0.40812188386917114,0.9999562098754664,0.192132,0.068791136,1.4901161193847656e-08,1.3132964372634888,0.0,0.0,,0.0,22.089802,0,right_ankle_roll_link,22.089802,0.4244813621044159,0.4350522756576538,0.012202293612062931,-0.16971461474895477,0.0,0.0,False,0.0314397
2,0.04,0.4044758975505829,0.9996670110913148,0.34629905,3.7801244,0.37133723497390747,26.380298614501953,15.759558,0.0,,3.606813,3.606813,0,left_ankle_roll_link,3.606813,0.44648438692092896,0.8063895106315613,1.184909701347351,26.380298614501953,-0.43928257,6.109726,False,0.031101402
3,0.06,0.41447556018829346,0.9937440659513186,1.6439112,26.339811,0.6206108927726746,35.790523529052734,36.0,0.45454545454545453,"left_hip_roll_joint,left_hip_yaw_joint,left_knee_joint,right_hip_pitch_joint,right_hip_yaw_joint,right_knee_joint,right_ankle_pitch_joint,right_ankle_roll_joint,waist_roll_joint,waist_yaw_joint",93.06586,0.0,0,left_ankle_roll_link,93.06586,0.023293418809771538,0.2731192111968994,-34.148681640625,-29.813373565673828,-36.0,-36.0,False,0.031429738
4,0.08,0.41901013255119324,0.9703647116217123,1.3157674,7.620693,0.48724254965782166,36.208980560302734,36.0,0.9090909090909091,"left_hip_pitch_joint,left_hip_roll_joint,left_hip_yaw_joint,left_knee_joint,left_ankle_pitch_joint,right_hip_pitch_joint,right_hip_roll_joint,right_hip_yaw_joint,right_knee_joint,right_ankle_pitch_joint,right_ankle_roll_joint,waist_roll_joint,waist_yaw_joint,left_shoulder_pitch_joint,left_shoulder_yaw_joint,left_elbow_joint,right_shoulder_pitch_joint,right_shoulder_roll_joint,right_shoulder_yaw_joint,right_elbow_joint",0.0,0.0,0,pelvis,0.0,0.5353463888168335,0.8657848834991455,36.181522369384766,17.462326049804688,36.0,36.0,False,0.051034637
5,0.1,0.42537328600883484,0.9878047243442507,1.4475694,24.73623,0.6581640243530273,36.04779815673828,36.0,0.9090909090909091,"left_hip_pitch_joint,left_hip_roll_joint,left_hip_yaw_joint,left_knee_joint,left_ankle_pitch_joint,right_hip_pitch_joint,right_hip_roll_joint,right_hip_yaw_joint,right_knee_joint,right_ankle_pitch_joint,right_ankle_roll_joint,waist_yaw_joint,left_shoulder_pitch_joint,left_shoulder_roll_joint,left_shoulder_yaw_joint,left_elbow_joint,right_shoulder_pitch_joint,right_shoulder_roll_joint,right_shoulder_yaw_joint,right_elbow_joint",0.0,0.0,0,pelvis,0.0,0.22484029829502106,0.27789953351020813,-34.93369674682617,-33.566036224365234,-36.0,-36.0,False,0.05198858
6,0.12,0.41975459456443787,0.9886943475143943,1.0915161,23.86202,0.5531482696533203,36.04304504394531,36.0,0.9090909090909091,"left_hip_pitch_joint,left_hip_roll_joint,left_hip_yaw_joint,left_knee_joint,left_ankle_pitch_joint,left_ankle_roll_joint,right_hip_pitch_joint,right_hip_roll_joint,right_hip_yaw_joint,right_knee_joint,right_ankle_pitch_joint,right_ankle_roll_joint,waist_roll_joint,waist_yaw_joint,left_shoulder_pitch_joint,left_shoulder_yaw_joint,left_elbow_joint,right_shoulder_roll_joint,right_shoulder_yaw_joint,right_elbow_joint",0.0,0.0,0,pelvis,0.0,0.665164053440094,0.8390533924102783,35.38742446899414,29.613698959350586,36.0,36.0,False,0.0742164
7,0.14,0.4177970290184021,0.9788543452415072,1.4210241,17.473587,0.6683217287063599,35.99897384643555,36.0,0.9545454545454546,"left_hip_pitch_joint,left_hip_roll_joint,left_hip_yaw_joint,left_knee_joint,left_ankle_pitch_joint,right_hip_pitch_joint,right_hip_roll_joint,right_hip_yaw_joint,right_knee_joint,right_ankle_pitch_joint,right_ankle_roll_joint,waist_roll_joint,waist_yaw_joint,left_shoulder_pitch_joint,left_shoulder_roll_joint,left_shoulder_yaw_joint,left_elbow_joint,right_shoulder_pitch_joint,right_shoulder_roll_joint,right_shoulder_yaw_joint,right_elbow_joint",0.0,0.0,0,pelvis,0.0,0.48663681745529175,0.34519535303115845,-31.006319046020508,-34.33269119262695,-36.0,-36.0,False,0.06829729
8,0.16,0.4026343822479248,0.964041906856603,1.6239797,22.691793,0.9051292538642883,36.03620529174805,36.0,1.0,"left_hip_pitch_joint,left_hip_roll_joint,left_hip_yaw_joint,left_knee_joint,left_ankle_pitch_joint,left_ankle_roll_joint,right_hip_pitch_joint,right_hip_roll_joint,right_hip_yaw_joint,right_knee_joint,right_ankle_pitch_joint,right_ankle_roll_joint,waist_roll_joint,waist_yaw_joint,left_shoulder_pitch_joint,left_shoulder_roll_joint,left_shoulder_yaw_joint,left_elbow_joint,right_shoulder_pitch_joint,right_shoulder_roll_joint,right_shoulder_yaw_joint,right_elbow_joint",0.0,0.0,0,pelvis,0.0,0.9132779836654663,0.8022586703300476,34.965980529785156,25.60850715637207,36.0,36.0,False,0.08159454
9,0.18,0.39041605591773987,0.9553325401608435,1.2692363,15.428955,1.0137546062469482,36.52552795410156,36.0,0.9545454545454546,"left_hip_pitch_joint,left_hip_roll_joint,left_hip_yaw_joint,left_knee_joint,left_ankle_pitch_joint,right_hip_pitch_joint,right_hip_roll_joint,right_hip_yaw_joint,right_knee_joint,right_ankle_pitch_joint,right_ankle_roll_joint,waist_roll_joint,waist_yaw_joint,left_shoulder_pitch_joint,left_shoulder_roll_joint,left_shoulder_yaw_joint,left_elbow_joint,right_shoulder_pitch_joint,right_shoulder_roll_joint,right_shoulder_yaw_joint,right_elbow_joint",185.39441,0.0,0,left_ankle_roll_link,185.39441,0.8913814425468445,0.5724283456802368,-13.552321434020996,-28.84918975830078,-36.0,-36.0,False,0.0802013
10,0.2,0.36821311712265015,0.9199041240017851,1.7097236,4.9191284,1.3470932245254517,36.3548583984375,36.0,0.9545454545454546,"left_hip_pitch_joint,left_hip_roll_joint,left_hip_yaw_joint,left_knee_joint,left_ankle_pitch_joint,left_ankle_roll_joint,right_hip_pitch_joint,right_hip_roll_joint,right_hip_yaw_joint,right_knee_joint,right_ankle_pitch_joint,right_ankle_roll_joint,waist_roll_joint,waist_yaw_joint,left_shoulder_pitch_joint,left_shoulder_yaw_joint,left_elbow_joint,right_shoulder_pitch_joint,right_shoulder_roll_joint,right_shoulder_yaw_joint,right_elbow_joint",0.0,0.0,0,pelvis,0.0,1.3220380544662476,0.7849913239479065,36.3548583984375,14.060552597045898,36.0,36.0,False,0.10240577
11,0.22,0.34783703088760376,0.937537404570808,1.7533476,18.767977,1.4661458730697632,36.11610412597656,36.0,0.8636363636363636,"left_hip_pitch_joint,left_hip_roll_joint,left_hip_yaw_joint,left_knee_joint,left_ankle_pitch_joint,right_hip_pitch_joint,right_hip_roll_joint,right_hip_yaw_joint,right_knee_joint,right_ankle_pitch_joint,right_ankle_roll_joint,left_shoulder_pitch_joint,left_shoulder_roll_joint,left_shoulder_yaw_joint,left_elbow_joint,right_shoulder_pitch_joint,right_shoulder_roll_joint,right_shoulder_yaw_joint,right_elbow_joint",0.0,0.0,0,pelvis,0.0,0.9971573352813721,0.7390904426574707,-26.914554595947266,-20.565269470214844,-36.0,-36.0,False,0.1102475
12,0.24,0.319438636302948,0.9721907754668587,2.1608503,6.1399803,1.40364408493042,36.06817626953125,36.0,0.9090909090909091,"left_hip_pitch_joint,left_hip_roll_joint,left_hip_yaw_joint,left_knee_joint,left_ankle_pitch_joint,left_ankle_roll_joint,right_hip_pitch_joint,right_hip_roll_joint,right_hip_yaw_joint,right_knee_joint,right_ankle_pitch_joint,right_ankle_roll_joint,waist_roll_joint,left_shoulder_pitch_joint,left_shoulder_yaw_joint,left_elbow_joint,right_shoulder_pitch_joint,right_shoulder_roll_joint,right_shoulder_yaw_joint,right_elbow_joint",0.0,0.0,0,pelvis,0.0,1.5337166786193848,0.759871244430542,35.32966232299805,15.724421501159668,36.0,36.0,False,0.13177973
13,0.26,0.293548583984375,0.9821851719874675,2.006776,16.711924,1.589857816696167,36.14603805541992,36.0,0.9545454545454546,"left_hip_pitch_joint,left_hip_roll_joint,left_hip_yaw_joint,left_knee_joint,left_ankle_pitch_joint,right_hip_pitch_joint,right_hip_roll_joint,right_hip_yaw_joint,right_knee_joint,right_ankle_pitch_joint,right_ankle_roll_joint,waist_roll_joint,waist_yaw_joint,left_shoulder_pitch_joint,left_shoulder_roll_joint,left_shoulder_yaw_joint,left_elbow_joint,right_shoulder_pitch_joint,right_shoulder_roll_joint,right_shoulder_yaw_joint,right_elbow_joint",0.0,0.0,0,pelvis,0.0,1.3247710466384888,0.5870954394340515,-31.435136795043945,-28.37583351135254,-36.0,-36.0,False,0.1073379
14,0.28,0.25710853934288025,0.9992178407052689,2.8925297,17.176003,1.3635797500610352,36.10689926147461,36.0,0.9545454545454546,"left_hip_pitch_joint,left_hip_roll_joint,left_hip_yaw_joint,left_knee_joint,left_ankle_pitch_joint,left_ankle_roll_joint,right_hip_pitch_joint,right_hip_roll_joint,right_hip_yaw_joint,right_knee_joint,right_ankle_pitch_joint,right_ankle_roll_joint,waist_roll_joint,waist_yaw_joint,left_shoulder_roll_joint,left_shoulder_yaw_joint,left_elbow_joint,right_shoulder_pitch_joint,right_shoulder_roll_joint,right_shoulder_yaw_joint,right_elbow_joint",0.0,0.0,0,pelvis,0.0,1.6799818277359009,0.7845284938812256,35.373409271240234,31.957168579101562,36.0,36.0,False,0.09585331
15,0.3,0.2261791080236435,0.9762097356191519,1.9967526,15.521709,1.5409139394760132,36.808311462402344,36.0,0.9545454545454546,"left_hip_pitch_joint,left_hip_roll_joint,left_hip_yaw_joint,left_knee_joint,left_ankle_pitch_joint,right_hip_pitch_joint,right_hip_roll_joint,right_hip_yaw_joint,right_knee_joint,right_ankle_pitch_joint,right_ankle_roll_joint,waist_roll_joint,waist_yaw_joint,left_shoulder_pitch_joint,left_shoulder_roll_joint,left_shoulder_yaw_joint,left_elbow_joint,right_shoulder_pitch_joint,right_shoulder_roll_joint,right_shoulder_yaw_joint,right_elbow_joint",519.9914,0.0,0,left_ankle_roll_link,519.9914,1.9653953313827515,0.6093816757202148,19.39650535583496,-33.704776763916016,-36.0,-36.0,False,0.0475159
16,0.32,0.19856026768684387,0.9973389226736693,2.794764,27.957083,1.5119621753692627,36.07414627075195,36.0,0.9090909090909091,"left_hip_pitch_joint,left_hip_roll_joint,left_hip_yaw_joint,left_knee_joint,left_ankle_pitch_joint,left_ankle_roll_joint,right_hip_pitch_joint,right_hip_yaw_joint,right_knee_joint,right_ankle_pitch_joint,right_ankle_roll_joint,waist_yaw_joint,left_shoulder_pitch_joint,left_shoulder_roll_joint,left_shoulder_yaw_joint,left_elbow_joint,right_shoulder_pitch_joint,right_shoulder_roll_joint,right_shoulder_yaw_joint,right_elbow_joint",490.29703,0.0,0,left_ankle_roll_link,490.29703,1.9282840490341187,0.957194983959198,-1.2101384401321411,32.2276611328125,-36.0,36.0,False,0.07327362
17,0.34,0.1746976524591446,0.9883737542700943,1.4834903,6.793099,1.4635748863220215,35.981544494628906,36.0,1.0,"left_hip_pitch_joint,left_hip_roll_joint,left_hip_yaw_joint,left_knee_joint,left_ankle_pitch_joint,left_ankle_roll_joint,right_hip_pitch_joint,right_hip_roll_joint,right_hip_yaw_joint,right_knee_joint,right_ankle_pitch_joint,right_ankle_roll_joint,waist_roll_joint,waist_yaw_joint,left_shoulder_pitch_joint,left_shoulder_roll_joint,left_shoulder_yaw_joint,left_elbow_joint,right_shoulder_pitch_joint,right_shoulder_roll_joint,right_shoulder_yaw_joint,right_elbow_joint",0.0,0.0,0,pelvis,0.0,1.8880562782287598,0.9586501121520996,-5.345460414886475,-31.359994888305664,-36.0,-36.0,False,0.060716685
18,0.36,0.1480807363986969,0.9621938759337665,2.854771,25.356306,1.4710732698440552,36.20217514038086,36.0,1.0,"left_hip_pitch_joint,left_hip_roll_joint,left_hip_yaw_joint,left_knee_joint,left_ankle_pitch_joint,left_ankle_roll_joint,right_hip_pitch_joint,right_hip_roll_joint,right_hip_yaw_joint,right_knee_joint,right_ankle_pitch_joint,right_ankle_roll_joint,waist_roll_joint,waist_yaw_joint,left_shoulder_pitch_joint,left_shoulder_roll_joint,left_shoulder_yaw_joint,left_elbow_joint,right_shoulder_pitch_joint,right_shoulder_roll_joint,right_shoulder_yaw_joint,right_elbow_joint",45.551777,45.551777,45.55177688598633,left_ankle_roll_link,45.551777,1.8384206295013428,1.0659598112106323,4.620152473449707,28.137226104736328,36.0,36.0,False,0.06364843
19,0.38,0.11686569452285767,0.9447142129934751,1.7867656,5.6581173,1.5528976917266846,36.73642349243164,36.0,1.0,"left_hip_pitch_joint,left_hip_roll_joint,left_hip_yaw_joint,left_knee_joint,left_ankle_pitch_joint,left_ankle_roll_joint,right_hip_pitch_joint,right_hip_roll_joint,right_hip_yaw_joint,right_knee_joint,right_ankle_pitch_joint,right_ankle_roll_joint,waist_roll_joint,waist_yaw_joint,left_shoulder_pitch_joint,left_shoulder_roll_joint,left_shoulder_yaw_joint,left_elbow_joint,right_shoulder_pitch_joint,right_shoulder_roll_joint,right_shoulder_yaw_joint,right_elbow_joint",0.0,138.70908,2133.51171875,left_knee_link,2133.5117,1.9162325859069824,1.3423811197280884,-4.137516021728516,0.308113157749176,-36.0,-36.0,False,0.037231028
20,0.4,0.09568542242050171,0.9397901752857614,0.6686818,3.7734163,1.604079246520996,35.970542907714844,36.0,0.9090909090909091,"left_hip_pitch_joint,left_hip_roll_joint,left_hip_yaw_joint,left_ankle_pitch_joint,right_hip_pitch_joint,right_hip_roll_joint,right_hip_yaw_joint,right_knee_joint,right_ankle_pitch_joint,right_ankle_roll_joint,waist_roll_joint,waist_yaw_joint,left_shoulder_pitch_joint,left_shoulder_roll_joint,left_shoulder_yaw_joint,left_elbow_joint,right_shoulder_pitch_joint,right_shoulder_roll_joint,right_shoulder_yaw_joint,right_elbow_joint",64.6611,95.33645,456.1415100097656,right_knee_link,254.91516,2.0285606384277344,1.0722579956054688,16.427900314331055,-14.007472038269043,29.610481,-36.0,False,0.032362286
21,0.42,0.08497854322195053,0.9553533066535376,0.6966623,4.656751,1.5610172748565674,29.90461540222168,36.0,0.9090909090909091,"left_hip_pitch_joint,left_hip_roll_joint,left_hip_yaw_joint,left_knee_joint,left_ankle_pitch_joint,right_hip_pitch_joint,right_hip_roll_joint,right_hip_yaw_joint,right_knee_joint,right_ankle_pitch_joint,right_ankle_roll_joint,waist_yaw_joint,left_shoulder_pitch_joint,left_shoulder_roll_joint,left_shoulder_yaw_joint,left_elbow_joint,right_shoulder_pitch_joint,right_shoulder_roll_joint,right_shoulder_yaw_joint,right_elbow_joint",0.0,170.80536,1002.8184509277344,left_knee_link,586.8119,1.9224827289581299,1.402767300605774,-19.781517028808594,19.31389045715332,-36.0,36.0,False,0.029988926
22,0.44,0.0851483941078186,0.9690376728589842,0.5548209,9.870944,1.5111198425292969,36.158477783203125,36.0,0.9090909090909091,"left_hip_roll_joint,left_hip_yaw_joint,left_knee_joint,left_ankle_pitch_joint,left_ankle_roll_joint,right_hip_pitch_joint,right_hip_roll_joint,right_hip_yaw_joint,right_knee_joint,right_ankle_pitch_joint,right_ankle_roll_joint,waist_yaw_joint,left_shoulder_pitch_joint,left_shoulder_roll_joint,left_shoulder_yaw_joint,left_elbow_joint,right_shoulder_pitch_joint,right_shoulder_roll_joint,right_shoulder_yaw_joint,right_elbow_joint",0.0,64.28183,392.29296875,left_knee_link,196.14648,1.9356012344360352,1.30230712890625,19.950773239135742,-9.19869327545166,36.0,-36.0,False,0.03028062
23,0.46,0.08613322675228119,0.9809815839842153,0.34366903,3.827646,1.5611393451690674,36.20328140258789,36.0,0.9090909090909091,"left_hip_pitch_joint,left_hip_roll_joint,left_hip_yaw_joint,left_knee_joint,left_ankle_pitch_joint,right_hip_pitch_joint,right_hip_roll_joint,right_hip_yaw_joint,right_knee_joint,right_ankle_pitch_joint,right_ankle_roll_joint,waist_yaw_joint,left_shoulder_pitch_joint,left_shoulder_roll_joint,left_shoulder_yaw_joint,left_elbow_joint,right_shoulder_pitch_joint,right_shoulder_roll_joint,right_shoulder_yaw_joint,right_elbow_joint",0.0,0.0,815.6552124023438,left_knee_link,815.6552,1.8693556785583496,1.5004379749298096,-5.395341873168945,20.42998695373535,-36.0,36.0,False,0.03173182
24,0.48,0.10037928819656372,0.9394961966574198,0.9593578,20.036406,1.7604050636291504,35.398460388183594,36.0,0.9545454545454546,"left_hip_pitch_joint,left_hip_yaw_joint,left_knee_joint,left_ankle_pitch_joint,left_ankle_roll_joint,right_hip_pitch_joint,right_hip_roll_joint,right_hip_yaw_joint,right_knee_joint,right_ankle_pitch_joint,right_ankle_roll_joint,waist_roll_joint,waist_yaw_joint,left_shoulder_pitch_joint,left_shoulder_roll_joint,left_shoulder_yaw_joint,left_elbow_joint,right_shoulder_pitch_joint,right_shoulder_roll_joint,right_shoulder_yaw_joint,right_elbow_joint",0.0,0.0,0,pelvis,0.0,2.1848864555358887,1.41737961769104,34.05986022949219,-6.419216156005859,36.0,-36.0,False,0.05115795
25,0.5,0.10136045515537262,0.9864746299105723,0.41823882,11.156455,1.8481383323669434,36.00663757324219,36.0,0.9545454545454546,"left_hip_pitch_joint,left_hip_roll_joint,left_hip_yaw_joint,left_knee_joint,left_ankle_pitch_joint,left_ankle_roll_joint,right_hip_pitch_joint,right_hip_roll_joint,right_hip_yaw_joint,right_knee_joint,right_ankle_pitch_joint,right_ankle_roll_joint,waist_roll_joint,left_shoulder_pitch_joint,left_shoulder_roll_joint,left_shoulder_yaw_joint,left_elbow_joint,right_shoulder_pitch_joint,right_shoulder_roll_joint,right_shoulder_yaw_joint,right_elbow_joint",1507.8511,0.0,1507.85107421875,pelvis,1507.8511,2.2726197242736816,1.5102245807647705,-2.7253775596618652,24.485454559326172,-36.0,36.0,False,0.07508824
26,0.52,0.11664196848869324,0.9535193687155185,1.0186667,16.061743,1.8114631175994873,36.16294860839844,36.0,0.9545454545454546,"left_hip_roll_joint,left_hip_yaw_joint,left_knee_joint,left_ankle_pitch_joint,left_ankle_roll_joint,right_hip_pitch_joint,right_hip_roll_joint,right_hip_yaw_joint,right_knee_joint,right_ankle_pitch_joint,right_ankle_roll_joint,waist_roll_joint,waist_yaw_joint,left_shoulder_pitch_joint,left_shoulder_roll_joint,left_shoulder_yaw_joint,left_elbow_joint,right_shoulder_pitch_joint,right_shoulder_roll_joint,right_shoulder_yaw_joint,right_elbow_joint",189.0635,0.0,0,left_ankle_roll_link,189.0635,2.2359445095062256,1.3281652927398682,0.28762102127075195,-14.94846248626709,-36.0,-36.0,False,0.052425794
27,0.54,0.12567390501499176,0.9979678653531561,0.8450496,7.0610228,1.366662859916687,36.1439094543457,36.0,0.9545454545454546,"left_hip_pitch_joint,left_hip_yaw_joint,left_knee_joint,left_ankle_pitch_joint,left_ankle_roll_joint,right_hip_pitch_joint,right_hip_roll_joint,right_hip_yaw_joint,right_knee_joint,right_ankle_pitch_joint,right_ankle_roll_joint,waist_roll_joint,waist_yaw_joint,left_shoulder_pitch_joint,left_shoulder_roll_joint,left_shoulder_yaw_joint,left_elbow_joint,right_shoulder_pitch_joint,right_shoulder_roll_joint,right_shoulder_yaw_joint,right_elbow_joint",0.0,0.0,0,pelvis,0.0,1.7911442518234253,1.1453320980072021,-6.8680267333984375,2.6638436317443848,-36.0,36.0,False,0.04766082
28,0.56,0.13449060916900635,0.8691432496546652,1.1590365,32.56819,1.760835886001587,36.05437088012695,36.0,0.9545454545454546,"left_hip_pitch_joint,left_hip_roll_joint,left_hip_yaw_joint,left_knee_joint,left_ankle_pitch_joint,left_ankle_roll_joint,right_hip_pitch_joint,right_hip_roll_joint,right_hip_yaw_joint,right_knee_joint,right_ankle_pitch_joint,right_ankle_roll_joint,waist_yaw_joint,left_shoulder_pitch_joint,left_shoulder_roll_joint,left_shoulder_yaw_joint,left_elbow_joint,right_shoulder_pitch_joint,right_shoulder_roll_joint,right_shoulder_yaw_joint,right_elbow_joint",65.81041,0.0,65.81040954589844,left_ankle_roll_link,65.81041,2.185317277908325,0.9048962593078613,29.408985137939453,-12.52902889251709,36.0,-36.0,False,0.070354626
29,0.58,0.13622330129146576,0.897613303094654,0.53485096,13.057929,1.6360499858856201,36.10297775268555,36.0,1.0,"left_hip_pitch_joint,left_hip_roll_joint,left_hip_yaw_joint,left_knee_joint,left_ankle_pitch_joint,left_ankle_roll_joint,right_hip_pitch_joint,right_hip_roll_joint,right_hip_yaw_joint,right_knee_joint,right_ankle_pitch_joint,right_ankle_roll_joint,waist_roll_joint,waist_yaw_joint,left_shoulder_pitch_joint,left_shoulder_roll_joint,left_shoulder_yaw_joint,left_elbow_joint,right_shoulder_pitch_joint,right_shoulder_roll_joint,right_shoulder_yaw_joint,right_elbow_joint",0.0,0.0,0,pelvis,0.0,2.0605313777923584,0.6522491574287415,-17.122867584228516,5.162913799285889,-36.0,36.0,False,0.071802214
30,0.6,0.15035109221935272,0.6111036783023245,1.2695627,33.21368,1.8764467239379883,35.93589782714844,36.0,1.0,"left_hip_pitch_joint,left_hip_roll_joint,left_hip_yaw_joint,left_knee_joint,left_ankle_pitch_joint,left_ankle_roll_joint,right_hip_pitch_joint,right_hip_roll_joint,right_hip_yaw_joint,right_knee_joint,right_ankle_pitch_joint,right_ankle_roll_joint,waist_roll_joint,waist_yaw_joint,left_shoulder_pitch_joint,left_shoulder_roll_joint,left_shoulder_yaw_joint,left_elbow_joint,right_shoulder_pitch_joint,right_shoulder_roll_joint,right_shoulder_yaw_joint,right_elbow_joint",0.0,0.0,0,pelvis,0.0,2.3009281158447266,0.31516847014427185,22.682884216308594,-23.321001052856445,36.0,-36.0,False,0.07259592
31,0.62,0.15197087824344635,0.6206093624736919,0.75013196,6.325464,1.7222168445587158,23.866729736328125,36.0,1.0,"left_hip_pitch_joint,left_hip_roll_joint,left_hip_yaw_joint,left_knee_joint,left_ankle_pitch_joint,left_ankle_roll_joint,right_hip_pitch_joint,right_hip_roll_joint,right_hip_yaw_joint,right_knee_joint,right_ankle_pitch_joint,right_ankle_roll_joint,waist_roll_joint,waist_yaw_joint,left_shoulder_pitch_joint,left_shoulder_roll_joint,left_shoulder_yaw_joint,left_elbow_joint,right_shoulder_pitch_joint,right_shoulder_roll_joint,right_shoulder_yaw_joint,right_elbow_joint",2129.678,0.0,2129.677978515625,pelvis,2129.678,2.146698236465454,0.0777464359998703,-5.697230815887451,16.226917266845703,-36.0,36.0,False,0.071378626
32,0.64,0.1742585003376007,0.25078012962984353,1.2325202,12.385215,2.018357992172241,36.28044128417969,36.0,0.9545454545454546,"left_hip_pitch_joint,left_hip_yaw_joint,left_knee_joint,left_ankle_pitch_joint,left_ankle_roll_joint,right_hip_pitch_joint,right_hip_roll_joint,right_hip_yaw_joint,right_knee_joint,right_ankle_pitch_joint,right_ankle_roll_joint,waist_roll_joint,waist_yaw_joint,left_shoulder_pitch_joint,left_shoulder_roll_joint,left_shoulder_yaw_joint,left_elbow_joint,right_shoulder_pitch_joint,right_shoulder_roll_joint,right_shoulder_yaw_joint,right_elbow_joint",0.0,0.0,0,pelvis,0.0,2.4428393840789795,0.014102659188210964,-0.20692723989486694,-15.138267517089844,36.0,-36.0,False,0.07607326
33,0.66,0.16630586981773376,0.42282923577766596,0.99965984,25.444212,1.4282176494598389,35.49229431152344,36.0,0.9090909090909091,"left_hip_pitch_joint,left_hip_roll_joint,left_hip_yaw_joint,left_knee_joint,left_ankle_pitch_joint,right_hip_pitch_joint,right_hip_roll_joint,right_hip_yaw_joint,right_knee_joint,right_ankle_pitch_joint,right_ankle_roll_joint,waist_yaw_joint,left_shoulder_pitch_joint,left_shoulder_roll_joint,left_shoulder_yaw_joint,left_elbow_joint,right_shoulder_pitch_joint,right_shoulder_roll_joint,right_shoulder_yaw_joint,right_elbow_joint",0.0,0.0,0,pelvis,0.0,1.8526990413665771,0.19340036809444427,-30.597244262695312,27.959306716918945,-36.0,36.0,False,0.07080607
34,0.68,0.1821056753396988,0.11321121742832219,1.3602837,22.305984,1.8312416076660156,27.03241539001465,36.0,1.0,"left_hip_pitch_joint,left_hip_roll_joint,left_hip_yaw_joint,left_knee_joint,left_ankle_pitch_joint,left_ankle_roll_joint,right_hip_pitch_joint,right_hip_roll_joint,right_hip_yaw_joint,right_knee_joint,right_ankle_pitch_joint,right_ankle_roll_joint,waist_roll_joint,waist_yaw_joint,left_shoulder_pitch_joint,left_shoulder_roll_joint,left_shoulder_yaw_joint,left_elbow_joint,right_shoulder_pitch_joint,right_shoulder_roll_joint,right_shoulder_yaw_joint,right_elbow_joint",0.0,0.0,2871.30517578125,left_knee_link,1463.8384,2.255722999572754,0.275790274143219,12.978461265563965,-7.2128682136535645,36.0,-36.0,False,0.023088876
35,0.7000000000000001,0.17556354403495789,0.23835445666161803,0.61779463,25.868723,1.5500595569610596,35.995025634765625,36.0,1.0,"left_hip_pitch_joint,left_hip_roll_joint,left_hip_yaw_joint,left_knee_joint,left_ankle_pitch_joint,left_ankle_roll_joint,right_hip_pitch_joint,right_hip_roll_joint,right_hip_yaw_joint,right_knee_joint,right_ankle_pitch_joint,right_ankle_roll_joint,waist_roll_joint,waist_yaw_joint,left_shoulder_pitch_joint,left_shoulder_roll_joint,left_shoulder_yaw_joint,left_elbow_joint,right_shoulder_pitch_joint,right_shoulder_roll_joint,right_shoulder_yaw_joint,right_elbow_joint",0.0,0.0,0,pelvis,0.0,1.710040807723999,0.23281076550483704,-34.71183395385742,30.416791915893555,-36.0,36.0,False,0.053163916
36,0.72,0.1928926259279251,-0.14061760708894155,1.3258396,30.439058,1.6640911102294922,35.9263801574707,36.0,1.0,"left_hip_pitch_joint,left_hip_roll_joint,left_hip_yaw_joint,left_knee_joint,left_ankle_pitch_joint,left_ankle_roll_joint,right_hip_pitch_joint,right_hip_roll_joint,right_hip_yaw_joint,right_knee_joint,right_ankle_pitch_joint,right_ankle_roll_joint,waist_roll_joint,waist_yaw_joint,left_shoulder_pitch_joint,left_shoulder_roll_joint,left_shoulder_yaw_joint,left_elbow_joint,right_shoulder_pitch_joint,right_shoulder_roll_joint,right_shoulder_yaw_joint,right_elbow_joint",0.0,0.0,0,pelvis,0.0,2.0885725021362305,0.2488693743944168,34.4671630859375,-10.938547134399414,36.0,-36.0,False,0.012968913
37,0.74,0.18137891590595245,-0.0808985407061531,0.9397113,14.731501,1.5618983507156372,26.3990478515625,36.0,1.0,"left_hip_pitch_joint,left_hip_roll_joint,left_hip_yaw_joint,left_knee_joint,left_ankle_pitch_joint,left_ankle_roll_joint,right_hip_pitch_joint,right_hip_roll_joint,right_hip_yaw_joint,right_knee_joint,right_ankle_pitch_joint,right_ankle_roll_joint,waist_roll_joint,waist_yaw_joint,left_shoulder_pitch_joint,left_shoulder_roll_joint,left_shoulder_yaw_joint,left_elbow_joint,right_shoulder_pitch_joint,right_shoulder_roll_joint,right_shoulder_yaw_joint,right_elbow_joint",0.0,0.0,0,pelvis,0.0,1.844327688217163,0.14075280725955963,-23.199798583984375,15.295931816101074,-36.0,36.0,False,-0.0017394945
38,0.76,0.18992015719413757,-0.3587886206465214,0.6853373,14.541304,1.8767609596252441,38.114315032958984,36.0,0.9545454545454546,"left_hip_pitch_joint,left_hip_roll_joint,left_hip_yaw_joint,left_knee_joint,left_ankle_pitch_joint,left_ankle_roll_joint,right_hip_roll_joint,right_hip_yaw_joint,right_knee_joint,right_ankle_pitch_joint,right_ankle_roll_joint,waist_roll_joint,waist_yaw_joint,left_shoulder_pitch_joint,left_shoulder_roll_joint,left_shoulder_yaw_joint,left_elbow_joint,right_shoulder_pitch_joint,right_shoulder_roll_joint,right_shoulder_yaw_joint,right_elbow_joint",0.0,0.0,0,pelvis,0.0,2.3012423515319824,-0.0034429680090397596,30.681297302246094,-0.012566804885864258,36.0,-36.0,True,-0.045334756
39,0.78,0.16417084634304047,-0.1542887545616054,1.9511372,26.277174,1.620711088180542,36.76640319824219,36.0,0.9545454545454546,"left_hip_pitch_joint,left_hip_roll_joint,left_hip_yaw_joint,left_knee_joint,left_ankle_pitch_joint,left_ankle_roll_joint,right_hip_pitch_joint,right_hip_roll_joint,right_hip_yaw_joint,right_knee_joint,right_ankle_pitch_joint,right_ankle_roll_joint,waist_yaw_joint,left_shoulder_pitch_joint,left_shoulder_roll_joint,left_shoulder_yaw_joint,left_elbow_joint,right_shoulder_pitch_joint,right_shoulder_roll_joint,right_shoulder_yaw_joint,right_elbow_joint",0.0,0.0,0,pelvis,0.0,2.0451924800872803,0.3032936155796051,-31.43712043762207,36.76640319824219,-36.0,35.532024,False,-0.050760806
40,0.8,0.16311614215373993,-0.3407557596217501,0.8082457,25.006248,1.9633069038391113,36.009727478027344,36.0,1.0,"left_hip_pitch_joint,left_hip_roll_joint,left_hip_yaw_joint,left_knee_joint,left_ankle_pitch_joint,left_ankle_roll_joint,right_hip_pitch_joint,right_hip_roll_joint,right_hip_yaw_joint,right_knee_joint,right_ankle_pitch_joint,right_ankle_roll_joint,waist_roll_joint,waist_yaw_joint,left_shoulder_pitch_joint,left_shoulder_roll_joint,left_shoulder_yaw_joint,left_elbow_joint,right_shoulder_pitch_joint,right_shoulder_roll_joint,right_shoulder_yaw_joint,right_elbow_joint",0.0,0.0,0,pelvis,0.0,2.3877882957458496,0.6547861099243164,32.04777908325195,6.010959148406982,36.0,-36.0,False,-0.08820165
41,0.8200000000000001,0.12330587953329086,-0.20604436665494497,2.0965567,22.354477,1.6915507316589355,38.71287155151367,36.0,1.0,"left_hip_pitch_joint,left_hip_roll_joint,left_hip_yaw_joint,left_knee_joint,left_ankle_pitch_joint,left_ankle_roll_joint,right_hip_pitch_joint,right_hip_roll_joint,right_hip_yaw_joint,right_knee_joint,right_ankle_pitch_joint,right_ankle_roll_joint,waist_roll_joint,waist_yaw_joint,left_shoulder_pitch_joint,left_shoulder_roll_joint,left_shoulder_yaw_joint,left_elbow_joint,right_shoulder_pitch_joint,right_shoulder_roll_joint,right_shoulder_yaw_joint,right_elbow_joint",0.0,0.0,3174.32470703125,torso_link,3174.3247,2.116032123565674,0.012329808436334133,-31.76165771484375,-19.734020233154297,-36.0,-36.0,False,-0.09456884
42,0.84,0.11711091548204422,-0.2771881065023152,0.7513986,15.496946,2.0190300941467285,36.289188385009766,36.0,0.9090909090909091,"left_hip_pitch_joint,left_hip_roll_joint,left_hip_yaw_joint,left_knee_joint,left_ankle_pitch_joint,left_ankle_roll_joint,right_hip_pitch_joint,right_hip_roll_joint,right_hip_yaw_joint,right_knee_joint,right_ankle_pitch_joint,right_ankle_roll_joint,waist_roll_joint,left_shoulder_pitch_joint,left_shoulder_yaw_joint,left_elbow_joint,right_shoulder_pitch_joint,right_shoulder_roll_joint,right_shoulder_yaw_joint,right_elbow_joint",0.0,0.0,0,pelvis,0.0,2.443511486053467,0.45921605825424194,0.05202830210328102,26.631752014160156,36.0,36.0,False,-0.12388318
43,0.86,0.07019701600074768,-0.052094691140226246,2.6214411,19.821108,1.5532796382904053,36.42320251464844,36.0,1.0,"left_hip_pitch_joint,left_hip_roll_joint,left_hip_yaw_joint,left_knee_joint,left_ankle_pitch_joint,left_ankle_roll_joint,right_hip_pitch_joint,right_hip_roll_joint,right_hip_yaw_joint,right_knee_joint,right_ankle_pitch_joint,right_ankle_roll_joint,waist_roll_joint,waist_yaw_joint,left_shoulder_pitch_joint,left_shoulder_roll_joint,left_shoulder_yaw_joint,left_elbow_joint,right_shoulder_pitch_joint,right_shoulder_roll_joint,right_shoulder_yaw_joint,right_elbow_joint",0.0,0.0,0,pelvis,0.0,1.9777610301971436,-3.5611615203379188e-06,-29.117935180664062,-2.0884604454040527,-36.0,-36.0,True,-0.10657209
44,0.88,0.05657050758600235,0.0032265351858811187,1.3964019,12.119687,1.6985011100769043,38.15208053588867,36.0,1.0,"left_hip_pitch_joint,left_hip_roll_joint,left_hip_yaw_joint,left_knee_joint,left_ankle_pitch_joint,left_ankle_roll_joint,right_hip_pitch_joint,right_hip_roll_joint,right_hip_yaw_joint,right_knee_joint,right_ankle_pitch_joint,right_ankle_roll_joint,waist_roll_joint,waist_yaw_joint,left_shoulder_pitch_joint,left_shoulder_roll_joint,left_shoulder_yaw_joint,left_elbow_joint,right_shoulder_pitch_joint,right_shoulder_roll_joint,right_shoulder_yaw_joint,right_elbow_joint",0.0,0.0,2468.017578125,left_hip_yaw_link,2254.7837,2.1229825019836426,0.42951589822769165,11.264009475708008,18.726375579833984,36.0,36.0,False,-0.12728229
45,0.9,0.03342410549521446,0.1028320561065783,1.4564478,15.056245,1.5599147081375122,36.193145751953125,36.0,1.0,"left_hip_pitch_joint,left_hip_roll_joint,left_hip_yaw_joint,left_knee_joint,left_ankle_pitch_joint,left_ankle_roll_joint,right_hip_pitch_joint,right_hip_roll_joint,right_hip_yaw_joint,right_knee_joint,right_ankle_pitch_joint,right_ankle_roll_joint,waist_roll_joint,waist_yaw_joint,left_shoulder_pitch_joint,left_shoulder_roll_joint,left_shoulder_yaw_joint,left_elbow_joint,right_shoulder_pitch_joint,right_shoulder_roll_joint,right_shoulder_yaw_joint,right_elbow_joint",0.0,0.0,0,pelvis,0.0,1.7071107625961304,5.47839081264101e-05,-36.193145751953125,-0.04192415624856949,-36.0,-36.0,True,-0.10482356
46,0.92,0.05724409967660904,0.012778454528129757,1.7945466,8.974522,1.5671062469482422,36.172550201416016,36.0,1.0,"left_hip_pitch_joint,left_hip_roll_joint,left_hip_yaw_joint,left_knee_joint,left_ankle_pitch_joint,left_ankle_roll_joint,right_hip_pitch_joint,right_hip_roll_joint,right_hip_yaw_joint,right_knee_joint,right_ankle_pitch_joint,right_ankle_roll_joint,waist_roll_joint,waist_yaw_joint,left_shoulder_pitch_joint,left_shoulder_roll_joint,left_shoulder_yaw_joint,left_elbow_joint,right_shoulder_pitch_joint,right_shoulder_roll_joint,right_shoulder_yaw_joint,right_elbow_joint",0.0,0.0,0,pelvis,0.0,1.9616111516952515,0.5236227512359619,28.871944427490234,19.054410934448242,36.0,36.0,False,-0.13373269
47,0.9400000000000001,0.039873555302619934,0.057676415546751514,1.9642066,11.093961,1.3566046953201294,37.70646286010742,36.0,0.9545454545454546,"left_hip_pitch_joint,left_hip_roll_joint,left_hip_yaw_joint,left_knee_joint,left_ankle_pitch_joint,left_ankle_roll_joint,right_hip_pitch_joint,right_hip_roll_joint,right_hip_yaw_joint,right_knee_joint,right_ankle_pitch_joint,right_ankle_roll_joint,waist_yaw_joint,left_shoulder_pitch_joint,left_shoulder_roll_joint,left_shoulder_yaw_joint,left_elbow_joint,right_shoulder_pitch_joint,right_shoulder_roll_joint,right_shoulder_yaw_joint,right_elbow_joint",0.0,0.0,0,pelvis,0.0,1.775347113609314,-0.00012151218834333122,-32.44215774536133,-0.6233782768249512,-36.0,-36.0,True,-0.10713997
48,0.96,0.05119890347123146,0.04326913674657362,1.6483806,18.472013,1.5983214378356934,36.70977783203125,36.0,1.0,"left_hip_pitch_joint,left_hip_roll_joint,left_hip_yaw_joint,left_knee_joint,left_ankle_pitch_joint,left_ankle_roll_joint,right_hip_pitch_joint,right_hip_roll_joint,right_hip_yaw_joint,right_knee_joint,right_ankle_pitch_joint,right_ankle_roll_joint,waist_roll_joint,waist_yaw_joint,left_shoulder_pitch_joint,left_shoulder_roll_joint,left_shoulder_yaw_joint,left_elbow_joint,right_shoulder_pitch_joint,right_shoulder_roll_joint,right_shoulder_yaw_joint,right_elbow_joint",0.0,0.0,0,pelvis,0.0,2.0228028297424316,0.4977361261844635,36.2230224609375,36.70977783203125,36.0,36.0,False,-0.12581435
49,0.98,0.03760336712002754,0.06729186697143064,2.3211267,23.573856,1.5162692070007324,36.10578536987305,36.0,0.9090909090909091,"left_hip_pitch_joint,left_hip_yaw_joint,left_knee_joint,left_ankle_pitch_joint,left_ankle_roll_joint,right_hip_pitch_joint,right_hip_roll_joint,right_hip_yaw_joint,right_knee_joint,right_ankle_pitch_joint,right_ankle_roll_joint,waist_yaw_joint,left_shoulder_pitch_joint,left_shoulder_roll_joint,left_shoulder_yaw_joint,left_elbow_joint,right_shoulder_pitch_joint,right_shoulder_roll_joint,right_shoulder_yaw_joint,right_elbow_joint",0.0,0.0,0,pelvis,0.0,1.9407505989074707,0.5756846070289612,-36.10578536987305,-33.79956817626953,-36.0,-36.0,False,-0.10099978
50,1.0,0.05413030460476875,0.07217690790811382,2.2455072,32.870457,1.6498208045959473,36.44567108154297,36.0,0.9545454545454546,"left_hip_pitch_joint,left_hip_roll_joint,left_hip_yaw_joint,left_knee_joint,left_ankle_pitch_joint,left_ankle_roll_joint,right_hip_pitch_joint,right_hip_roll_joint,right_hip_yaw_joint,right_knee_joint,right_ankle_pitch_joint,right_ankle_roll_joint,waist_yaw_joint,left_shoulder_pitch_joint,left_shoulder_roll_joint,left_shoulder_yaw_joint,left_elbow_joint,right_shoulder_pitch_joint,right_shoulder_roll_joint,right_shoulder_yaw_joint,right_elbow_joint",0.0,0.0,0,pelvis,0.0,2.0743021965026855,0.577439546585083,36.44567108154297,27.77355194091797,36.0,36.0,False,-0.120947294
51,1.02,0.04692251980304718,0.08554081846712869,1.8105618,29.619522,1.4880284070968628,36.474300384521484,36.0,1.0,"left_hip_pitch_joint,left_hip_roll_joint,left_hip_yaw_joint,left_knee_joint,left_ankle_pitch_joint,left_ankle_roll_joint,right_hip_pitch_joint,right_hip_roll_joint,right_hip_yaw_joint,right_knee_joint,right_ankle_pitch_joint,right_ankle_roll_joint,waist_roll_joint,waist_yaw_joint,left_shoulder_pitch_joint,left_shoulder_roll_joint,left_shoulder_yaw_joint,left_elbow_joint,right_shoulder_pitch_joint,right_shoulder_roll_joint,right_shoulder_yaw_joint,right_elbow_joint",0.0,0.0,0,pelvis,0.0,1.912509799003601,0.5662305951118469,-31.17988395690918,-34.827335357666016,-36.0,-36.0,False,-0.08854369
52,1.04,0.06989140063524246,0.04329429940332119,1.463647,28.934772,1.5000512599945068,34.284793853759766,36.0,1.0,"left_hip_pitch_joint,left_hip_roll_joint,left_hip_yaw_joint,left_knee_joint,left_ankle_pitch_joint,left_ankle_roll_joint,right_hip_pitch_joint,right_hip_roll_joint,right_hip_yaw_joint,right_knee_joint,right_ankle_pitch_joint,right_ankle_roll_joint,waist_roll_joint,waist_yaw_joint,left_shoulder_pitch_joint,left_shoulder_roll_joint,left_shoulder_yaw_joint,left_elbow_joint,right_shoulder_pitch_joint,right_shoulder_roll_joint,right_shoulder_yaw_joint,right_elbow_joint",0.0,0.0,0,pelvis,0.0,1.9245326519012451,0.6872494220733643,30.78923225402832,19.43146324157715,36.0,36.0,False,-0.0982319
53,1.06,0.054916974157094955,0.004026747288298438,2.1914613,28.492111,1.4364863634109497,36.305179595947266,36.0,1.0,"left_hip_pitch_joint,left_hip_roll_joint,left_hip_yaw_joint,left_knee_joint,left_ankle_pitch_joint,left_ankle_roll_joint,right_hip_pitch_joint,right_hip_roll_joint,right_hip_yaw_joint,right_knee_joint,right_ankle_pitch_joint,right_ankle_roll_joint,waist_roll_joint,waist_yaw_joint,left_shoulder_pitch_joint,left_shoulder_roll_joint,left_shoulder_yaw_joint,left_elbow_joint,right_shoulder_pitch_joint,right_shoulder_roll_joint,right_shoulder_yaw_joint,right_elbow_joint",0.0,0.0,0,pelvis,0.0,1.860967755317688,0.516371488571167,-25.31068229675293,-36.305179595947266,-36.0,-36.0,False,-0.0637016
54,1.08,0.07493746280670166,-0.06907298785419158,1.7726595,26.821756,1.4448670148849487,36.36738204956055,36.0,1.0,"left_hip_pitch_joint,left_hip_roll_joint,left_hip_yaw_joint,left_knee_joint,left_ankle_pitch_joint,left_ankle_roll_joint,right_hip_pitch_joint,right_hip_roll_joint,right_hip_yaw_joint,right_knee_joint,right_ankle_pitch_joint,right_ankle_roll_joint,waist_roll_joint,waist_yaw_joint,left_shoulder_pitch_joint,left_shoulder_roll_joint,left_shoulder_yaw_joint,left_elbow_joint,right_shoulder_pitch_joint,right_shoulder_roll_joint,right_shoulder_yaw_joint,right_elbow_joint",0.0,0.0,0,pelvis,0.0,1.869348406791687,0.9206929206848145,24.92810821533203,36.36738204956055,36.0,36.0,False,-0.073741496
55,1.1,0.06974396109580994,-0.10397780805279844,1.4703377,11.718672,1.6557424068450928,28.69775390625,36.0,1.0,"left_hip_pitch_joint,left_hip_roll_joint,left_hip_yaw_joint,left_knee_joint,left_ankle_pitch_joint,left_ankle_roll_joint,right_hip_pitch_joint,right_hip_roll_joint,right_hip_yaw_joint,right_knee_joint,right_ankle_pitch_joint,right_ankle_roll_joint,waist_roll_joint,waist_yaw_joint,left_shoulder_pitch_joint,left_shoulder_roll_joint,left_shoulder_yaw_joint,left_elbow_joint,right_shoulder_pitch_joint,right_shoulder_roll_joint,right_shoulder_yaw_joint,right_elbow_joint",0.0,0.0,0,pelvis,0.0,2.080223798751831,0.7296086549758911,-20.055126190185547,-28.599361419677734,-36.0,-36.0,False,-0.048552494
56,1.12,0.10116398334503174,-0.14236849458616518,2.518567,25.042791,1.5929317474365234,36.40392303466797,36.0,0.9545454545454546,"left_hip_pitch_joint,left_hip_roll_joint,left_hip_yaw_joint,left_knee_joint,left_ankle_pitch_joint,left_ankle_roll_joint,right_hip_pitch_joint,right_hip_roll_joint,right_hip_yaw_joint,right_knee_joint,right_ankle_pitch_joint,right_ankle_roll_joint,waist_yaw_joint,left_shoulder_pitch_joint,left_shoulder_roll_joint,left_shoulder_yaw_joint,left_elbow_joint,right_shoulder_pitch_joint,right_shoulder_roll_joint,right_shoulder_yaw_joint,right_elbow_joint",0.0,0.0,1134.842041015625,left_knee_link,1134.842,2.0174131393432617,1.2384992837905884,9.835280418395996,36.40392303466797,36.0,36.0,False,-0.045500137
57,1.1400000000000001,0.10625098645687103,-0.18864714041303898,1.400446,20.791723,1.665403127670288,35.99934768676758,36.0,1.0,"left_hip_pitch_joint,left_hip_roll_joint,left_hip_yaw_joint,left_knee_joint,left_ankle_pitch_joint,left_ankle_roll_joint,right_hip_pitch_joint,right_hip_roll_joint,right_hip_yaw_joint,right_knee_joint,right_ankle_pitch_joint,right_ankle_roll_joint,waist_roll_joint,waist_yaw_joint,left_shoulder_pitch_joint,left_shoulder_roll_joint,left_shoulder_yaw_joint,left_elbow_joint,right_shoulder_pitch_joint,right_shoulder_roll_joint,right_shoulder_yaw_joint,right_elbow_joint",0.0,0.0,0,pelvis,0.0,2.0898845195770264,1.1719791889190674,-8.81120777130127,-33.81464385986328,-36.0,-36.0,False,-0.043126807
58,1.16,0.1232137382030487,-0.26312196513843134,2.5452354,29.60706,1.8781182765960693,35.700416564941406,36.0,1.0,"left_hip_pitch_joint,left_hip_roll_joint,left_hip_yaw_joint,left_knee_joint,left_ankle_pitch_joint,left_ankle_roll_joint,right_hip_pitch_joint,right_hip_roll_joint,right_hip_yaw_joint,right_knee_joint,right_ankle_pitch_joint,right_ankle_roll_joint,waist_roll_joint,waist_yaw_joint,left_shoulder_pitch_joint,left_shoulder_roll_joint,left_shoulder_yaw_joint,left_elbow_joint,right_shoulder_pitch_joint,right_shoulder_roll_joint,right_shoulder_yaw_joint,right_elbow_joint",0.0,0.0,0,pelvis,0.0,2.3025996685028076,0.947812557220459,23.736448287963867,23.241317749023438,36.0,36.0,False,-0.039047882
59,1.18,0.13447949290275574,-0.3128682002276495,0.3740341,5.4376984,2.0186948776245117,35.97605895996094,36.0,1.0,"left_hip_pitch_joint,left_hip_roll_joint,left_hip_yaw_joint,left_knee_joint,left_ankle_pitch_joint,left_ankle_roll_joint,right_hip_pitch_joint,right_hip_roll_joint,right_hip_yaw_joint,right_knee_joint,right_ankle_pitch_joint,right_ankle_roll_joint,waist_roll_joint,waist_yaw_joint,left_shoulder_pitch_joint,left_shoulder_roll_joint,left_shoulder_yaw_joint,left_elbow_joint,right_shoulder_pitch_joint,right_shoulder_roll_joint,right_shoulder_yaw_joint,right_elbow_joint",1324.9135,0.0,1890.1137084960938,left_ankle_roll_link,1324.9135,2.44317626953125,0.7659995555877686,0.008279591798782349,-35.14352798461914,-36.0,-36.0,False,-0.043691937
60,1.2,0.15403930842876434,-0.43937086298174677,1.9356738,21.48547,1.560444712638855,36.30686569213867,36.0,1.0,"left_hip_pitch_joint,left_hip_roll_joint,left_hip_yaw_joint,left_knee_joint,left_ankle_pitch_joint,left_ankle_roll_joint,right_hip_pitch_joint,right_hip_roll_joint,right_hip_yaw_joint,right_knee_joint,right_ankle_pitch_joint,right_ankle_roll_joint,waist_roll_joint,waist_yaw_joint,left_shoulder_pitch_joint,left_shoulder_roll_joint,left_shoulder_yaw_joint,left_elbow_joint,right_shoulder_pitch_joint,right_shoulder_roll_joint,right_shoulder_yaw_joint,right_elbow_joint",0.0,0.0,0,pelvis,0.0,1.9849261045455933,0.9274030923843384,-33.290855407714844,36.30686569213867,-36.0,36.0,False,-0.034910254
61,1.22,0.15240556001663208,-0.45005916524557854,0.6206587,23.21026,1.3592058420181274,36.011512756347656,36.0,1.0,"left_hip_pitch_joint,left_hip_roll_joint,left_hip_yaw_joint,left_knee_joint,left_ankle_pitch_joint,left_ankle_roll_joint,right_hip_pitch_joint,right_hip_roll_joint,right_hip_yaw_joint,right_knee_joint,right_ankle_pitch_joint,right_ankle_roll_joint,waist_roll_joint,waist_yaw_joint,left_shoulder_pitch_joint,left_shoulder_roll_joint,left_shoulder_yaw_joint,left_elbow_joint,right_shoulder_pitch_joint,right_shoulder_roll_joint,right_shoulder_yaw_joint,right_elbow_joint",0.0,0.0,8.674779891967773,torso_link,8.67478,1.7836872339248657,0.924596905708313,2.9704630374908447,-29.42768096923828,36.0,-36.0,False,-0.035089627
62,1.24,0.1702050417661667,-0.56706948295205,1.523642,29.724045,1.0900843143463135,36.03917694091797,36.0,1.0,"left_hip_pitch_joint,left_hip_roll_joint,left_hip_yaw_joint,left_knee_joint,left_ankle_pitch_joint,left_ankle_roll_joint,right_hip_pitch_joint,right_hip_roll_joint,right_hip_yaw_joint,right_knee_joint,right_ankle_pitch_joint,right_ankle_roll_joint,waist_roll_joint,waist_yaw_joint,left_shoulder_pitch_joint,left_shoulder_roll_joint,left_shoulder_yaw_joint,left_elbow_joint,right_shoulder_pitch_joint,right_shoulder_roll_joint,right_shoulder_yaw_joint,right_elbow_joint",0.0,0.0,0,pelvis,0.0,1.5073046684265137,0.9721397161483765,-16.964094161987305,29.517860412597656,-36.0,36.0,False,-0.030610055
63,1.26,0.171173557639122,-0.5630296095781961,0.6708871,21.903973,1.0488226413726807,36.017269134521484,36.0,0.9545454545454546,"left_hip_pitch_joint,left_hip_roll_joint,left_hip_yaw_joint,left_knee_joint,left_ankle_pitch_joint,left_ankle_roll_joint,right_hip_pitch_joint,right_hip_roll_joint,right_hip_yaw_joint,right_knee_joint,right_ankle_pitch_joint,right_ankle_roll_joint,waist_yaw_joint,left_shoulder_pitch_joint,left_shoulder_roll_joint,left_shoulder_yaw_joint,left_elbow_joint,right_shoulder_pitch_joint,right_shoulder_roll_joint,right_shoulder_yaw_joint,right_elbow_joint",0.0,0.0,90.73883056640625,torso_link,90.73883,1.473304033279419,0.9426246285438538,8.54026985168457,-30.031919479370117,36.0,-36.0,False,-0.025956046
64,1.28,0.18223586678504944,-0.6536524559522974,1.2557966,29.803793,1.176527976989746,35.47074890136719,36.0,1.0,"left_hip_pitch_joint,left_hip_roll_joint,left_hip_yaw_joint,left_knee_joint,left_ankle_pitch_joint,left_ankle_roll_joint,right_hip_pitch_joint,right_hip_roll_joint,right_hip_yaw_joint,right_knee_joint,right_ankle_pitch_joint,right_ankle_roll_joint,waist_roll_joint,waist_yaw_joint,left_shoulder_pitch_joint,left_shoulder_roll_joint,left_shoulder_yaw_joint,left_elbow_joint,right_shoulder_pitch_joint,right_shoulder_roll_joint,right_shoulder_yaw_joint,right_elbow_joint",0.0,0.0,0,pelvis,0.0,1.2663159370422363,1.0132008790969849,-15.010153770446777,28.474088668823242,-36.0,36.0,False,-0.01806628
65,1.3,0.17829996347427368,-0.6393597525836441,0.7124265,20.82515,1.0812580585479736,36.01144790649414,36.0,0.9545454545454546,"left_hip_pitch_joint,left_hip_roll_joint,left_hip_yaw_joint,left_knee_joint,left_ankle_pitch_joint,left_ankle_roll_joint,right_hip_pitch_joint,right_hip_roll_joint,right_hip_yaw_joint,right_knee_joint,right_ankle_pitch_joint,right_ankle_roll_joint,waist_yaw_joint,left_shoulder_pitch_joint,left_shoulder_roll_joint,left_shoulder_yaw_joint,left_elbow_joint,right_shoulder_pitch_joint,right_shoulder_roll_joint,right_shoulder_yaw_joint,right_elbow_joint",0.0,0.0,85.10469818115234,torso_link,44.209286,1.3362630605697632,1.0061099529266357,16.206588745117188,-27.556316375732422,36.0,-36.0,False,-0.013619326
66,1.32,0.18057048320770264,-0.6983114721132484,1.4497924,23.799767,1.3105932474136353,33.4407844543457,36.0,1.0,"left_hip_pitch_joint,left_hip_roll_joint,left_hip_yaw_joint,left_knee_joint,left_ankle_pitch_joint,left_ankle_roll_joint,right_hip_pitch_joint,right_hip_roll_joint,right_hip_yaw_joint,right_knee_joint,right_ankle_pitch_joint,right_ankle_roll_joint,waist_roll_joint,waist_yaw_joint,left_shoulder_pitch_joint,left_shoulder_roll_joint,left_shoulder_yaw_joint,left_elbow_joint,right_shoulder_pitch_joint,right_shoulder_roll_joint,right_shoulder_yaw_joint,right_elbow_joint",0.0,0.0,2474.970703125,right_knee_link,2474.9707,1.1984542608261108,1.1065043210983276,-15.174402236938477,8.847415924072266,-36.0,36.0,False,-0.00459674
67,1.34,0.17662793397903442,-0.6855585947649931,0.26665643,21.184258,1.0663769245147705,35.99820327758789,36.0,0.9545454545454546,"left_hip_pitch_joint,left_hip_roll_joint,left_hip_yaw_joint,left_knee_joint,left_ankle_pitch_joint,left_ankle_roll_joint,right_hip_pitch_joint,right_hip_roll_joint,right_hip_yaw_joint,right_knee_joint,right_ankle_pitch_joint,right_ankle_roll_joint,waist_yaw_joint,left_shoulder_pitch_joint,left_shoulder_roll_joint,left_shoulder_yaw_joint,left_elbow_joint,right_shoulder_pitch_joint,right_shoulder_roll_joint,right_shoulder_yaw_joint,right_elbow_joint",0.0,0.0,264.7569885253906,torso_link,264.757,1.3619110584259033,0.800849437713623,26.742464065551758,-35.32387161254883,36.0,-36.0,False,-0.017673478
68,1.36,0.17951735854148865,-0.6853659520768502,0.5554621,23.390667,1.211124300956726,35.9771728515625,36.0,1.0,"left_hip_pitch_joint,left_hip_roll_joint,left_hip_yaw_joint,left_knee_joint,left_ankle_pitch_joint,left_ankle_roll_joint,right_hip_pitch_joint,right_hip_roll_joint,right_hip_yaw_joint,right_knee_joint,right_ankle_pitch_joint,right_ankle_roll_joint,waist_roll_joint,waist_yaw_joint,left_shoulder_pitch_joint,left_shoulder_roll_joint,left_shoulder_yaw_joint,left_elbow_joint,right_shoulder_pitch_joint,right_shoulder_roll_joint,right_shoulder_yaw_joint,right_elbow_joint",0.0,0.0,0,pelvis,0.0,1.097620964050293,0.5659932494163513,-31.66484260559082,13.568355560302734,-36.0,36.0,False,-0.03312102
69,1.3800000000000001,0.17625001072883606,-0.5650413242763221,0.5654,19.419727,1.1782838106155396,36.612361907958984,36.0,0.9545454545454546,"left_hip_pitch_joint,left_hip_roll_joint,left_hip_yaw_joint,left_knee_joint,left_ankle_pitch_joint,left_ankle_roll_joint,right_hip_pitch_joint,right_hip_roll_joint,right_hip_yaw_joint,right_knee_joint,right_ankle_pitch_joint,right_ankle_roll_joint,waist_yaw_joint,left_shoulder_pitch_joint,left_shoulder_roll_joint,left_shoulder_yaw_joint,left_elbow_joint,right_shoulder_pitch_joint,right_shoulder_roll_joint,right_shoulder_yaw_joint,right_elbow_joint",0.0,0.0,0,pelvis,0.0,1.369099497795105,0.24175170063972473,35.24782943725586,-36.612361907958984,36.0,-36.0,False,-0.049536206
70,1.4000000000000001,0.1619275063276291,-0.6163578545272372,0.9331385,23.603174,1.2972310781478882,38.6486930847168,36.0,0.9545454545454546,"left_hip_pitch_joint,left_hip_roll_joint,left_hip_yaw_joint,left_knee_joint,left_ankle_pitch_joint,left_ankle_roll_joint,right_hip_pitch_joint,right_hip_roll_joint,right_hip_yaw_joint,right_knee_joint,right_ankle_pitch_joint,right_ankle_roll_joint,waist_roll_joint,waist_yaw_joint,left_shoulder_pitch_joint,left_shoulder_roll_joint,left_shoulder_yaw_joint,left_elbow_joint,right_shoulder_roll_joint,right_shoulder_yaw_joint,right_elbow_joint",0.0,0.0,0,pelvis,0.0,1.1220678091049194,0.07163109630346298,-23.357879638671875,14.991061210632324,-36.0,36.0,False,-0.020712987
71,1.42,0.15579913556575775,-0.4150702730558149,1.0487347,25.000605,1.1950321197509766,36.2414436340332,36.0,1.0,"left_hip_pitch_joint,left_hip_roll_joint,left_hip_yaw_joint,left_knee_joint,left_ankle_pitch_joint,left_ankle_roll_joint,right_hip_pitch_joint,right_hip_roll_joint,right_hip_yaw_joint,right_knee_joint,right_ankle_pitch_joint,right_ankle_roll_joint,waist_roll_joint,waist_yaw_joint,left_shoulder_pitch_joint,left_shoulder_roll_joint,left_shoulder_yaw_joint,left_elbow_joint,right_shoulder_pitch_joint,right_shoulder_roll_joint,right_shoulder_yaw_joint,right_elbow_joint",0.0,0.0,0,pelvis,0.0,1.5735037326812744,-0.0006806995952501893,35.38250732421875,1.2863184213638306,36.0,-36.0,True,-0.042815015
72,1.44,0.1423151195049286,-0.3371426191729956,1.2071046,27.656996,1.3193053007125854,36.152896881103516,36.0,0.9545454545454546,"left_hip_pitch_joint,left_hip_roll_joint,left_hip_yaw_joint,left_knee_joint,left_ankle_pitch_joint,left_ankle_roll_joint,right_hip_pitch_joint,right_hip_roll_joint,right_hip_yaw_joint,right_ankle_pitch_joint,right_ankle_roll_joint,waist_roll_joint,waist_yaw_joint,left_shoulder_pitch_joint,left_shoulder_roll_joint,left_shoulder_yaw_joint,left_elbow_joint,right_shoulder_pitch_joint,right_shoulder_roll_joint,right_shoulder_yaw_joint,right_elbow_joint",0.0,0.0,0,pelvis,0.0,1.5219471454620361,0.004966266918927431,-25.09970474243164,0.1578623205423355,-36.0,-11.44883,True,-0.025291774
73,1.46,0.13064266741275787,-0.24388886787220376,0.4393247,3.656326,1.2778587341308594,36.07963180541992,36.0,0.9545454545454546,"left_hip_pitch_joint,left_hip_roll_joint,left_hip_yaw_joint,left_knee_joint,left_ankle_pitch_joint,left_ankle_roll_joint,right_hip_pitch_joint,right_hip_roll_joint,right_hip_yaw_joint,right_ankle_pitch_joint,right_ankle_roll_joint,waist_roll_joint,waist_yaw_joint,left_shoulder_pitch_joint,left_shoulder_roll_joint,left_shoulder_yaw_joint,left_elbow_joint,right_shoulder_pitch_joint,right_shoulder_roll_joint,right_shoulder_yaw_joint,right_elbow_joint",0.0,0.0,124.41016387939453,torso_link,124.410164,1.6596531867980957,0.5109483599662781,19.72730827331543,2.3355329036712646,36.0,28.723839,False,-0.045695703
74,1.48,0.1198127493262291,-0.3014138953838743,1.3520137,15.990023,1.5648372173309326,34.74082565307617,36.0,0.9090909090909091,"left_hip_roll_joint,left_hip_yaw_joint,left_knee_joint,left_ankle_pitch_joint,left_ankle_roll_joint,right_hip_pitch_joint,right_hip_roll_joint,right_hip_yaw_joint,right_knee_joint,right_ankle_pitch_joint,right_ankle_roll_joint,waist_yaw_joint,left_shoulder_pitch_joint,left_shoulder_roll_joint,left_shoulder_yaw_joint,left_elbow_joint,right_shoulder_pitch_joint,right_shoulder_roll_joint,right_shoulder_yaw_joint,right_elbow_joint",0.0,0.0,126.1042709350586,torso_link,126.10427,1.7968554496765137,-6.603252700188023e-08,-9.734127044677734,-0.0016295516397804022,-36.0,-36.0,True,-0.039891705
75,1.5,0.12377599626779556,-0.2666610255945612,1.229953,25.621773,1.426720380783081,36.03807830810547,36.0,1.0,"left_hip_pitch_joint,left_hip_roll_joint,left_hip_yaw_joint,left_knee_joint,left_ankle_pitch_joint,left_ankle_roll_joint,right_hip_pitch_joint,right_hip_roll_joint,right_hip_yaw_joint,right_knee_joint,right_ankle_pitch_joint,right_ankle_roll_joint,waist_roll_joint,waist_yaw_joint,left_shoulder_pitch_joint,left_shoulder_roll_joint,left_shoulder_yaw_joint,left_elbow_joint,right_shoulder_pitch_joint,right_shoulder_roll_joint,right_shoulder_yaw_joint,right_elbow_joint",0.0,0.0,0,pelvis,0.0,1.8512017726898193,0.6439638137817383,14.596820831298828,30.6287784576416,36.0,34.86285,False,-0.08078481
76,1.52,0.1192798763513565,-0.190706565003798,1.3623501,17.47725,1.4777520895004272,36.861610412597656,36.0,1.0,"left_hip_pitch_joint,left_hip_roll_joint,left_hip_yaw_joint,left_knee_joint,left_ankle_pitch_joint,left_ankle_roll_joint,right_hip_pitch_joint,right_hip_roll_joint,right_hip_yaw_joint,right_knee_joint,right_ankle_pitch_joint,right_ankle_roll_joint,waist_roll_joint,waist_yaw_joint,left_shoulder_pitch_joint,left_shoulder_roll_joint,left_shoulder_yaw_joint,left_elbow_joint,right_shoulder_pitch_joint,right_shoulder_roll_joint,right_shoulder_yaw_joint,right_elbow_joint",0.0,0.0,0,pelvis,0.0,1.9022334814071655,0.23088498413562775,-0.6591199636459351,-32.13493347167969,-36.0,-36.0,False,-0.07154827
77,1.54,0.1133185550570488,-0.08477327054643702,2.76029,33.101532,1.1268808841705322,35.04391098022461,36.0,0.9545454545454546,"left_hip_pitch_joint,left_hip_roll_joint,left_hip_yaw_joint,left_knee_joint,left_ankle_pitch_joint,left_ankle_roll_joint,right_hip_pitch_joint,right_hip_roll_joint,right_hip_yaw_joint,right_knee_joint,right_ankle_pitch_joint,right_ankle_roll_joint,waist_roll_joint,waist_yaw_joint,left_shoulder_roll_joint,left_shoulder_yaw_joint,left_elbow_joint,right_shoulder_pitch_joint,right_shoulder_roll_joint,right_shoulder_yaw_joint,right_elbow_joint",211.47926,211.47926,2809.5386352539062,right_hip_yaw_link,2414.0193,1.4167441129684448,0.5321056842803955,-35.04391098022461,8.302469253540039,-36.0,36.0,False,-0.08952468
78,1.56,0.11866483092308044,-0.1513452010807561,1.1628036,14.489737,1.4509994983673096,36.469844818115234,36.0,0.9090909090909091,"left_hip_pitch_joint,left_hip_roll_joint,left_hip_yaw_joint,left_knee_joint,left_ankle_pitch_joint,left_ankle_roll_joint,right_hip_pitch_joint,right_hip_roll_joint,right_hip_yaw_joint,right_knee_joint,right_ankle_pitch_joint,right_ankle_roll_joint,waist_yaw_joint,left_shoulder_roll_joint,left_shoulder_yaw_joint,left_elbow_joint,right_shoulder_pitch_joint,right_shoulder_roll_joint,right_shoulder_yaw_joint,right_elbow_joint",146.34035,299.4051,0,right_ankle_roll_link,299.4051,1.5248507261276245,0.0004307658819016069,36.469844818115234,-0.014359086751937866,36.0,-36.0,True,-0.035094257
79,1.58,0.11827769875526428,-0.020301928905270827,2.2515762,20.275696,1.1707565784454346,36.07799530029297,36.0,1.0,"left_hip_pitch_joint,left_hip_roll_joint,left_hip_yaw_joint,left_knee_joint,left_ankle_pitch_joint,left_ankle_roll_joint,right_hip_pitch_joint,right_hip_roll_joint,right_hip_yaw_joint,right_knee_joint,right_ankle_pitch_joint,right_ankle_roll_joint,waist_roll_joint,waist_yaw_joint,left_shoulder_pitch_joint,left_shoulder_roll_joint,left_shoulder_yaw_joint,left_elbow_joint,right_shoulder_pitch_joint,right_shoulder_roll_joint,right_shoulder_yaw_joint,right_elbow_joint",0.0,0.0,0,pelvis,0.0,1.5952379703521729,0.5891790986061096,-23.665437698364258,15.363452911376953,-36.0,35.286648,False,-0.009537505
80,1.6,0.12075254321098328,-0.06258381247314193,1.0281148,25.032362,1.44502592086792,36.01842498779297,36.0,0.9545454545454546,"left_hip_pitch_joint,left_hip_roll_joint,left_hip_yaw_joint,left_knee_joint,left_ankle_pitch_joint,left_ankle_roll_joint,right_hip_pitch_joint,right_hip_yaw_joint,right_knee_joint,right_ankle_pitch_joint,right_ankle_roll_joint,waist_roll_joint,waist_yaw_joint,left_shoulder_pitch_joint,left_shoulder_roll_joint,left_shoulder_yaw_joint,left_elbow_joint,right_shoulder_pitch_joint,right_shoulder_roll_joint,right_shoulder_yaw_joint,right_elbow_joint",0.0,0.0,0,pelvis,0.0,1.593572974205017,0.21285158395767212,14.815591812133789,-27.672531127929688,36.0,-36.0,False,0.027547354
81,1.62,0.1351662427186966,-0.19612687274444474,1.0585656,19.536678,1.2938300371170044,35.94141387939453,36.0,0.9545454545454546,"left_hip_pitch_joint,left_hip_roll_joint,left_hip_yaw_joint,left_knee_joint,left_ankle_pitch_joint,left_ankle_roll_joint,right_hip_roll_joint,right_hip_yaw_joint,right_knee_joint,right_ankle_pitch_joint,right_ankle_roll_joint,waist_roll_joint,waist_yaw_joint,left_shoulder_pitch_joint,left_shoulder_roll_joint,left_shoulder_yaw_joint,left_elbow_joint,right_shoulder_pitch_joint,right_shoulder_roll_joint,right_shoulder_yaw_joint,right_elbow_joint",0.0,249.97513,0,right_ankle_roll_link,249.97513,1.4498440027236938,0.7491169571876526,-19.803741455078125,31.073650360107422,-36.0,36.0,False,0.037048817
82,1.6400000000000001,0.1325518786907196,-0.1872998507242849,0.40606084,8.822888,1.5676772594451904,36.498931884765625,36.0,1.0,"left_hip_pitch_joint,left_hip_roll_joint,left_hip_yaw_joint,left_knee_joint,left_ankle_pitch_joint,left_ankle_roll_joint,right_hip_pitch_joint,right_hip_roll_joint,right_hip_yaw_joint,right_knee_joint,right_ankle_pitch_joint,right_ankle_roll_joint,waist_roll_joint,waist_yaw_joint,left_shoulder_pitch_joint,left_shoulder_roll_joint,left_shoulder_yaw_joint,left_elbow_joint,right_shoulder_pitch_joint,right_shoulder_roll_joint,right_shoulder_yaw_joint,right_elbow_joint",0.0,0.0,0,pelvis,0.0,1.4091980457305908,0.32598555088043213,7.787574768066406,-25.83860206604004,36.0,-36.0,False,0.026569685
83,1.6600000000000001,0.13956360518932343,-0.2795415727748978,1.1339302,21.200888,1.3419568538665771,33.233577728271484,36.0,0.9545454545454546,"left_hip_pitch_joint,left_hip_roll_joint,left_hip_yaw_joint,left_knee_joint,left_ankle_pitch_joint,left_ankle_roll_joint,right_hip_pitch_joint,right_hip_roll_joint,right_hip_yaw_joint,right_knee_joint,right_ankle_pitch_joint,right_ankle_roll_joint,waist_roll_joint,left_shoulder_pitch_joint,left_shoulder_roll_joint,left_shoulder_yaw_joint,left_elbow_joint,right_shoulder_pitch_joint,right_shoulder_roll_joint,right_shoulder_yaw_joint,right_elbow_joint",1097.9626,1097.9626,1097.962646484375,left_ankle_roll_link,1097.9626,1.430971384048462,0.9053411483764648,9.46744441986084,-0.8094749450683594,-36.0,36.0,False,0.024061583
84,1.68,0.1714513748884201,-0.4573584044854837,1.6184971,14.349256,1.567330241203308,28.459644317626953,36.0,0.9090909090909091,"left_hip_pitch_joint,left_hip_roll_joint,left_hip_yaw_joint,left_knee_joint,left_ankle_pitch_joint,left_ankle_roll_joint,right_hip_roll_joint,right_hip_yaw_joint,right_ankle_pitch_joint,right_ankle_roll_joint,waist_roll_joint,waist_yaw_joint,left_shoulder_pitch_joint,left_shoulder_roll_joint,left_shoulder_yaw_joint,left_elbow_joint,right_shoulder_pitch_joint,right_shoulder_roll_joint,right_shoulder_yaw_joint,right_elbow_joint",308.03302,0.0,261.7274475097656,left_ankle_roll_link,308.03302,1.1450672149658203,0.7576121091842651,-26.680946350097656,-8.984975814819336,-36.0,-8.48201,False,-0.028851189
85,1.7,0.18539181351661682,-0.3784407268364376,2.0805473,20.881683,1.3042954206466675,36.01050567626953,36.0,0.9545454545454546,"left_hip_roll_joint,left_hip_yaw_joint,left_knee_joint,left_ankle_pitch_joint,left_ankle_roll_joint,right_hip_pitch_joint,right_hip_roll_joint,right_hip_yaw_joint,right_knee_joint,right_ankle_pitch_joint,right_ankle_roll_joint,waist_roll_joint,waist_yaw_joint,left_shoulder_pitch_joint,left_shoulder_roll_joint,left_shoulder_yaw_joint,left_elbow_joint,right_shoulder_pitch_joint,right_shoulder_roll_joint,right_shoulder_yaw_joint,right_elbow_joint",0.0,0.0,0,pelvis,0.0,1.5456390380859375,0.9683277010917664,31.450963973999023,30.359535217285156,36.0,36.0,False,-0.015562055
86,1.72,0.18089407682418823,-0.4635066026631094,2.204636,26.070864,1.4285296201705933,36.03291702270508,36.0,1.0,"left_hip_pitch_joint,left_hip_roll_joint,left_hip_yaw_joint,left_knee_joint,left_ankle_pitch_joint,left_ankle_roll_joint,right_hip_pitch_joint,right_hip_roll_joint,right_hip_yaw_joint,right_knee_joint,right_ankle_pitch_joint,right_ankle_roll_joint,waist_roll_joint,waist_yaw_joint,left_shoulder_pitch_joint,left_shoulder_roll_joint,left_shoulder_yaw_joint,left_elbow_joint,right_shoulder_pitch_joint,right_shoulder_roll_joint,right_shoulder_yaw_joint,right_elbow_joint",0.0,0.0,0,pelvis,0.0,1.2530558109283447,0.8650426268577576,-34.89862823486328,-34.84752655029297,-36.0,-36.0,False,-0.043870445
87,1.74,0.16953258216381073,-0.43151690251554964,1.1807376,19.195902,1.2293081283569336,36.53144836425781,36.0,1.0,"left_hip_pitch_joint,left_hip_roll_joint,left_hip_yaw_joint,left_knee_joint,left_ankle_pitch_joint,left_ankle_roll_joint,right_hip_pitch_joint,right_hip_roll_joint,right_hip_yaw_joint,right_knee_joint,right_ankle_pitch_joint,right_ankle_roll_joint,waist_roll_joint,waist_yaw_joint,left_shoulder_pitch_joint,left_shoulder_roll_joint,left_shoulder_yaw_joint,left_elbow_joint,right_shoulder_pitch_joint,right_shoulder_roll_joint,right_shoulder_yaw_joint,right_elbow_joint",0.0,0.0,0,pelvis,0.0,1.6146191358566284,1.091962456703186,34.486976623535156,36.53144836425781,36.0,36.0,False,-0.05045534
88,1.76,0.15571601688861847,-0.44416850660062046,2.1641626,28.426538,1.4395699501037598,36.077606201171875,36.0,0.9545454545454546,"left_hip_pitch_joint,left_hip_roll_joint,left_hip_yaw_joint,left_knee_joint,left_ankle_roll_joint,right_hip_pitch_joint,right_hip_roll_joint,right_hip_yaw_joint,right_knee_joint,right_ankle_pitch_joint,right_ankle_roll_joint,waist_roll_joint,waist_yaw_joint,left_shoulder_pitch_joint,left_shoulder_roll_joint,left_shoulder_yaw_joint,left_elbow_joint,right_shoulder_pitch_joint,right_shoulder_roll_joint,right_shoulder_yaw_joint,right_elbow_joint",0.0,0.0,38.54563522338867,torso_link,38.545635,1.3792310953140259,1.2361875772476196,-34.95738220214844,-21.703088760375977,-36.0,-36.0,False,-0.0745065
89,1.78,0.14924181997776031,-0.3767455886957729,1.380205,20.671412,1.3057345151901245,36.38348388671875,36.0,1.0,"left_hip_pitch_joint,left_hip_roll_joint,left_hip_yaw_joint,left_knee_joint,left_ankle_pitch_joint,left_ankle_roll_joint,right_hip_pitch_joint,right_hip_roll_joint,right_hip_yaw_joint,right_knee_joint,right_ankle_pitch_joint,right_ankle_roll_joint,waist_roll_joint,waist_yaw_joint,left_shoulder_pitch_joint,left_shoulder_roll_joint,left_shoulder_yaw_joint,left_elbow_joint,right_shoulder_pitch_joint,right_shoulder_roll_joint,right_shoulder_yaw_joint,right_elbow_joint",0.0,0.0,0,pelvis,0.0,1.7302159070968628,1.4389582872390747,34.82087326049805,36.38348388671875,36.0,36.0,False,-0.06882278
90,1.8,0.12994371354579926,-0.3441850969391682,2.5361288,29.717085,1.4486253261566162,35.150550842285156,36.0,1.0,"left_hip_pitch_joint,left_hip_roll_joint,left_hip_yaw_joint,left_knee_joint,left_ankle_pitch_joint,left_ankle_roll_joint,right_hip_pitch_joint,right_hip_roll_joint,right_hip_yaw_joint,right_knee_joint,right_ankle_pitch_joint,right_ankle_roll_joint,waist_roll_joint,waist_yaw_joint,left_shoulder_pitch_joint,left_shoulder_roll_joint,left_shoulder_yaw_joint,left_elbow_joint,right_shoulder_pitch_joint,right_shoulder_roll_joint,right_shoulder_yaw_joint,right_elbow_joint",0.0,0.0,0,pelvis,0.0,1.4831135272979736,1.652197003364563,-34.77557373046875,-17.848033905029297,-36.0,-36.0,False,-0.09264184
91,1.82,0.12156637012958527,-0.2980373281934323,1.5370208,29.875927,1.4369040727615356,36.54966354370117,36.0,1.0,"left_hip_pitch_joint,left_hip_roll_joint,left_hip_yaw_joint,left_knee_joint,left_ankle_pitch_joint,left_ankle_roll_joint,right_hip_pitch_joint,right_hip_roll_joint,right_hip_yaw_joint,right_knee_joint,right_ankle_pitch_joint,right_ankle_roll_joint,waist_roll_joint,waist_yaw_joint,left_shoulder_pitch_joint,left_shoulder_roll_joint,left_shoulder_yaw_joint,left_elbow_joint,right_shoulder_pitch_joint,right_shoulder_roll_joint,right_shoulder_yaw_joint,right_elbow_joint",0.0,0.0,276.82427978515625,left_knee_link,138.41214,1.662210464477539,1.8719563484191895,33.242767333984375,29.182878494262695,36.0,36.0,False,-0.08797184
92,1.84,0.09710976481437683,-0.18634449146675403,2.8157454,32.262466,1.6289302110671997,35.88855743408203,36.0,0.9545454545454546,"left_hip_pitch_joint,left_hip_roll_joint,left_hip_yaw_joint,left_knee_joint,left_ankle_roll_joint,right_hip_pitch_joint,right_hip_roll_joint,right_hip_yaw_joint,right_knee_joint,right_ankle_pitch_joint,right_ankle_roll_joint,waist_roll_joint,waist_yaw_joint,left_shoulder_pitch_joint,left_shoulder_roll_joint,left_shoulder_yaw_joint,left_elbow_joint,right_shoulder_pitch_joint,right_shoulder_roll_joint,right_shoulder_yaw_joint,right_elbow_joint",0.0,0.0,264.947021484375,left_knee_link,132.47351,1.5109922885894775,2.0639824867248535,-34.87649917602539,-11.971883773803711,-36.0,-36.0,False,-0.10942666
93,1.86,0.08044622838497162,-0.14020794445826734,1.5417851,25.15763,1.6663111448287964,35.840721130371094,36.0,1.0,"left_hip_pitch_joint,left_hip_roll_joint,left_hip_yaw_joint,left_knee_joint,left_ankle_pitch_joint,left_ankle_roll_joint,right_hip_pitch_joint,right_hip_roll_joint,right_hip_yaw_joint,right_knee_joint,right_ankle_pitch_joint,right_ankle_roll_joint,waist_roll_joint,waist_yaw_joint,left_shoulder_pitch_joint,left_shoulder_roll_joint,left_shoulder_yaw_joint,left_elbow_joint,right_shoulder_pitch_joint,right_shoulder_roll_joint,right_shoulder_yaw_joint,right_elbow_joint",0.0,0.0,401.3447265625,torso_link,401.34473,1.6293829679489136,2.10136342048645,28.36590576171875,12.693775177001953,36.0,36.0,False,-0.10055911
94,1.8800000000000001,0.05338509753346443,0.032164510139166436,3.044211,15.228811,1.5956038236618042,36.057804107666016,36.0,1.0,"left_hip_pitch_joint,left_hip_roll_joint,left_hip_yaw_joint,left_knee_joint,left_ankle_pitch_joint,left_ankle_roll_joint,right_hip_pitch_joint,right_hip_roll_joint,right_hip_yaw_joint,right_knee_joint,right_ankle_pitch_joint,right_ankle_roll_joint,waist_roll_joint,waist_yaw_joint,left_shoulder_pitch_joint,left_shoulder_roll_joint,left_shoulder_yaw_joint,left_elbow_joint,right_shoulder_pitch_joint,right_shoulder_roll_joint,right_shoulder_yaw_joint,right_elbow_joint",0.0,0.0,0,pelvis,0.0,1.430878758430481,2.030656099319458,-36.057804107666016,-27.484962463378906,-36.0,-36.0,False,-0.118460126
95,1.9000000000000001,0.04986929893493652,-0.02754572722499704,1.3621109,8.779454,1.5693124532699585,34.11637878417969,36.0,0.8636363636363636,"left_hip_pitch_joint,left_hip_roll_joint,left_hip_yaw_joint,left_knee_joint,left_ankle_pitch_joint,left_ankle_roll_joint,right_hip_pitch_joint,right_hip_roll_joint,right_hip_yaw_joint,right_knee_joint,right_ankle_pitch_joint,right_ankle_roll_joint,left_shoulder_pitch_joint,left_shoulder_yaw_joint,left_elbow_joint,right_shoulder_pitch_joint,right_shoulder_roll_joint,right_shoulder_yaw_joint,right_elbow_joint",0.0,0.0,0,pelvis,0.0,1.6652576923370361,2.0043647289276123,34.11637878417969,20.33636474609375,36.0,36.0,False,-0.11030719
96,1.92,0.038658447563648224,0.16136921216164246,0.86364985,23.178316,1.729385256767273,35.97463607788086,36.0,1.0,"left_hip_pitch_joint,left_hip_roll_joint,left_hip_yaw_joint,left_knee_joint,left_ankle_pitch_joint,left_ankle_roll_joint,right_hip_pitch_joint,right_hip_roll_joint,right_hip_yaw_joint,right_knee_joint,right_ankle_pitch_joint,right_ankle_roll_joint,waist_roll_joint,waist_yaw_joint,left_shoulder_pitch_joint,left_shoulder_roll_joint,left_shoulder_yaw_joint,left_elbow_joint,right_shoulder_pitch_joint,right_shoulder_roll_joint,right_shoulder_yaw_joint,right_elbow_joint",0.0,0.0,1301.8424072265625,pelvis,1257.9642,1.3891627788543701,2.1644375324249268,-23.746753692626953,-4.296943664550781,-36.0,-36.0,False,-0.097047746
97,1.94,0.061002153903245926,0.10342345694556065,2.4704025,19.337236,1.679247498512268,35.6142692565918,36.0,0.9545454545454546,"left_hip_pitch_joint,left_hip_roll_joint,left_hip_yaw_joint,left_knee_joint,left_ankle_pitch_joint,left_ankle_roll_joint,right_hip_pitch_joint,right_hip_roll_joint,right_hip_yaw_joint,right_ankle_pitch_joint,right_ankle_roll_joint,waist_roll_joint,waist_yaw_joint,left_shoulder_pitch_joint,left_shoulder_roll_joint,left_shoulder_yaw_joint,left_elbow_joint,right_shoulder_pitch_joint,right_shoulder_roll_joint,right_shoulder_yaw_joint,right_elbow_joint",0.0,0.0,0,pelvis,0.0,1.9011257886886597,2.114299774169922,33.618892669677734,4.930073261260986,36.0,16.339157,False,-0.06867491
98,1.96,0.05846208333969116,0.1884296452127674,1.3543296,30.723116,1.6703327894210815,35.830326080322266,36.0,1.0,"left_hip_pitch_joint,left_hip_roll_joint,left_hip_yaw_joint,left_knee_joint,left_ankle_pitch_joint,left_ankle_roll_joint,right_hip_pitch_joint,right_hip_roll_joint,right_hip_yaw_joint,right_knee_joint,right_ankle_pitch_joint,right_ankle_roll_joint,waist_roll_joint,waist_yaw_joint,left_shoulder_pitch_joint,left_shoulder_roll_joint,left_shoulder_yaw_joint,left_elbow_joint,right_shoulder_pitch_joint,right_shoulder_roll_joint,right_shoulder_yaw_joint,right_elbow_joint",0.0,0.0,0,pelvis,0.0,1.4788484573364258,2.1053850650787354,-35.830326080322266,-16.922731399536133,-36.0,-36.0,False,-0.069666766
99,1.98,0.05550982058048248,0.18122990537995376,1.2163538,25.540398,1.5169415473937988,35.56874465942383,36.0,0.9545454545454546,"left_hip_pitch_joint,left_hip_roll_joint,left_hip_yaw_joint,left_knee_joint,left_ankle_pitch_joint,left_ankle_roll_joint,right_hip_roll_joint,right_hip_yaw_joint,right_knee_joint,right_ankle_pitch_joint,right_ankle_roll_joint,waist_roll_joint,waist_yaw_joint,left_shoulder_pitch_joint,left_shoulder_roll_joint,left_shoulder_yaw_joint,left_elbow_joint,right_shoulder_pitch_joint,right_shoulder_roll_joint,right_shoulder_yaw_joint,right_elbow_joint",0.0,0.0,1004.9244995117188,right_knee_link,1004.9245,1.941422939300537,1.9150421619415283,34.7802848815918,-1.8282712697982788,36.0,36.0,False,-0.061809808
100,2.0,0.07332530617713928,0.2120937482779044,2.1303105,32.74677,1.4845184087753296,36.02676773071289,36.0,1.0,"left_hip_pitch_joint,left_hip_roll_joint,left_hip_yaw_joint,left_knee_joint,left_ankle_pitch_joint,left_ankle_roll_joint,right_hip_pitch_joint,right_hip_roll_joint,right_hip_yaw_joint,right_knee_joint,right_ankle_pitch_joint,right_ankle_roll_joint,waist_roll_joint,waist_yaw_joint,left_shoulder_pitch_joint,left_shoulder_roll_joint,left_shoulder_yaw_joint,left_elbow_joint,right_shoulder_pitch_joint,right_shoulder_roll_joint,right_shoulder_yaw_joint,right_elbow_joint",0.0,0.0,0,pelvis,0.0,1.9084358215332031,1.9195706844329834,-16.920955657958984,-14.821255683898926,-36.0,-36.0,False,-0.07021166
101,2.02,0.08450189977884293,0.06649642361918096,0.9058471,27.155464,1.8090887069702148,35.9724006652832,36.0,1.0,"left_hip_pitch_joint,left_hip_roll_joint,left_hip_yaw_joint,left_knee_joint,left_ankle_pitch_joint,left_ankle_roll_joint,right_hip_pitch_joint,right_hip_roll_joint,right_hip_yaw_joint,right_knee_joint,right_ankle_pitch_joint,right_ankle_roll_joint,waist_roll_joint,waist_yaw_joint,left_shoulder_pitch_joint,left_shoulder_roll_joint,left_shoulder_yaw_joint,left_elbow_joint,right_shoulder_pitch_joint,right_shoulder_roll_joint,right_shoulder_yaw_joint,right_elbow_joint",0.0,0.0,0,pelvis,0.0,2.233570098876953,1.7197422981262207,28.43581771850586,1.2731683254241943,36.0,36.0,False,-0.06103324
102,2.04,0.08940984308719635,0.1857959238945721,1.9598145,35.665806,1.677999496459961,35.64906311035156,36.0,1.0,"left_hip_pitch_joint,left_hip_roll_joint,left_hip_yaw_joint,left_knee_joint,left_ankle_pitch_joint,left_ankle_roll_joint,right_hip_pitch_joint,right_hip_roll_joint,right_hip_yaw_joint,right_knee_joint,right_ankle_pitch_joint,right_ankle_roll_joint,waist_roll_joint,waist_yaw_joint,left_shoulder_pitch_joint,left_shoulder_roll_joint,left_shoulder_yaw_joint,left_elbow_joint,right_shoulder_pitch_joint,right_shoulder_roll_joint,right_shoulder_yaw_joint,right_elbow_joint",0.0,0.0,0,pelvis,0.0,2.102480888366699,1.7890812158584595,-24.724056243896484,-13.4440279006958,-36.0,-36.0,False,-0.079179876
103,2.06,0.1064562276005745,-0.04523830157555908,1.0513511,29.717392,2.005058765411377,34.86233901977539,36.0,0.9545454545454546,"left_hip_pitch_joint,left_hip_roll_joint,left_hip_yaw_joint,left_knee_joint,left_ankle_pitch_joint,left_ankle_roll_joint,right_hip_pitch_joint,right_hip_yaw_joint,right_knee_joint,right_ankle_pitch_joint,right_ankle_roll_joint,waist_roll_joint,waist_yaw_joint,left_shoulder_pitch_joint,left_shoulder_roll_joint,left_shoulder_yaw_joint,left_elbow_joint,right_shoulder_pitch_joint,right_shoulder_roll_joint,right_shoulder_yaw_joint,right_elbow_joint",0.0,0.0,0,pelvis,0.0,2.4295401573181152,1.5513031482696533,22.346769332885742,-2.2892003059387207,36.0,36.0,False,-0.07695201
104,2.08,0.10435844212770462,0.1237854717764133,1.6308976,28.54011,1.6644525527954102,34.96710205078125,36.0,0.9545454545454546,"left_hip_pitch_joint,left_hip_roll_joint,left_hip_yaw_joint,left_knee_joint,left_ankle_pitch_joint,left_ankle_roll_joint,right_hip_pitch_joint,right_hip_roll_joint,right_hip_yaw_joint,right_ankle_pitch_joint,right_ankle_roll_joint,waist_roll_joint,waist_yaw_joint,left_shoulder_pitch_joint,left_shoulder_roll_joint,left_shoulder_yaw_joint,left_elbow_joint,right_shoulder_pitch_joint,right_shoulder_roll_joint,right_shoulder_yaw_joint,right_elbow_joint",0.0,0.0,0,pelvis,0.0,2.0889339447021484,1.9061232805252075,-32.17414093017578,13.283395767211914,-36.0,-6.8888626,False,-0.10253381
105,2.1,0.09735937416553497,-0.04575048367674128,1.2937768,30.684479,1.7840368747711182,36.01618957519531,36.0,1.0,"left_hip_pitch_joint,left_hip_roll_joint,left_hip_yaw_joint,left_knee_joint,left_ankle_pitch_joint,left_ankle_roll_joint,right_hip_pitch_joint,right_hip_roll_joint,right_hip_yaw_joint,right_knee_joint,right_ankle_pitch_joint,right_ankle_roll_joint,waist_roll_joint,waist_yaw_joint,left_shoulder_pitch_joint,left_shoulder_roll_joint,left_shoulder_yaw_joint,left_elbow_joint,right_shoulder_pitch_joint,right_shoulder_roll_joint,right_shoulder_yaw_joint,right_elbow_joint",0.0,0.0,0,pelvis,0.0,2.2085182666778564,1.3861260414123535,19.27598762512207,-33.61356735229492,36.0,-36.0,False,-0.10409957
106,2.12,0.08879738301038742,0.10401301859930889,2.094726,23.213219,1.4849433898925781,36.044097900390625,36.0,1.0,"left_hip_pitch_joint,left_hip_roll_joint,left_hip_yaw_joint,left_knee_joint,left_ankle_pitch_joint,left_ankle_roll_joint,right_hip_pitch_joint,right_hip_roll_joint,right_hip_yaw_joint,right_knee_joint,right_ankle_pitch_joint,right_ankle_roll_joint,waist_roll_joint,waist_yaw_joint,left_shoulder_pitch_joint,left_shoulder_roll_joint,left_shoulder_yaw_joint,left_elbow_joint,right_shoulder_pitch_joint,right_shoulder_roll_joint,right_shoulder_yaw_joint,right_elbow_joint",0.0,0.0,0,pelvis,0.0,1.8136345148086548,1.7814017534255981,-32.042667388916016,24.327531814575195,-36.0,36.0,False,-0.1320688
107,2.14,0.08886649459600449,-0.26977949032881954,1.9020627,29.648806,1.770728588104248,34.49711608886719,36.0,0.9090909090909091,"left_hip_pitch_joint,left_hip_roll_joint,left_hip_yaw_joint,left_knee_joint,left_ankle_pitch_joint,left_ankle_roll_joint,right_hip_pitch_joint,right_hip_roll_joint,right_hip_yaw_joint,right_knee_joint,right_ankle_pitch_joint,right_ankle_roll_joint,waist_yaw_joint,left_shoulder_pitch_joint,left_shoulder_yaw_joint,left_elbow_joint,right_shoulder_pitch_joint,right_shoulder_roll_joint,right_shoulder_yaw_joint,right_elbow_joint",2004.2281,0.0,2004.2281494140625,left_ankle_roll_link,2004.2281,2.1952099800109863,1.404054880142212,28.08514404296875,-30.964813232421875,36.0,-36.0,False,-0.14067547
108,2.16,0.08025909215211868,-0.02369878694541727,1.9203244,27.716694,1.6316934823989868,35.97200393676758,36.0,0.9545454545454546,"left_hip_pitch_joint,left_hip_roll_joint,left_hip_yaw_joint,left_knee_joint,left_ankle_pitch_joint,left_ankle_roll_joint,right_hip_roll_joint,right_hip_yaw_joint,right_knee_joint,right_ankle_pitch_joint,right_ankle_roll_joint,waist_roll_joint,waist_yaw_joint,left_shoulder_pitch_joint,left_shoulder_roll_joint,left_shoulder_yaw_joint,left_elbow_joint,right_shoulder_pitch_joint,right_shoulder_roll_joint,right_shoulder_yaw_joint,right_elbow_joint",0.0,0.0,0,pelvis,0.0,1.7013605833053589,1.8414356708526611,-35.97200393676758,31.622547149658203,-36.0,36.0,False,-0.14773147
109,2.18,0.0755949467420578,-0.12504070617937124,1.7122213,27.257927,1.9742355346679688,36.00986099243164,36.0,1.0,"left_hip_pitch_joint,left_hip_roll_joint,left_hip_yaw_joint,left_knee_joint,left_ankle_pitch_joint,left_ankle_roll_joint,right_hip_pitch_joint,right_hip_roll_joint,right_hip_yaw_joint,right_knee_joint,right_ankle_pitch_joint,right_ankle_roll_joint,waist_roll_joint,waist_yaw_joint,left_shoulder_pitch_joint,left_shoulder_roll_joint,left_shoulder_yaw_joint,left_elbow_joint,right_shoulder_pitch_joint,right_shoulder_roll_joint,right_shoulder_yaw_joint,right_elbow_joint",0.0,0.0,380.5455627441406,torso_link,380.54556,2.1276845932006836,1.7421468496322632,33.409420013427734,-16.767868041992188,36.0,-36.0,False,-0.12529653
110,2.2,0.06285057216882706,0.04098363002252681,2.1666427,17.802736,1.9749202728271484,36.041927337646484,36.0,1.0,"left_hip_pitch_joint,left_hip_roll_joint,left_hip_yaw_joint,left_knee_joint,left_ankle_pitch_joint,left_ankle_roll_joint,right_hip_pitch_joint,right_hip_roll_joint,right_hip_yaw_joint,right_knee_joint,right_ankle_pitch_joint,right_ankle_roll_joint,waist_roll_joint,waist_yaw_joint,left_shoulder_pitch_joint,left_shoulder_roll_joint,left_shoulder_yaw_joint,left_elbow_joint,right_shoulder_pitch_joint,right_shoulder_roll_joint,right_shoulder_yaw_joint,right_elbow_joint",0.0,0.0,0,pelvis,0.0,1.7517422437667847,2.1248388290405273,-36.041927337646484,30.146339416503906,-36.0,36.0,False,-0.12077763
111,2.22,0.06180432438850403,-0.11427176712371079,1.5005308,23.17047,2.145874261856079,25.664690017700195,36.0,1.0,"left_hip_pitch_joint,left_hip_roll_joint,left_hip_yaw_joint,left_knee_joint,left_ankle_pitch_joint,left_ankle_roll_joint,right_hip_pitch_joint,right_hip_roll_joint,right_hip_yaw_joint,right_knee_joint,right_ankle_pitch_joint,right_ankle_roll_joint,waist_roll_joint,waist_yaw_joint,left_shoulder_pitch_joint,left_shoulder_roll_joint,left_shoulder_yaw_joint,left_elbow_joint,right_shoulder_pitch_joint,right_shoulder_roll_joint,right_shoulder_yaw_joint,right_elbow_joint",0.0,0.0,0,pelvis,0.0,2.0445334911346436,2.0278100967407227,22.417573928833008,-9.542271614074707,36.0,-36.0,False,-0.09443532
112,2.24,0.04664522409439087,0.07789101806628451,2.1974072,22.729727,2.215672731399536,36.00457763671875,36.0,0.8636363636363636,"left_hip_pitch_joint,left_hip_roll_joint,left_hip_yaw_joint,left_knee_joint,left_ankle_roll_joint,right_hip_pitch_joint,right_hip_roll_joint,right_hip_yaw_joint,right_knee_joint,right_ankle_pitch_joint,right_ankle_roll_joint,waist_yaw_joint,left_shoulder_pitch_joint,left_shoulder_yaw_joint,left_elbow_joint,right_shoulder_pitch_joint,right_shoulder_roll_joint,right_shoulder_yaw_joint,right_elbow_joint",0.0,0.0,112.00045013427734,right_knee_link,112.00045,1.6284430027008057,2.4143426418304443,-36.00457763671875,29.545530319213867,-36.0,36.0,False,-0.08358791
113,2.2600000000000002,0.05188751220703125,0.003365426690927431,1.8420516,17.89308,2.410872220993042,35.679351806640625,36.0,0.9545454545454546,"left_hip_pitch_joint,left_hip_roll_joint,left_hip_yaw_joint,left_knee_joint,left_ankle_pitch_joint,left_ankle_roll_joint,right_hip_roll_joint,right_hip_yaw_joint,right_knee_joint,right_ankle_pitch_joint,right_ankle_roll_joint,waist_roll_joint,waist_yaw_joint,left_shoulder_pitch_joint,left_shoulder_roll_joint,left_shoulder_yaw_joint,left_elbow_joint,right_shoulder_pitch_joint,right_shoulder_roll_joint,right_shoulder_yaw_joint,right_elbow_joint",0.0,0.0,0,pelvis,0.0,1.9998530149459839,2.08717679977417,32.8684196472168,-29.490402221679688,36.0,-36.0,False,-0.050281603
114,2.2800000000000002,0.05615954473614693,0.06737285924960856,1.6737164,20.847845,2.2102062702178955,35.87664031982422,36.0,1.0,"left_hip_pitch_joint,left_hip_roll_joint,left_hip_yaw_joint,left_knee_joint,left_ankle_pitch_joint,left_ankle_roll_joint,right_hip_pitch_joint,right_hip_roll_joint,right_hip_yaw_joint,right_knee_joint,right_ankle_pitch_joint,right_ankle_roll_joint,waist_roll_joint,waist_yaw_joint,left_shoulder_pitch_joint,left_shoulder_roll_joint,left_shoulder_yaw_joint,left_elbow_joint,right_shoulder_pitch_joint,right_shoulder_roll_joint,right_shoulder_yaw_joint,right_elbow_joint",0.0,0.0,0,pelvis,0.0,1.6696075201034546,2.1317927837371826,-35.605979919433594,17.22113609313965,-36.0,36.0,False,-0.038469106
115,2.3000000000000003,0.06813707202672958,-0.11075091535176584,1.45335,22.074821,2.3035104274749756,35.7701416015625,36.0,1.0,"left_hip_pitch_joint,left_hip_roll_joint,left_hip_yaw_joint,left_knee_joint,left_ankle_pitch_joint,left_ankle_roll_joint,right_hip_pitch_joint,right_hip_roll_joint,right_hip_yaw_joint,right_knee_joint,right_ankle_pitch_joint,right_ankle_roll_joint,waist_roll_joint,waist_yaw_joint,left_shoulder_pitch_joint,left_shoulder_roll_joint,left_shoulder_yaw_joint,left_elbow_joint,right_shoulder_pitch_joint,right_shoulder_roll_joint,right_shoulder_yaw_joint,right_elbow_joint",0.0,0.0,0,pelvis,0.0,2.0328867435455322,1.9551795721054077,33.39109802246094,-18.462900161743164,36.0,-36.0,False,-0.01901559
116,2.32,0.07307019084692001,-0.1303005570492619,2.275343,28.097876,2.1713151931762695,36.20188522338867,36.0,1.0,"left_hip_pitch_joint,left_hip_roll_joint,left_hip_yaw_joint,left_knee_joint,left_ankle_pitch_joint,left_ankle_roll_joint,right_hip_pitch_joint,right_hip_roll_joint,right_hip_yaw_joint,right_knee_joint,right_ankle_pitch_joint,right_ankle_roll_joint,waist_roll_joint,waist_yaw_joint,left_shoulder_pitch_joint,left_shoulder_roll_joint,left_shoulder_yaw_joint,left_elbow_joint,right_shoulder_pitch_joint,right_shoulder_roll_joint,right_shoulder_yaw_joint,right_elbow_joint",240.61658,0.0,12.345943450927734,left_ankle_roll_link,240.61658,1.6868445873260498,2.1053545475006104,-36.20188522338867,14.764379501342773,-36.0,36.0,False,-0.031435307
117,2.34,0.08031630516052246,-0.23864191736640272,1.1785485,16.247602,2.382270097732544,35.95033264160156,36.0,0.9545454545454546,"left_hip_pitch_joint,left_hip_roll_joint,left_hip_yaw_joint,left_knee_joint,left_ankle_pitch_joint,right_hip_pitch_joint,right_hip_roll_joint,right_hip_yaw_joint,right_knee_joint,right_ankle_pitch_joint,right_ankle_roll_joint,waist_roll_joint,waist_yaw_joint,left_shoulder_pitch_joint,left_shoulder_roll_joint,left_shoulder_yaw_joint,left_elbow_joint,right_shoulder_pitch_joint,right_shoulder_roll_joint,right_shoulder_yaw_joint,right_elbow_joint",2.0591013,0.0,2.0591013431549072,left_hip_yaw_link,2.0591013,1.97272789478302,1.9030730724334717,34.89757537841797,-17.903751373291016,36.0,-36.0,False,-0.06789078
118,2.36,0.08798869699239731,-0.20969372684130327,2.3132253,22.261383,2.3617732524871826,35.139923095703125,36.0,1.0,"left_hip_pitch_joint,left_hip_roll_joint,left_hip_yaw_joint,left_knee_joint,left_ankle_pitch_joint,left_ankle_roll_joint,right_hip_pitch_joint,right_hip_roll_joint,right_hip_yaw_joint,right_knee_joint,right_ankle_pitch_joint,right_ankle_roll_joint,waist_roll_joint,waist_yaw_joint,left_shoulder_pitch_joint,left_shoulder_roll_joint,left_shoulder_yaw_joint,left_elbow_joint,right_shoulder_pitch_joint,right_shoulder_roll_joint,right_shoulder_yaw_joint,right_elbow_joint",0.0,0.0,288.14862060546875,left_hip_yaw_link,288.14862,1.5633772611618042,1.9965797662734985,-35.139923095703125,13.436966896057129,-36.0,36.0,False,-0.11934495
119,2.38,0.10700039565563202,-0.3565908527484183,1.8526529,24.29593,2.6479971408843994,35.81231689453125,36.0,1.0,"left_hip_pitch_joint,left_hip_roll_joint,left_hip_yaw_joint,left_knee_joint,left_ankle_pitch_joint,left_ankle_roll_joint,right_hip_pitch_joint,right_hip_roll_joint,right_hip_yaw_joint,right_knee_joint,right_ankle_pitch_joint,right_ankle_roll_joint,waist_roll_joint,waist_yaw_joint,left_shoulder_pitch_joint,left_shoulder_roll_joint,left_shoulder_yaw_joint,left_elbow_joint,right_shoulder_pitch_joint,right_shoulder_roll_joint,right_shoulder_yaw_joint,right_elbow_joint",103.900734,0.0,247.91431427001953,torso_link,144.01358,1.996750831604004,1.9039539098739624,35.027099609375,-13.219231605529785,36.0,-36.0,False,-0.13485235
120,2.4,0.12083947658538818,-0.28173412408359333,2.045992,23.85914,2.6362977027893066,35.957237243652344,36.0,1.0,"left_hip_pitch_joint,left_hip_roll_joint,left_hip_yaw_joint,left_knee_joint,left_ankle_pitch_joint,left_ankle_roll_joint,right_hip_pitch_joint,right_hip_roll_joint,right_hip_yaw_joint,right_knee_joint,right_ankle_pitch_joint,right_ankle_roll_joint,waist_roll_joint,waist_yaw_joint,left_shoulder_pitch_joint,left_shoulder_roll_joint,left_shoulder_yaw_joint,left_elbow_joint,right_shoulder_pitch_joint,right_shoulder_roll_joint,right_shoulder_yaw_joint,right_elbow_joint",0.0,0.0,0,pelvis,0.0,1.5586813688278198,1.984877586364746,-35.957237243652344,10.26365852355957,-36.0,36.0,False,-0.1584572
121,2.42,0.1215590089559555,-0.4217162180186804,1.6422297,14.050598,2.895155906677246,26.044265747070312,36.0,1.0,"left_hip_pitch_joint,left_hip_roll_joint,left_hip_yaw_joint,left_knee_joint,left_ankle_pitch_joint,left_ankle_roll_joint,right_hip_pitch_joint,right_hip_roll_joint,right_hip_yaw_joint,right_knee_joint,right_ankle_pitch_joint,right_ankle_roll_joint,waist_roll_joint,waist_yaw_joint,left_shoulder_pitch_joint,left_shoulder_roll_joint,left_shoulder_yaw_joint,left_elbow_joint,right_shoulder_pitch_joint,right_shoulder_roll_joint,right_shoulder_yaw_joint,right_elbow_joint",0.0,0.0,0,pelvis,0.0,1.992624044418335,1.9213417768478394,25.30876350402832,-24.381317138671875,36.0,-36.0,False,-0.15400864
122,2.44,0.13260900974273682,-0.36286507069984175,1.2574385,24.944561,2.5501551628112793,36.01826858520508,36.0,0.9545454545454546,"left_hip_pitch_joint,left_hip_roll_joint,left_hip_yaw_joint,left_knee_joint,left_ankle_roll_joint,right_hip_pitch_joint,right_hip_roll_joint,right_hip_yaw_joint,right_knee_joint,right_ankle_pitch_joint,right_ankle_roll_joint,waist_roll_joint,waist_yaw_joint,left_shoulder_pitch_joint,left_shoulder_roll_joint,left_shoulder_yaw_joint,left_elbow_joint,right_shoulder_pitch_joint,right_shoulder_roll_joint,right_shoulder_yaw_joint,right_elbow_joint",0.0,0.0,0,pelvis,0.0,1.5160868167877197,1.7106494903564453,-36.005374908447266,-4.5624494552612305,-36.0,36.0,False,-0.17316736
123,2.46,0.1321689784526825,-0.4479864780603595,0.83987665,27.421833,2.7801740169525146,36.28134536743164,36.0,1.0,"left_hip_pitch_joint,left_hip_roll_joint,left_hip_yaw_joint,left_knee_joint,left_ankle_pitch_joint,left_ankle_roll_joint,right_hip_pitch_joint,right_hip_roll_joint,right_hip_yaw_joint,right_knee_joint,right_ankle_pitch_joint,right_ankle_roll_joint,waist_roll_joint,waist_yaw_joint,left_shoulder_pitch_joint,left_shoulder_roll_joint,left_shoulder_yaw_joint,left_elbow_joint,right_shoulder_pitch_joint,right_shoulder_roll_joint,right_shoulder_yaw_joint,right_elbow_joint",0.0,0.0,1270.6556396484375,torso_link,1270.6556,1.937448501586914,2.2970049381256104,35.288848876953125,36.28134536743164,36.0,36.0,False,-0.15541624
124,2.48,0.13607251644134521,-0.42900130746832055,1.2858632,29.087305,2.512669086456299,35.90449523925781,36.0,1.0,"left_hip_pitch_joint,left_hip_roll_joint,left_hip_yaw_joint,left_knee_joint,left_ankle_pitch_joint,left_ankle_roll_joint,right_hip_pitch_joint,right_hip_roll_joint,right_hip_yaw_joint,right_knee_joint,right_ankle_pitch_joint,right_ankle_roll_joint,waist_roll_joint,waist_yaw_joint,left_shoulder_pitch_joint,left_shoulder_roll_joint,left_shoulder_yaw_joint,left_elbow_joint,right_shoulder_pitch_joint,right_shoulder_roll_joint,right_shoulder_yaw_joint,right_elbow_joint",0.0,0.0,735.6106567382812,torso_link,735.61066,1.8749982118606567,2.136286497116089,-13.811308860778809,-35.90449523925781,-36.0,-36.0,False,-0.17223231
125,2.5,0.1361655443906784,-0.48750341145981224,0.6263567,27.978735,2.649188995361328,31.265674591064453,36.0,0.9545454545454546,"left_hip_pitch_joint,left_hip_yaw_joint,left_knee_joint,left_ankle_pitch_joint,left_ankle_roll_joint,right_hip_pitch_joint,right_hip_roll_joint,right_hip_yaw_joint,right_knee_joint,right_ankle_pitch_joint,right_ankle_roll_joint,waist_roll_joint,waist_yaw_joint,left_shoulder_pitch_joint,left_shoulder_roll_joint,left_shoulder_yaw_joint,left_elbow_joint,right_shoulder_pitch_joint,right_shoulder_roll_joint,right_shoulder_yaw_joint,right_elbow_joint",0.0,0.0,383.3522033691406,torso_link,383.3522,2.4183266162872314,2.446042537689209,31.265674591064453,14.094335556030273,36.0,36.0,False,-0.15627459
126,2.52,0.1425693780183792,-0.3799638649834378,0.40823546,23.969196,2.240330934524536,35.650394439697266,36.0,0.9545454545454546,"left_hip_roll_joint,left_hip_yaw_joint,left_knee_joint,left_ankle_pitch_joint,left_ankle_roll_joint,right_hip_pitch_joint,right_hip_roll_joint,right_hip_yaw_joint,right_knee_joint,right_ankle_pitch_joint,right_ankle_roll_joint,waist_roll_joint,waist_yaw_joint,left_shoulder_pitch_joint,left_shoulder_roll_joint,left_shoulder_yaw_joint,left_elbow_joint,right_shoulder_pitch_joint,right_shoulder_roll_joint,right_shoulder_yaw_joint,right_elbow_joint",0.0,0.0,1201.1197509765625,torso_link,1201.1198,1.9906389713287354,1.9435259103775024,-33.993961334228516,-35.650394439697266,-36.0,-36.0,False,-0.1548558
127,2.54,0.13900643587112427,-0.333085650357555,1.2360467,37.786556,2.3484506607055664,35.841373443603516,36.0,1.0,"left_hip_pitch_joint,left_hip_roll_joint,left_hip_yaw_joint,left_knee_joint,left_ankle_pitch_joint,left_ankle_roll_joint,right_hip_pitch_joint,right_hip_roll_joint,right_hip_yaw_joint,right_knee_joint,right_ankle_pitch_joint,right_ankle_roll_joint,waist_roll_joint,waist_yaw_joint,left_shoulder_pitch_joint,left_shoulder_roll_joint,left_shoulder_yaw_joint,left_elbow_joint,right_shoulder_pitch_joint,right_shoulder_roll_joint,right_shoulder_yaw_joint,right_elbow_joint",0.0,0.0,0,pelvis,0.0,2.381662607192993,2.0469484329223633,35.75761032104492,25.180339813232422,36.0,36.0,False,-0.13063063
128,2.56,0.13614089787006378,-0.17881258912132125,0.53643924,25.70969,1.907806158065796,36.62681198120117,36.0,1.0,"left_hip_pitch_joint,left_hip_roll_joint,left_hip_yaw_joint,left_knee_joint,left_ankle_pitch_joint,left_ankle_roll_joint,right_hip_pitch_joint,right_hip_roll_joint,right_hip_yaw_joint,right_knee_joint,right_ankle_pitch_joint,right_ankle_roll_joint,waist_roll_joint,waist_yaw_joint,left_shoulder_pitch_joint,left_shoulder_roll_joint,left_shoulder_yaw_joint,left_elbow_joint,right_shoulder_pitch_joint,right_shoulder_roll_joint,right_shoulder_yaw_joint,right_elbow_joint",0.0,0.0,0,pelvis,0.0,2.0049262046813965,1.695704698562622,-31.56948471069336,-33.107940673828125,-36.0,-36.0,False,-0.13067478
129,2.58,0.13298548758029938,-0.31405097389121694,1.5107472,39.481087,2.1356101036071777,36.018463134765625,36.0,1.0,"left_hip_pitch_joint,left_hip_roll_joint,left_hip_yaw_joint,left_knee_joint,left_ankle_pitch_joint,left_ankle_roll_joint,right_hip_pitch_joint,right_hip_roll_joint,right_hip_yaw_joint,right_knee_joint,right_ankle_pitch_joint,right_ankle_roll_joint,waist_roll_joint,waist_yaw_joint,left_shoulder_pitch_joint,left_shoulder_roll_joint,left_shoulder_yaw_joint,left_elbow_joint,right_shoulder_pitch_joint,right_shoulder_roll_joint,right_shoulder_yaw_joint,right_elbow_joint",0.0,0.0,0,pelvis,0.0,2.369854688644409,1.82252836227417,33.128211975097656,28.998422622680664,36.0,36.0,False,-0.11285432
130,2.6,0.13395024836063385,-0.41612277033508605,1.1725845,34.41648,1.7953882217407227,32.17710876464844,36.0,0.9545454545454546,"left_hip_pitch_joint,left_hip_roll_joint,left_hip_yaw_joint,left_knee_joint,left_ankle_roll_joint,right_hip_pitch_joint,right_hip_roll_joint,right_hip_yaw_joint,right_knee_joint,right_ankle_pitch_joint,right_ankle_roll_joint,waist_roll_joint,waist_yaw_joint,left_shoulder_pitch_joint,left_shoulder_roll_joint,left_shoulder_yaw_joint,left_elbow_joint,right_shoulder_pitch_joint,right_shoulder_roll_joint,right_shoulder_yaw_joint,right_elbow_joint",0.0,1106.4215,1106.4215087890625,right_ankle_roll_link,1106.4215,2.219869613647461,1.4688881635665894,-13.828218460083008,-29.944242477416992,-36.0,-36.0,False,-0.12320184
131,2.62,0.13864244520664215,-0.4885215995440735,1.0997993,21.138626,2.0981667041778564,37.55070877075195,36.0,0.9545454545454546,"left_hip_pitch_joint,left_hip_roll_joint,left_hip_yaw_joint,left_knee_joint,left_ankle_pitch_joint,left_ankle_roll_joint,right_hip_pitch_joint,right_hip_roll_joint,right_hip_yaw_joint,right_knee_joint,right_ankle_pitch_joint,right_ankle_roll_joint,waist_yaw_joint,left_shoulder_pitch_joint,left_shoulder_roll_joint,left_shoulder_yaw_joint,left_elbow_joint,right_shoulder_pitch_joint,right_shoulder_roll_joint,right_shoulder_yaw_joint,right_elbow_joint",0.0,0.0,0,pelvis,0.0,2.443530321121216,1.8929448127746582,0.8749268054962158,35.19791030883789,36.0,36.0,False,-0.1351439
132,2.64,0.12375716120004654,-0.33311526032304783,0.9645526,39.298042,2.009798526763916,35.38870620727539,36.0,0.9545454545454546,"left_hip_pitch_joint,left_hip_roll_joint,left_hip_yaw_joint,left_knee_joint,left_ankle_pitch_joint,left_ankle_roll_joint,right_hip_pitch_joint,right_hip_roll_joint,right_hip_yaw_joint,right_knee_joint,right_ankle_roll_joint,waist_roll_joint,waist_yaw_joint,left_shoulder_pitch_joint,left_shoulder_roll_joint,left_shoulder_yaw_joint,left_elbow_joint,right_shoulder_pitch_joint,right_shoulder_roll_joint,right_shoulder_yaw_joint,right_elbow_joint",0.0,0.0,245.98312377929688,torso_link,245.98312,2.060199022293091,1.503845453262329,-29.231311798095703,-34.58390426635742,-36.0,-36.0,False,-0.16151252
133,2.66,0.11976750195026398,-0.3887436784134639,1.0731128,28.624136,2.1677300930023193,34.891265869140625,36.0,0.9545454545454546,"left_hip_pitch_joint,left_hip_roll_joint,left_hip_yaw_joint,left_knee_joint,left_ankle_roll_joint,right_hip_pitch_joint,right_hip_roll_joint,right_hip_yaw_joint,right_knee_joint,right_ankle_pitch_joint,right_ankle_roll_joint,waist_roll_joint,waist_yaw_joint,left_shoulder_pitch_joint,left_shoulder_roll_joint,left_shoulder_yaw_joint,left_elbow_joint,right_shoulder_pitch_joint,right_shoulder_roll_joint,right_shoulder_yaw_joint,right_elbow_joint",0.0,0.0,0,pelvis,0.0,2.006498098373413,1.802995204925537,26.701528549194336,30.328662872314453,36.0,36.0,False,-0.1652358
134,2.68,0.1183989867568016,-0.2789830962318707,0.6506384,26.625908,2.034053325653076,31.82411766052246,36.0,1.0,"left_hip_pitch_joint,left_hip_roll_joint,left_hip_yaw_joint,left_knee_joint,left_ankle_pitch_joint,left_ankle_roll_joint,right_hip_pitch_joint,right_hip_roll_joint,right_hip_yaw_joint,right_knee_joint,right_ankle_pitch_joint,right_ankle_roll_joint,waist_roll_joint,waist_yaw_joint,left_shoulder_pitch_joint,left_shoulder_roll_joint,left_shoulder_yaw_joint,left_elbow_joint,right_shoulder_pitch_joint,right_shoulder_roll_joint,right_shoulder_yaw_joint,right_elbow_joint",0.0,0.0,0,pelvis,0.0,2.2010769844055176,1.477545976638794,-0.8522400856018066,-29.856658935546875,-36.0,-36.0,False,-0.19227044
135,2.7,0.1050165519118309,-0.29314262480401254,1.4584535,21.63741,2.3229527473449707,35.396751403808594,36.0,1.0,"left_hip_pitch_joint,left_hip_roll_joint,left_hip_yaw_joint,left_knee_joint,left_ankle_pitch_joint,left_ankle_roll_joint,right_hip_pitch_joint,right_hip_roll_joint,right_hip_yaw_joint,right_knee_joint,right_ankle_pitch_joint,right_ankle_roll_joint,waist_roll_joint,waist_yaw_joint,left_shoulder_pitch_joint,left_shoulder_roll_joint,left_shoulder_yaw_joint,left_elbow_joint,right_shoulder_pitch_joint,right_shoulder_roll_joint,right_shoulder_yaw_joint,right_elbow_joint",0.0,0.0,0,pelvis,0.0,1.6317641735076904,1.9158962965011597,-32.08980178833008,32.03912353515625,-36.0,36.0,False,-0.18817979
136,2.72,0.09726349264383316,-0.18319629817839633,0.20079261,33.141846,2.1494059562683105,36.01626968383789,36.0,1.0,"left_hip_pitch_joint,left_hip_roll_joint,left_hip_yaw_joint,left_knee_joint,left_ankle_pitch_joint,left_ankle_roll_joint,right_hip_pitch_joint,right_hip_roll_joint,right_hip_yaw_joint,right_knee_joint,right_ankle_pitch_joint,right_ankle_roll_joint,waist_roll_joint,waist_yaw_joint,left_shoulder_pitch_joint,left_shoulder_roll_joint,left_shoulder_yaw_joint,left_elbow_joint,right_shoulder_pitch_joint,right_shoulder_roll_joint,right_shoulder_yaw_joint,right_elbow_joint",0.0,0.0,0,pelvis,0.0,1.7754374742507935,1.5540852546691895,18.536869049072266,-30.472702026367188,36.0,-36.0,False,-0.20718381
137,2.74,0.08172586560249329,-0.19062943536245314,1.6122242,18.89866,2.3853249549865723,35.57074737548828,36.0,0.9545454545454546,"left_hip_pitch_joint,left_hip_roll_joint,left_hip_yaw_joint,left_knee_joint,left_ankle_pitch_joint,left_ankle_roll_joint,right_hip_pitch_joint,right_hip_roll_joint,right_knee_joint,right_ankle_pitch_joint,right_ankle_roll_joint,waist_roll_joint,waist_yaw_joint,left_shoulder_pitch_joint,left_shoulder_roll_joint,left_shoulder_yaw_joint,left_elbow_joint,right_shoulder_pitch_joint,right_shoulder_roll_joint,right_shoulder_yaw_joint,right_elbow_joint",0.0,0.0,0,pelvis,0.0,1.413004994392395,1.8748868703842163,-28.18051528930664,29.566360473632812,-36.0,36.0,False,-0.20143008
138,2.7600000000000002,0.06879948079586029,-0.0862950749593665,0.33461133,30.944294,2.230252981185913,35.76679229736328,36.0,1.0,"left_hip_pitch_joint,left_hip_roll_joint,left_hip_yaw_joint,left_knee_joint,left_ankle_pitch_joint,left_ankle_roll_joint,right_hip_pitch_joint,right_hip_roll_joint,right_hip_yaw_joint,right_knee_joint,right_ankle_pitch_joint,right_ankle_roll_joint,waist_roll_joint,waist_yaw_joint,left_shoulder_pitch_joint,left_shoulder_roll_joint,left_shoulder_yaw_joint,left_elbow_joint,right_shoulder_pitch_joint,right_shoulder_roll_joint,right_shoulder_yaw_joint,right_elbow_joint",0.0,0.0,75.78856658935547,torso_link,75.78857,1.6683762073516846,1.5734401941299438,18.891305923461914,-29.75177574157715,36.0,-36.0,False,-0.21741365
139,2.7800000000000002,0.04570268094539642,0.06653192617922166,1.8838234,21.907162,2.584113836288452,35.980995178222656,36.0,1.0,"left_hip_pitch_joint,left_hip_roll_joint,left_hip_yaw_joint,left_knee_joint,left_ankle_pitch_joint,left_ankle_roll_joint,right_hip_pitch_joint,right_hip_roll_joint,right_hip_yaw_joint,right_knee_joint,right_ankle_pitch_joint,right_ankle_roll_joint,waist_roll_joint,waist_yaw_joint,left_shoulder_pitch_joint,left_shoulder_roll_joint,left_shoulder_yaw_joint,left_elbow_joint,right_shoulder_pitch_joint,right_shoulder_roll_joint,right_shoulder_yaw_joint,right_elbow_joint",0.0,0.0,137.62100219726562,torso_link,137.621,1.1464959383010864,2.0023751258850098,-32.599788665771484,30.637962341308594,-36.0,36.0,False,-0.20554635
140,2.8000000000000003,0.04071994498372078,0.12697725484464506,0.5574596,25.421877,2.2964584827423096,32.0994873046875,36.0,1.0,"left_hip_pitch_joint,left_hip_roll_joint,left_hip_yaw_joint,left_knee_joint,left_ankle_pitch_joint,left_ankle_roll_joint,right_hip_pitch_joint,right_hip_roll_joint,right_hip_yaw_joint,right_knee_joint,right_ankle_pitch_joint,right_ankle_roll_joint,waist_roll_joint,waist_yaw_joint,left_shoulder_pitch_joint,left_shoulder_roll_joint,left_shoulder_yaw_joint,left_elbow_joint,right_shoulder_pitch_joint,right_shoulder_roll_joint,right_shoulder_yaw_joint,right_elbow_joint",0.0,0.0,569.8661499023438,pelvis,284.93307,1.6673369407653809,1.6330245733261108,30.453720092773438,-31.30150032043457,36.0,-36.0,False,-0.21303782
141,2.82,0.039504870772361755,0.16285518392737508,0.92760605,20.886234,2.58913516998291,35.93577575683594,36.0,0.9545454545454546,"left_hip_pitch_joint,left_hip_roll_joint,left_hip_yaw_joint,left_knee_joint,left_ankle_pitch_joint,left_ankle_roll_joint,right_hip_pitch_joint,right_hip_roll_joint,right_hip_yaw_joint,right_knee_joint,right_ankle_pitch_joint,right_ankle_roll_joint,waist_yaw_joint,left_shoulder_pitch_joint,left_shoulder_roll_joint,left_shoulder_yaw_joint,left_elbow_joint,right_shoulder_pitch_joint,right_shoulder_roll_joint,right_shoulder_yaw_joint,right_elbow_joint",0.0,0.0,0,pelvis,0.0,1.2772554159164429,2.034360885620117,-31.481143951416016,29.503324508666992,-36.0,36.0,False,-0.18860348
142,2.84,0.04354547709226608,0.1717997159817326,0.49874726,24.808329,2.3395273685455322,32.70529556274414,36.0,1.0,"left_hip_pitch_joint,left_hip_roll_joint,left_hip_yaw_joint,left_knee_joint,left_ankle_pitch_joint,left_ankle_roll_joint,right_hip_pitch_joint,right_hip_roll_joint,right_hip_yaw_joint,right_knee_joint,right_ankle_pitch_joint,right_ankle_roll_joint,waist_roll_joint,waist_yaw_joint,left_shoulder_pitch_joint,left_shoulder_roll_joint,left_shoulder_yaw_joint,left_elbow_joint,right_shoulder_pitch_joint,right_shoulder_roll_joint,right_shoulder_yaw_joint,right_elbow_joint",0.0,0.0,0,pelvis,0.0,1.7381614446640015,1.715364933013916,32.70529556274414,-32.64485549926758,36.0,-36.0,False,-0.18714659
143,2.86,0.03894203156232834,0.258614218755417,1.7546817,26.842175,2.7129135131835938,34.482872009277344,36.0,0.9545454545454546,"left_hip_pitch_joint,left_hip_roll_joint,left_knee_joint,left_ankle_pitch_joint,left_ankle_roll_joint,right_hip_pitch_joint,right_hip_roll_joint,right_hip_yaw_joint,right_knee_joint,right_ankle_pitch_joint,right_ankle_roll_joint,waist_roll_joint,waist_yaw_joint,left_shoulder_pitch_joint,left_shoulder_roll_joint,left_shoulder_yaw_joint,left_elbow_joint,right_shoulder_pitch_joint,right_shoulder_roll_joint,right_shoulder_yaw_joint,right_elbow_joint",0.0,0.0,0,pelvis,0.0,1.2596532106399536,2.078622341156006,-34.482872009277344,32.2224006652832,-36.0,36.0,False,-0.16689748
144,2.88,0.03684031963348389,0.16568673890810715,0.840241,29.552162,2.433936595916748,34.631404876708984,36.0,0.9090909090909091,"left_hip_pitch_joint,left_hip_roll_joint,left_hip_yaw_joint,left_knee_joint,left_ankle_pitch_joint,left_ankle_roll_joint,right_hip_pitch_joint,right_hip_roll_joint,right_hip_yaw_joint,right_knee_joint,right_ankle_pitch_joint,right_ankle_roll_joint,waist_yaw_joint,left_shoulder_pitch_joint,left_shoulder_roll_joint,left_shoulder_yaw_joint,left_elbow_joint,right_shoulder_roll_joint,right_shoulder_yaw_joint,right_elbow_joint",0.0,0.0,0,pelvis,0.0,1.7658981084823608,1.8061447143554688,34.631404876708984,-32.22672653198242,36.0,-36.0,False,-0.17099784
145,2.9,0.03668961673974991,0.23164742055790866,0.8195792,12.3931465,2.791065216064453,21.178861618041992,36.0,1.0,"left_hip_pitch_joint,left_hip_roll_joint,left_hip_yaw_joint,left_knee_joint,left_ankle_pitch_joint,left_ankle_roll_joint,right_hip_pitch_joint,right_hip_roll_joint,right_hip_yaw_joint,right_knee_joint,right_ankle_pitch_joint,right_ankle_roll_joint,waist_roll_joint,waist_yaw_joint,left_shoulder_pitch_joint,left_shoulder_roll_joint,left_shoulder_yaw_joint,left_elbow_joint,right_shoulder_pitch_joint,right_shoulder_roll_joint,right_shoulder_yaw_joint,right_elbow_joint",0.0,0.0,0,pelvis,0.0,1.3836244344711304,2.0731427669525146,1.5548779964447021,21.178861618041992,-36.0,36.0,False,-0.16122395
146,2.92,0.040520451962947845,0.15806035013135922,0.3145214,32.312363,2.5099568367004395,36.036827087402344,36.0,1.0,"left_hip_pitch_joint,left_hip_roll_joint,left_hip_yaw_joint,left_knee_joint,left_ankle_pitch_joint,left_ankle_roll_joint,right_hip_pitch_joint,right_hip_roll_joint,right_hip_yaw_joint,right_knee_joint,right_ankle_pitch_joint,right_ankle_roll_joint,waist_roll_joint,waist_yaw_joint,left_shoulder_pitch_joint,left_shoulder_roll_joint,left_shoulder_yaw_joint,left_elbow_joint,right_shoulder_pitch_joint,right_shoulder_roll_joint,right_shoulder_yaw_joint,right_elbow_joint",0.0,0.0,853.398515701294,torso_link,834.0061,1.5722005367279053,1.901665449142456,10.438616752624512,-25.282716751098633,-36.0,-36.0,False,-0.16833478
147,2.94,0.05859926715493202,0.13540298257051464,2.1781597,24.204262,2.754267692565918,35.84764862060547,36.0,0.9545454545454546,"left_hip_pitch_joint,left_hip_roll_joint,left_hip_yaw_joint,left_knee_joint,left_ankle_pitch_joint,left_ankle_roll_joint,right_hip_pitch_joint,right_hip_roll_joint,right_hip_yaw_joint,right_knee_joint,right_ankle_pitch_joint,right_ankle_roll_joint,waist_yaw_joint,left_shoulder_pitch_joint,left_shoulder_roll_joint,left_shoulder_yaw_joint,left_elbow_joint,right_shoulder_pitch_joint,right_shoulder_roll_joint,right_shoulder_yaw_joint,right_elbow_joint",0.0,0.0,0,pelvis,0.0,0.9486735463142395,2.1192467212677,-34.696510314941406,28.463848114013672,-36.0,36.0,False,-0.15167305
148,2.96,0.08082997053861618,0.03669078678424953,0.49789804,29.821583,2.7065670490264893,35.20059585571289,36.0,1.0,"left_hip_pitch_joint,left_hip_roll_joint,left_hip_yaw_joint,left_knee_joint,left_ankle_pitch_joint,left_ankle_roll_joint,right_hip_pitch_joint,right_hip_roll_joint,right_hip_yaw_joint,right_knee_joint,right_ankle_pitch_joint,right_ankle_roll_joint,waist_roll_joint,waist_yaw_joint,left_shoulder_pitch_joint,left_shoulder_roll_joint,left_shoulder_yaw_joint,left_elbow_joint,right_shoulder_pitch_joint,right_shoulder_roll_joint,right_shoulder_yaw_joint,right_elbow_joint",0.0,0.0,0,pelvis,0.0,1.4539626836776733,2.061832904815674,35.20059585571289,-20.85079574584961,36.0,-36.0,False,-0.15292099
149,2.98,0.09956812113523483,-0.02548715556859249,1.7836697,10.954802,2.895198345184326,36.185543060302734,36.0,0.9545454545454546,"left_hip_pitch_joint,left_hip_roll_joint,left_hip_yaw_joint,left_knee_joint,left_ankle_pitch_joint,left_ankle_roll_joint,right_hip_pitch_joint,right_hip_roll_joint,right_hip_yaw_joint,right_knee_joint,right_ankle_pitch_joint,right_ankle_roll_joint,waist_yaw_joint,left_shoulder_pitch_joint,left_shoulder_roll_joint,left_shoulder_yaw_joint,left_elbow_joint,right_shoulder_pitch_joint,right_shoulder_roll_joint,right_shoulder_yaw_joint,right_elbow_joint",0.0,0.0,0,pelvis,0.0,1.039520025253296,1.9807155132293701,-35.6253547668457,-2.448603868484497,-36.0,36.0,False,-0.14376837
150,3.0,0.11226523667573929,-0.1817176429179601,0.48535496,35.869076,2.4812216758728027,36.001312255859375,36.0,0.9545454545454546,"left_hip_pitch_joint,left_hip_roll_joint,left_knee_joint,left_ankle_pitch_joint,left_ankle_roll_joint,right_hip_pitch_joint,right_hip_roll_joint,right_hip_yaw_joint,right_knee_joint,right_ankle_pitch_joint,right_ankle_roll_joint,waist_roll_joint,waist_yaw_joint,left_shoulder_pitch_joint,left_shoulder_roll_joint,left_shoulder_yaw_joint,left_elbow_joint,right_shoulder_pitch_joint,right_shoulder_roll_joint,right_shoulder_yaw_joint,right_elbow_joint",0.0,0.0,0,pelvis,0.0,1.388930320739746,1.5466639995574951,36.001312255859375,-35.87733840942383,36.0,-35.50332,False,-0.16027248
151,3.02,0.13347603380680084,-0.3395395013913447,1.5158061,9.031778,2.3292038440704346,35.523189544677734,36.0,1.0,"left_hip_pitch_joint,left_hip_roll_joint,left_hip_yaw_joint,left_knee_joint,left_ankle_pitch_joint,left_ankle_roll_joint,right_hip_pitch_joint,right_hip_roll_joint,right_hip_yaw_joint,right_knee_joint,right_ankle_pitch_joint,right_ankle_roll_joint,waist_roll_joint,waist_yaw_joint,left_shoulder_pitch_joint,left_shoulder_roll_joint,left_shoulder_yaw_joint,left_elbow_joint,right_shoulder_pitch_joint,right_shoulder_roll_joint,right_shoulder_yaw_joint,right_elbow_joint",0.0,0.0,1489.63427734375,torso_link,1489.6343,1.0084905624389648,1.2574211359024048,-35.523189544677734,4.585591793060303,-36.0,36.0,False,-0.15260458
152,3.04,0.14098170399665833,-0.25183264270862793,0.79845756,22.624697,2.1634249687194824,36.3465576171875,36.0,0.9545454545454546,"left_hip_pitch_joint,left_hip_roll_joint,left_hip_yaw_joint,left_knee_joint,left_ankle_pitch_joint,left_ankle_roll_joint,right_hip_pitch_joint,right_hip_roll_joint,right_hip_yaw_joint,right_knee_joint,right_ankle_pitch_joint,right_ankle_roll_joint,waist_yaw_joint,left_shoulder_pitch_joint,left_shoulder_roll_joint,left_shoulder_yaw_joint,left_elbow_joint,right_shoulder_pitch_joint,right_shoulder_roll_joint,right_shoulder_yaw_joint,right_elbow_joint",0.0,0.0,0,pelvis,0.0,1.441636323928833,0.7649421095848083,36.09056854248047,-28.263757705688477,36.0,-36.0,False,-0.15552332
153,3.06,0.16161741316318512,-0.4727803078973878,1.689074,11.154593,2.345050811767578,26.553564071655273,36.0,0.9545454545454546,"left_hip_pitch_joint,left_hip_roll_joint,left_hip_yaw_joint,left_knee_joint,left_ankle_pitch_joint,left_ankle_roll_joint,right_hip_pitch_joint,right_hip_roll_joint,right_hip_yaw_joint,right_knee_joint,right_ankle_pitch_joint,right_ankle_roll_joint,waist_roll_joint,waist_yaw_joint,left_shoulder_roll_joint,left_shoulder_yaw_joint,left_elbow_joint,right_shoulder_pitch_joint,right_shoulder_roll_joint,right_shoulder_yaw_joint,right_elbow_joint",0.0,1101.2946,1101.2945556640625,right_ankle_roll_link,1101.2946,0.9963667988777161,1.3178564310073853,-26.553564071655273,22.553319931030273,-36.0,36.0,False,-0.113978714
154,3.08,0.1704792082309723,-0.32683469727504644,0.66142,20.661106,2.3916261196136475,33.42595672607422,36.0,0.9090909090909091,"left_hip_pitch_joint,left_hip_roll_joint,left_hip_yaw_joint,left_knee_joint,left_ankle_pitch_joint,left_ankle_roll_joint,right_hip_pitch_joint,right_hip_roll_joint,right_hip_yaw_joint,right_knee_joint,right_ankle_roll_joint,waist_roll_joint,waist_yaw_joint,left_shoulder_pitch_joint,left_shoulder_yaw_joint,left_elbow_joint,right_shoulder_pitch_joint,right_shoulder_roll_joint,right_shoulder_yaw_joint,right_elbow_joint",0.0,0.0,0,pelvis,0.0,1.4547010660171509,0.9651843309402466,31.62995147705078,-33.42595672607422,36.0,-36.0,False,-0.108378306
155,3.1,0.1943613588809967,-0.5441487565527225,2.0091245,31.726875,2.6393203735351562,33.755516052246094,36.0,1.0,"left_hip_pitch_joint,left_hip_roll_joint,left_hip_yaw_joint,left_knee_joint,left_ankle_pitch_joint,left_ankle_roll_joint,right_hip_pitch_joint,right_hip_roll_joint,right_hip_yaw_joint,right_knee_joint,right_ankle_pitch_joint,right_ankle_roll_joint,waist_roll_joint,waist_yaw_joint,left_shoulder_pitch_joint,left_shoulder_roll_joint,left_shoulder_yaw_joint,left_elbow_joint,right_shoulder_pitch_joint,right_shoulder_roll_joint,right_shoulder_yaw_joint,right_elbow_joint",0.0,0.0,0,pelvis,0.0,1.0662106275558472,1.4652748107910156,-27.865234375,9.492314338684082,-36.0,36.0,False,-0.082728
156,3.12,0.20709629356861115,-0.5286663880582378,0.6148783,21.880796,2.7348005771636963,36.19282150268555,36.0,1.0,"left_hip_pitch_joint,left_hip_roll_joint,left_hip_yaw_joint,left_knee_joint,left_ankle_pitch_joint,left_ankle_roll_joint,right_hip_pitch_joint,right_hip_roll_joint,right_hip_yaw_joint,right_knee_joint,right_ankle_pitch_joint,right_ankle_roll_joint,waist_roll_joint,waist_yaw_joint,left_shoulder_pitch_joint,left_shoulder_roll_joint,left_shoulder_yaw_joint,left_elbow_joint,right_shoulder_pitch_joint,right_shoulder_roll_joint,right_shoulder_yaw_joint,right_elbow_joint",0.0,0.0,0,pelvis,0.0,1.4813470840454102,0.9180726408958435,33.22686767578125,-34.17755126953125,36.0,-36.0,False,-0.09283067
157,3.14,0.1918753683567047,-0.5140724570958146,1.6791308,20.432606,2.895263910293579,36.01469802856445,36.0,1.0,"left_hip_pitch_joint,left_hip_roll_joint,left_hip_yaw_joint,left_knee_joint,left_ankle_pitch_joint,left_ankle_roll_joint,right_hip_pitch_joint,right_hip_roll_joint,right_hip_yaw_joint,right_knee_joint,right_ankle_pitch_joint,right_ankle_roll_joint,waist_roll_joint,waist_yaw_joint,left_shoulder_pitch_joint,left_shoulder_roll_joint,left_shoulder_yaw_joint,left_elbow_joint,right_shoulder_pitch_joint,right_shoulder_roll_joint,right_shoulder_yaw_joint,right_elbow_joint",0.0,0.0,0,pelvis,0.0,1.5205914974212646,1.337260127067566,-21.4204158782959,28.100948333740234,-36.0,36.0,False,-0.08311123
158,3.16,0.1881343424320221,-0.4555017949333777,0.79016,36.026756,2.413651704788208,36.06063461303711,36.0,0.9545454545454546,"left_hip_pitch_joint,left_hip_roll_joint,left_hip_yaw_joint,left_knee_joint,left_ankle_pitch_joint,left_ankle_roll_joint,right_hip_pitch_joint,right_hip_roll_joint,right_hip_yaw_joint,right_knee_joint,right_ankle_roll_joint,waist_roll_joint,waist_yaw_joint,left_shoulder_pitch_joint,left_shoulder_roll_joint,left_shoulder_yaw_joint,left_elbow_joint,right_shoulder_pitch_joint,right_shoulder_roll_joint,right_shoulder_yaw_joint,right_elbow_joint",0.0,0.0,0,pelvis,0.0,1.645480751991272,1.0474673509597778,31.36520767211914,-35.851585388183594,36.0,-36.0,False,-0.09653305
159,3.18,0.18453316390514374,-0.4958314196993072,1.5582578,32.85337,2.5274271965026855,35.91862106323242,36.0,1.0,"left_hip_pitch_joint,left_hip_roll_joint,left_hip_yaw_joint,left_knee_joint,left_ankle_pitch_joint,left_ankle_roll_joint,right_hip_pitch_joint,right_hip_roll_joint,right_hip_yaw_joint,right_knee_joint,right_ankle_pitch_joint,right_ankle_roll_joint,waist_roll_joint,waist_yaw_joint,left_shoulder_pitch_joint,left_shoulder_roll_joint,left_shoulder_yaw_joint,left_elbow_joint,right_shoulder_pitch_joint,right_shoulder_roll_joint,right_shoulder_yaw_joint,right_elbow_joint",0.0,0.0,0,pelvis,0.0,1.5732512474060059,1.529919981956482,-14.81071662902832,32.138084411621094,-36.0,36.0,False,-0.07270423
160,3.2,0.17729951441287994,-0.40312300107098764,1.0294944,33.45871,2.261540412902832,36.0466194152832,36.0,0.9545454545454546,"left_hip_pitch_joint,left_hip_roll_joint,left_hip_yaw_joint,left_knee_joint,left_ankle_pitch_joint,left_ankle_roll_joint,right_hip_pitch_joint,right_hip_roll_joint,right_hip_yaw_joint,right_knee_joint,right_ankle_roll_joint,waist_roll_joint,waist_yaw_joint,left_shoulder_pitch_joint,left_shoulder_roll_joint,left_shoulder_yaw_joint,left_elbow_joint,right_shoulder_pitch_joint,right_shoulder_roll_joint,right_shoulder_yaw_joint,right_elbow_joint",0.0,0.0,0,pelvis,0.0,1.815092921257019,1.1190502643585205,24.272254943847656,-36.0466194152832,36.0,-36.0,False,-0.084854215
161,3.22,0.16797326505184174,-0.453953307726934,1.7985446,29.521402,2.4800684452056885,31.499465942382812,36.0,1.0,"left_hip_pitch_joint,left_hip_roll_joint,left_hip_yaw_joint,left_knee_joint,left_ankle_pitch_joint,left_ankle_roll_joint,right_hip_pitch_joint,right_hip_roll_joint,right_hip_yaw_joint,right_knee_joint,right_ankle_pitch_joint,right_ankle_roll_joint,waist_roll_joint,waist_yaw_joint,left_shoulder_pitch_joint,left_shoulder_roll_joint,left_shoulder_yaw_joint,left_elbow_joint,right_shoulder_pitch_joint,right_shoulder_roll_joint,right_shoulder_yaw_joint,right_elbow_joint",0.0,0.0,0,pelvis,0.0,1.7218602895736694,1.600245714187622,-9.381669044494629,31.499465942382812,-36.0,36.0,False,-0.06731001
162,3.24,0.15935389697551727,-0.3629425932786319,1.1259023,33.783817,2.2978675365448,36.09975051879883,36.0,1.0,"left_hip_pitch_joint,left_hip_roll_joint,left_hip_yaw_joint,left_knee_joint,left_ankle_pitch_joint,left_ankle_roll_joint,right_hip_pitch_joint,right_hip_roll_joint,right_hip_yaw_joint,right_knee_joint,right_ankle_pitch_joint,right_ankle_roll_joint,waist_roll_joint,waist_yaw_joint,left_shoulder_pitch_joint,left_shoulder_roll_joint,left_shoulder_yaw_joint,left_elbow_joint,right_shoulder_pitch_joint,right_shoulder_roll_joint,right_shoulder_yaw_joint,right_elbow_joint",0.0,0.0,0,pelvis,0.0,2.0364181995391846,1.3187869787216187,23.13015365600586,-35.56747817993164,36.0,-36.0,False,-0.083315685
163,3.2600000000000002,0.15737445652484894,-0.36986280231241864,1.6290859,33.927288,2.4862327575683594,35.95585250854492,36.0,1.0,"left_hip_pitch_joint,left_hip_roll_joint,left_hip_yaw_joint,left_knee_joint,left_ankle_pitch_joint,left_ankle_roll_joint,right_hip_pitch_joint,right_hip_roll_joint,right_hip_yaw_joint,right_knee_joint,right_ankle_pitch_joint,right_ankle_roll_joint,waist_roll_joint,waist_yaw_joint,left_shoulder_pitch_joint,left_shoulder_roll_joint,left_shoulder_yaw_joint,left_elbow_joint,right_shoulder_pitch_joint,right_shoulder_roll_joint,right_shoulder_yaw_joint,right_elbow_joint",0.0,0.0,0,pelvis,0.0,2.035527229309082,1.762686014175415,-2.866765022277832,35.41907501220703,-36.0,36.0,False,-0.062206235
164,3.2800000000000002,0.15102733671665192,-0.3294095427007466,1.8930418,38.32596,2.199354887008667,36.0799446105957,36.0,0.9545454545454546,"left_hip_pitch_joint,left_hip_roll_joint,left_hip_yaw_joint,left_ankle_pitch_joint,left_ankle_roll_joint,right_hip_pitch_joint,right_hip_roll_joint,right_hip_yaw_joint,right_knee_joint,right_ankle_pitch_joint,right_ankle_roll_joint,waist_roll_joint,waist_yaw_joint,left_shoulder_pitch_joint,left_shoulder_roll_joint,left_shoulder_yaw_joint,left_elbow_joint,right_shoulder_pitch_joint,right_shoulder_roll_joint,right_shoulder_yaw_joint,right_elbow_joint",0.0,0.0,0,pelvis,0.0,1.7013705968856812,1.45650315284729,-23.217391967773438,-35.052146911621094,-25.68013,-36.0,False,-0.08012605
165,3.3000000000000003,0.13807420432567596,-0.30161184258608564,2.2831535,29.3379,2.184617280960083,36.09276580810547,36.0,1.0,"left_hip_pitch_joint,left_hip_roll_joint,left_hip_yaw_joint,left_knee_joint,left_ankle_pitch_joint,left_ankle_roll_joint,right_hip_pitch_joint,right_hip_roll_joint,right_hip_yaw_joint,right_knee_joint,right_ankle_pitch_joint,right_ankle_roll_joint,waist_roll_joint,waist_yaw_joint,left_shoulder_pitch_joint,left_shoulder_roll_joint,left_shoulder_yaw_joint,left_elbow_joint,right_shoulder_pitch_joint,right_shoulder_roll_joint,right_shoulder_yaw_joint,right_elbow_joint",0.0,0.0,0,pelvis,0.0,1.6438190937042236,1.853806495666504,14.504446029663086,34.814815521240234,36.0,36.0,False,-0.04961861
166,3.3200000000000003,0.12175148725509644,-0.1901348396428464,0.794706,22.519794,2.065633773803711,36.403961181640625,36.0,1.0,"left_hip_pitch_joint,left_hip_roll_joint,left_hip_yaw_joint,left_knee_joint,left_ankle_pitch_joint,left_ankle_roll_joint,right_hip_pitch_joint,right_hip_roll_joint,right_hip_yaw_joint,right_knee_joint,right_ankle_pitch_joint,right_ankle_roll_joint,waist_roll_joint,waist_yaw_joint,left_shoulder_pitch_joint,left_shoulder_roll_joint,left_shoulder_yaw_joint,left_elbow_joint,right_shoulder_pitch_joint,right_shoulder_roll_joint,right_shoulder_yaw_joint,right_elbow_joint",0.0,0.0,0,pelvis,0.0,1.5822027921676636,1.5251339673995972,-29.087888717651367,-30.24464225769043,-36.0,-36.0,False,-0.05167938
167,3.34,0.10659376531839371,-0.18104643151404343,2.0706842,28.393383,2.183042526245117,36.48058319091797,36.0,0.9090909090909091,"left_hip_pitch_joint,left_hip_roll_joint,left_hip_yaw_joint,left_knee_joint,left_ankle_pitch_joint,left_ankle_roll_joint,right_hip_pitch_joint,right_hip_roll_joint,right_hip_yaw_joint,right_knee_joint,right_ankle_pitch_joint,right_ankle_roll_joint,waist_yaw_joint,left_shoulder_pitch_joint,left_shoulder_yaw_joint,left_elbow_joint,right_shoulder_pitch_joint,right_shoulder_roll_joint,right_shoulder_yaw_joint,right_elbow_joint",0.0,0.0,0,pelvis,0.0,1.5665141344070435,1.6754906177520752,36.48058319091797,18.085166931152344,36.0,36.0,False,-0.014981609
168,3.36,0.0845026969909668,-0.08667072515461882,0.89094454,33.048145,2.0042521953582764,36.032081604003906,36.0,0.9545454545454546,"left_hip_pitch_joint,left_hip_roll_joint,left_hip_yaw_joint,left_knee_joint,left_ankle_pitch_joint,left_ankle_roll_joint,right_hip_pitch_joint,right_hip_roll_joint,right_hip_yaw_joint,right_knee_joint,right_ankle_roll_joint,waist_roll_joint,waist_yaw_joint,left_shoulder_pitch_joint,left_shoulder_roll_joint,left_shoulder_yaw_joint,left_elbow_joint,right_shoulder_pitch_joint,right_shoulder_roll_joint,right_shoulder_yaw_joint,right_elbow_joint",0.0,0.0,0,pelvis,0.0,1.6227740049362183,1.5389268398284912,-11.800681114196777,-27.196613311767578,-36.0,-36.0,False,-0.03901397
169,3.38,0.05347816273570061,0.052796585536340146,2.0223293,29.607845,1.8295023441314697,35.32923889160156,36.0,1.0,"left_hip_pitch_joint,left_hip_roll_joint,left_hip_yaw_joint,left_knee_joint,left_ankle_pitch_joint,left_ankle_roll_joint,right_hip_pitch_joint,right_hip_roll_joint,right_hip_yaw_joint,right_knee_joint,right_ankle_pitch_joint,right_ankle_roll_joint,waist_roll_joint,waist_yaw_joint,left_shoulder_pitch_joint,left_shoulder_roll_joint,left_shoulder_yaw_joint,left_elbow_joint,right_shoulder_pitch_joint,right_shoulder_roll_joint,right_shoulder_yaw_joint,right_elbow_joint",0.0,0.0,11.63794231414795,torso_link,11.637942,1.7202011346817017,1.624846339225769,16.502378463745117,20.783077239990234,36.0,36.0,False,-0.013545913
170,3.4,0.036218028515577316,0.15471956795975927,0.64555043,28.378407,2.007158041000366,35.9948616027832,36.0,0.9545454545454546,"left_hip_pitch_joint,left_hip_roll_joint,left_hip_yaw_joint,left_knee_joint,left_ankle_pitch_joint,left_ankle_roll_joint,right_hip_pitch_joint,right_hip_roll_joint,right_hip_yaw_joint,right_knee_joint,right_ankle_roll_joint,waist_roll_joint,waist_yaw_joint,left_shoulder_pitch_joint,left_shoulder_roll_joint,left_shoulder_yaw_joint,left_elbow_joint,right_shoulder_pitch_joint,right_shoulder_roll_joint,right_shoulder_yaw_joint,right_elbow_joint",0.0,0.0,0,pelvis,0.0,1.741308569908142,1.4813860654830933,-4.106015205383301,-27.173404693603516,-36.0,-36.0,False,-0.002051155
171,3.42,0.027861345559358597,0.23669189356480125,1.2536505,23.754486,1.8441177606582642,35.305965423583984,36.0,1.0,"left_hip_pitch_joint,left_hip_roll_joint,left_hip_yaw_joint,left_knee_joint,left_ankle_pitch_joint,left_ankle_roll_joint,right_hip_pitch_joint,right_hip_roll_joint,right_hip_yaw_joint,right_knee_joint,right_ankle_pitch_joint,right_ankle_roll_joint,waist_roll_joint,waist_yaw_joint,left_shoulder_pitch_joint,left_shoulder_roll_joint,left_shoulder_yaw_joint,left_elbow_joint,right_shoulder_pitch_joint,right_shoulder_roll_joint,right_shoulder_yaw_joint,right_elbow_joint",0.0,0.0,0,pelvis,0.0,1.7719839811325073,1.6320101022720337,3.356689453125,25.787439346313477,36.0,36.0,False,0.009615572
172,3.44,0.027568869292736053,0.23603089904864616,0.64675504,17.18766,2.085081100463867,35.97206497192383,36.0,0.9090909090909091,"left_hip_pitch_joint,left_hip_roll_joint,left_hip_yaw_joint,left_knee_joint,left_ankle_pitch_joint,left_ankle_roll_joint,right_hip_pitch_joint,right_hip_roll_joint,right_hip_yaw_joint,right_knee_joint,right_ankle_pitch_joint,right_ankle_roll_joint,waist_yaw_joint,left_shoulder_pitch_joint,left_shoulder_roll_joint,left_shoulder_yaw_joint,left_elbow_joint,right_shoulder_roll_joint,right_shoulder_yaw_joint,right_elbow_joint",0.0,0.0,141.33248901367188,pelvis,141.33249,1.793959617614746,1.5978302955627441,-1.0546144247055054,-17.075420379638672,-36.0,-36.0,False,0.0057406556
173,3.46,0.02470671758055687,0.23161571810050885,0.883594,21.55513,1.8907451629638672,35.73835754394531,36.0,0.9545454545454546,"left_hip_pitch_joint,left_hip_roll_joint,left_hip_yaw_joint,left_knee_joint,left_ankle_pitch_joint,left_ankle_roll_joint,right_hip_pitch_joint,right_hip_roll_joint,right_hip_yaw_joint,right_knee_joint,right_ankle_pitch_joint,right_ankle_roll_joint,waist_roll_joint,waist_yaw_joint,left_shoulder_pitch_joint,left_shoulder_roll_joint,left_shoulder_yaw_joint,left_elbow_joint,right_shoulder_roll_joint,right_shoulder_yaw_joint,right_elbow_joint",0.0,0.0,0,pelvis,0.0,1.182543158531189,1.6403818130493164,-33.951358795166016,16.512813568115234,-36.0,36.0,False,0.0058826935
174,3.48,0.02404111623764038,0.2967510277652181,1.0347583,17.236502,2.131188154220581,32.37360763549805,36.0,0.8636363636363636,"left_hip_roll_joint,left_hip_yaw_joint,left_knee_joint,left_ankle_pitch_joint,left_ankle_roll_joint,right_hip_pitch_joint,right_hip_roll_joint,right_knee_joint,right_ankle_pitch_joint,right_ankle_roll_joint,waist_yaw_joint,left_shoulder_pitch_joint,left_shoulder_roll_joint,left_shoulder_yaw_joint,left_elbow_joint,right_shoulder_pitch_joint,right_shoulder_roll_joint,right_shoulder_yaw_joint,right_elbow_joint",0.0,0.0,0,pelvis,0.0,1.6183857917785645,1.6136233806610107,32.105438232421875,-12.025423049926758,36.0,-36.0,False,0.0048769135
175,3.5,0.03792332112789154,0.21619536661363026,0.9099469,26.208393,2.0485732555389404,35.71138000488281,36.0,0.9545454545454546,"left_hip_pitch_joint,left_hip_roll_joint,left_hip_yaw_joint,left_knee_joint,left_ankle_pitch_joint,left_ankle_roll_joint,right_hip_pitch_joint,right_hip_roll_joint,right_hip_yaw_joint,right_knee_joint,right_ankle_pitch_joint,waist_roll_joint,waist_yaw_joint,left_shoulder_pitch_joint,left_shoulder_roll_joint,left_shoulder_yaw_joint,left_elbow_joint,right_shoulder_pitch_joint,right_shoulder_roll_joint,right_shoulder_yaw_joint,right_elbow_joint",0.0,77.26893,0,right_ankle_roll_link,77.26893,1.1562528610229492,1.7422457933425903,-34.24162292480469,12.718707084655762,-36.0,36.0,False,0.012414018
176,3.52,0.0464196652173996,0.20251917467503122,0.88584805,18.252329,2.2667975425720215,35.37618637084961,36.0,0.9545454545454546,"left_hip_pitch_joint,left_hip_roll_joint,left_hip_yaw_joint,left_knee_joint,left_ankle_pitch_joint,left_ankle_roll_joint,right_hip_pitch_joint,right_hip_roll_joint,right_hip_yaw_joint,right_knee_joint,right_ankle_pitch_joint,waist_roll_joint,waist_yaw_joint,left_shoulder_pitch_joint,left_shoulder_roll_joint,left_shoulder_yaw_joint,left_elbow_joint,right_shoulder_pitch_joint,right_shoulder_roll_joint,right_shoulder_yaw_joint,right_elbow_joint",0.0,0.0,0,pelvis,0.0,1.625392198562622,1.6568028926849365,34.957855224609375,-21.201818466186523,36.0,-36.0,False,0.015990837
177,3.54,0.060247763991355896,0.11025590174639888,0.7827139,29.283722,2.150568962097168,35.95692443847656,36.0,1.0,"left_hip_pitch_joint,left_hip_roll_joint,left_hip_yaw_joint,left_knee_joint,left_ankle_pitch_joint,left_ankle_roll_joint,right_hip_pitch_joint,right_hip_roll_joint,right_hip_yaw_joint,right_knee_joint,right_ankle_pitch_joint,right_ankle_roll_joint,waist_roll_joint,waist_yaw_joint,left_shoulder_pitch_joint,left_shoulder_roll_joint,left_shoulder_yaw_joint,left_elbow_joint,right_shoulder_pitch_joint,right_shoulder_roll_joint,right_shoulder_yaw_joint,right_elbow_joint",0.0,0.0,0,pelvis,0.0,1.346495509147644,1.669885277748108,-35.065792083740234,11.808586120605469,-36.0,36.0,False,0.017584607
178,3.56,0.06876903772354126,0.050101288245485875,0.818107,18.283678,2.3444786071777344,35.94922637939453,36.0,0.9545454545454546,"left_hip_pitch_joint,left_hip_roll_joint,left_hip_yaw_joint,left_knee_joint,left_ankle_pitch_joint,left_ankle_roll_joint,right_hip_pitch_joint,right_hip_roll_joint,right_hip_yaw_joint,right_knee_joint,right_ankle_pitch_joint,waist_roll_joint,waist_yaw_joint,left_shoulder_pitch_joint,left_shoulder_roll_joint,left_shoulder_yaw_joint,left_elbow_joint,right_shoulder_pitch_joint,right_shoulder_roll_joint,right_shoulder_yaw_joint,right_elbow_joint",0.0,0.0,0,pelvis,0.0,1.7067426443099976,1.5482063293457031,35.18982696533203,-23.085445404052734,36.0,-36.0,False,0.013165846
179,3.58,0.07233592867851257,0.045839602186855455,0.72225106,28.22632,2.2787351608276367,35.787864685058594,36.0,1.0,"left_hip_pitch_joint,left_hip_roll_joint,left_hip_yaw_joint,left_knee_joint,left_ankle_pitch_joint,left_ankle_roll_joint,right_hip_pitch_joint,right_hip_roll_joint,right_hip_yaw_joint,right_knee_joint,right_ankle_pitch_joint,right_ankle_roll_joint,waist_roll_joint,waist_yaw_joint,left_shoulder_pitch_joint,left_shoulder_roll_joint,left_shoulder_yaw_joint,left_elbow_joint,right_shoulder_pitch_joint,right_shoulder_roll_joint,right_shoulder_yaw_joint,right_elbow_joint",0.0,0.0,0,pelvis,0.0,1.4320318698883057,1.623249888420105,-34.03199005126953,18.264366149902344,-36.0,36.0,False,0.0023272382
180,3.6,0.07604765892028809,-0.026243088289655603,0.7812215,20.040878,2.4795191287994385,35.52584457397461,36.0,0.9545454545454546,"left_hip_pitch_joint,left_hip_roll_joint,left_hip_yaw_joint,left_knee_joint,left_ankle_pitch_joint,left_ankle_roll_joint,right_hip_pitch_joint,right_hip_roll_joint,right_hip_yaw_joint,right_knee_joint,right_ankle_pitch_joint,waist_roll_joint,waist_yaw_joint,left_shoulder_pitch_joint,left_shoulder_roll_joint,left_shoulder_yaw_joint,left_elbow_joint,right_shoulder_pitch_joint,right_shoulder_roll_joint,right_shoulder_yaw_joint,right_elbow_joint",0.0,0.0,0,pelvis,0.0,1.7421094179153442,1.5793086290359497,33.884788513183594,-19.344022750854492,36.0,-36.0,False,-0.038620137
181,3.62,0.07485019415616989,0.03756457720859707,0.74348813,30.147278,2.4058449268341064,35.700069427490234,36.0,1.0,"left_hip_pitch_joint,left_hip_roll_joint,left_hip_yaw_joint,left_knee_joint,left_ankle_pitch_joint,left_ankle_roll_joint,right_hip_pitch_joint,right_hip_roll_joint,right_hip_yaw_joint,right_knee_joint,right_ankle_pitch_joint,right_ankle_roll_joint,waist_roll_joint,waist_yaw_joint,left_shoulder_pitch_joint,left_shoulder_roll_joint,left_shoulder_yaw_joint,left_elbow_joint,right_shoulder_pitch_joint,right_shoulder_roll_joint,right_shoulder_yaw_joint,right_elbow_joint",0.0,0.0,0,pelvis,0.0,1.5714677572250366,1.6823689937591553,-32.258792877197266,19.86008071899414,-36.0,36.0,False,-0.04354104
182,3.64,0.07722795754671097,-0.023937618181294695,0.37942225,23.908428,2.535174608230591,35.96025085449219,36.0,0.9545454545454546,"left_hip_pitch_joint,left_hip_roll_joint,left_hip_yaw_joint,left_knee_joint,left_ankle_pitch_joint,left_ankle_roll_joint,right_hip_pitch_joint,right_hip_roll_joint,right_hip_yaw_joint,right_knee_joint,right_ankle_pitch_joint,waist_roll_joint,waist_yaw_joint,left_shoulder_pitch_joint,left_shoulder_roll_joint,left_shoulder_yaw_joint,left_elbow_joint,right_shoulder_pitch_joint,right_shoulder_roll_joint,right_shoulder_yaw_joint,right_elbow_joint",0.0,0.0,0,pelvis,0.0,1.7380167245864868,1.6251188516616821,29.366607666015625,-19.96842384338379,36.0,-36.0,False,-0.056208655
183,3.66,0.07254892587661743,0.03987784648216852,0.37403214,26.075016,2.4375174045562744,35.58885192871094,36.0,1.0,"left_hip_pitch_joint,left_hip_roll_joint,left_hip_yaw_joint,left_knee_joint,left_ankle_pitch_joint,left_ankle_roll_joint,right_hip_pitch_joint,right_hip_roll_joint,right_hip_yaw_joint,right_knee_joint,right_ankle_pitch_joint,right_ankle_roll_joint,waist_roll_joint,waist_yaw_joint,left_shoulder_pitch_joint,left_shoulder_roll_joint,left_shoulder_yaw_joint,left_elbow_joint,right_shoulder_pitch_joint,right_shoulder_roll_joint,right_shoulder_yaw_joint,right_elbow_joint",0.0,0.0,0,pelvis,0.0,1.5019633769989014,1.7872735261917114,-33.61391830444336,23.50605583190918,-36.0,36.0,False,-0.045752272
184,3.68,0.07186181098222733,-0.026450444502808423,0.48251677,26.349112,2.581843137741089,35.86741638183594,36.0,0.9545454545454546,"left_hip_pitch_joint,left_hip_roll_joint,left_hip_yaw_joint,left_knee_joint,left_ankle_pitch_joint,left_ankle_roll_joint,right_hip_pitch_joint,right_hip_roll_joint,right_hip_yaw_joint,right_knee_joint,right_ankle_pitch_joint,waist_roll_joint,waist_yaw_joint,left_shoulder_pitch_joint,left_shoulder_roll_joint,left_shoulder_yaw_joint,left_elbow_joint,right_shoulder_pitch_joint,right_shoulder_roll_joint,right_shoulder_yaw_joint,right_elbow_joint",0.0,0.0,0,pelvis,0.0,1.718493938446045,1.7693212032318115,33.50925064086914,-19.244869232177734,36.0,-36.0,False,-0.052038103
185,3.7,0.06291437149047852,0.025586271542520578,0.26121816,23.859173,2.5140159130096436,35.89021301269531,36.0,1.0,"left_hip_pitch_joint,left_hip_roll_joint,left_hip_yaw_joint,left_knee_joint,left_ankle_pitch_joint,left_ankle_roll_joint,right_hip_pitch_joint,right_hip_roll_joint,right_hip_yaw_joint,right_knee_joint,right_ankle_pitch_joint,right_ankle_roll_joint,waist_roll_joint,waist_yaw_joint,left_shoulder_pitch_joint,left_shoulder_roll_joint,left_shoulder_yaw_joint,left_elbow_joint,right_shoulder_pitch_joint,right_shoulder_roll_joint,right_shoulder_yaw_joint,right_elbow_joint",0.0,0.0,0,pelvis,0.0,1.5535529851913452,1.974568486213684,-31.708328247070312,27.72007942199707,-36.0,36.0,False,-0.03889442
186,3.72,0.0572877936065197,-0.007102990878559368,0.6401687,26.445822,2.6754705905914307,35.89988327026367,36.0,0.9545454545454546,"left_hip_pitch_joint,left_hip_roll_joint,left_hip_yaw_joint,left_knee_joint,left_ankle_pitch_joint,left_ankle_roll_joint,right_hip_pitch_joint,right_hip_roll_joint,right_hip_yaw_joint,right_knee_joint,right_ankle_pitch_joint,waist_roll_joint,waist_yaw_joint,left_shoulder_pitch_joint,left_shoulder_roll_joint,left_shoulder_yaw_joint,left_elbow_joint,right_shoulder_pitch_joint,right_shoulder_roll_joint,right_shoulder_yaw_joint,right_elbow_joint",0.0,0.0,0,pelvis,0.0,1.8336985111236572,2.007512331008911,34.419639587402344,-15.302159309387207,36.0,-36.0,False,-0.035357963
187,3.74,0.0492997020483017,0.07036031255232267,0.4359249,23.716707,2.660879611968994,35.586097717285156,36.0,1.0,"left_hip_pitch_joint,left_hip_roll_joint,left_hip_yaw_joint,left_knee_joint,left_ankle_pitch_joint,left_ankle_roll_joint,right_hip_pitch_joint,right_hip_roll_joint,right_hip_yaw_joint,right_knee_joint,right_ankle_pitch_joint,right_ankle_roll_joint,waist_roll_joint,waist_yaw_joint,left_shoulder_pitch_joint,left_shoulder_roll_joint,left_shoulder_yaw_joint,left_elbow_joint,right_shoulder_pitch_joint,right_shoulder_roll_joint,right_shoulder_yaw_joint,right_elbow_joint",0.0,0.0,0,pelvis,0.0,1.6667472124099731,2.302994966506958,-31.633411407470703,29.76128387451172,-36.0,36.0,False,-0.026887808
188,3.7600000000000002,0.046093061566352844,0.022732011930060025,0.8321002,26.741756,2.346221685409546,35.9487419128418,36.0,0.9545454545454546,"left_hip_pitch_joint,left_hip_roll_joint,left_hip_yaw_joint,left_knee_joint,left_ankle_pitch_joint,left_ankle_roll_joint,right_hip_pitch_joint,right_hip_roll_joint,right_hip_yaw_joint,right_knee_joint,right_ankle_pitch_joint,waist_roll_joint,waist_yaw_joint,left_shoulder_pitch_joint,left_shoulder_roll_joint,left_shoulder_yaw_joint,left_elbow_joint,right_shoulder_pitch_joint,right_shoulder_roll_joint,right_shoulder_yaw_joint,right_elbow_joint",0.0,0.0,0,pelvis,0.0,1.9823142290115356,2.3560593128204346,34.93199920654297,-11.749879837036133,36.0,-36.0,False,-0.030456416
189,3.7800000000000002,0.04493009299039841,0.030716229313261678,1.0072517,20.562351,2.3593852519989014,36.00066375732422,36.0,1.0,"left_hip_pitch_joint,left_hip_roll_joint,left_hip_yaw_joint,left_knee_joint,left_ankle_pitch_joint,left_ankle_roll_joint,right_hip_pitch_joint,right_hip_roll_joint,right_hip_yaw_joint,right_knee_joint,right_ankle_pitch_joint,right_ankle_roll_joint,waist_roll_joint,waist_yaw_joint,left_shoulder_pitch_joint,left_shoulder_roll_joint,left_shoulder_yaw_joint,left_elbow_joint,right_shoulder_pitch_joint,right_shoulder_roll_joint,right_shoulder_yaw_joint,right_elbow_joint",0.0,0.0,0,pelvis,0.0,1.8061771392822266,2.442456007003784,-31.842580795288086,-0.025848783552646637,-36.0,36.0,False,-0.037893914
190,3.8000000000000003,0.051328208297491074,-0.004247219520111756,0.53083783,24.90712,2.4111268520355225,35.78376388549805,36.0,0.9545454545454546,"left_hip_pitch_joint,left_hip_roll_joint,left_hip_yaw_joint,left_knee_joint,left_ankle_pitch_joint,left_ankle_roll_joint,right_hip_pitch_joint,right_hip_roll_joint,right_hip_yaw_joint,right_knee_joint,right_ankle_pitch_joint,waist_roll_joint,waist_yaw_joint,left_shoulder_pitch_joint,left_shoulder_roll_joint,left_shoulder_yaw_joint,left_elbow_joint,right_shoulder_pitch_joint,right_shoulder_roll_joint,right_shoulder_yaw_joint,right_elbow_joint",0.0,0.0,0,pelvis,0.0,2.078917980194092,1.947321891784668,32.899986267089844,-32.80387496948242,36.0,-36.0,False,-0.050104342
191,3.8200000000000003,0.04435605928301811,0.0916098203004907,1.0058382,23.542925,2.595823287963867,36.00457763671875,36.0,0.9545454545454546,"left_hip_pitch_joint,left_hip_roll_joint,left_hip_yaw_joint,left_knee_joint,left_ankle_pitch_joint,left_ankle_roll_joint,right_hip_pitch_joint,right_hip_roll_joint,right_hip_yaw_joint,right_knee_joint,right_ankle_pitch_joint,right_ankle_roll_joint,waist_yaw_joint,left_shoulder_pitch_joint,left_shoulder_roll_joint,left_shoulder_yaw_joint,left_elbow_joint,right_shoulder_pitch_joint,right_shoulder_roll_joint,right_shoulder_yaw_joint,right_elbow_joint",0.0,0.0,0,pelvis,0.0,1.9512641429901123,1.9687795639038086,-29.07511329650879,19.231760025024414,-36.0,36.0,False,-0.06695474
192,3.84,0.04532124102115631,0.018156423845388403,0.37671724,26.847336,2.56174898147583,36.00239181518555,36.0,0.9545454545454546,"left_hip_pitch_joint,left_hip_roll_joint,left_hip_yaw_joint,left_knee_joint,left_ankle_pitch_joint,left_ankle_roll_joint,right_hip_pitch_joint,right_hip_roll_joint,right_hip_yaw_joint,right_knee_joint,right_ankle_pitch_joint,waist_roll_joint,waist_yaw_joint,left_shoulder_pitch_joint,left_shoulder_roll_joint,left_shoulder_yaw_joint,left_elbow_joint,right_shoulder_pitch_joint,right_shoulder_roll_joint,right_shoulder_yaw_joint,right_elbow_joint",0.0,0.0,0,pelvis,0.0,2.3242459297180176,1.5917527675628662,34.91206741333008,-34.01591491699219,36.0,-36.0,False,-0.076229855
193,3.86,0.03869245946407318,0.14663293565205748,0.8626438,27.413275,2.678205728530884,32.52862548828125,36.0,1.0,"left_hip_pitch_joint,left_hip_roll_joint,left_hip_yaw_joint,left_knee_joint,left_ankle_pitch_joint,left_ankle_roll_joint,right_hip_pitch_joint,right_hip_roll_joint,right_hip_yaw_joint,right_knee_joint,right_ankle_pitch_joint,right_ankle_roll_joint,waist_roll_joint,waist_yaw_joint,left_shoulder_pitch_joint,left_shoulder_roll_joint,left_shoulder_yaw_joint,left_elbow_joint,right_shoulder_pitch_joint,right_shoulder_roll_joint,right_shoulder_yaw_joint,right_elbow_joint",0.0,98.1933,1336.8623962402344,left_hip_yaw_link,1071.2219,2.1500930786132812,1.911753535270691,-24.125076293945312,30.523176193237305,-36.0,36.0,False,-0.0933821
194,3.88,0.09477508068084717,-0.25877863377774624,2.454789,19.69112,2.613072395324707,26.922990798950195,36.0,0.9545454545454546,"left_hip_pitch_joint,left_hip_roll_joint,left_hip_yaw_joint,left_knee_joint,left_ankle_pitch_joint,left_ankle_roll_joint,right_hip_pitch_joint,right_hip_roll_joint,right_hip_yaw_joint,right_knee_joint,right_ankle_pitch_joint,waist_roll_joint,waist_yaw_joint,left_shoulder_pitch_joint,left_shoulder_roll_joint,left_shoulder_yaw_joint,left_elbow_joint,right_shoulder_pitch_joint,right_shoulder_roll_joint,right_shoulder_yaw_joint,right_elbow_joint",0.0,0.0,0,pelvis,0.0,2.442413568496704,1.453783392906189,-0.4825403690338135,-18.54892349243164,36.0,-36.0,False,-0.0998467
195,3.9,0.11115013062953949,-0.11693583339043734,0.95034665,28.317291,2.3910255432128906,35.301788330078125,36.0,1.0,"left_hip_pitch_joint,left_hip_roll_joint,left_hip_yaw_joint,left_knee_joint,left_ankle_pitch_joint,left_ankle_roll_joint,right_hip_pitch_joint,right_hip_roll_joint,right_hip_yaw_joint,right_knee_joint,right_ankle_pitch_joint,right_ankle_roll_joint,waist_roll_joint,waist_yaw_joint,left_shoulder_pitch_joint,left_shoulder_roll_joint,left_shoulder_yaw_joint,left_elbow_joint,right_shoulder_pitch_joint,right_shoulder_roll_joint,right_shoulder_yaw_joint,right_elbow_joint",0.0,0.0,0,pelvis,0.0,1.7851450443267822,1.9884998798370361,-35.301788330078125,33.43794631958008,-36.0,36.0,False,-0.09973754
196,3.92,0.167435884475708,-0.5497284712692263,2.3970852,23.61303,2.2281556129455566,30.631654739379883,36.0,0.9545454545454546,"left_hip_pitch_joint,left_hip_roll_joint,left_hip_yaw_joint,left_knee_joint,left_ankle_pitch_joint,left_ankle_roll_joint,right_hip_pitch_joint,right_hip_roll_joint,right_hip_yaw_joint,right_knee_joint,right_ankle_pitch_joint,waist_roll_joint,waist_yaw_joint,left_shoulder_pitch_joint,left_shoulder_roll_joint,left_shoulder_yaw_joint,left_elbow_joint,right_shoulder_pitch_joint,right_shoulder_roll_joint,right_shoulder_yaw_joint,right_elbow_joint",0.0,0.0,0,pelvis,0.0,2.2783074378967285,1.5381526947021484,27.04888343811035,-23.586963653564453,36.0,-36.0,False,-0.0669891
197,3.94,0.18036378920078278,-0.4237370281283148,0.825854,22.727068,2.0665252208709717,36.150970458984375,36.0,0.9545454545454546,"left_hip_pitch_joint,left_hip_yaw_joint,left_knee_joint,left_ankle_pitch_joint,left_ankle_roll_joint,right_hip_pitch_joint,right_hip_roll_joint,right_hip_yaw_joint,right_knee_joint,right_ankle_pitch_joint,right_ankle_roll_joint,waist_roll_joint,waist_yaw_joint,left_shoulder_pitch_joint,left_shoulder_roll_joint,left_shoulder_yaw_joint,left_elbow_joint,right_shoulder_pitch_joint,right_shoulder_roll_joint,right_shoulder_yaw_joint,right_elbow_joint",0.0,0.0,0,pelvis,0.0,1.8695933818817139,2.0717222690582275,-34.518890380859375,34.279605865478516,-36.0,36.0,False,-0.044771314
198,3.96,0.22626572847366333,-0.7935401688204777,2.8196368,28.605837,2.0008058547973633,31.44843864440918,36.0,0.9090909090909091,"left_hip_pitch_joint,left_hip_yaw_joint,left_knee_joint,left_ankle_pitch_joint,left_ankle_roll_joint,right_hip_pitch_joint,right_hip_roll_joint,right_hip_yaw_joint,right_knee_joint,right_ankle_pitch_joint,waist_roll_joint,waist_yaw_joint,left_shoulder_pitch_joint,left_shoulder_roll_joint,left_shoulder_yaw_joint,left_elbow_joint,right_shoulder_pitch_joint,right_shoulder_roll_joint,right_shoulder_yaw_joint,right_elbow_joint",0.0,0.0,0,pelvis,0.0,2.2921128273010254,1.6195847988128662,31.44843864440918,-31.427730560302734,36.0,-36.0,False,-0.07747226
199,3.98,0.2382088154554367,-0.669389613503121,0.7445501,26.544022,1.9564800262451172,36.083526611328125,36.0,1.0,"left_hip_pitch_joint,left_hip_roll_joint,left_hip_yaw_joint,left_knee_joint,left_ankle_pitch_joint,left_ankle_roll_joint,right_hip_pitch_joint,right_hip_roll_joint,right_hip_yaw_joint,right_knee_joint,right_ankle_pitch_joint,right_ankle_roll_joint,waist_roll_joint,waist_yaw_joint,left_shoulder_pitch_joint,left_shoulder_roll_joint,left_shoulder_yaw_joint,left_elbow_joint,right_shoulder_pitch_joint,right_shoulder_roll_joint,right_shoulder_yaw_joint,right_elbow_joint",0.0,0.0,0,pelvis,0.0,2.0515642166137695,2.137563705444336,-32.118953704833984,34.1152229309082,-36.0,36.0,False,-0.10049215
200,4.0,0.27077147364616394,-0.9412933518086817,3.0424383,37.14477,1.982537031173706,36.08505630493164,36.0,0.9545454545454546,"left_hip_pitch_joint,left_hip_roll_joint,left_hip_yaw_joint,left_knee_joint,left_ankle_pitch_joint,left_ankle_roll_joint,right_hip_pitch_joint,right_hip_roll_joint,right_hip_yaw_joint,right_knee_joint,right_ankle_pitch_joint,waist_roll_joint,waist_yaw_joint,left_shoulder_pitch_joint,left_shoulder_roll_joint,left_shoulder_yaw_joint,left_elbow_joint,right_shoulder_pitch_joint,right_shoulder_roll_joint,right_shoulder_yaw_joint,right_elbow_joint",0.0,0.0,0,pelvis,0.0,2.4070184230804443,1.6499433517456055,33.709877014160156,-34.625213623046875,36.0,-36.0,False,-0.13671091
201,4.0200000000000005,0.2836664617061615,-0.8986563912253871,0.8065876,21.697935,2.140634298324585,36.004638671875,36.0,1.0,"left_hip_pitch_joint,left_hip_roll_joint,left_hip_yaw_joint,left_knee_joint,left_ankle_pitch_joint,left_ankle_roll_joint,right_hip_pitch_joint,right_hip_roll_joint,right_hip_yaw_joint,right_knee_joint,right_ankle_pitch_joint,right_ankle_roll_joint,waist_roll_joint,waist_yaw_joint,left_shoulder_pitch_joint,left_shoulder_roll_joint,left_shoulder_yaw_joint,left_elbow_joint,right_shoulder_pitch_joint,right_shoulder_roll_joint,right_shoulder_yaw_joint,right_elbow_joint",0.0,0.0,0,pelvis,0.0,2.073141574859619,2.092207670211792,-34.0316276550293,32.71942901611328,-36.0,36.0,False,-0.13392533
202,4.04,0.29133886098861694,-0.9654064059899667,2.900842,33.65536,1.9622490406036377,36.059295654296875,36.0,0.8636363636363636,"left_hip_pitch_joint,left_hip_roll_joint,left_hip_yaw_joint,left_knee_joint,left_ankle_pitch_joint,left_ankle_roll_joint,right_hip_roll_joint,right_hip_yaw_joint,right_knee_joint,waist_roll_joint,waist_yaw_joint,left_shoulder_pitch_joint,left_shoulder_roll_joint,left_shoulder_yaw_joint,left_elbow_joint,right_shoulder_pitch_joint,right_shoulder_roll_joint,right_shoulder_yaw_joint,right_elbow_joint",0.0,0.0,0,pelvis,0.0,2.2347137928009033,1.7257485389709473,31.45726203918457,-34.75025939941406,36.0,-36.0,False,-0.109280795
203,4.0600000000000005,0.28950875997543335,-0.9178598974820957,0.41744277,6.84463,1.9968609809875488,34.83130645751953,36.0,0.9545454545454546,"left_hip_pitch_joint,left_hip_roll_joint,left_hip_yaw_joint,left_knee_joint,left_ankle_pitch_joint,left_ankle_roll_joint,right_hip_pitch_joint,right_hip_roll_joint,right_hip_yaw_joint,right_knee_joint,right_ankle_pitch_joint,right_ankle_roll_joint,waist_roll_joint,left_shoulder_pitch_joint,left_shoulder_roll_joint,left_shoulder_yaw_joint,left_elbow_joint,right_shoulder_pitch_joint,right_shoulder_roll_joint,right_shoulder_yaw_joint,right_elbow_joint",0.0,0.0,0,pelvis,0.0,1.9163870811462402,1.9945876598358154,-25.7181453704834,34.83130645751953,-36.0,36.0,False,-0.08535263
204,4.08,0.27559441328048706,-0.894031871850359,1.5739214,24.088522,1.9364416599273682,28.74456214904785,36.0,0.9090909090909091,"left_hip_roll_joint,left_hip_yaw_joint,left_knee_joint,left_ankle_pitch_joint,left_ankle_roll_joint,right_hip_pitch_joint,right_hip_roll_joint,right_hip_yaw_joint,right_knee_joint,right_ankle_pitch_joint,right_ankle_roll_joint,waist_yaw_joint,left_shoulder_pitch_joint,left_shoulder_roll_joint,left_shoulder_yaw_joint,left_elbow_joint,right_shoulder_pitch_joint,right_shoulder_roll_joint,right_shoulder_yaw_joint,right_elbow_joint",0.0,0.0,0,pelvis,0.0,1.9231972694396973,2.0310566425323486,1.5572412014007568,-24.145584106445312,36.0,-36.0,False,-0.083532244
205,4.1,0.2554198205471039,-0.8832818097265047,1.3129841,15.86535,1.8077830076217651,36.12986755371094,36.0,0.8636363636363636,"left_hip_pitch_joint,left_hip_roll_joint,left_hip_yaw_joint,left_knee_joint,left_ankle_pitch_joint,left_ankle_roll_joint,right_hip_pitch_joint,right_hip_roll_joint,right_hip_yaw_joint,right_knee_joint,right_ankle_pitch_joint,right_ankle_roll_joint,waist_yaw_joint,left_shoulder_roll_joint,left_shoulder_yaw_joint,left_elbow_joint,right_shoulder_roll_joint,right_shoulder_yaw_joint,right_elbow_joint",0.0,0.0,0,pelvis,0.0,1.5389158725738525,2.242835283279419,-24.10312271118164,29.493499755859375,-36.0,36.0,False,-0.0131104225
206,4.12,0.2365182489156723,-0.7754713312173322,1.6052359,10.084143,2.2293710708618164,24.922731399536133,36.0,1.0,"left_hip_pitch_joint,left_hip_roll_joint,left_hip_yaw_joint,left_knee_joint,left_ankle_pitch_joint,left_ankle_roll_joint,right_hip_pitch_joint,right_hip_roll_joint,right_hip_yaw_joint,right_knee_joint,right_ankle_pitch_joint,right_ankle_roll_joint,waist_roll_joint,waist_yaw_joint,left_shoulder_pitch_joint,left_shoulder_roll_joint,left_shoulder_yaw_joint,left_elbow_joint,right_shoulder_pitch_joint,right_shoulder_roll_joint,right_shoulder_yaw_joint,right_elbow_joint",0.0,0.0,0,pelvis,0.0,1.958553671836853,2.2733383178710938,24.922731399536133,-10.592729568481445,36.0,-36.0,False,-0.02664604
207,4.14,0.22588787972927094,-0.8372701459697112,1.3955408,26.045223,2.008558750152588,36.33069610595703,36.0,1.0,"left_hip_pitch_joint,left_hip_roll_joint,left_hip_yaw_joint,left_knee_joint,left_ankle_pitch_joint,left_ankle_roll_joint,right_hip_pitch_joint,right_hip_roll_joint,right_hip_yaw_joint,right_knee_joint,right_ankle_pitch_joint,right_ankle_roll_joint,waist_roll_joint,waist_yaw_joint,left_shoulder_pitch_joint,left_shoulder_roll_joint,left_shoulder_yaw_joint,left_elbow_joint,right_shoulder_pitch_joint,right_shoulder_roll_joint,right_shoulder_yaw_joint,right_elbow_joint",0.0,0.0,262.832275390625,torso_link,262.83228,1.6703486442565918,2.443610906600952,-29.346818923950195,4.994266033172607,-36.0,36.0,False,-0.025516022
208,4.16,0.2180367261171341,-0.6902021424129003,1.7509129,30.05804,2.539987087249756,32.23120880126953,36.0,1.0,"left_hip_pitch_joint,left_hip_roll_joint,left_hip_yaw_joint,left_knee_joint,left_ankle_pitch_joint,left_ankle_roll_joint,right_hip_pitch_joint,right_hip_roll_joint,right_hip_yaw_joint,right_knee_joint,right_ankle_pitch_joint,right_ankle_roll_joint,waist_roll_joint,waist_yaw_joint,left_shoulder_pitch_joint,left_shoulder_roll_joint,left_shoulder_yaw_joint,left_elbow_joint,right_shoulder_pitch_joint,right_shoulder_roll_joint,right_shoulder_yaw_joint,right_elbow_joint",0.0,0.0,0,pelvis,0.0,2.116935968399048,2.3163886070251465,32.23120880126953,-11.224855422973633,36.0,-36.0,False,-0.020026036
209,4.18,0.20737729966640472,-0.7104908177465461,1.3073456,38.090946,2.1093649864196777,36.77027893066406,36.0,0.9545454545454546,"left_hip_pitch_joint,left_hip_roll_joint,left_hip_yaw_joint,left_knee_joint,left_ankle_pitch_joint,left_ankle_roll_joint,right_hip_pitch_joint,right_hip_roll_joint,right_hip_yaw_joint,right_knee_joint,right_ankle_pitch_joint,right_ankle_roll_joint,waist_roll_joint,waist_yaw_joint,left_shoulder_pitch_joint,left_shoulder_roll_joint,left_shoulder_yaw_joint,left_elbow_joint,right_shoulder_roll_joint,right_shoulder_yaw_joint,right_elbow_joint",80.7279,0.0,71.25892639160156,left_ankle_roll_link,80.7279,1.764245867729187,2.202235221862793,-28.677059173583984,0.5389584302902222,-36.0,36.0,False,-0.01917594
210,4.2,0.1943565011024475,-0.6174550601264315,0.84384745,29.845795,2.291454792022705,36.17347717285156,36.0,1.0,"left_hip_pitch_joint,left_hip_roll_joint,left_hip_yaw_joint,left_knee_joint,left_ankle_pitch_joint,left_ankle_roll_joint,right_hip_pitch_joint,right_hip_roll_joint,right_hip_yaw_joint,right_knee_joint,right_ankle_pitch_joint,right_ankle_roll_joint,waist_roll_joint,waist_yaw_joint,left_shoulder_pitch_joint,left_shoulder_roll_joint,left_shoulder_yaw_joint,left_elbow_joint,right_shoulder_pitch_joint,right_shoulder_roll_joint,right_shoulder_yaw_joint,right_elbow_joint",0.0,0.0,0,pelvis,0.0,2.2156856060028076,2.0388572216033936,34.59355545043945,-10.402609825134277,36.0,-36.0,False,-0.028641477
211,4.22,0.19349603354930878,-0.6934403777311573,0.8257505,26.664602,2.150559902191162,27.938682556152344,36.0,0.9545454545454546,"left_hip_pitch_joint,left_hip_roll_joint,left_hip_yaw_joint,left_knee_joint,left_ankle_roll_joint,right_hip_pitch_joint,right_hip_roll_joint,right_hip_yaw_joint,right_knee_joint,right_ankle_pitch_joint,right_ankle_roll_joint,waist_roll_joint,waist_yaw_joint,left_shoulder_pitch_joint,left_shoulder_roll_joint,left_shoulder_yaw_joint,left_elbow_joint,right_shoulder_pitch_joint,right_shoulder_roll_joint,right_shoulder_yaw_joint,right_elbow_joint",0.0,0.0,0,pelvis,0.0,1.9213422536849976,2.131523370742798,-27.938682556152344,-1.3760193586349487,-36.0,36.0,False,-0.032092977
212,4.24,0.15637873113155365,-0.46923682911096876,2.6913152,24.806267,2.4273369312286377,35.92152786254883,36.0,0.9090909090909091,"left_hip_pitch_joint,left_hip_roll_joint,left_hip_yaw_joint,left_knee_joint,left_ankle_pitch_joint,left_ankle_roll_joint,right_hip_roll_joint,right_hip_yaw_joint,right_knee_joint,right_ankle_pitch_joint,right_ankle_roll_joint,waist_yaw_joint,left_shoulder_pitch_joint,left_shoulder_roll_joint,left_shoulder_yaw_joint,left_elbow_joint,right_shoulder_pitch_joint,right_shoulder_roll_joint,right_shoulder_yaw_joint,right_elbow_joint",0.0,0.0,0,pelvis,0.0,2.4070212841033936,1.7599573135375977,25.745840072631836,-29.37923240661621,36.0,-36.0,False,-0.024372239
213,4.26,0.1414617896080017,-0.500850148579616,0.63388216,29.286201,1.9614949226379395,35.98697280883789,36.0,0.9545454545454546,"left_hip_pitch_joint,left_hip_roll_joint,left_hip_yaw_joint,left_knee_joint,left_ankle_roll_joint,right_hip_pitch_joint,right_hip_roll_joint,right_hip_yaw_joint,right_knee_joint,right_ankle_pitch_joint,right_ankle_roll_joint,waist_roll_joint,waist_yaw_joint,left_shoulder_pitch_joint,left_shoulder_roll_joint,left_shoulder_yaw_joint,left_elbow_joint,right_shoulder_pitch_joint,right_shoulder_roll_joint,right_shoulder_yaw_joint,right_elbow_joint",905.5338,0.0,67.03044128417969,left_ankle_roll_link,905.5338,2.0186100006103516,1.6385095119476318,-24.185577392578125,12.093297958374023,-36.0,36.0,False,-0.018524703
214,4.28,0.1058506965637207,-0.2325416019615787,2.9431078,24.863613,2.392453670501709,36.24202346801758,36.0,0.9090909090909091,"left_hip_pitch_joint,left_hip_roll_joint,left_hip_yaw_joint,left_knee_joint,left_ankle_pitch_joint,left_ankle_roll_joint,right_hip_pitch_joint,right_hip_roll_joint,right_hip_yaw_joint,right_knee_joint,right_ankle_pitch_joint,right_ankle_roll_joint,waist_yaw_joint,left_shoulder_pitch_joint,left_shoulder_roll_joint,left_shoulder_yaw_joint,left_elbow_joint,right_shoulder_roll_joint,right_shoulder_yaw_joint,right_elbow_joint",0.0,0.0,0,pelvis,0.0,2.3982186317443848,1.3431713581085205,30.817129135131836,-34.79294967651367,36.0,-36.0,False,-0.011539973
215,4.3,0.09111539274454117,-0.2819796814884956,0.05837838,31.14692,1.8616869449615479,36.105918884277344,36.0,1.0,"left_hip_pitch_joint,left_hip_roll_joint,left_hip_yaw_joint,left_knee_joint,left_ankle_pitch_joint,left_ankle_roll_joint,right_hip_pitch_joint,right_hip_roll_joint,right_hip_yaw_joint,right_knee_joint,right_ankle_pitch_joint,right_ankle_roll_joint,waist_roll_joint,waist_yaw_joint,left_shoulder_pitch_joint,left_shoulder_roll_joint,left_shoulder_yaw_joint,left_elbow_joint,right_shoulder_pitch_joint,right_shoulder_roll_joint,right_shoulder_yaw_joint,right_elbow_joint",0.0,0.0,965.7515258789062,torso_link,965.7515,2.196605682373047,1.3735750913619995,-29.064451217651367,29.761754989624023,-36.0,36.0,False,-0.007738406
216,4.32,0.06226004287600517,-0.04539933945438612,2.249593,24.915361,2.3121659755706787,36.2596435546875,36.0,1.0,"left_hip_pitch_joint,left_hip_roll_joint,left_hip_yaw_joint,left_knee_joint,left_ankle_pitch_joint,left_ankle_roll_joint,right_hip_pitch_joint,right_hip_roll_joint,right_hip_yaw_joint,right_knee_joint,right_ankle_pitch_joint,right_ankle_roll_joint,waist_roll_joint,waist_yaw_joint,left_shoulder_pitch_joint,left_shoulder_roll_joint,left_shoulder_yaw_joint,left_elbow_joint,right_shoulder_pitch_joint,right_shoulder_roll_joint,right_shoulder_yaw_joint,right_elbow_joint",100.42068,0.0,124.50986576080322,right_hip_yaw_link,112.46527,2.419952154159546,1.276634693145752,25.910715103149414,-25.147504806518555,36.0,-36.0,False,-0.0020805206
217,4.34,0.08586014807224274,-0.2284378648496177,1.2701751,36.831444,1.7961159944534302,36.007381439208984,36.0,1.0,"left_hip_pitch_joint,left_hip_roll_joint,left_hip_yaw_joint,left_knee_joint,left_ankle_pitch_joint,left_ankle_roll_joint,right_hip_pitch_joint,right_hip_roll_joint,right_hip_yaw_joint,right_knee_joint,right_ankle_pitch_joint,right_ankle_roll_joint,waist_roll_joint,waist_yaw_joint,left_shoulder_pitch_joint,left_shoulder_roll_joint,left_shoulder_yaw_joint,left_elbow_joint,right_shoulder_pitch_joint,right_shoulder_roll_joint,right_shoulder_yaw_joint,right_elbow_joint",113.38558,0.0,2.940373182296753,left_ankle_roll_link,113.38558,2.1316962242126465,1.458904504776001,-32.29030990600586,28.047094345092773,-36.0,36.0,False,-0.0003266458
218,4.36,0.09301673620939255,-0.11579174696522188,1.1217049,28.51469,2.147463083267212,36.243473052978516,36.0,1.0,"left_hip_pitch_joint,left_hip_roll_joint,left_hip_yaw_joint,left_knee_joint,left_ankle_pitch_joint,left_ankle_roll_joint,right_hip_pitch_joint,right_hip_roll_joint,right_hip_yaw_joint,right_knee_joint,right_ankle_pitch_joint,right_ankle_roll_joint,waist_roll_joint,waist_yaw_joint,left_shoulder_pitch_joint,left_shoulder_roll_joint,left_shoulder_yaw_joint,left_elbow_joint,right_shoulder_pitch_joint,right_shoulder_roll_joint,right_shoulder_yaw_joint,right_elbow_joint",0.0,0.0,0,pelvis,0.0,2.3670947551727295,1.4010082483291626,32.01829147338867,-21.007715225219727,36.0,-36.0,False,-0.016585398
219,4.38,0.11977936327457428,-0.27017312136598237,0.8675708,35.41018,1.741297721862793,36.42469024658203,36.0,1.0,"left_hip_pitch_joint,left_hip_roll_joint,left_hip_yaw_joint,left_knee_joint,left_ankle_pitch_joint,left_ankle_roll_joint,right_hip_pitch_joint,right_hip_roll_joint,right_hip_yaw_joint,right_knee_joint,right_ankle_pitch_joint,right_ankle_roll_joint,waist_roll_joint,waist_yaw_joint,left_shoulder_pitch_joint,left_shoulder_roll_joint,left_shoulder_yaw_joint,left_elbow_joint,right_shoulder_pitch_joint,right_shoulder_roll_joint,right_shoulder_yaw_joint,right_elbow_joint",0.0,0.0,125.73963165283203,torso_link,125.73963,2.0806310176849365,1.6146868467330933,-36.42469024658203,29.253835678100586,-36.0,36.0,False,-0.028117262
220,4.4,0.12024955451488495,-0.17112718460624876,0.9143821,24.701166,1.8954646587371826,36.173377990722656,36.0,1.0,"left_hip_pitch_joint,left_hip_roll_joint,left_hip_yaw_joint,left_knee_joint,left_ankle_pitch_joint,left_ankle_roll_joint,right_hip_pitch_joint,right_hip_roll_joint,right_hip_yaw_joint,right_knee_joint,right_ankle_pitch_joint,right_ankle_roll_joint,waist_roll_joint,waist_yaw_joint,left_shoulder_pitch_joint,left_shoulder_roll_joint,left_shoulder_yaw_joint,left_elbow_joint,right_shoulder_pitch_joint,right_shoulder_roll_joint,right_shoulder_yaw_joint,right_elbow_joint",0.0,0.0,0,pelvis,0.0,2.184696912765503,1.592927098274231,25.83195686340332,-8.84689998626709,36.0,-36.0,False,-0.031486362
221,4.42,0.11568263173103333,-0.3263549710089746,1.8001508,40.793118,1.6322674751281738,36.079864501953125,36.0,0.9545454545454546,"left_hip_pitch_joint,left_hip_roll_joint,left_hip_yaw_joint,left_knee_joint,left_ankle_pitch_joint,left_ankle_roll_joint,right_hip_pitch_joint,right_hip_roll_joint,right_hip_yaw_joint,right_knee_joint,right_ankle_pitch_joint,right_ankle_roll_joint,waist_yaw_joint,left_shoulder_pitch_joint,left_shoulder_roll_joint,left_shoulder_yaw_joint,left_elbow_joint,right_shoulder_pitch_joint,right_shoulder_roll_joint,right_shoulder_yaw_joint,right_elbow_joint",0.0,0.0,0,pelvis,0.0,2.056748867034912,1.639657735824585,-27.343971252441406,3.5222175121307373,-36.0,36.0,False,-0.03633949
222,4.44,0.09910400956869125,-0.19139221596557277,1.0029455,29.055727,1.8086919784545898,36.10543441772461,36.0,1.0,"left_hip_pitch_joint,left_hip_roll_joint,left_hip_yaw_joint,left_knee_joint,left_ankle_pitch_joint,left_ankle_roll_joint,right_hip_pitch_joint,right_hip_roll_joint,right_hip_yaw_joint,right_knee_joint,right_ankle_pitch_joint,right_ankle_roll_joint,waist_roll_joint,waist_yaw_joint,left_shoulder_pitch_joint,left_shoulder_roll_joint,left_shoulder_yaw_joint,left_elbow_joint,right_shoulder_pitch_joint,right_shoulder_roll_joint,right_shoulder_yaw_joint,right_elbow_joint",0.0,0.0,0,pelvis,0.0,2.233173370361328,1.5788477659225464,29.755870819091797,-3.7336158752441406,36.0,-36.0,False,-0.041192114
223,4.46,0.1000160500407219,-0.3921303556196003,1.4269731,27.29579,1.698430061340332,36.22644805908203,36.0,1.0,"left_hip_pitch_joint,left_hip_roll_joint,left_hip_yaw_joint,left_knee_joint,left_ankle_pitch_joint,left_ankle_roll_joint,right_hip_pitch_joint,right_hip_roll_joint,right_hip_yaw_joint,right_knee_joint,right_ankle_pitch_joint,right_ankle_roll_joint,waist_roll_joint,waist_yaw_joint,left_shoulder_pitch_joint,left_shoulder_roll_joint,left_shoulder_yaw_joint,left_elbow_joint,right_shoulder_pitch_joint,right_shoulder_roll_joint,right_shoulder_yaw_joint,right_elbow_joint",0.0,0.0,0,pelvis,0.0,2.1229114532470703,1.8068307638168335,-15.133733749389648,5.259873390197754,-36.0,36.0,False,-0.050948102
224,4.48,0.09189916402101517,0.007058740512735806,2.2357514,23.684776,1.9890716075897217,18.257734298706055,36.0,1.0,"left_hip_pitch_joint,left_hip_roll_joint,left_hip_yaw_joint,left_knee_joint,left_ankle_pitch_joint,left_ankle_roll_joint,right_hip_pitch_joint,right_hip_roll_joint,right_hip_yaw_joint,right_knee_joint,right_ankle_pitch_joint,right_ankle_roll_joint,waist_roll_joint,waist_yaw_joint,left_shoulder_pitch_joint,left_shoulder_roll_joint,left_shoulder_yaw_joint,left_elbow_joint,right_shoulder_pitch_joint,right_shoulder_roll_joint,right_shoulder_yaw_joint,right_elbow_joint",0.0,264.85593,1074.4445190429688,right_hip_yaw_link,700.21265,2.41355299949646,1.5675339698791504,12.097709655761719,-4.200848579406738,36.0,-36.0,False,-0.040720522
225,4.5,0.11398966610431671,-0.010560602928674445,1.9783536,13.292945,1.686575174331665,33.3443717956543,36.0,0.9545454545454546,"left_hip_pitch_joint,left_hip_roll_joint,left_knee_joint,left_ankle_pitch_joint,left_ankle_roll_joint,right_hip_pitch_joint,right_hip_roll_joint,right_hip_yaw_joint,right_knee_joint,right_ankle_pitch_joint,right_ankle_roll_joint,waist_roll_joint,waist_yaw_joint,left_shoulder_pitch_joint,left_shoulder_roll_joint,left_shoulder_yaw_joint,left_elbow_joint,right_shoulder_pitch_joint,right_shoulder_roll_joint,right_shoulder_yaw_joint,right_elbow_joint",0.0,0.0,451.6567687988281,right_hip_yaw_link,225.82838,2.1110565662384033,1.702216386795044,-31.09164047241211,7.504358768463135,-36.0,36.0,False,0.015001528
226,4.5200000000000005,0.13382588326931,0.41965602572609795,3.239547,42.19918,1.8025078773498535,35.87387466430664,36.0,0.9545454545454546,"left_hip_pitch_joint,left_hip_roll_joint,left_hip_yaw_joint,left_knee_joint,left_ankle_pitch_joint,left_ankle_roll_joint,right_hip_pitch_joint,right_hip_roll_joint,right_hip_yaw_joint,right_knee_joint,right_ankle_roll_joint,waist_roll_joint,waist_yaw_joint,left_shoulder_pitch_joint,left_shoulder_roll_joint,left_shoulder_yaw_joint,left_elbow_joint,right_shoulder_pitch_joint,right_shoulder_roll_joint,right_shoulder_yaw_joint,right_elbow_joint",40.89773,0.0,40.89773178100586,left_ankle_roll_link,40.89773,2.226989269256592,1.7985143661499023,23.04796028137207,-0.20903372764587402,36.0,-36.0,False,0.04320232
227,4.54,0.17156758904457092,0.4940792249989996,2.9565904,31.60041,1.6151878833770752,36.23945617675781,36.0,0.9545454545454546,"left_hip_pitch_joint,left_hip_roll_joint,left_hip_yaw_joint,left_knee_joint,left_ankle_pitch_joint,left_ankle_roll_joint,right_hip_pitch_joint,right_hip_roll_joint,right_hip_yaw_joint,right_knee_joint,right_ankle_roll_joint,waist_roll_joint,waist_yaw_joint,left_shoulder_pitch_joint,left_shoulder_roll_joint,left_shoulder_yaw_joint,left_elbow_joint,right_shoulder_pitch_joint,right_shoulder_roll_joint,right_shoulder_yaw_joint,right_elbow_joint",46.793926,213.7852,0,right_ankle_roll_link,213.7852,2.0396692752838135,1.3106962442398071,-26.344545364379883,-29.34002113342285,-36.0,-36.0,False,0.037028782
228,4.5600000000000005,0.2038344442844391,0.6155547335637763,3.0482469,38.193054,1.855482578277588,36.004302978515625,36.0,1.0,"left_hip_pitch_joint,left_hip_roll_joint,left_hip_yaw_joint,left_knee_joint,left_ankle_pitch_joint,left_ankle_roll_joint,right_hip_pitch_joint,right_hip_roll_joint,right_hip_yaw_joint,right_knee_joint,right_ankle_pitch_joint,right_ankle_roll_joint,waist_roll_joint,waist_yaw_joint,left_shoulder_pitch_joint,left_shoulder_roll_joint,left_shoulder_yaw_joint,left_elbow_joint,right_shoulder_pitch_joint,right_shoulder_roll_joint,right_shoulder_yaw_joint,right_elbow_joint",0.0,0.0,0,pelvis,0.0,2.279963970184326,1.7295043468475342,27.604469299316406,35.99125289916992,36.0,36.0,False,0.072114795
229,4.58,0.24564290046691895,0.5777225241772145,2.6305275,26.342619,1.837270975112915,36.04399490356445,36.0,0.9545454545454546,"left_hip_pitch_joint,left_hip_roll_joint,left_hip_yaw_joint,left_knee_joint,left_ankle_pitch_joint,left_ankle_roll_joint,right_hip_pitch_joint,right_hip_roll_joint,right_hip_yaw_joint,right_knee_joint,right_ankle_roll_joint,waist_roll_joint,waist_yaw_joint,left_shoulder_pitch_joint,left_shoulder_roll_joint,left_shoulder_yaw_joint,left_elbow_joint,right_shoulder_pitch_joint,right_shoulder_roll_joint,right_shoulder_yaw_joint,right_elbow_joint",0.0,0.0,0,pelvis,0.0,2.2617523670196533,1.665820598602295,-19.836471557617188,-27.301864624023438,-36.0,-36.0,False,0.076554626
230,4.6000000000000005,0.274344265460968,0.6262178228382123,2.82815,23.751394,1.9106075763702393,36.57935333251953,36.0,1.0,"left_hip_pitch_joint,left_hip_roll_joint,left_hip_yaw_joint,left_knee_joint,left_ankle_pitch_joint,left_ankle_roll_joint,right_hip_pitch_joint,right_hip_roll_joint,right_hip_yaw_joint,right_knee_joint,right_ankle_pitch_joint,right_ankle_roll_joint,waist_roll_joint,waist_yaw_joint,left_shoulder_pitch_joint,left_shoulder_roll_joint,left_shoulder_yaw_joint,left_elbow_joint,right_shoulder_pitch_joint,right_shoulder_roll_joint,right_shoulder_yaw_joint,right_elbow_joint",0.0,0.0,0,pelvis,0.0,2.3350889682769775,1.907033085823059,20.284873962402344,28.34840965270996,36.0,36.0,False,0.08717643
231,4.62,0.3126915991306305,0.6020263785403841,2.448174,14.888236,1.941497802734375,36.07493209838867,36.0,1.0,"left_hip_pitch_joint,left_hip_roll_joint,left_hip_yaw_joint,left_knee_joint,left_ankle_pitch_joint,left_ankle_roll_joint,right_hip_pitch_joint,right_hip_roll_joint,right_hip_yaw_joint,right_knee_joint,right_ankle_pitch_joint,right_ankle_roll_joint,waist_roll_joint,waist_yaw_joint,left_shoulder_pitch_joint,left_shoulder_roll_joint,left_shoulder_yaw_joint,left_elbow_joint,right_shoulder_pitch_joint,right_shoulder_roll_joint,right_shoulder_yaw_joint,right_elbow_joint",0.0,0.0,0,pelvis,0.0,2.3659791946411133,1.8547056913375854,-7.790899276733398,-25.176244735717773,-36.0,-36.0,False,0.08387916
232,4.64,0.34021323919296265,0.6826354256273459,1.6968333,27.36619,1.881253719329834,36.075035095214844,36.0,0.9545454545454546,"left_hip_pitch_joint,left_hip_roll_joint,left_hip_yaw_joint,left_knee_joint,left_ankle_pitch_joint,left_ankle_roll_joint,right_hip_pitch_joint,right_hip_roll_joint,right_hip_yaw_joint,right_knee_joint,right_ankle_pitch_joint,right_ankle_roll_joint,waist_yaw_joint,left_shoulder_pitch_joint,left_shoulder_roll_joint,left_shoulder_yaw_joint,left_elbow_joint,right_shoulder_pitch_joint,right_shoulder_roll_joint,right_shoulder_yaw_joint,right_elbow_joint",0.0,0.0,0,pelvis,0.0,2.3057351112365723,1.7898099422454834,5.641214370727539,6.853644847869873,36.0,36.0,False,0.08699935
233,4.66,0.36798834800720215,0.7866668524189211,2.109551,27.055954,2.0076746940612793,36.14192199707031,36.0,1.0,"left_hip_pitch_joint,left_hip_roll_joint,left_hip_yaw_joint,left_knee_joint,left_ankle_pitch_joint,left_ankle_roll_joint,right_hip_pitch_joint,right_hip_roll_joint,right_hip_yaw_joint,right_knee_joint,right_ankle_pitch_joint,right_ankle_roll_joint,waist_roll_joint,waist_yaw_joint,left_shoulder_pitch_joint,left_shoulder_roll_joint,left_shoulder_yaw_joint,left_elbow_joint,right_shoulder_pitch_joint,right_shoulder_roll_joint,right_shoulder_yaw_joint,right_elbow_joint",0.0,0.0,0,pelvis,0.0,2.4321560859680176,1.3547649383544922,-4.417057037353516,-30.849512100219727,-36.0,-36.0,False,0.070574895
234,4.68,0.39713507890701294,0.699347712481991,1.4985969,24.744991,1.5890165567398071,36.11311340332031,36.0,0.9090909090909091,"left_hip_pitch_joint,left_hip_roll_joint,left_hip_yaw_joint,left_ankle_pitch_joint,left_ankle_roll_joint,right_hip_pitch_joint,right_hip_roll_joint,right_hip_yaw_joint,right_knee_joint,right_ankle_pitch_joint,right_ankle_roll_joint,waist_roll_joint,waist_yaw_joint,left_shoulder_roll_joint,left_shoulder_yaw_joint,left_elbow_joint,right_shoulder_pitch_joint,right_shoulder_roll_joint,right_shoulder_yaw_joint,right_elbow_joint",0.0,0.0,0,pelvis,0.0,1.917859435081482,1.4472649097442627,-17.64665412902832,11.11639404296875,-1.5999298,36.0,False,0.07714631
235,4.7,0.4081459045410156,0.8778482393592055,1.3466028,15.163821,1.8785841464996338,34.08795166015625,36.0,0.9090909090909091,"left_hip_pitch_joint,left_hip_roll_joint,left_hip_yaw_joint,left_knee_joint,left_ankle_pitch_joint,left_ankle_roll_joint,right_hip_pitch_joint,right_hip_roll_joint,right_hip_yaw_joint,right_knee_joint,right_ankle_pitch_joint,right_ankle_roll_joint,waist_yaw_joint,left_shoulder_roll_joint,left_shoulder_yaw_joint,left_elbow_joint,right_shoulder_pitch_joint,right_shoulder_roll_joint,right_shoulder_yaw_joint,right_elbow_joint",0.0,0.0,0,pelvis,0.0,2.303065538406372,0.9782856106758118,16.177457809448242,-13.871944427490234,36.0,-36.0,False,0.07739308
236,4.72,0.42474421858787537,0.7207492496803063,1.1302286,17.760052,1.6460708379745483,27.020320892333984,36.0,0.9090909090909091,"left_hip_pitch_joint,left_hip_roll_joint,left_hip_yaw_joint,left_knee_joint,left_ankle_pitch_joint,left_ankle_roll_joint,right_hip_pitch_joint,right_hip_roll_joint,right_hip_yaw_joint,right_knee_joint,right_ankle_pitch_joint,right_ankle_roll_joint,waist_yaw_joint,left_shoulder_pitch_joint,left_shoulder_yaw_joint,left_elbow_joint,right_shoulder_pitch_joint,right_shoulder_roll_joint,right_shoulder_yaw_joint,right_elbow_joint",0.0,0.0,0,pelvis,0.0,1.9448680877685547,1.4698553085327148,-20.31604766845703,23.84819221496582,-36.0,36.0,False,0.09318001
237,4.74,0.42238837480545044,0.9000069689131371,0.4983197,12.420702,1.9212298393249512,25.917749404907227,36.0,1.0,"left_hip_pitch_joint,left_hip_roll_joint,left_hip_yaw_joint,left_knee_joint,left_ankle_pitch_joint,left_ankle_roll_joint,right_hip_pitch_joint,right_hip_roll_joint,right_hip_yaw_joint,right_knee_joint,right_ankle_pitch_joint,right_ankle_roll_joint,waist_roll_joint,waist_yaw_joint,left_shoulder_pitch_joint,left_shoulder_roll_joint,left_shoulder_yaw_joint,left_elbow_joint,right_shoulder_pitch_joint,right_shoulder_roll_joint,right_shoulder_yaw_joint,right_elbow_joint",0.0,0.0,0,pelvis,0.0,2.3457112312316895,0.9770521521568298,23.650426864624023,-25.917749404907227,36.0,-36.0,False,0.0841432
238,4.76,0.4230746924877167,0.8099046571535026,1.0985703,15.369033,1.7099177837371826,30.40157699584961,36.0,0.9090909090909091,"left_hip_pitch_joint,left_hip_roll_joint,left_hip_yaw_joint,left_knee_joint,left_ankle_pitch_joint,right_hip_pitch_joint,right_hip_roll_joint,right_hip_yaw_joint,right_knee_joint,right_ankle_pitch_joint,right_ankle_roll_joint,waist_roll_joint,waist_yaw_joint,left_shoulder_pitch_joint,left_shoulder_yaw_joint,left_elbow_joint,right_shoulder_pitch_joint,right_shoulder_roll_joint,right_shoulder_yaw_joint,right_elbow_joint",0.0,0.0,0,pelvis,0.0,2.134399175643921,1.5537381172180176,-9.582128524780273,23.764991760253906,-36.0,36.0,False,0.10584749
239,4.78,0.42200854420661926,0.9104955758599469,1.8019999,25.283382,1.760732889175415,36.15723419189453,36.0,0.9545454545454546,"left_hip_pitch_joint,left_hip_roll_joint,left_hip_yaw_joint,left_knee_joint,left_ankle_pitch_joint,left_ankle_roll_joint,right_hip_pitch_joint,right_hip_roll_joint,right_hip_yaw_joint,right_knee_joint,right_ankle_pitch_joint,right_ankle_roll_joint,waist_yaw_joint,left_shoulder_pitch_joint,left_shoulder_roll_joint,left_shoulder_yaw_joint,left_elbow_joint,right_shoulder_pitch_joint,right_shoulder_roll_joint,right_shoulder_yaw_joint,right_elbow_joint",0.0,0.0,0,pelvis,0.0,2.1852142810821533,1.2634507417678833,8.058050155639648,-29.60877227783203,36.0,-36.0,False,0.10098785
240,4.8,0.42295771837234497,0.7846434514609592,1.3958551,23.85098,1.6742616891860962,32.4807243347168,36.0,0.9090909090909091,"left_hip_roll_joint,left_hip_yaw_joint,left_knee_joint,left_ankle_pitch_joint,left_ankle_roll_joint,right_hip_pitch_joint,right_hip_roll_joint,right_hip_yaw_joint,right_knee_joint,right_ankle_pitch_joint,right_ankle_roll_joint,waist_roll_joint,waist_yaw_joint,left_shoulder_roll_joint,left_shoulder_yaw_joint,left_elbow_joint,right_shoulder_pitch_joint,right_shoulder_roll_joint,right_shoulder_yaw_joint,right_elbow_joint",0.0,0.0,0,pelvis,0.0,1.6648707389831543,1.7744574546813965,-30.210216522216797,31.00320816040039,-36.0,36.0,False,0.13394013
241,4.82,0.4081205427646637,0.9230223668634094,1.4172634,10.677526,1.670499563217163,26.43135643005371,36.0,0.9545454545454546,"left_hip_pitch_joint,left_hip_roll_joint,left_hip_yaw_joint,left_knee_joint,left_ankle_pitch_joint,left_ankle_roll_joint,right_hip_pitch_joint,right_hip_roll_joint,right_hip_yaw_joint,right_knee_joint,right_ankle_pitch_joint,right_ankle_roll_joint,waist_roll_joint,waist_yaw_joint,left_shoulder_pitch_joint,left_shoulder_roll_joint,left_shoulder_yaw_joint,left_elbow_joint,right_shoulder_roll_joint,right_shoulder_yaw_joint,right_elbow_joint",0.0,0.0,0,pelvis,0.0,2.0108420848846436,1.4716047048568726,17.948991775512695,-19.627042770385742,36.0,-36.0,False,0.14036424
242,4.84,0.39934664964675903,0.7949986091003151,1.4135857,17.936018,1.8645908832550049,25.755002975463867,36.0,0.9090909090909091,"left_hip_pitch_joint,left_hip_roll_joint,left_hip_yaw_joint,left_knee_joint,left_ankle_pitch_joint,left_ankle_roll_joint,right_hip_pitch_joint,right_hip_roll_joint,right_hip_yaw_joint,right_knee_joint,right_ankle_pitch_joint,right_ankle_roll_joint,waist_yaw_joint,left_shoulder_pitch_joint,left_shoulder_yaw_joint,left_elbow_joint,right_shoulder_pitch_joint,right_shoulder_roll_joint,right_shoulder_yaw_joint,right_elbow_joint",0.0,0.0,0,pelvis,0.0,1.6806061267852783,1.6641292572021484,-14.325162887573242,8.609941482543945,-36.0,36.0,False,0.14573427
243,4.86,0.37545543909072876,0.9404626041022993,2.0436778,18.303604,1.752811074256897,30.74993896484375,36.0,0.9545454545454546,"left_hip_pitch_joint,left_hip_roll_joint,left_hip_yaw_joint,left_knee_joint,left_ankle_pitch_joint,left_ankle_roll_joint,right_hip_pitch_joint,right_hip_roll_joint,right_hip_yaw_joint,right_knee_joint,right_ankle_pitch_joint,right_ankle_roll_joint,waist_yaw_joint,left_shoulder_pitch_joint,left_shoulder_roll_joint,left_shoulder_yaw_joint,left_elbow_joint,right_shoulder_pitch_joint,right_shoulder_roll_joint,right_shoulder_yaw_joint,right_elbow_joint",0.0,0.0,0,pelvis,0.0,2.1090657711029053,1.2731884717941284,26.127817153930664,-23.961082458496094,36.0,-36.0,False,0.13412227
244,4.88,0.3542090952396393,0.8146035045884216,1.6188273,28.23711,2.009617805480957,36.73686218261719,36.0,1.0,"left_hip_pitch_joint,left_hip_roll_joint,left_hip_yaw_joint,left_knee_joint,left_ankle_pitch_joint,left_ankle_roll_joint,right_hip_pitch_joint,right_hip_roll_joint,right_hip_yaw_joint,right_knee_joint,right_ankle_pitch_joint,right_ankle_roll_joint,waist_roll_joint,waist_yaw_joint,left_shoulder_pitch_joint,left_shoulder_roll_joint,left_shoulder_yaw_joint,left_elbow_joint,right_shoulder_pitch_joint,right_shoulder_roll_joint,right_shoulder_yaw_joint,right_elbow_joint",0.0,0.0,0,pelvis,0.0,1.8262150287628174,1.5242314338684082,-29.784385681152344,18.103940963745117,-36.0,36.0,False,0.14319251
245,4.9,0.3260982930660248,0.9286966108493786,1.9007224,28.593477,1.7593741416931152,35.308937072753906,36.0,0.9545454545454546,"left_hip_pitch_joint,left_hip_roll_joint,left_hip_yaw_joint,left_knee_joint,left_ankle_pitch_joint,left_ankle_roll_joint,right_hip_pitch_joint,right_hip_roll_joint,right_hip_yaw_joint,right_knee_joint,right_ankle_pitch_joint,right_ankle_roll_joint,waist_roll_joint,waist_yaw_joint,left_shoulder_roll_joint,left_shoulder_yaw_joint,left_elbow_joint,right_shoulder_pitch_joint,right_shoulder_roll_joint,right_shoulder_yaw_joint,right_elbow_joint",0.0,0.0,0,pelvis,0.0,2.1838555335998535,1.0754176378250122,33.85149383544922,-35.308937072753906,36.0,-36.0,False,0.11304306
246,4.92,0.29717084765434265,0.8215141463660665,2.020552,30.30576,1.7736715078353882,36.039581298828125,36.0,1.0,"left_hip_pitch_joint,left_hip_roll_joint,left_hip_yaw_joint,left_knee_joint,left_ankle_pitch_joint,left_ankle_roll_joint,right_hip_pitch_joint,right_hip_roll_joint,right_hip_yaw_joint,right_knee_joint,right_ankle_pitch_joint,right_ankle_roll_joint,waist_roll_joint,waist_yaw_joint,left_shoulder_pitch_joint,left_shoulder_roll_joint,left_shoulder_yaw_joint,left_elbow_joint,right_shoulder_pitch_joint,right_shoulder_roll_joint,right_shoulder_yaw_joint,right_elbow_joint",0.0,0.0,0,pelvis,0.0,1.9233471155166626,1.522786259651184,-31.022918701171875,34.90474319458008,-36.0,36.0,False,0.10201477
247,4.94,0.25723326206207275,0.9445436608361937,2.258566,31.430815,1.8444387912750244,36.20800018310547,36.0,1.0,"left_hip_pitch_joint,left_hip_roll_joint,left_hip_yaw_joint,left_knee_joint,left_ankle_pitch_joint,left_ankle_roll_joint,right_hip_pitch_joint,right_hip_roll_joint,right_hip_yaw_joint,right_knee_joint,right_ankle_pitch_joint,right_ankle_roll_joint,waist_roll_joint,waist_yaw_joint,left_shoulder_pitch_joint,left_shoulder_roll_joint,left_shoulder_yaw_joint,left_elbow_joint,right_shoulder_pitch_joint,right_shoulder_roll_joint,right_shoulder_yaw_joint,right_elbow_joint",0.0,623.43866,0,right_ankle_roll_link,623.43866,2.2689201831817627,1.3852494955062866,34.769187927246094,-26.102542877197266,36.0,-36.0,False,0.077865645
248,4.96,0.22016549110412598,0.8932810089524571,2.3433585,19.977161,1.7360517978668213,30.956375122070312,36.0,1.0,"left_hip_pitch_joint,left_hip_roll_joint,left_hip_yaw_joint,left_knee_joint,left_ankle_pitch_joint,left_ankle_roll_joint,right_hip_pitch_joint,right_hip_roll_joint,right_hip_yaw_joint,right_knee_joint,right_ankle_pitch_joint,right_ankle_roll_joint,waist_roll_joint,waist_yaw_joint,left_shoulder_pitch_joint,left_shoulder_roll_joint,left_shoulder_yaw_joint,left_elbow_joint,right_shoulder_pitch_joint,right_shoulder_roll_joint,right_shoulder_yaw_joint,right_elbow_joint",461.50638,0.0,0,left_ankle_roll_link,461.50638,2.1605331897735596,1.7258092164993286,-6.798768997192383,17.030506134033203,-36.0,36.0,False,0.08288015
249,4.98,0.1890239119529724,0.9612152141200234,1.8258187,9.397026,2.019037961959839,31.5670223236084,36.0,1.0,"left_hip_pitch_joint,left_hip_roll_joint,left_hip_yaw_joint,left_knee_joint,left_ankle_pitch_joint,left_ankle_roll_joint,right_hip_pitch_joint,right_hip_roll_joint,right_hip_yaw_joint,right_knee_joint,right_ankle_pitch_joint,right_ankle_roll_joint,waist_roll_joint,waist_yaw_joint,left_shoulder_pitch_joint,left_shoulder_roll_joint,left_shoulder_yaw_joint,left_elbow_joint,right_shoulder_pitch_joint,right_shoulder_roll_joint,right_shoulder_yaw_joint,right_elbow_joint",0.0,170.96707,0,right_ankle_roll_link,170.96707,2.443519353866577,1.3688679933547974,-0.07345981150865555,-31.5670223236084,36.0,-36.0,False,0.07418982
250,5.0,0.18520107865333557,0.966507383673502,1.0105537,14.798942,1.9754638671875,35.834468841552734,36.0,0.9545454545454546,"left_hip_pitch_joint,left_hip_roll_joint,left_hip_yaw_joint,left_knee_joint,left_ankle_pitch_joint,left_ankle_roll_joint,right_hip_pitch_joint,right_hip_roll_joint,right_hip_yaw_joint,right_knee_joint,right_ankle_pitch_joint,right_ankle_roll_joint,waist_yaw_joint,left_shoulder_pitch_joint,left_shoulder_roll_joint,left_shoulder_yaw_joint,left_elbow_joint,right_shoulder_pitch_joint,right_shoulder_roll_joint,right_shoulder_yaw_joint,right_elbow_joint",312.45776,79.99678,0,left_ankle_roll_link,312.45776,2.3999452590942383,1.6221672296524048,4.003833770751953,33.42475128173828,-36.0,36.0,False,0.06833114
