frame,t,rz,pgz,lv_norm,av_norm,dof_pos_err_max,dof_vel_max,tau_max,tau_sat,saturated_joints,L_fz,R_fz,non_foot_cf_sum,top_cf_name,top_cf_val,knee_L,knee_R,knee_L_vel,knee_R_vel,knee_L_tau,knee_R_tau,knee_hit_limit,bz_min
0,0.0,0.4103291630744934,0.9999562098754664,0.0,0.0,0.0,0.0,0.0,0.0,,0.0,0.0,0,pelvis,0.0,0.4244813621044159,0.4350522756576538,0.0,0.0,0.0,0.0,False,0.03364689
1,0.02,0.40812188386917114,0.9999562098754664,0.192132,0.068791136,1.4901161193847656e-08,1.3132964372634888,0.0,0.0,,11.044901,11.044901,0,left_ankle_roll_link,11.044901,0.4244813621044159,0.4350522756576538,0.012202293612062931,-0.16971461474895477,0.0,0.0,False,0.0314397
2,0.04,0.4047084152698517,0.9998713409490225,0.22943352,1.5287482,0.17077410221099854,14.965766906738281,5.2531857,0.0,,42.549377,79.341415,0,right_ankle_roll_link,79.341415,0.464851051568985,0.6058263778686523,3.571913957595825,14.965766906738281,-0.14642753,2.0365753,False,0.031000303
3,0.06,0.4127297103404999,0.991446198924267,1.478068,18.22755,0.5687581300735474,36.02959442138672,36.0,0.22727272727272727,"left_knee_joint,right_hip_pitch_joint,right_knee_joint,right_ankle_pitch_joint,right_ankle_roll_joint",56.784565,0.0,0,left_ankle_roll_link,56.784565,-0.00010065324022434652,0.03153463080525398,-0.4103068709373474,-31.794755935668945,-36.0,-36.0,True,0.03259913
4,0.08,0.4163252115249634,0.9793220375118742,0.9021967,23.339296,0.5330145955085754,36.125877380371094,36.0,0.6363636363636364,"left_hip_pitch_joint,left_hip_roll_joint,left_hip_yaw_joint,left_knee_joint,right_hip_pitch_joint,right_hip_roll_joint,right_hip_yaw_joint,right_knee_joint,right_ankle_pitch_joint,right_ankle_roll_joint,waist_yaw_joint,left_shoulder_pitch_joint,right_shoulder_pitch_joint,right_elbow_joint",161.63567,243.46747,0,right_ankle_roll_link,243.46747,0.655078113079071,0.638401985168457,36.04370880126953,34.017147064208984,36.0,36.0,False,0.033897944
5,0.1,0.42369139194488525,0.9854952074144725,1.7813989,29.69926,0.693117618560791,36.055233001708984,36.0,0.9090909090909091,"left_hip_pitch_joint,left_hip_roll_joint,left_hip_yaw_joint,left_knee_joint,left_ankle_pitch_joint,left_ankle_roll_joint,right_hip_pitch_joint,right_hip_roll_joint,right_hip_yaw_joint,right_knee_joint,right_ankle_pitch_joint,right_ankle_roll_joint,waist_roll_joint,waist_yaw_joint,left_shoulder_pitch_joint,left_shoulder_roll_joint,left_shoulder_yaw_joint,right_shoulder_pitch_joint,right_shoulder_yaw_joint,right_elbow_joint",0.0,0.0,0,pelvis,0.0,1.1175990104675293,0.14251039922237396,1.6161690950393677,-33.174983978271484,-36.0,-36.0,False,0.05429309
6,0.12,0.43107548356056213,0.9844829935952019,0.18056485,23.580463,0.586931586265564,36.15729522705078,36.0,0.9545454545454546,"left_hip_roll_joint,left_hip_yaw_joint,left_knee_joint,left_ankle_pitch_joint,left_ankle_roll_joint,right_hip_pitch_joint,right_hip_roll_joint,right_hip_yaw_joint,right_knee_joint,right_ankle_pitch_joint,right_ankle_roll_joint,waist_roll_joint,waist_yaw_joint,left_shoulder_pitch_joint,left_shoulder_roll_joint,left_shoulder_yaw_joint,left_elbow_joint,right_shoulder_pitch_joint,right_shoulder_roll_joint,right_shoulder_yaw_joint,right_elbow_joint",0.0,0.0,0,pelvis,0.0,0.46251073479652405,0.7435715794563293,-33.68975067138672,33.75148010253906,-36.0,36.0,False,0.07139721
7,0.14,0.42854389548301697,0.98651783216079,0.72221696,31.592825,0.6499438285827637,36.04619598388672,36.0,1.0,"left_hip_pitch_joint,left_hip_roll_joint,left_hip_yaw_joint,left_knee_joint,left_ankle_pitch_joint,left_ankle_roll_joint,right_hip_pitch_joint,right_hip_roll_joint,right_hip_yaw_joint,right_knee_joint,right_ankle_pitch_joint,right_ankle_roll_joint,waist_roll_joint,waist_yaw_joint,left_shoulder_pitch_joint,left_shoulder_roll_joint,left_shoulder_yaw_joint,left_elbow_joint,right_shoulder_pitch_joint,right_shoulder_roll_joint,right_shoulder_yaw_joint,right_elbow_joint",0.0,0.0,0,pelvis,0.0,1.074425220489502,0.15230417251586914,35.02524948120117,-34.25054168701172,36.0,-36.0,False,0.076443024
8,0.16,0.42569270730018616,0.9964379894039785,0.5734652,26.35105,0.4821068048477173,36.09666442871094,36.0,1.0,"left_hip_pitch_joint,left_hip_roll_joint,left_hip_yaw_joint,left_knee_joint,left_ankle_pitch_joint,left_ankle_roll_joint,right_hip_pitch_joint,right_hip_roll_joint,right_hip_yaw_joint,right_knee_joint,right_ankle_pitch_joint,right_ankle_roll_joint,waist_roll_joint,waist_yaw_joint,left_shoulder_pitch_joint,left_shoulder_roll_joint,left_shoulder_yaw_joint,left_elbow_joint,right_shoulder_pitch_joint,right_shoulder_roll_joint,right_shoulder_yaw_joint,right_elbow_joint",0.0,0.0,0,pelvis,0.0,0.5167651176452637,0.7239816188812256,-35.672752380371094,32.63887023925781,-36.0,36.0,False,0.077225335
9,0.18,0.41186490654945374,0.9943355387962919,1.1993135,30.556393,0.7021379470825195,36.051239013671875,36.0,0.9545454545454546,"left_hip_pitch_joint,left_hip_roll_joint,left_hip_yaw_joint,left_knee_joint,left_ankle_pitch_joint,left_ankle_roll_joint,right_hip_pitch_joint,right_hip_roll_joint,right_hip_yaw_joint,right_knee_joint,right_ankle_pitch_joint,right_ankle_roll_joint,waist_roll_joint,waist_yaw_joint,left_shoulder_roll_joint,left_shoulder_yaw_joint,left_elbow_joint,right_shoulder_pitch_joint,right_shoulder_roll_joint,right_shoulder_yaw_joint,right_elbow_joint",0.0,0.0,0,pelvis,0.0,1.1266193389892578,0.17115890979766846,35.095645904541016,-34.279510498046875,36.0,-36.0,False,0.08827146
10,0.2,0.402543842792511,0.9976102714518619,0.7770166,23.403189,0.45597609877586365,35.15365219116211,36.0,0.9090909090909091,"left_hip_pitch_joint,left_hip_roll_joint,left_hip_yaw_joint,left_knee_joint,left_ankle_pitch_joint,left_ankle_roll_joint,right_hip_pitch_joint,right_hip_roll_joint,right_hip_yaw_joint,right_knee_joint,right_ankle_pitch_joint,right_ankle_roll_joint,waist_roll_joint,waist_yaw_joint,left_shoulder_roll_joint,left_shoulder_yaw_joint,left_elbow_joint,right_shoulder_roll_joint,right_shoulder_yaw_joint,right_elbow_joint",929.7675,0.0,0,left_ankle_roll_link,929.7675,0.6649993062019348,0.7085675597190857,-19.789310455322266,30.381649017333984,-36.0,36.0,False,0.0618158
11,0.22,0.3847491443157196,0.9711010382041455,1.8051718,21.641642,0.8864319324493408,36.183837890625,36.0,0.9545454545454546,"left_hip_pitch_joint,left_hip_roll_joint,left_hip_yaw_joint,left_knee_joint,left_ankle_pitch_joint,left_ankle_roll_joint,right_hip_pitch_joint,right_hip_roll_joint,right_hip_yaw_joint,right_knee_joint,right_ankle_pitch_joint,right_ankle_roll_joint,waist_roll_joint,waist_yaw_joint,left_shoulder_roll_joint,left_shoulder_yaw_joint,left_elbow_joint,right_shoulder_pitch_joint,right_shoulder_roll_joint,right_shoulder_yaw_joint,right_elbow_joint",0.0,0.0,0,pelvis,0.0,1.310913324356079,0.14993853867053986,36.183837890625,-34.703941345214844,36.0,-36.0,False,0.08085163
12,0.24,0.3723614811897278,0.9911747398496245,1.3311937,28.446852,0.8540699481964111,36.98090744018555,36.0,0.9545454545454546,"left_hip_pitch_joint,left_hip_roll_joint,left_hip_yaw_joint,left_knee_joint,left_ankle_pitch_joint,left_ankle_roll_joint,right_hip_pitch_joint,right_hip_roll_joint,right_hip_yaw_joint,right_knee_joint,right_ankle_pitch_joint,right_ankle_roll_joint,waist_yaw_joint,left_shoulder_pitch_joint,left_shoulder_roll_joint,left_shoulder_yaw_joint,left_elbow_joint,right_shoulder_pitch_joint,right_shoulder_roll_joint,right_shoulder_yaw_joint,right_elbow_joint",680.726,0.0,0,left_ankle_roll_link,680.726,1.2785513401031494,0.6927345395088196,-12.354053497314453,28.686870574951172,-36.0,36.0,False,0.06716668
13,0.26,0.34358102083206177,0.9733404686090749,2.2875803,20.939697,1.3321346044540405,36.3109130859375,36.0,1.0,"left_hip_pitch_joint,left_hip_roll_joint,left_hip_yaw_joint,left_knee_joint,left_ankle_pitch_joint,left_ankle_roll_joint,right_hip_pitch_joint,right_hip_roll_joint,right_hip_yaw_joint,right_knee_joint,right_ankle_pitch_joint,right_ankle_roll_joint,waist_roll_joint,waist_yaw_joint,left_shoulder_pitch_joint,left_shoulder_roll_joint,left_shoulder_yaw_joint,left_elbow_joint,right_shoulder_pitch_joint,right_shoulder_roll_joint,right_shoulder_yaw_joint,right_elbow_joint",0.0,0.0,0,pelvis,0.0,1.7566159963607788,0.118189737200737,36.23204803466797,-34.9437141418457,36.0,-36.0,False,0.07762652
14,0.28,0.3217403292655945,0.9667656615716048,1.2961875,36.03679,1.5212364196777344,36.31012725830078,36.0,0.9090909090909091,"left_hip_pitch_joint,left_hip_roll_joint,left_hip_yaw_joint,left_knee_joint,left_ankle_pitch_joint,left_ankle_roll_joint,right_hip_pitch_joint,right_hip_roll_joint,right_hip_yaw_joint,right_knee_joint,right_ankle_pitch_joint,right_ankle_roll_joint,waist_roll_joint,waist_yaw_joint,left_shoulder_pitch_joint,left_elbow_joint,right_shoulder_pitch_joint,right_shoulder_roll_joint,right_shoulder_yaw_joint,right_elbow_joint",0.0,0.0,0,pelvis,0.0,1.8322463035583496,0.6758979558944702,-18.487966537475586,29.010759353637695,-36.0,36.0,False,0.06948209
15,0.3,0.29287266731262207,0.9718710968186687,2.3630602,22.769495,1.5483769178390503,41.374290466308594,36.0,0.9545454545454546,"left_hip_roll_joint,left_hip_yaw_joint,left_knee_joint,left_ankle_pitch_joint,left_ankle_roll_joint,right_hip_pitch_joint,right_hip_roll_joint,right_hip_yaw_joint,right_knee_joint,right_ankle_pitch_joint,right_ankle_roll_joint,waist_roll_joint,waist_yaw_joint,left_shoulder_pitch_joint,left_shoulder_roll_joint,left_shoulder_yaw_joint,left_elbow_joint,right_shoulder_pitch_joint,right_shoulder_roll_joint,right_shoulder_yaw_joint,right_elbow_joint",0.0,0.0,0,pelvis,0.0,1.8458166122436523,0.1503446251153946,7.206457138061523,-32.22378158569336,36.0,-36.0,False,0.06634183
16,0.32,0.2726247310638428,0.9190701309036262,1.5776687,34.40939,1.4144545793533325,36.30769348144531,36.0,1.0,"left_hip_pitch_joint,left_hip_roll_joint,left_hip_yaw_joint,left_knee_joint,left_ankle_pitch_joint,left_ankle_roll_joint,right_hip_pitch_joint,right_hip_roll_joint,right_hip_yaw_joint,right_knee_joint,right_ankle_pitch_joint,right_ankle_roll_joint,waist_roll_joint,waist_yaw_joint,left_shoulder_pitch_joint,left_shoulder_roll_joint,left_shoulder_yaw_joint,left_elbow_joint,right_shoulder_pitch_joint,right_shoulder_roll_joint,right_shoulder_yaw_joint,right_elbow_joint",496.99927,500.32587,0,right_ankle_roll_link,500.32587,1.5985952615737915,0.7186528444290161,-16.811641693115234,33.405426025390625,-36.0,36.0,False,0.041789837
17,0.34,0.24793796241283417,0.9271700953051201,2.024184,26.31299,1.461758017539978,36.02530288696289,36.0,0.9545454545454546,"left_hip_roll_joint,left_hip_yaw_joint,left_knee_joint,left_ankle_pitch_joint,left_ankle_roll_joint,right_hip_pitch_joint,right_hip_roll_joint,right_hip_yaw_joint,right_knee_joint,right_ankle_pitch_joint,right_ankle_roll_joint,waist_roll_joint,waist_yaw_joint,left_shoulder_pitch_joint,left_shoulder_roll_joint,left_shoulder_yaw_joint,left_elbow_joint,right_shoulder_pitch_joint,right_shoulder_roll_joint,right_shoulder_yaw_joint,right_elbow_joint",92.210014,187.66809,0,right_ankle_roll_link,187.66809,1.7860236167907715,0.3671664297580719,24.245283126831055,-31.561708450317383,36.0,-36.0,False,0.0634654
18,0.36,0.23481635749340057,0.8236957167624399,1.422437,24.66503,1.5177165269851685,36.060306549072266,36.0,1.0,"left_hip_pitch_joint,left_hip_roll_joint,left_hip_yaw_joint,left_knee_joint,left_ankle_pitch_joint,left_ankle_roll_joint,right_hip_pitch_joint,right_hip_roll_joint,right_hip_yaw_joint,right_knee_joint,right_ankle_pitch_joint,right_ankle_roll_joint,waist_roll_joint,waist_yaw_joint,left_shoulder_pitch_joint,left_shoulder_roll_joint,left_shoulder_yaw_joint,left_elbow_joint,right_shoulder_pitch_joint,right_shoulder_roll_joint,right_shoulder_yaw_joint,right_elbow_joint",0.0,0.0,0,pelvis,0.0,1.6736645698547363,0.9663840532302856,-30.58880043029785,33.90180969238281,-36.0,36.0,False,0.055364147
19,0.38,0.2164398729801178,0.7381933662509024,1.7282139,12.09778,1.576268196105957,26.29252052307129,36.0,0.8636363636363636,"left_hip_pitch_joint,left_hip_roll_joint,left_hip_yaw_joint,left_knee_joint,left_ankle_pitch_joint,left_ankle_roll_joint,right_hip_roll_joint,right_hip_yaw_joint,right_knee_joint,waist_roll_joint,waist_yaw_joint,left_shoulder_pitch_joint,left_shoulder_roll_joint,left_shoulder_yaw_joint,left_elbow_joint,right_shoulder_pitch_joint,right_shoulder_roll_joint,right_shoulder_yaw_joint,right_elbow_joint",0.0,46.288033,0,right_ankle_roll_link,46.288033,1.4866060018539429,0.7314735054969788,11.149194717407227,-16.66790771484375,36.0,-36.0,False,0.07228699
20,0.4,0.20551937818527222,0.7105251306560021,1.6568836,16.693258,1.449887990951538,36.163719177246094,36.0,0.9545454545454546,"left_hip_roll_joint,left_hip_yaw_joint,left_knee_joint,left_ankle_pitch_joint,left_ankle_roll_joint,right_hip_pitch_joint,right_hip_roll_joint,right_hip_yaw_joint,right_knee_joint,right_ankle_pitch_joint,right_ankle_roll_joint,waist_roll_joint,waist_yaw_joint,left_shoulder_pitch_joint,left_shoulder_roll_joint,left_shoulder_yaw_joint,left_elbow_joint,right_shoulder_pitch_joint,right_shoulder_roll_joint,right_shoulder_yaw_joint,right_elbow_joint",0.0,0.0,904.1044921875,right_knee_link,904.1045,1.1927632093429565,1.2031975984573364,-36.163719177246094,10.32998275756836,-36.0,36.0,False,0.040503956
21,0.42,0.1989641636610031,0.6707088407524946,1.355993,16.682886,1.6776646375656128,36.12091827392578,36.0,0.9090909090909091,"left_hip_pitch_joint,left_hip_roll_joint,left_hip_yaw_joint,left_knee_joint,left_ankle_pitch_joint,left_ankle_roll_joint,right_hip_pitch_joint,right_hip_roll_joint,right_hip_yaw_joint,right_knee_joint,waist_roll_joint,waist_yaw_joint,left_shoulder_pitch_joint,left_shoulder_roll_joint,left_shoulder_yaw_joint,left_elbow_joint,right_shoulder_pitch_joint,right_shoulder_roll_joint,right_shoulder_yaw_joint,right_elbow_joint",0.0,0.0,0,pelvis,0.0,1.1739214658737183,0.6135560870170593,30.68939208984375,-34.25307846069336,36.0,-36.0,False,0.07592839
22,0.44,0.18833640217781067,0.5854139168955577,2.3249288,17.49717,1.3814454078674316,35.95712661743164,36.0,0.9545454545454546,"left_hip_pitch_joint,left_hip_roll_joint,left_hip_yaw_joint,left_knee_joint,left_ankle_pitch_joint,left_ankle_roll_joint,right_hip_pitch_joint,right_hip_roll_joint,right_hip_yaw_joint,right_knee_joint,right_ankle_pitch_joint,right_ankle_roll_joint,waist_yaw_joint,left_shoulder_pitch_joint,left_shoulder_roll_joint,left_shoulder_yaw_joint,left_elbow_joint,right_shoulder_pitch_joint,right_shoulder_roll_joint,right_shoulder_yaw_joint,right_elbow_joint",0.0,516.3308,537.3585205078125,right_knee_link,537.3585,1.0726211071014404,1.0731197595596313,-35.95712661743164,2.7022645473480225,-36.0,36.0,False,0.041756373
23,0.46,0.1812610775232315,0.5657285477715472,1.4577786,17.733725,1.4313989877700806,36.29508590698242,36.0,0.7727272727272727,"left_hip_roll_joint,left_hip_yaw_joint,left_knee_joint,left_ankle_pitch_joint,right_hip_pitch_joint,right_hip_roll_joint,right_hip_yaw_joint,right_knee_joint,waist_roll_joint,waist_yaw_joint,left_shoulder_pitch_joint,left_shoulder_roll_joint,left_shoulder_yaw_joint,left_elbow_joint,right_shoulder_roll_joint,right_shoulder_yaw_joint,right_elbow_joint",0.0,0.0,0,pelvis,0.0,1.1418452262878418,0.4241132438182831,30.46927833557129,-33.508445739746094,36.0,-36.0,False,0.07811532
24,0.48,0.16927576065063477,0.45901203151164616,2.610602,22.369766,1.0453892946243286,36.252037048339844,36.0,0.7727272727272727,"left_hip_roll_joint,left_hip_yaw_joint,left_knee_joint,left_ankle_pitch_joint,left_ankle_roll_joint,right_hip_pitch_joint,right_hip_roll_joint,right_hip_yaw_joint,right_knee_joint,right_ankle_pitch_joint,right_ankle_roll_joint,waist_yaw_joint,left_elbow_joint,right_shoulder_pitch_joint,right_shoulder_roll_joint,right_shoulder_yaw_joint,right_elbow_joint",0.0,0.0,791.2568359375,right_knee_link,791.25684,1.0976682901382446,0.9350358247756958,-27.977201461791992,6.982522964477539,-36.0,36.0,False,0.041944023
25,0.5,0.16292990744113922,0.3510705647589685,1.9206227,15.861479,1.267224669456482,36.20227813720703,36.0,0.9545454545454546,"left_hip_pitch_joint,left_hip_roll_joint,left_hip_yaw_joint,left_knee_joint,left_ankle_pitch_joint,left_ankle_roll_joint,right_hip_pitch_joint,right_hip_roll_joint,right_hip_yaw_joint,right_knee_joint,right_ankle_pitch_joint,waist_roll_joint,waist_yaw_joint,left_shoulder_pitch_joint,left_shoulder_roll_joint,left_shoulder_yaw_joint,left_elbow_joint,right_shoulder_pitch_joint,right_shoulder_roll_joint,right_shoulder_yaw_joint,right_elbow_joint",0.0,0.0,0,pelvis,0.0,1.2407389879226685,0.23852096498012543,34.35232162475586,-33.87376403808594,36.0,-36.0,False,0.04612851
26,0.52,0.14624321460723877,0.30056647292311567,2.7027633,21.283123,1.0092436075210571,37.07991409301758,36.0,0.9090909090909091,"left_hip_pitch_joint,left_hip_roll_joint,left_hip_yaw_joint,left_knee_joint,left_ankle_pitch_joint,left_ankle_roll_joint,right_hip_pitch_joint,right_hip_roll_joint,right_hip_yaw_joint,right_knee_joint,right_ankle_pitch_joint,right_ankle_roll_joint,waist_yaw_joint,left_shoulder_roll_joint,left_shoulder_yaw_joint,left_elbow_joint,right_shoulder_pitch_joint,right_shoulder_roll_joint,right_shoulder_yaw_joint,right_elbow_joint",0.0,0.0,0,pelvis,0.0,1.1274340152740479,0.805524468421936,-28.41217803955078,28.710121154785156,-36.0,36.0,False,0.038272925
27,0.54,0.13057972490787506,0.22181921475070077,1.8216642,15.970277,1.291067361831665,36.18459701538086,36.0,0.8181818181818182,"left_hip_pitch_joint,left_hip_roll_joint,left_hip_yaw_joint,left_knee_joint,left_ankle_pitch_joint,right_hip_pitch_joint,right_hip_roll_joint,right_hip_yaw_joint,right_knee_joint,waist_roll_joint,waist_yaw_joint,left_shoulder_roll_joint,left_shoulder_yaw_joint,left_elbow_joint,right_shoulder_pitch_joint,right_shoulder_roll_joint,right_shoulder_yaw_joint,right_elbow_joint",0.0,0.0,0,pelvis,0.0,1.314449429512024,0.1745171695947647,36.06188201904297,-34.53647994995117,36.0,-36.0,False,-0.0116924355
28,0.56,0.10372432321310043,0.2062369164437836,2.56235,19.922363,1.1586028337478638,36.8912353515625,36.0,0.9545454545454546,"left_hip_pitch_joint,left_hip_roll_joint,left_hip_yaw_joint,left_knee_joint,left_ankle_pitch_joint,left_ankle_roll_joint,right_hip_pitch_joint,right_hip_roll_joint,right_hip_yaw_joint,right_knee_joint,right_ankle_pitch_joint,right_ankle_roll_joint,waist_roll_joint,waist_yaw_joint,left_shoulder_pitch_joint,left_shoulder_roll_joint,left_shoulder_yaw_joint,left_elbow_joint,right_shoulder_roll_joint,right_shoulder_yaw_joint,right_elbow_joint",0.0,0.0,2586.492431640625,right_hip_yaw_link,2586.4924,1.2335960865020752,0.7106890678405762,-27.70679473876953,22.591405868530273,-36.0,36.0,False,-0.021938149
29,0.58,0.10168305784463882,0.060000630568266544,1.9849697,8.415062,1.4598422050476074,30.507266998291016,36.0,0.8636363636363636,"left_hip_pitch_joint,left_hip_roll_joint,left_hip_yaw_joint,left_knee_joint,left_ankle_pitch_joint,left_ankle_roll_joint,right_hip_roll_joint,right_hip_yaw_joint,right_knee_joint,waist_roll_joint,waist_yaw_joint,left_shoulder_pitch_joint,left_shoulder_roll_joint,left_shoulder_yaw_joint,left_elbow_joint,right_shoulder_pitch_joint,right_shoulder_roll_joint,right_shoulder_yaw_joint,right_elbow_joint",0.0,0.0,0,pelvis,0.0,1.3735510110855103,0.05818549543619156,17.86221694946289,-30.507266998291016,36.0,-36.0,False,-0.069535464
30,0.6,0.08879923075437546,0.023965270740883948,2.007328,19.410704,1.3378312587738037,36.299076080322266,36.0,0.9545454545454546,"left_hip_pitch_joint,left_hip_roll_joint,left_hip_yaw_joint,left_knee_joint,left_ankle_pitch_joint,left_ankle_roll_joint,right_hip_pitch_joint,right_hip_roll_joint,right_hip_yaw_joint,right_knee_joint,right_ankle_pitch_joint,right_ankle_roll_joint,waist_roll_joint,waist_yaw_joint,left_shoulder_pitch_joint,left_shoulder_roll_joint,left_elbow_joint,right_shoulder_pitch_joint,right_shoulder_roll_joint,right_shoulder_yaw_joint,right_elbow_joint",0.0,0.0,0,pelvis,0.0,0.9765470623970032,0.5967665910720825,-36.16111373901367,28.66103744506836,-36.0,36.0,False,-0.057600863
31,0.62,0.08541405200958252,-0.09164886842046371,1.3364,10.291796,1.5384072065353394,36.244102478027344,36.0,0.9090909090909091,"left_hip_pitch_joint,left_hip_roll_joint,left_hip_yaw_joint,left_knee_joint,left_ankle_pitch_joint,left_ankle_roll_joint,right_hip_pitch_joint,right_hip_roll_joint,right_hip_yaw_joint,right_knee_joint,waist_roll_joint,waist_yaw_joint,left_shoulder_pitch_joint,left_shoulder_roll_joint,left_shoulder_yaw_joint,left_elbow_joint,right_shoulder_pitch_joint,right_shoulder_roll_joint,right_shoulder_yaw_joint,right_elbow_joint",0.0,0.0,0,pelvis,0.0,1.0487868785858154,-3.308276427560486e-05,34.599220275878906,-0.05034618452191353,36.0,-36.0,True,-0.08374219
32,0.64,0.07723689079284668,-0.18867795283559063,0.9920466,21.646027,1.522222638130188,36.52703857421875,36.0,0.9545454545454546,"left_hip_roll_joint,left_hip_yaw_joint,left_knee_joint,left_ankle_pitch_joint,left_ankle_roll_joint,right_hip_pitch_joint,right_hip_roll_joint,right_hip_yaw_joint,right_knee_joint,right_ankle_pitch_joint,right_ankle_roll_joint,waist_roll_joint,waist_yaw_joint,left_shoulder_pitch_joint,left_shoulder_roll_joint,left_shoulder_yaw_joint,left_elbow_joint,right_shoulder_pitch_joint,right_shoulder_roll_joint,right_shoulder_yaw_joint,right_elbow_joint",0.0,0.0,4192.0322265625,right_hip_yaw_link,2096.016,0.786019504070282,0.6588460206985474,-28.227455139160156,36.52703857421875,-36.0,35.41098,False,-0.07478371
33,0.66,0.0835656076669693,-0.14620633486674706,0.5394191,18.856197,1.5111490488052368,27.741146087646484,36.0,0.9545454545454546,"left_hip_pitch_joint,left_hip_roll_joint,left_hip_yaw_joint,left_knee_joint,left_ankle_pitch_joint,left_ankle_roll_joint,right_hip_pitch_joint,right_hip_roll_joint,right_hip_yaw_joint,right_knee_joint,right_ankle_pitch_joint,waist_roll_joint,waist_yaw_joint,left_shoulder_pitch_joint,left_shoulder_roll_joint,left_shoulder_yaw_joint,left_elbow_joint,right_shoulder_pitch_joint,right_shoulder_roll_joint,right_shoulder_yaw_joint,right_elbow_joint",0.0,0.0,0,pelvis,0.0,1.1898154020309448,0.28246408700942993,16.95629119873047,-26.755155563354492,36.0,-36.0,False,-0.084811956
34,0.68,0.06966149061918259,-0.030404350766371824,1.4682629,23.8538,1.2391589879989624,36.51854705810547,36.0,0.9545454545454546,"left_hip_pitch_joint,left_hip_roll_joint,left_hip_yaw_joint,left_knee_joint,left_ankle_pitch_joint,left_ankle_roll_joint,right_hip_pitch_joint,right_hip_roll_joint,right_hip_yaw_joint,right_knee_joint,right_ankle_pitch_joint,right_ankle_roll_joint,waist_roll_joint,waist_yaw_joint,left_shoulder_roll_joint,left_shoulder_yaw_joint,left_elbow_joint,right_shoulder_pitch_joint,right_shoulder_roll_joint,right_shoulder_yaw_joint,right_elbow_joint",0.0,0.0,0,pelvis,0.0,0.7410641312599182,0.8736469149589539,-36.42344284057617,36.51854705810547,-36.0,36.0,False,-0.0531144
35,0.7000000000000001,0.07109396904706955,-0.03099408949972826,1.2893478,18.367413,1.4807554483413696,36.904998779296875,36.0,0.9090909090909091,"left_hip_roll_joint,left_hip_yaw_joint,left_knee_joint,left_ankle_pitch_joint,left_ankle_roll_joint,right_hip_pitch_joint,right_hip_roll_joint,right_hip_yaw_joint,right_knee_joint,right_ankle_pitch_joint,waist_roll_joint,waist_yaw_joint,left_shoulder_pitch_joint,left_shoulder_roll_joint,left_shoulder_yaw_joint,left_elbow_joint,right_shoulder_pitch_joint,right_shoulder_roll_joint,right_shoulder_yaw_joint,right_elbow_joint",0.0,0.0,580.919189453125,left_knee_link,332.98657,1.1139830350875854,0.34284186363220215,25.702733993530273,-36.904998779296875,36.0,-36.0,False,-0.051910877
36,0.72,0.07698018103837967,-0.02518753549020092,0.7867536,19.746641,1.384212613105774,36.50342559814453,36.0,0.9545454545454546,"left_hip_pitch_joint,left_hip_roll_joint,left_hip_yaw_joint,left_knee_joint,left_ankle_pitch_joint,left_ankle_roll_joint,right_hip_pitch_joint,right_hip_roll_joint,right_hip_yaw_joint,right_knee_joint,right_ankle_pitch_joint,right_ankle_roll_joint,waist_yaw_joint,left_shoulder_pitch_joint,left_shoulder_roll_joint,left_shoulder_yaw_joint,left_elbow_joint,right_shoulder_pitch_joint,right_shoulder_roll_joint,right_shoulder_yaw_joint,right_elbow_joint",0.0,0.0,0,pelvis,0.0,0.8845051527023315,0.8044708371162415,-36.203338623046875,36.50342559814453,-36.0,36.0,False,-0.024987053
37,0.74,0.089627206325531,-0.1514831472255267,1.7708659,13.920212,1.7077069282531738,36.816104888916016,36.0,0.8636363636363636,"left_hip_pitch_joint,left_hip_roll_joint,left_hip_yaw_joint,left_knee_joint,left_ankle_pitch_joint,right_hip_roll_joint,right_hip_yaw_joint,right_knee_joint,right_ankle_pitch_joint,waist_roll_joint,waist_yaw_joint,left_shoulder_pitch_joint,left_shoulder_roll_joint,left_shoulder_yaw_joint,left_elbow_joint,right_shoulder_pitch_joint,right_shoulder_roll_joint,right_shoulder_yaw_joint,right_elbow_joint",0.0,0.0,0,pelvis,0.0,1.1381956338882446,0.32397952675819397,36.44761276245117,-36.816104888916016,36.0,-36.0,False,-0.026250495
38,0.76,0.0904361754655838,0.09700124759877182,1.0338227,24.553879,1.3202344179153442,36.42841339111328,36.0,0.9545454545454546,"left_hip_pitch_joint,left_hip_roll_joint,left_hip_yaw_joint,left_knee_joint,left_ankle_pitch_joint,left_ankle_roll_joint,right_hip_pitch_joint,right_hip_roll_joint,right_hip_yaw_joint,right_knee_joint,right_ankle_pitch_joint,right_ankle_roll_joint,waist_roll_joint,waist_yaw_joint,left_shoulder_pitch_joint,left_shoulder_roll_joint,left_shoulder_yaw_joint,left_elbow_joint,right_shoulder_roll_joint,right_shoulder_yaw_joint,right_elbow_joint",0.0,0.0,0,pelvis,0.0,1.3632068634033203,0.9006367325782776,0.27850642800331116,36.32373809814453,-36.0,36.0,False,-0.02050736
39,0.78,0.09942936152219772,-0.06558444529772522,1.2263163,30.473257,1.703229308128357,36.77986145019531,36.0,0.9545454545454546,"left_hip_pitch_joint,left_hip_roll_joint,left_hip_yaw_joint,left_knee_joint,left_ankle_pitch_joint,left_ankle_roll_joint,right_hip_pitch_joint,right_hip_roll_joint,right_hip_yaw_joint,right_knee_joint,right_ankle_pitch_joint,waist_roll_joint,waist_yaw_joint,left_shoulder_pitch_joint,left_shoulder_roll_joint,left_shoulder_yaw_joint,left_elbow_joint,right_shoulder_pitch_joint,right_shoulder_roll_joint,right_shoulder_yaw_joint,right_elbow_joint",0.0,0.0,0,pelvis,0.0,0.802343487739563,0.3293096423149109,-34.149993896484375,-36.77986145019531,-36.0,-36.0,False,-0.00997749
40,0.8,0.10161155462265015,0.08949369800193807,0.3123296,14.759077,1.4020490646362305,37.93912887573242,36.0,0.9090909090909091,"left_hip_pitch_joint,left_hip_roll_joint,left_hip_yaw_joint,left_knee_joint,left_ankle_pitch_joint,left_ankle_roll_joint,right_hip_pitch_joint,right_hip_roll_joint,right_hip_yaw_joint,right_knee_joint,right_ankle_pitch_joint,right_ankle_roll_joint,waist_roll_joint,waist_yaw_joint,left_shoulder_yaw_joint,left_elbow_joint,right_shoulder_pitch_joint,right_shoulder_roll_joint,right_shoulder_yaw_joint,right_elbow_joint",0.0,0.0,0,pelvis,0.0,1.1504958868026733,0.8783509135246277,20.526220321655273,26.83898162841797,36.0,36.0,False,-0.027650913
41,0.8200000000000001,0.10789671540260315,-0.2066965031912389,0.66602075,10.126838,1.7294539213180542,36.02959442138672,36.0,0.8181818181818182,"left_hip_pitch_joint,left_hip_roll_joint,left_hip_yaw_joint,left_knee_joint,left_ankle_pitch_joint,right_hip_roll_joint,right_hip_yaw_joint,right_knee_joint,right_ankle_pitch_joint,waist_yaw_joint,left_shoulder_pitch_joint,left_shoulder_roll_joint,left_shoulder_yaw_joint,left_elbow_joint,right_shoulder_pitch_joint,right_shoulder_roll_joint,right_shoulder_yaw_joint,right_elbow_joint",0.0,0.0,682.520751953125,right_hip_yaw_link,682.52075,0.6639825701713562,0.39104607701301575,-34.20267868041992,-19.25185775756836,-36.0,-36.0,False,-0.02262463
42,0.84,0.09421753138303757,0.0821138800693606,0.5835704,26.853035,1.2147895097732544,36.2384147644043,36.0,1.0,"left_hip_pitch_joint,left_hip_roll_joint,left_hip_yaw_joint,left_knee_joint,left_ankle_pitch_joint,left_ankle_roll_joint,right_hip_pitch_joint,right_hip_roll_joint,right_hip_yaw_joint,right_knee_joint,right_ankle_pitch_joint,right_ankle_roll_joint,waist_roll_joint,waist_yaw_joint,left_shoulder_pitch_joint,left_shoulder_roll_joint,left_shoulder_yaw_joint,left_elbow_joint,right_shoulder_pitch_joint,right_shoulder_roll_joint,right_shoulder_yaw_joint,right_elbow_joint",0.0,0.0,0,pelvis,0.0,1.0542608499526978,1.0008676052093506,33.13466262817383,33.57108688354492,36.0,36.0,False,-0.036711924
43,0.86,0.1020938977599144,-0.24240450484427356,1.0448303,29.162418,1.615570306777954,36.79494094848633,36.0,0.9090909090909091,"left_hip_pitch_joint,left_hip_roll_joint,left_hip_yaw_joint,left_knee_joint,left_ankle_pitch_joint,right_hip_pitch_joint,right_hip_roll_joint,right_hip_yaw_joint,right_knee_joint,right_ankle_pitch_joint,waist_roll_joint,waist_yaw_joint,left_shoulder_pitch_joint,left_shoulder_roll_joint,left_shoulder_yaw_joint,left_elbow_joint,right_shoulder_pitch_joint,right_shoulder_roll_joint,right_shoulder_yaw_joint,right_elbow_joint",0.0,0.0,0,pelvis,0.0,0.7095924615859985,0.42348551750183105,-34.361976623535156,-36.79494094848633,-36.0,-36.0,False,-0.028975561
44,0.88,0.09883973002433777,-0.14669507918896585,0.97537476,25.333006,1.3210210800170898,36.40872573852539,36.0,0.9545454545454546,"left_hip_pitch_joint,left_hip_roll_joint,left_hip_yaw_joint,left_knee_joint,left_ankle_pitch_joint,left_ankle_roll_joint,right_hip_pitch_joint,right_hip_roll_joint,right_hip_yaw_joint,right_knee_joint,right_ankle_pitch_joint,right_ankle_roll_joint,waist_roll_joint,waist_yaw_joint,left_shoulder_pitch_joint,left_shoulder_yaw_joint,left_elbow_joint,right_shoulder_pitch_joint,right_shoulder_roll_joint,right_shoulder_yaw_joint,right_elbow_joint",0.0,0.0,0,pelvis,0.0,1.146408200263977,0.9376088976860046,35.49253463745117,36.40872573852539,36.0,36.0,False,-0.04729847
45,0.9,0.11024884134531021,-0.3947222341088139,0.6989539,10.4702835,1.66353440284729,26.337814331054688,36.0,0.8636363636363636,"left_hip_pitch_joint,left_hip_roll_joint,left_hip_yaw_joint,left_knee_joint,left_ankle_pitch_joint,right_hip_pitch_joint,right_hip_roll_joint,right_hip_yaw_joint,right_knee_joint,right_ankle_pitch_joint,waist_roll_joint,waist_yaw_joint,left_shoulder_pitch_joint,left_shoulder_roll_joint,left_shoulder_yaw_joint,left_elbow_joint,right_shoulder_roll_joint,right_shoulder_yaw_joint,right_elbow_joint",0.0,0.0,452.82525634765625,torso_link,452.82526,0.79050612449646,0.40684211254119873,-26.337814331054688,-23.99814224243164,-36.0,-36.0,False,-0.052435387
46,0.92,0.10683126002550125,-0.02610733584045022,1.3204035,30.794615,1.2633779048919678,36.08005142211914,36.0,0.8181818181818182,"left_hip_pitch_joint,left_hip_roll_joint,left_hip_yaw_joint,left_knee_joint,left_ankle_pitch_joint,left_ankle_roll_joint,right_hip_pitch_joint,right_hip_roll_joint,right_hip_yaw_joint,right_knee_joint,right_ankle_pitch_joint,right_ankle_roll_joint,waist_yaw_joint,left_elbow_joint,right_shoulder_pitch_joint,right_shoulder_roll_joint,right_shoulder_yaw_joint,right_elbow_joint",0.0,0.0,0,pelvis,0.0,1.2929166555404663,0.9687013030052185,34.88777542114258,36.08005142211914,36.0,36.0,False,-0.040782906
47,0.9400000000000001,0.12239629030227661,-0.17537150875342888,0.5925275,19.48858,1.6183542013168335,36.57243347167969,36.0,0.8636363636363636,"left_hip_pitch_joint,left_hip_roll_joint,left_hip_yaw_joint,left_knee_joint,left_ankle_pitch_joint,right_hip_pitch_joint,right_hip_roll_joint,right_hip_yaw_joint,right_knee_joint,right_ankle_pitch_joint,waist_roll_joint,waist_yaw_joint,left_shoulder_pitch_joint,left_shoulder_yaw_joint,left_elbow_joint,right_shoulder_pitch_joint,right_shoulder_roll_joint,right_shoulder_yaw_joint,right_elbow_joint",0.0,0.0,0,pelvis,0.0,0.8966439962387085,0.4191770553588867,-34.71174240112305,-36.57243347167969,-36.0,-36.0,False,0.012576528
48,0.96,0.10915830731391907,0.1687960306928158,0.94088364,24.518978,1.2332794666290283,39.21227264404297,36.0,0.9545454545454546,"left_hip_pitch_joint,left_hip_roll_joint,left_hip_yaw_joint,left_knee_joint,left_ankle_pitch_joint,left_ankle_roll_joint,right_hip_pitch_joint,right_hip_roll_joint,right_hip_yaw_joint,right_knee_joint,right_ankle_pitch_joint,right_ankle_roll_joint,waist_roll_joint,waist_yaw_joint,left_shoulder_roll_joint,left_shoulder_yaw_joint,left_elbow_joint,right_shoulder_pitch_joint,right_shoulder_roll_joint,right_shoulder_yaw_joint,right_elbow_joint",1250.4619,0.0,0,left_ankle_roll_link,1250.4619,1.3944613933563232,0.9417613744735718,27.923418045043945,33.290306091308594,36.0,36.0,False,0.018947808
49,0.98,0.11842768639326096,-0.00033807701063892637,1.1353767,18.948088,1.5227285623550415,36.65034484863281,36.0,0.8181818181818182,"left_hip_pitch_joint,left_hip_roll_joint,left_hip_yaw_joint,left_knee_joint,left_ankle_pitch_joint,right_hip_pitch_joint,right_hip_yaw_joint,right_knee_joint,right_ankle_pitch_joint,waist_roll_joint,waist_yaw_joint,left_shoulder_pitch_joint,left_shoulder_yaw_joint,left_elbow_joint,right_shoulder_pitch_joint,right_shoulder_roll_joint,right_shoulder_yaw_joint,right_elbow_joint",416.95914,0.0,0,left_ankle_roll_link,416.95914,0.9985330700874329,0.3764418661594391,-19.718900680541992,-36.32756805419922,-36.0,-36.0,False,0.017083988
50,1.0,0.1119498759508133,0.4050902743242357,1.0360479,24.978218,1.2282991409301758,36.17784881591797,36.0,0.8636363636363636,"left_hip_pitch_joint,left_hip_roll_joint,left_hip_yaw_joint,left_knee_joint,right_hip_pitch_joint,right_hip_roll_joint,right_hip_yaw_joint,right_knee_joint,right_ankle_pitch_joint,right_ankle_roll_joint,waist_yaw_joint,left_shoulder_pitch_joint,left_shoulder_roll_joint,left_shoulder_yaw_joint,left_elbow_joint,right_shoulder_pitch_joint,right_shoulder_roll_joint,right_shoulder_yaw_joint,right_elbow_joint",216.99812,0.0,0,left_ankle_roll_link,216.99812,1.5414148569107056,0.8547866940498352,33.2338752746582,36.17784881591797,36.0,36.0,False,0.018913005
51,1.02,0.13224826753139496,0.19446656650737815,0.6732711,19.454798,1.577209711074829,36.87862777709961,36.0,0.9090909090909091,"left_hip_pitch_joint,left_hip_roll_joint,left_hip_yaw_joint,left_knee_joint,left_ankle_pitch_joint,left_ankle_roll_joint,right_hip_pitch_joint,right_hip_yaw_joint,right_knee_joint,right_ankle_pitch_joint,waist_roll_joint,waist_yaw_joint,left_shoulder_pitch_joint,left_shoulder_roll_joint,left_shoulder_yaw_joint,left_elbow_joint,right_shoulder_pitch_joint,right_shoulder_roll_joint,right_shoulder_yaw_joint,right_elbow_joint",161.79016,216.53123,216.53123474121094,right_knee_link,216.53123,1.0694522857666016,0.2754440903663635,-36.87862777709961,-36.718963623046875,-36.0,-36.0,False,0.030335179
52,1.04,0.12859919667243958,0.41216574156888974,1.0032547,25.184174,1.2785770893096924,35.978538513183594,36.0,0.9090909090909091,"left_hip_pitch_joint,left_hip_roll_joint,left_hip_yaw_joint,left_knee_joint,left_ankle_pitch_joint,right_hip_pitch_joint,right_hip_roll_joint,right_hip_yaw_joint,right_knee_joint,right_ankle_roll_joint,waist_roll_joint,waist_yaw_joint,left_shoulder_pitch_joint,left_shoulder_roll_joint,left_shoulder_yaw_joint,left_elbow_joint,right_shoulder_pitch_joint,right_shoulder_roll_joint,right_shoulder_yaw_joint,right_elbow_joint",0.0,0.0,0,pelvis,0.0,1.5435094833374023,0.8682709336280823,35.10894775390625,35.96587371826172,36.0,36.0,False,0.037198175
53,1.06,0.15104223787784576,0.06050763569487572,0.9001687,24.35723,1.574753761291504,36.39359664916992,36.0,0.8636363636363636,"left_hip_pitch_joint,left_hip_roll_joint,left_hip_yaw_joint,left_knee_joint,left_ankle_pitch_joint,left_ankle_roll_joint,right_hip_pitch_joint,right_hip_roll_joint,right_hip_yaw_joint,right_knee_joint,right_ankle_pitch_joint,right_ankle_roll_joint,waist_roll_joint,waist_yaw_joint,left_shoulder_pitch_joint,left_shoulder_roll_joint,left_shoulder_yaw_joint,left_elbow_joint,right_elbow_joint",0.0,0.0,0,pelvis,0.0,1.2691019773483276,0.36177128553390503,-17.087629318237305,-26.64528465270996,-36.0,-36.0,False,0.040593047
54,1.08,0.14473693072795868,0.2784587636827549,0.6828685,15.3043375,1.3424769639968872,32.26102066040039,36.0,0.9090909090909091,"left_hip_pitch_joint,left_hip_roll_joint,left_hip_yaw_joint,left_knee_joint,left_ankle_pitch_joint,right_hip_pitch_joint,right_hip_roll_joint,right_hip_yaw_joint,right_knee_joint,right_ankle_pitch_joint,right_ankle_roll_joint,waist_yaw_joint,left_shoulder_pitch_joint,left_shoulder_roll_joint,left_shoulder_yaw_joint,left_elbow_joint,right_shoulder_pitch_joint,right_shoulder_roll_joint,right_shoulder_yaw_joint,right_elbow_joint",0.0,100.63773,0,right_ankle_roll_link,100.63773,1.7669583559036255,0.8510348796844482,22.599767684936523,22.257198333740234,36.0,36.0,False,0.046207596
55,1.1,0.1725975126028061,-0.2884329615127541,1.3115516,34.101547,1.58161199092865,35.86629867553711,36.0,0.7727272727272727,"left_hip_pitch_joint,left_hip_roll_joint,left_hip_yaw_joint,left_knee_joint,left_ankle_pitch_joint,left_ankle_roll_joint,right_hip_yaw_joint,right_knee_joint,right_ankle_pitch_joint,right_ankle_roll_joint,waist_yaw_joint,left_shoulder_pitch_joint,left_shoulder_roll_joint,left_shoulder_yaw_joint,left_elbow_joint,right_shoulder_pitch_joint,right_elbow_joint",0.0,0.0,0,pelvis,0.0,1.4632840156555176,0.28158673644065857,-31.847122192382812,-35.86629867553711,-36.0,-36.0,False,0.047112387
56,1.12,0.18024808168411255,-0.17723291442766653,1.4191144,27.055553,1.396175503730774,35.99797821044922,36.0,0.8636363636363636,"left_hip_pitch_joint,left_hip_roll_joint,left_hip_yaw_joint,left_knee_joint,left_ankle_pitch_joint,right_hip_pitch_joint,right_hip_yaw_joint,right_knee_joint,right_ankle_roll_joint,waist_roll_joint,waist_yaw_joint,left_shoulder_pitch_joint,left_shoulder_roll_joint,left_shoulder_yaw_joint,left_elbow_joint,right_shoulder_pitch_joint,right_shoulder_roll_joint,right_shoulder_yaw_joint,right_elbow_joint",0.0,100.24514,0,right_ankle_roll_link,100.24514,1.8206568956375122,0.8251402378082275,32.339786529541016,34.746734619140625,36.0,36.0,False,-0.014424505
57,1.1400000000000001,0.20552684366703033,-0.6876912831013744,1.3471619,34.416077,1.715413212776184,32.59331512451172,36.0,0.8636363636363636,"left_hip_pitch_joint,left_hip_roll_joint,left_knee_joint,left_ankle_pitch_joint,left_ankle_roll_joint,right_hip_pitch_joint,right_hip_roll_joint,right_hip_yaw_joint,right_knee_joint,right_ankle_pitch_joint,right_ankle_roll_joint,waist_roll_joint,waist_yaw_joint,left_shoulder_pitch_joint,left_shoulder_roll_joint,left_shoulder_yaw_joint,left_elbow_joint,right_shoulder_yaw_joint,right_elbow_joint",0.0,0.0,0,pelvis,0.0,1.5381802320480347,0.23973624408245087,-32.59331512451172,-31.48186492919922,-36.0,-36.0,False,-0.05463294
58,1.16,0.22188815474510193,-0.6306180288692307,2.4812577,20.239199,1.5445020198822021,36.046241760253906,36.0,0.9090909090909091,"left_hip_pitch_joint,left_hip_roll_joint,left_hip_yaw_joint,left_knee_joint,left_ankle_pitch_joint,right_hip_pitch_joint,right_hip_roll_joint,right_hip_yaw_joint,right_knee_joint,right_ankle_pitch_joint,right_ankle_roll_joint,waist_roll_joint,waist_yaw_joint,left_shoulder_pitch_joint,left_shoulder_roll_joint,left_shoulder_yaw_joint,left_elbow_joint,right_shoulder_roll_joint,right_shoulder_yaw_joint,right_elbow_joint",0.0,0.0,0,pelvis,0.0,1.9689834117889404,0.7727303504943848,32.499244689941406,29.70208168029785,36.0,36.0,False,-0.06359036
59,1.18,0.24434810876846313,-0.8624966775795571,1.6188911,12.060122,1.730064034461975,22.84746742248535,36.0,1.0,"left_hip_pitch_joint,left_hip_roll_joint,left_hip_yaw_joint,left_knee_joint,left_ankle_pitch_joint,left_ankle_roll_joint,right_hip_pitch_joint,right_hip_roll_joint,right_hip_yaw_joint,right_knee_joint,right_ankle_pitch_joint,right_ankle_roll_joint,waist_roll_joint,waist_yaw_joint,left_shoulder_pitch_joint,left_shoulder_roll_joint,left_shoulder_yaw_joint,left_elbow_joint,right_shoulder_pitch_joint,right_shoulder_roll_joint,right_shoulder_yaw_joint,right_elbow_joint",0.0,0.0,0,pelvis,0.0,1.717363715171814,0.5338087677955627,-22.84746742248535,-9.053433418273926,-36.0,-36.0,False,-0.056185015
60,1.2,0.2530672550201416,-0.870561562279768,1.8705131,10.382278,1.5132116079330444,35.76287841796875,36.0,0.8636363636363636,"left_hip_pitch_joint,left_hip_roll_joint,left_hip_yaw_joint,left_knee_joint,left_ankle_pitch_joint,right_hip_pitch_joint,right_hip_yaw_joint,right_knee_joint,right_ankle_pitch_joint,right_ankle_roll_joint,waist_roll_joint,waist_yaw_joint,left_shoulder_roll_joint,left_shoulder_yaw_joint,left_elbow_joint,right_shoulder_pitch_joint,right_shoulder_roll_joint,right_shoulder_yaw_joint,right_elbow_joint",0.0,0.0,0,pelvis,0.0,1.9376929998397827,0.5969685912132263,30.835634231567383,-4.762845039367676,36.0,36.0,False,-0.05734757
61,1.22,0.2697608172893524,-0.9793517240073673,0.9354774,41.047573,1.7325348854064941,36.37199783325195,36.0,0.9090909090909091,"left_hip_roll_joint,left_hip_yaw_joint,left_knee_joint,left_ankle_pitch_joint,left_ankle_roll_joint,right_hip_pitch_joint,right_hip_roll_joint,right_hip_yaw_joint,right_knee_joint,right_ankle_pitch_joint,right_ankle_roll_joint,waist_roll_joint,waist_yaw_joint,left_shoulder_pitch_joint,left_shoulder_yaw_joint,left_elbow_joint,right_shoulder_pitch_joint,right_shoulder_roll_joint,right_shoulder_yaw_joint,right_elbow_joint",0.0,0.0,0,pelvis,0.0,2.1570162773132324,1.1631135940551758,-0.631211519241333,26.55613899230957,-36.0,36.0,False,-0.05088783
62,1.24,0.26674386858940125,-0.9687106950577036,1.6455383,14.500975,1.3321224451065063,36.04749298095703,36.0,0.8636363636363636,"left_hip_pitch_joint,left_hip_roll_joint,left_hip_yaw_joint,left_knee_joint,left_ankle_pitch_joint,right_hip_pitch_joint,right_hip_roll_joint,right_hip_yaw_joint,right_knee_joint,right_ankle_roll_joint,waist_roll_joint,waist_yaw_joint,left_shoulder_pitch_joint,left_shoulder_yaw_joint,left_elbow_joint,right_shoulder_pitch_joint,right_shoulder_roll_joint,right_shoulder_yaw_joint,right_elbow_joint",0.0,0.0,0,pelvis,0.0,1.7566038370132446,1.4025994539260864,-31.580280303955078,-12.024263381958008,-36.0,-36.0,False,-0.048490316
63,1.26,0.26813173294067383,-0.9984857948829315,1.2065034,37.720577,1.65626859664917,36.08290481567383,36.0,1.0,"left_hip_pitch_joint,left_hip_roll_joint,left_hip_yaw_joint,left_knee_joint,left_ankle_pitch_joint,left_ankle_roll_joint,right_hip_pitch_joint,right_hip_roll_joint,right_hip_yaw_joint,right_knee_joint,right_ankle_pitch_joint,right_ankle_roll_joint,waist_roll_joint,waist_yaw_joint,left_shoulder_pitch_joint,left_shoulder_roll_joint,left_shoulder_yaw_joint,left_elbow_joint,right_shoulder_pitch_joint,right_shoulder_roll_joint,right_shoulder_yaw_joint,right_elbow_joint",0.0,0.0,0,pelvis,0.0,1.756895661354065,1.676763653755188,15.811638832092285,18.26835823059082,36.0,36.0,False,-0.044214863
64,1.28,0.2662581205368042,-0.9906664452765401,1.1353062,10.116717,1.4394276142120361,36.07312774658203,36.0,0.9090909090909091,"left_hip_pitch_joint,left_hip_roll_joint,left_hip_yaw_joint,left_knee_joint,left_ankle_pitch_joint,right_hip_pitch_joint,right_hip_roll_joint,right_hip_yaw_joint,right_knee_joint,right_ankle_pitch_joint,right_ankle_roll_joint,waist_roll_joint,waist_yaw_joint,left_shoulder_roll_joint,left_shoulder_yaw_joint,left_elbow_joint,right_shoulder_pitch_joint,right_shoulder_roll_joint,right_shoulder_yaw_joint,right_elbow_joint",0.0,0.0,0,pelvis,0.0,1.5657914876937866,1.87447988986969,-15.407058715820312,-7.922116279602051,-36.0,-36.0,False,-0.050969888
65,1.3,0.2773493528366089,-0.9922622141993571,1.3597158,21.900894,1.7302680015563965,35.95317840576172,36.0,0.9090909090909091,"left_hip_pitch_joint,left_hip_roll_joint,left_hip_yaw_joint,left_knee_joint,left_ankle_pitch_joint,left_ankle_roll_joint,right_hip_pitch_joint,right_hip_roll_joint,right_hip_yaw_joint,right_ankle_pitch_joint,right_ankle_roll_joint,waist_roll_joint,waist_yaw_joint,left_shoulder_roll_joint,left_shoulder_yaw_joint,left_elbow_joint,right_shoulder_pitch_joint,right_shoulder_roll_joint,right_shoulder_yaw_joint,right_elbow_joint",0.0,0.0,0,pelvis,0.0,1.5533045530319214,1.6450718641281128,5.878305912017822,-17.910377502441406,36.0,-20.088806,False,-0.045130555
66,1.32,0.27032017707824707,-0.9944046222550824,0.6947989,24.535103,1.4505733251571655,36.32501220703125,36.0,0.9090909090909091,"left_hip_pitch_joint,left_hip_yaw_joint,left_knee_joint,left_ankle_pitch_joint,right_hip_pitch_joint,right_hip_roll_joint,right_hip_yaw_joint,right_knee_joint,right_ankle_pitch_joint,right_ankle_roll_joint,waist_roll_joint,waist_yaw_joint,left_shoulder_pitch_joint,left_shoulder_roll_joint,left_shoulder_yaw_joint,left_elbow_joint,right_shoulder_pitch_joint,right_shoulder_roll_joint,right_shoulder_yaw_joint,right_elbow_joint",0.0,0.0,0,pelvis,0.0,1.1225565671920776,1.8856256008148193,-36.32501220703125,16.689071655273438,-36.0,36.0,False,-0.05272069
67,1.34,0.27006977796554565,-0.9684257990849829,1.2666681,25.943283,1.73038649559021,35.60609436035156,36.0,0.9545454545454546,"left_hip_pitch_joint,left_hip_roll_joint,left_hip_yaw_joint,left_knee_joint,left_ankle_pitch_joint,left_ankle_roll_joint,right_hip_pitch_joint,right_hip_roll_joint,right_hip_yaw_joint,right_knee_joint,right_ankle_pitch_joint,right_ankle_roll_joint,waist_roll_joint,waist_yaw_joint,left_shoulder_pitch_joint,left_shoulder_roll_joint,left_shoulder_yaw_joint,left_elbow_joint,right_shoulder_roll_joint,right_shoulder_yaw_joint,right_elbow_joint",0.0,0.0,0,pelvis,0.0,1.2700883150100708,1.915906548500061,24.01642608642578,-20.793346405029297,36.0,-36.0,False,-0.050317973
68,1.36,0.2637714147567749,-0.9624661085702542,1.2814412,13.473291,1.6339603662490845,36.12724304199219,36.0,0.9090909090909091,"left_hip_pitch_joint,left_hip_yaw_joint,left_knee_joint,left_ankle_pitch_joint,right_hip_pitch_joint,right_hip_roll_joint,right_hip_yaw_joint,right_knee_joint,right_ankle_pitch_joint,right_ankle_roll_joint,waist_roll_joint,waist_yaw_joint,left_shoulder_pitch_joint,left_shoulder_roll_joint,left_shoulder_yaw_joint,left_elbow_joint,right_shoulder_pitch_joint,right_shoulder_roll_joint,right_shoulder_yaw_joint,right_elbow_joint",0.0,0.0,0,pelvis,0.0,0.9387787580490112,2.0690126419067383,-34.77349853515625,16.41644287109375,-36.0,36.0,False,-0.056500446
69,1.3800000000000001,0.27044811844825745,-0.9436058375456255,1.5831122,20.97754,1.7311207056045532,35.41861343383789,36.0,0.9545454545454546,"left_hip_pitch_joint,left_hip_yaw_joint,left_knee_joint,left_ankle_pitch_joint,left_ankle_roll_joint,right_hip_pitch_joint,right_hip_roll_joint,right_hip_yaw_joint,right_knee_joint,right_ankle_pitch_joint,right_ankle_roll_joint,waist_roll_joint,waist_yaw_joint,left_shoulder_pitch_joint,left_shoulder_roll_joint,left_shoulder_yaw_joint,left_elbow_joint,right_shoulder_pitch_joint,right_shoulder_roll_joint,right_shoulder_yaw_joint,right_elbow_joint",0.0,0.0,0,pelvis,0.0,0.9319023489952087,2.0364670753479004,16.92579460144043,-19.85808753967285,36.0,-36.0,False,-0.054731302
70,1.4000000000000001,0.2618274390697479,-0.9276977732728326,0.77211124,7.3050365,1.7368015050888062,35.035972595214844,36.0,0.8636363636363636,"left_hip_pitch_joint,left_hip_yaw_joint,left_knee_joint,left_ankle_pitch_joint,right_hip_pitch_joint,right_hip_roll_joint,right_knee_joint,right_ankle_pitch_joint,right_ankle_roll_joint,waist_roll_joint,waist_yaw_joint,left_shoulder_pitch_joint,left_shoulder_roll_joint,left_shoulder_yaw_joint,left_elbow_joint,right_shoulder_pitch_joint,right_shoulder_roll_joint,right_shoulder_yaw_joint,right_elbow_joint",0.0,0.0,2046.7962646484375,torso_link,2046.7963,0.4630010724067688,2.17185378074646,-35.035972595214844,20.71401596069336,-36.0,36.0,False,-0.065327466
71,1.42,0.26488542556762695,-0.9128041570098606,1.285987,27.655743,1.7306288480758667,36.07974624633789,36.0,1.0,"left_hip_pitch_joint,left_hip_roll_joint,left_hip_yaw_joint,left_knee_joint,left_ankle_pitch_joint,left_ankle_roll_joint,right_hip_pitch_joint,right_hip_roll_joint,right_hip_yaw_joint,right_knee_joint,right_ankle_pitch_joint,right_ankle_roll_joint,waist_roll_joint,waist_yaw_joint,left_shoulder_pitch_joint,left_shoulder_roll_joint,left_shoulder_yaw_joint,left_elbow_joint,right_shoulder_pitch_joint,right_shoulder_roll_joint,right_shoulder_yaw_joint,right_elbow_joint",0.0,0.0,0,pelvis,0.0,0.49140504002571106,2.140723466873169,29.906492233276367,-20.621721267700195,36.0,-36.0,False,-0.06426487
72,1.44,0.2616865336894989,-0.9158381060453422,1.0511011,11.825782,1.955471396446228,36.212223052978516,36.0,0.9545454545454546,"left_hip_pitch_joint,left_hip_roll_joint,left_hip_yaw_joint,left_knee_joint,left_ankle_pitch_joint,right_hip_pitch_joint,right_hip_roll_joint,right_hip_yaw_joint,right_knee_joint,right_ankle_pitch_joint,right_ankle_roll_joint,waist_roll_joint,waist_yaw_joint,left_shoulder_pitch_joint,left_shoulder_roll_joint,left_shoulder_yaw_joint,left_elbow_joint,right_shoulder_pitch_joint,right_shoulder_roll_joint,right_shoulder_yaw_joint,right_elbow_joint",0.0,0.0,0,pelvis,0.0,-0.003786829300224781,2.390523672103882,0.25336480140686035,20.992769241333008,-36.0,36.0,True,-0.07031132
73,1.46,0.27448809146881104,-0.8876165944303782,1.4533678,22.13621,1.7927829027175903,36.58008575439453,36.0,0.8636363636363636,"left_hip_pitch_joint,left_hip_roll_joint,left_hip_yaw_joint,left_ankle_pitch_joint,left_ankle_roll_joint,right_hip_pitch_joint,right_hip_roll_joint,right_hip_yaw_joint,right_knee_joint,right_ankle_pitch_joint,right_ankle_roll_joint,waist_yaw_joint,left_shoulder_roll_joint,left_shoulder_yaw_joint,left_elbow_joint,right_shoulder_pitch_joint,right_shoulder_roll_joint,right_shoulder_yaw_joint,right_elbow_joint",0.0,0.0,0,pelvis,0.0,0.5730488896369934,2.227835178375244,36.58008575439453,-24.854198455810547,31.221077,-36.0,False,-0.054239165
74,1.48,0.27277496457099915,-0.8842680195145025,0.62193656,17.650259,1.9701353311538696,36.55064010620117,36.0,0.9090909090909091,"left_hip_pitch_joint,left_hip_roll_joint,left_hip_yaw_joint,left_knee_joint,left_ankle_pitch_joint,right_hip_pitch_joint,right_hip_roll_joint,right_hip_yaw_joint,right_knee_joint,right_ankle_pitch_joint,right_ankle_roll_joint,waist_roll_joint,waist_yaw_joint,left_shoulder_pitch_joint,left_shoulder_roll_joint,left_shoulder_yaw_joint,left_elbow_joint,right_shoulder_roll_joint,right_shoulder_yaw_joint,right_elbow_joint",0.0,0.0,0,pelvis,0.0,0.17704077064990997,2.4051876068115234,-36.2867431640625,14.333511352539062,-36.0,36.0,False,-0.05496071
75,1.5,0.2838580310344696,-0.8815408046971029,1.7017236,12.547441,1.7794877290725708,36.75675964355469,36.0,0.9545454545454546,"left_hip_pitch_joint,left_hip_roll_joint,left_hip_yaw_joint,left_knee_joint,left_ankle_pitch_joint,left_ankle_roll_joint,right_hip_pitch_joint,right_hip_roll_joint,right_hip_yaw_joint,right_knee_joint,right_ankle_pitch_joint,right_ankle_roll_joint,waist_roll_joint,waist_yaw_joint,left_shoulder_pitch_joint,left_shoulder_roll_joint,left_shoulder_yaw_joint,left_elbow_joint,right_shoulder_roll_joint,right_shoulder_yaw_joint,right_elbow_joint",0.0,0.0,0,pelvis,0.0,0.603490948677063,2.2145400047302246,36.65789031982422,-20.60710334777832,36.0,-36.0,False,-0.04137181
76,1.52,0.27829113602638245,-0.8584051323541662,0.72389495,12.041448,2.0109033584594727,36.3603630065918,36.0,0.8636363636363636,"left_hip_pitch_joint,left_hip_roll_joint,left_hip_yaw_joint,left_knee_joint,left_ankle_pitch_joint,right_hip_pitch_joint,right_hip_roll_joint,right_hip_yaw_joint,right_knee_joint,right_ankle_pitch_joint,right_ankle_roll_joint,waist_yaw_joint,left_shoulder_pitch_joint,left_shoulder_roll_joint,left_elbow_joint,right_shoulder_pitch_joint,right_shoulder_roll_joint,right_shoulder_yaw_joint,right_elbow_joint",0.0,0.0,0,pelvis,0.0,0.20046904683113098,2.445955514907837,-36.22795104980469,-0.26621609926223755,-36.0,36.0,False,-0.034646127
77,1.54,0.2794146239757538,-0.8449959799231834,1.917133,18.875887,1.7302416563034058,36.26377487182617,36.0,0.8181818181818182,"left_hip_roll_joint,left_hip_yaw_joint,left_knee_joint,left_ankle_pitch_joint,left_ankle_roll_joint,right_hip_roll_joint,right_hip_yaw_joint,right_knee_joint,right_ankle_pitch_joint,right_ankle_roll_joint,waist_yaw_joint,left_shoulder_roll_joint,left_shoulder_yaw_joint,left_elbow_joint,right_shoulder_pitch_joint,right_shoulder_roll_joint,right_shoulder_yaw_joint,right_elbow_joint",0.0,0.0,0,pelvis,0.0,0.6833102703094482,1.958791732788086,36.26377487182617,-32.45241165161133,36.0,-36.0,False,-0.026000269
78,1.56,0.25636231899261475,-0.814361708835861,1.8416619,14.492699,1.6670211553573608,41.206634521484375,36.0,0.9545454545454546,"left_hip_pitch_joint,left_hip_roll_joint,left_hip_yaw_joint,left_knee_joint,left_ankle_pitch_joint,right_hip_pitch_joint,right_hip_roll_joint,right_hip_yaw_joint,right_knee_joint,right_ankle_pitch_joint,right_ankle_roll_joint,waist_roll_joint,waist_yaw_joint,left_shoulder_pitch_joint,left_shoulder_roll_joint,left_shoulder_yaw_joint,left_elbow_joint,right_shoulder_pitch_joint,right_shoulder_roll_joint,right_shoulder_yaw_joint,right_elbow_joint",0.0,0.0,0,pelvis,0.0,0.224679097533226,1.9863206148147583,-41.206634521484375,27.181358337402344,-36.0,36.0,False,-0.021578267
79,1.58,0.23581522703170776,-0.8038179420807059,1.8483602,17.521448,1.5899735689163208,36.0556526184082,36.0,0.8636363636363636,"left_hip_roll_joint,left_hip_yaw_joint,left_knee_joint,left_ankle_roll_joint,right_hip_roll_joint,right_hip_yaw_joint,right_knee_joint,right_ankle_pitch_joint,right_ankle_roll_joint,waist_roll_joint,waist_yaw_joint,left_shoulder_pitch_joint,left_shoulder_roll_joint,left_shoulder_yaw_joint,left_elbow_joint,right_shoulder_pitch_joint,right_shoulder_roll_joint,right_shoulder_yaw_joint,right_elbow_joint",0.0,0.0,0,pelvis,0.0,0.6123834848403931,1.8520430326461792,33.149322509765625,-29.30330467224121,36.0,-36.0,False,-0.036715552
80,1.6,0.20789149403572083,-0.7310120776264526,1.1628897,19.135168,1.6270605325698853,36.94136428833008,36.0,0.8181818181818182,"left_hip_roll_joint,left_hip_yaw_joint,left_knee_joint,left_ankle_pitch_joint,right_hip_pitch_joint,right_hip_roll_joint,right_hip_yaw_joint,right_knee_joint,right_ankle_pitch_joint,right_ankle_roll_joint,waist_yaw_joint,left_shoulder_roll_joint,left_shoulder_yaw_joint,left_elbow_joint,right_shoulder_pitch_joint,right_shoulder_roll_joint,right_shoulder_yaw_joint,right_elbow_joint",0.0,0.0,286.6005554199219,torso_link,286.60056,0.22419968247413635,2.0396358966827393,-36.94136428833008,33.97856140136719,-36.0,36.0,False,-0.031142168
81,1.62,0.19612517952919006,-0.7187939187639643,1.5825031,14.57845,1.4372878074645996,36.30010986328125,36.0,0.9090909090909091,"left_hip_pitch_joint,left_hip_roll_joint,left_hip_yaw_joint,left_knee_joint,left_ankle_pitch_joint,left_ankle_roll_joint,right_hip_pitch_joint,right_hip_yaw_joint,right_knee_joint,right_ankle_pitch_joint,right_ankle_roll_joint,waist_yaw_joint,left_shoulder_pitch_joint,left_shoulder_roll_joint,left_shoulder_yaw_joint,left_elbow_joint,right_shoulder_pitch_joint,right_shoulder_roll_joint,right_shoulder_yaw_joint,right_elbow_joint",0.0,0.0,568.13037109375,torso_link,568.1304,0.5830041170120239,1.8723400831222534,36.30010986328125,-27.165178298950195,36.0,-36.0,False,-0.030826341
82,1.6400000000000001,0.17643597722053528,-0.5662591363074014,0.26719958,28.499805,1.7425717115402222,36.417694091796875,36.0,0.8636363636363636,"left_hip_pitch_joint,left_hip_roll_joint,left_hip_yaw_joint,left_knee_joint,left_ankle_pitch_joint,right_hip_pitch_joint,right_hip_roll_joint,right_hip_yaw_joint,right_knee_joint,right_ankle_pitch_joint,right_ankle_roll_joint,waist_yaw_joint,left_shoulder_pitch_joint,left_shoulder_roll_joint,left_shoulder_yaw_joint,left_elbow_joint,right_shoulder_roll_joint,right_shoulder_yaw_joint,right_elbow_joint",0.0,0.0,0,pelvis,0.0,0.3683871924877167,2.177623987197876,-30.197343826293945,36.417694091796875,-36.0,36.0,False,-0.016712975
83,1.6600000000000001,0.1624205857515335,-0.5955428865285715,2.103458,24.69749,1.4692310094833374,36.20978927612305,36.0,0.9545454545454546,"left_hip_pitch_joint,left_hip_roll_joint,left_hip_yaw_joint,left_knee_joint,left_ankle_pitch_joint,left_ankle_roll_joint,right_hip_pitch_joint,right_hip_roll_joint,right_hip_yaw_joint,right_knee_joint,right_ankle_pitch_joint,right_ankle_roll_joint,waist_roll_joint,waist_yaw_joint,left_shoulder_pitch_joint,left_shoulder_roll_joint,left_shoulder_yaw_joint,left_elbow_joint,right_shoulder_roll_joint,right_shoulder_yaw_joint,right_elbow_joint",0.0,0.0,682.373291015625,torso_link,682.3733,0.5552162528038025,1.9042832851409912,25.937068939208984,-31.542531967163086,36.0,-36.0,False,-0.018316448
84,1.68,0.13847748935222626,-0.32748620673516093,0.3303145,32.245125,1.8473988771438599,36.324317932128906,36.0,0.9545454545454546,"left_hip_pitch_joint,left_hip_roll_joint,left_hip_yaw_joint,left_knee_joint,left_ankle_pitch_joint,right_hip_pitch_joint,right_hip_roll_joint,right_hip_yaw_joint,right_knee_joint,right_ankle_pitch_joint,right_ankle_roll_joint,waist_roll_joint,waist_yaw_joint,left_shoulder_pitch_joint,left_shoulder_roll_joint,left_shoulder_yaw_joint,left_elbow_joint,right_shoulder_pitch_joint,right_shoulder_roll_joint,right_shoulder_yaw_joint,right_elbow_joint",0.0,0.0,0,pelvis,0.0,0.7161229252815247,2.2824511528015137,-14.894672393798828,36.13600540161133,-36.0,36.0,False,-0.005136613
85,1.7,0.11909801512956619,-0.3502399048966396,2.218859,40.098038,1.5457496643066406,36.18375015258789,36.0,0.9545454545454546,"left_hip_pitch_joint,left_hip_roll_joint,left_hip_yaw_joint,left_knee_joint,left_ankle_roll_joint,right_hip_pitch_joint,right_hip_roll_joint,right_hip_yaw_joint,right_knee_joint,right_ankle_pitch_joint,right_ankle_roll_joint,waist_roll_joint,waist_yaw_joint,left_shoulder_pitch_joint,left_shoulder_roll_joint,left_shoulder_yaw_joint,left_elbow_joint,right_shoulder_pitch_joint,right_shoulder_roll_joint,right_shoulder_yaw_joint,right_elbow_joint",0.0,435.59845,143.7808837890625,right_ankle_roll_link,435.59845,0.7924895882606506,1.9808019399642944,13.590446472167969,-36.18375015258789,36.0,-36.0,False,-0.00061783195
86,1.72,0.109569251537323,-0.2119047245924326,0.85021234,21.989552,1.8981248140335083,36.04804992675781,36.0,0.9545454545454546,"left_hip_pitch_joint,left_hip_roll_joint,left_hip_yaw_joint,left_knee_joint,left_ankle_pitch_joint,right_hip_pitch_joint,right_hip_roll_joint,right_hip_yaw_joint,right_knee_joint,right_ankle_pitch_joint,right_ankle_roll_joint,waist_roll_joint,waist_yaw_joint,left_shoulder_pitch_joint,left_shoulder_roll_joint,left_shoulder_yaw_joint,left_elbow_joint,right_shoulder_pitch_joint,right_shoulder_roll_joint,right_shoulder_yaw_joint,right_elbow_joint",0.0,0.0,0,pelvis,0.0,0.8591867685317993,2.333177089691162,-13.935362815856934,30.846494674682617,-36.0,36.0,False,0.0008206144
87,1.74,0.10680655390024185,-0.233067539760754,2.3689868,35.515835,1.3823442459106445,36.02787399291992,36.0,0.9545454545454546,"left_hip_pitch_joint,left_hip_roll_joint,left_hip_yaw_joint,left_knee_joint,left_ankle_pitch_joint,left_ankle_roll_joint,right_hip_pitch_joint,right_hip_roll_joint,right_hip_yaw_joint,right_knee_joint,right_ankle_pitch_joint,right_ankle_roll_joint,waist_roll_joint,waist_yaw_joint,left_shoulder_pitch_joint,left_shoulder_roll_joint,left_shoulder_yaw_joint,left_elbow_joint,right_shoulder_pitch_joint,right_shoulder_yaw_joint,right_elbow_joint",0.0,0.0,0,pelvis,0.0,0.8603461980819702,1.8173965215682983,15.813615798950195,-34.581512451171875,36.0,-36.0,False,0.020529335
88,1.76,0.09462309628725052,-0.07251890841396857,0.96719325,24.691568,1.8534094095230103,36.54761505126953,36.0,0.9545454545454546,"left_hip_pitch_joint,left_hip_roll_joint,left_hip_yaw_joint,left_knee_joint,left_ankle_pitch_joint,right_hip_pitch_joint,right_hip_roll_joint,right_hip_yaw_joint,right_knee_joint,right_ankle_pitch_joint,right_ankle_roll_joint,waist_roll_joint,waist_yaw_joint,left_shoulder_pitch_joint,left_shoulder_roll_joint,left_shoulder_yaw_joint,left_elbow_joint,right_shoulder_pitch_joint,right_shoulder_roll_joint,right_shoulder_yaw_joint,right_elbow_joint",0.0,0.0,72.65877532958984,right_hip_yaw_link,72.658775,0.9004851579666138,2.288461685180664,-19.043045043945312,29.822738647460938,-36.0,36.0,False,0.018088665
89,1.78,0.10507556796073914,-0.1999370360492847,1.5234009,32.51527,1.4091081619262695,36.020179748535156,36.0,1.0,"left_hip_pitch_joint,left_hip_roll_joint,left_hip_yaw_joint,left_knee_joint,left_ankle_pitch_joint,left_ankle_roll_joint,right_hip_pitch_joint,right_hip_roll_joint,right_hip_yaw_joint,right_knee_joint,right_ankle_pitch_joint,right_ankle_roll_joint,waist_roll_joint,waist_yaw_joint,left_shoulder_pitch_joint,left_shoulder_roll_joint,left_shoulder_yaw_joint,left_elbow_joint,right_shoulder_pitch_joint,right_shoulder_roll_joint,right_shoulder_yaw_joint,right_elbow_joint",0.0,0.0,0,pelvis,0.0,0.8189917206764221,1.7810307741165161,7.640808582305908,-34.938148498535156,36.0,-36.0,False,0.01705665
90,1.8,0.10231170058250427,-0.017646826675511207,1.119381,40.223446,1.8004757165908813,36.10678482055664,36.0,0.9090909090909091,"left_hip_pitch_joint,left_hip_roll_joint,left_hip_yaw_joint,left_knee_joint,left_ankle_pitch_joint,right_hip_pitch_joint,right_hip_roll_joint,right_hip_yaw_joint,right_knee_joint,right_ankle_pitch_joint,right_ankle_roll_joint,waist_roll_joint,waist_yaw_joint,left_shoulder_pitch_joint,left_shoulder_roll_joint,left_shoulder_yaw_joint,left_elbow_joint,right_shoulder_roll_joint,right_shoulder_yaw_joint,right_elbow_joint",0.0,0.0,0,pelvis,0.0,1.0012177228927612,2.235527992248535,-3.5590147972106934,34.80245590209961,-36.0,36.0,False,0.030984245
91,1.82,0.09927857667207718,-0.0041088440473018295,0.64764464,16.001669,1.4889887571334839,37.35892868041992,36.0,0.9545454545454546,"left_hip_pitch_joint,left_hip_roll_joint,left_hip_yaw_joint,left_ankle_pitch_joint,left_ankle_roll_joint,right_hip_pitch_joint,right_hip_roll_joint,right_hip_yaw_joint,right_knee_joint,right_ankle_pitch_joint,right_ankle_roll_joint,waist_roll_joint,waist_yaw_joint,left_shoulder_pitch_joint,left_shoulder_roll_joint,left_shoulder_yaw_joint,left_elbow_joint,right_shoulder_pitch_joint,right_shoulder_roll_joint,right_shoulder_yaw_joint,right_elbow_joint",0.0,0.0,0,pelvis,0.0,0.3950164318084717,1.7887266874313354,-17.556955337524414,-26.909465789794922,-3.4307327,-36.0,False,0.021620845
92,1.84,0.08562609553337097,0.4033449162112066,0.92707473,36.26954,1.8218098878860474,34.80056381225586,36.0,0.8636363636363636,"left_hip_roll_joint,left_hip_yaw_joint,left_knee_joint,left_ankle_pitch_joint,right_hip_pitch_joint,right_hip_roll_joint,right_hip_yaw_joint,right_knee_joint,right_ankle_pitch_joint,right_ankle_roll_joint,waist_yaw_joint,left_shoulder_pitch_joint,left_shoulder_roll_joint,left_shoulder_yaw_joint,left_elbow_joint,right_shoulder_pitch_joint,right_shoulder_roll_joint,right_shoulder_yaw_joint,right_elbow_joint",408.99652,0.0,0,left_ankle_roll_link,408.99652,0.9918731451034546,2.256862163543701,23.23442268371582,29.626039505004883,36.0,36.0,False,0.034175552
93,1.86,0.08827145397663116,0.3242329734012941,0.76860106,10.352121,1.4458844661712646,26.36829376220703,36.0,0.8181818181818182,"left_hip_pitch_joint,left_hip_roll_joint,left_hip_yaw_joint,left_knee_joint,left_ankle_pitch_joint,left_ankle_roll_joint,right_hip_yaw_joint,right_knee_joint,right_ankle_roll_joint,waist_roll_joint,waist_yaw_joint,left_shoulder_pitch_joint,left_shoulder_roll_joint,left_shoulder_yaw_joint,left_elbow_joint,right_shoulder_roll_joint,right_shoulder_yaw_joint,right_elbow_joint",84.30825,0.0,0,left_ankle_roll_link,84.30825,0.487676739692688,1.8809367418289185,-20.026174545288086,-15.485665321350098,-36.0,-36.0,False,0.02400732
94,1.8800000000000001,0.0993911474943161,0.5796347575993073,1.3562726,34.684113,1.9544395208358765,36.06041717529297,36.0,0.7727272727272727,"left_hip_roll_joint,left_knee_joint,left_ankle_pitch_joint,right_hip_pitch_joint,right_hip_roll_joint,right_hip_yaw_joint,right_knee_joint,right_ankle_pitch_joint,right_ankle_roll_joint,waist_yaw_joint,left_shoulder_pitch_joint,left_shoulder_roll_joint,left_shoulder_yaw_joint,left_elbow_joint,right_shoulder_roll_joint,right_shoulder_yaw_joint,right_elbow_joint",0.0,0.0,0,pelvis,0.0,0.9539797306060791,2.3894917964935303,21.717992782592773,31.839859008789062,36.0,36.0,False,0.061390232
95,1.9000000000000001,0.10699290037155151,0.5332570867777289,0.8950096,20.127213,1.5057700872421265,35.994197845458984,36.0,1.0,"left_hip_pitch_joint,left_hip_roll_joint,left_hip_yaw_joint,left_knee_joint,left_ankle_pitch_joint,left_ankle_roll_joint,right_hip_pitch_joint,right_hip_roll_joint,right_hip_yaw_joint,right_knee_joint,right_ankle_pitch_joint,right_ankle_roll_joint,waist_roll_joint,waist_yaw_joint,left_shoulder_pitch_joint,left_shoulder_roll_joint,left_shoulder_yaw_joint,left_elbow_joint,right_shoulder_pitch_joint,right_shoulder_roll_joint,right_shoulder_yaw_joint,right_elbow_joint",54.541294,0.0,0,left_ankle_roll_link,54.541294,0.6324350237846375,1.9408223628997803,-25.45305633544922,-34.60258102416992,-36.0,-36.0,False,0.05739708
96,1.92,0.12182248383760452,0.6231248067004694,1.2992343,31.091513,1.8614000082015991,35.71448516845703,36.0,1.0,"left_hip_pitch_joint,left_hip_roll_joint,left_hip_yaw_joint,left_knee_joint,left_ankle_pitch_joint,left_ankle_roll_joint,right_hip_pitch_joint,right_hip_roll_joint,right_hip_yaw_joint,right_knee_joint,right_ankle_pitch_joint,right_ankle_roll_joint,waist_roll_joint,waist_yaw_joint,left_shoulder_pitch_joint,left_shoulder_roll_joint,left_shoulder_yaw_joint,left_elbow_joint,right_shoulder_pitch_joint,right_shoulder_roll_joint,right_shoulder_yaw_joint,right_elbow_joint",0.0,0.0,0,pelvis,0.0,0.898267388343811,2.296452283859253,11.665901184082031,32.54492950439453,36.0,36.0,False,0.0750617
97,1.94,0.11940906196832657,0.6422392470753593,1.3693379,21.065567,1.4604086875915527,36.18608093261719,36.0,0.9545454545454546,"left_hip_pitch_joint,left_hip_roll_joint,left_hip_yaw_joint,left_knee_joint,left_ankle_pitch_joint,left_ankle_roll_joint,right_hip_pitch_joint,right_hip_roll_joint,right_hip_yaw_joint,right_knee_joint,right_ankle_pitch_joint,right_ankle_roll_joint,waist_roll_joint,waist_yaw_joint,left_shoulder_pitch_joint,left_shoulder_roll_joint,left_shoulder_yaw_joint,left_elbow_joint,right_shoulder_roll_joint,right_shoulder_yaw_joint,right_elbow_joint",0.0,0.0,0,pelvis,0.0,0.8394179940223694,1.8332120180130005,-13.056838989257812,-35.95071792602539,-36.0,-36.0,False,0.07139061
98,1.96,0.1294514238834381,0.6835602548345234,1.3337764,31.566587,1.8236721754074097,36.07074737548828,36.0,0.9545454545454546,"left_hip_pitch_joint,left_hip_roll_joint,left_hip_yaw_joint,left_knee_joint,left_ankle_pitch_joint,left_ankle_roll_joint,right_hip_pitch_joint,right_hip_roll_joint,right_hip_yaw_joint,right_knee_joint,right_ankle_pitch_joint,right_ankle_roll_joint,waist_roll_joint,waist_yaw_joint,left_shoulder_pitch_joint,left_shoulder_roll_joint,left_shoulder_yaw_joint,left_elbow_joint,right_shoulder_roll_joint,right_shoulder_yaw_joint,right_elbow_joint",0.0,0.0,0,pelvis,0.0,1.0353418588638306,2.2321834564208984,13.42719554901123,33.67206954956055,36.0,36.0,False,0.05434033
99,1.98,0.11593008786439896,0.7531184116429469,2.0185912,23.821451,1.5103601217269897,36.529232025146484,36.0,1.0,"left_hip_pitch_joint,left_hip_roll_joint,left_hip_yaw_joint,left_knee_joint,left_ankle_pitch_joint,left_ankle_roll_joint,right_hip_pitch_joint,right_hip_roll_joint,right_hip_yaw_joint,right_knee_joint,right_ankle_pitch_joint,right_ankle_roll_joint,waist_roll_joint,waist_yaw_joint,left_shoulder_pitch_joint,left_shoulder_roll_joint,left_shoulder_yaw_joint,left_elbow_joint,right_shoulder_pitch_joint,right_shoulder_roll_joint,right_shoulder_yaw_joint,right_elbow_joint",521.48376,0.0,0,left_ankle_roll_link,521.48376,1.1767709255218506,1.764028549194336,-1.7395395040512085,-36.30282974243164,-36.0,-36.0,False,0.04901185
100,2.0,0.11882345378398895,0.7576494458129126,1.5518832,18.030275,1.6709370613098145,36.10453414916992,36.0,0.9090909090909091,"left_hip_pitch_joint,left_hip_roll_joint,left_hip_yaw_joint,left_knee_joint,right_hip_pitch_joint,right_hip_roll_joint,right_hip_yaw_joint,right_knee_joint,right_ankle_pitch_joint,right_ankle_roll_joint,waist_roll_joint,waist_yaw_joint,left_shoulder_pitch_joint,left_shoulder_roll_joint,left_shoulder_yaw_joint,left_elbow_joint,right_shoulder_pitch_joint,right_shoulder_roll_joint,right_shoulder_yaw_joint,right_elbow_joint",0.0,0.0,265.6789245605469,right_knee_link,265.67892,0.6775644421577454,2.0990936756134033,-11.114571571350098,26.380359649658203,-36.0,36.0,False,0.021578077
101,2.02,0.12479715049266815,0.7379923552264276,0.40646815,22.230007,1.5652439594268799,36.2783317565918,36.0,0.9545454545454546,"left_hip_pitch_joint,left_hip_roll_joint,left_hip_yaw_joint,left_knee_joint,left_ankle_pitch_joint,left_ankle_roll_joint,right_hip_pitch_joint,right_hip_roll_joint,right_hip_yaw_joint,right_knee_joint,right_ankle_pitch_joint,right_ankle_roll_joint,waist_roll_joint,left_shoulder_pitch_joint,left_shoulder_roll_joint,left_shoulder_yaw_joint,left_elbow_joint,right_shoulder_pitch_joint,right_shoulder_roll_joint,right_shoulder_yaw_joint,right_elbow_joint",0.0,0.0,0,pelvis,0.0,1.2431944608688354,1.9527264833450317,31.403343200683594,-7.932028293609619,36.0,-36.0,False,0.043249786
102,2.04,0.12788651883602142,0.6998942080926356,0.37520644,21.7847,1.6623731851577759,36.15414810180664,36.0,0.8636363636363636,"left_hip_pitch_joint,left_hip_roll_joint,left_hip_yaw_joint,left_knee_joint,left_ankle_pitch_joint,right_hip_pitch_joint,right_hip_roll_joint,right_hip_yaw_joint,right_ankle_pitch_joint,right_ankle_roll_joint,waist_roll_joint,waist_yaw_joint,left_shoulder_roll_joint,left_shoulder_yaw_joint,left_elbow_joint,right_shoulder_pitch_joint,right_shoulder_roll_joint,right_shoulder_yaw_joint,right_elbow_joint",0.0,0.0,0,pelvis,0.0,1.0683529376983643,1.5503894090652466,-36.15414810180664,-34.98634338378906,-36.0,-26.229599,False,0.07537382
103,2.06,0.12626661360263824,0.6929247037433707,0.32834876,20.657532,1.240322470664978,36.190818786621094,36.0,0.9090909090909091,"left_hip_pitch_joint,left_hip_roll_joint,left_hip_yaw_joint,left_knee_joint,left_ankle_roll_joint,right_hip_pitch_joint,right_hip_roll_joint,right_hip_yaw_joint,right_knee_joint,right_ankle_pitch_joint,right_ankle_roll_joint,waist_roll_joint,waist_yaw_joint,left_shoulder_pitch_joint,left_shoulder_roll_joint,left_shoulder_yaw_joint,left_elbow_joint,right_shoulder_roll_joint,right_shoulder_yaw_joint,right_elbow_joint",0.0,0.0,0,pelvis,0.0,1.536860466003418,1.1352852582931519,36.190818786621094,7.025645732879639,36.0,36.0,False,0.07483197
104,2.08,0.12400341778993607,0.6274346215914242,1.2441887,5.643984,1.7252025604248047,37.35438537597656,36.0,0.8636363636363636,"left_hip_pitch_joint,left_hip_roll_joint,left_hip_yaw_joint,left_knee_joint,left_ankle_pitch_joint,right_hip_pitch_joint,right_hip_roll_joint,right_hip_yaw_joint,right_knee_joint,right_ankle_pitch_joint,right_ankle_roll_joint,waist_roll_joint,waist_yaw_joint,left_shoulder_pitch_joint,left_shoulder_yaw_joint,left_elbow_joint,right_shoulder_roll_joint,right_shoulder_yaw_joint,right_elbow_joint",0.0,0.0,0,pelvis,0.0,1.3616563081741333,0.7811692357063293,-11.141790390014648,-37.35438537597656,-36.0,-36.0,False,0.07207083
105,2.1,0.14265774190425873,0.5355209418086807,1.2798903,20.324335,1.4483331441879272,36.557220458984375,36.0,0.8636363636363636,"left_hip_pitch_joint,left_hip_roll_joint,left_hip_yaw_joint,left_knee_joint,left_ankle_pitch_joint,left_ankle_roll_joint,right_hip_pitch_joint,right_hip_roll_joint,right_hip_yaw_joint,right_knee_joint,right_ankle_pitch_joint,right_ankle_roll_joint,left_shoulder_pitch_joint,left_shoulder_roll_joint,left_shoulder_yaw_joint,left_elbow_joint,right_shoulder_roll_joint,right_shoulder_yaw_joint,right_elbow_joint",0.0,0.0,0,pelvis,0.0,1.8728145360946655,1.0620245933532715,19.644426345825195,36.557220458984375,36.0,36.0,False,0.059295814
106,2.12,0.14479245245456696,0.42314929925618117,1.7311101,12.062526,1.8057976961135864,36.78258514404297,36.0,0.9545454545454546,"left_hip_pitch_joint,left_hip_roll_joint,left_hip_yaw_joint,left_knee_joint,left_ankle_pitch_joint,right_hip_pitch_joint,right_hip_roll_joint,right_hip_yaw_joint,right_knee_joint,right_ankle_pitch_joint,right_ankle_roll_joint,waist_roll_joint,waist_yaw_joint,left_shoulder_pitch_joint,left_shoulder_roll_joint,left_shoulder_yaw_joint,left_elbow_joint,right_shoulder_pitch_joint,right_shoulder_roll_joint,right_shoulder_yaw_joint,right_elbow_joint",0.0,0.0,0,pelvis,0.0,1.6809316873550415,0.8208823204040527,-36.78258514404297,-36.7109375,-36.0,-36.0,False,0.06974262
107,2.14,0.1475287228822708,0.36647660804041005,0.9968208,19.852507,1.4417545795440674,36.62923049926758,36.0,0.9545454545454546,"left_hip_pitch_joint,left_hip_roll_joint,left_hip_yaw_joint,left_knee_joint,left_ankle_pitch_joint,left_ankle_roll_joint,right_hip_pitch_joint,right_hip_roll_joint,right_hip_yaw_joint,right_knee_joint,right_ankle_pitch_joint,right_ankle_roll_joint,waist_yaw_joint,left_shoulder_pitch_joint,left_shoulder_roll_joint,left_shoulder_yaw_joint,left_elbow_joint,right_shoulder_pitch_joint,right_shoulder_roll_joint,right_shoulder_yaw_joint,right_elbow_joint",0.0,0.0,0,pelvis,0.0,1.8662359714508057,1.1275784969329834,24.581541061401367,36.62923049926758,36.0,36.0,False,0.05053514
108,2.16,0.13865138590335846,0.27851447917132066,2.2084684,14.021865,1.8905982971191406,36.2030029296875,36.0,0.9090909090909091,"left_hip_pitch_joint,left_hip_roll_joint,left_hip_yaw_joint,left_knee_joint,left_ankle_pitch_joint,right_hip_pitch_joint,right_hip_roll_joint,right_hip_yaw_joint,right_knee_joint,right_ankle_pitch_joint,right_ankle_roll_joint,waist_yaw_joint,left_shoulder_pitch_joint,left_shoulder_roll_joint,left_shoulder_yaw_joint,left_elbow_joint,right_shoulder_pitch_joint,right_shoulder_roll_joint,right_shoulder_yaw_joint,right_elbow_joint",0.0,0.0,0,pelvis,0.0,1.7425715923309326,1.007387638092041,-32.8919563293457,-36.2030029296875,-36.0,-36.0,False,0.022677202
109,2.18,0.1349620372056961,0.2133184849894758,1.1301217,17.41376,1.4324734210968018,36.46571350097656,36.0,1.0,"left_hip_pitch_joint,left_hip_roll_joint,left_hip_yaw_joint,left_knee_joint,left_ankle_pitch_joint,left_ankle_roll_joint,right_hip_pitch_joint,right_hip_roll_joint,right_hip_yaw_joint,right_knee_joint,right_ankle_pitch_joint,right_ankle_roll_joint,waist_roll_joint,waist_yaw_joint,left_shoulder_pitch_joint,left_shoulder_roll_joint,left_shoulder_yaw_joint,left_elbow_joint,right_shoulder_pitch_joint,right_shoulder_roll_joint,right_shoulder_yaw_joint,right_elbow_joint",0.0,0.0,0,pelvis,0.0,1.85695481300354,1.2140330076217651,16.18282127380371,36.46571350097656,36.0,36.0,False,-0.0015776604
110,2.2,0.11841052025556564,0.12916730707022595,2.9212978,13.428629,1.7800133228302002,36.61128234863281,36.0,0.9545454545454546,"left_hip_pitch_joint,left_hip_roll_joint,left_hip_yaw_joint,left_knee_joint,left_ankle_pitch_joint,right_hip_pitch_joint,right_hip_roll_joint,right_hip_yaw_joint,right_knee_joint,right_ankle_pitch_joint,right_ankle_roll_joint,waist_roll_joint,waist_yaw_joint,left_shoulder_pitch_joint,left_shoulder_roll_joint,left_shoulder_yaw_joint,left_elbow_joint,right_shoulder_pitch_joint,right_shoulder_roll_joint,right_shoulder_yaw_joint,right_elbow_joint",0.0,0.0,0,pelvis,0.0,1.7392879724502563,0.9974871277809143,-29.641550064086914,-36.61128234863281,-36.0,-36.0,False,-0.042176202
111,2.22,0.10409840941429138,0.04781822488755516,0.43274018,22.341606,1.3989561796188354,36.364768981933594,36.0,1.0,"left_hip_pitch_joint,left_hip_roll_joint,left_hip_yaw_joint,left_knee_joint,left_ankle_pitch_joint,left_ankle_roll_joint,right_hip_pitch_joint,right_hip_roll_joint,right_hip_yaw_joint,right_knee_joint,right_ankle_pitch_joint,right_ankle_roll_joint,waist_roll_joint,waist_yaw_joint,left_shoulder_pitch_joint,left_shoulder_roll_joint,left_shoulder_yaw_joint,left_elbow_joint,right_shoulder_pitch_joint,right_shoulder_roll_joint,right_shoulder_yaw_joint,right_elbow_joint",0.0,0.0,0,pelvis,0.0,1.8234375715255737,1.2088203430175781,9.6707124710083,36.364768981933594,36.0,36.0,False,-0.08020816
112,2.24,0.0830836072564125,-0.007617360998515288,2.672507,14.362078,1.7757387161254883,36.22289276123047,36.0,0.9090909090909091,"left_hip_pitch_joint,left_hip_roll_joint,left_hip_yaw_joint,left_knee_joint,left_ankle_pitch_joint,right_hip_roll_joint,right_hip_yaw_joint,right_knee_joint,right_ankle_pitch_joint,right_ankle_roll_joint,waist_roll_joint,waist_yaw_joint,left_shoulder_pitch_joint,left_shoulder_roll_joint,left_shoulder_yaw_joint,left_elbow_joint,right_shoulder_pitch_joint,right_shoulder_roll_joint,right_shoulder_yaw_joint,right_elbow_joint",334.0565,334.0565,0,left_ankle_roll_link,334.0565,1.6560885906219482,1.028014898300171,-30.216842651367188,-36.22289276123047,-36.0,-36.0,False,-0.12158499
113,2.2600000000000002,0.061596013605594635,0.004044261364887447,0.67019576,22.114656,1.3655238151550293,36.457733154296875,36.0,0.9545454545454546,"left_hip_pitch_joint,left_hip_roll_joint,left_hip_yaw_joint,left_knee_joint,left_ankle_pitch_joint,left_ankle_roll_joint,right_hip_pitch_joint,right_hip_roll_joint,right_hip_yaw_joint,right_knee_joint,right_ankle_pitch_joint,right_ankle_roll_joint,waist_yaw_joint,left_shoulder_pitch_joint,left_shoulder_roll_joint,left_shoulder_yaw_joint,left_elbow_joint,right_shoulder_pitch_joint,right_shoulder_roll_joint,right_shoulder_yaw_joint,right_elbow_joint",0.0,0.0,253.0121612548828,torso_link,253.01216,1.7900052070617676,1.2115423679351807,16.795072555541992,36.457733154296875,36.0,36.0,False,-0.14449725
114,2.2800000000000002,0.05386560037732124,0.01798155260726597,1.4292008,13.199021,1.789711356163025,36.080326080322266,36.0,0.8181818181818182,"left_hip_pitch_joint,left_hip_roll_joint,left_hip_yaw_joint,left_knee_joint,left_ankle_pitch_joint,right_hip_roll_joint,right_hip_yaw_joint,right_knee_joint,right_ankle_pitch_joint,right_ankle_roll_joint,waist_yaw_joint,left_shoulder_pitch_joint,left_shoulder_yaw_joint,left_elbow_joint,right_shoulder_pitch_joint,right_shoulder_roll_joint,right_shoulder_yaw_joint,right_elbow_joint",0.0,0.0,107.67478942871094,torso_link,107.67479,1.7203991413116455,1.22466242313385,-24.554046630859375,-24.40400505065918,-36.0,-36.0,False,-0.14185658
115,2.3000000000000003,0.05685020610690117,0.03413888110272445,1.8046808,11.811654,1.524070143699646,36.04550552368164,36.0,0.9090909090909091,"left_hip_pitch_joint,left_hip_roll_joint,left_hip_yaw_joint,left_knee_joint,left_ankle_pitch_joint,left_ankle_roll_joint,right_hip_roll_joint,right_hip_yaw_joint,right_knee_joint,right_ankle_pitch_joint,right_ankle_roll_joint,waist_yaw_joint,left_shoulder_pitch_joint,left_shoulder_roll_joint,left_shoulder_yaw_joint,left_elbow_joint,right_shoulder_pitch_joint,right_shoulder_roll_joint,right_shoulder_yaw_joint,right_elbow_joint",545.86957,0.0,602.85546875,right_hip_yaw_link,602.85547,1.9485515356063843,1.506454348564148,24.82467269897461,30.41937255859375,36.0,36.0,False,-0.12675828
116,2.32,0.06537678837776184,-0.024345860953042475,1.030473,8.330834,1.8182094097137451,36.77896499633789,36.0,0.8636363636363636,"left_hip_pitch_joint,left_hip_roll_joint,left_hip_yaw_joint,left_knee_joint,left_ankle_pitch_joint,right_hip_roll_joint,right_hip_yaw_joint,right_knee_joint,right_ankle_pitch_joint,right_ankle_roll_joint,waist_yaw_joint,left_shoulder_pitch_joint,left_shoulder_roll_joint,left_shoulder_yaw_joint,left_elbow_joint,right_shoulder_pitch_joint,right_shoulder_roll_joint,right_shoulder_yaw_joint,right_elbow_joint",0.0,0.0,0,pelvis,0.0,1.7591502666473389,1.4346508979797363,-21.44712257385254,-27.93313217163086,-36.0,-36.0,False,-0.12622268
117,2.34,0.07668250799179077,-0.03206626803511381,1.9996859,17.639547,1.5789146423339844,36.205116271972656,36.0,0.9090909090909091,"left_hip_pitch_joint,left_hip_roll_joint,left_hip_yaw_joint,left_knee_joint,left_ankle_pitch_joint,left_ankle_roll_joint,right_hip_pitch_joint,right_hip_roll_joint,right_hip_yaw_joint,right_knee_joint,right_ankle_pitch_joint,right_ankle_roll_joint,waist_roll_joint,waist_yaw_joint,left_shoulder_pitch_joint,left_shoulder_roll_joint,left_shoulder_yaw_joint,left_elbow_joint,right_shoulder_pitch_joint,right_elbow_joint",0.0,0.0,0,pelvis,0.0,2.0033960342407227,1.6951804161071777,11.81769847869873,36.205116271972656,36.0,36.0,False,-0.12232907
118,2.36,0.09386972337961197,-0.15705833969131477,1.1140778,28.71927,1.819968581199646,36.08158493041992,36.0,0.9090909090909091,"left_hip_pitch_joint,left_hip_roll_joint,left_hip_yaw_joint,left_knee_joint,left_ankle_pitch_joint,right_hip_roll_joint,right_hip_yaw_joint,right_knee_joint,right_ankle_pitch_joint,right_ankle_roll_joint,waist_roll_joint,waist_yaw_joint,left_shoulder_pitch_joint,left_shoulder_roll_joint,left_shoulder_yaw_joint,left_elbow_joint,right_shoulder_pitch_joint,right_shoulder_roll_joint,right_shoulder_yaw_joint,right_elbow_joint",0.0,0.0,0,pelvis,0.0,2.0130393505096436,1.8710237741470337,-15.77589225769043,-4.762342929840088,-36.0,-36.0,False,-0.13934693
119,2.38,0.07929717749357224,-0.11760860701323805,0.9324515,20.631199,1.4178138971328735,36.19214630126953,36.0,1.0,"left_hip_pitch_joint,left_hip_roll_joint,left_hip_yaw_joint,left_knee_joint,left_ankle_pitch_joint,left_ankle_roll_joint,right_hip_pitch_joint,right_hip_roll_joint,right_hip_yaw_joint,right_knee_joint,right_ankle_pitch_joint,right_ankle_roll_joint,waist_roll_joint,waist_yaw_joint,left_shoulder_pitch_joint,left_shoulder_roll_joint,left_shoulder_yaw_joint,left_elbow_joint,right_shoulder_pitch_joint,right_shoulder_roll_joint,right_shoulder_yaw_joint,right_elbow_joint",0.0,0.0,289.20086669921875,torso_link,289.20087,1.8422952890396118,1.2720036506652832,-18.331623077392578,-33.09379959106445,36.0,-36.0,False,-0.14263596
120,2.4,0.09247584640979767,-0.17520220515110907,0.8698415,31.927805,1.6885254383087158,35.76602554321289,36.0,0.8636363636363636,"left_hip_pitch_joint,left_hip_roll_joint,left_hip_yaw_joint,left_knee_joint,left_ankle_pitch_joint,right_hip_pitch_joint,right_hip_yaw_joint,right_knee_joint,right_ankle_pitch_joint,right_ankle_roll_joint,waist_roll_joint,waist_yaw_joint,left_shoulder_pitch_joint,left_shoulder_roll_joint,left_shoulder_yaw_joint,left_elbow_joint,right_shoulder_roll_joint,right_shoulder_yaw_joint,right_elbow_joint",264.9232,0.0,264.9231872558594,left_ankle_roll_link,264.9232,2.0192172527313232,1.4280359745025635,-2.8359498977661133,35.166969299316406,36.0,36.0,False,-0.16220683
121,2.42,0.07813119143247604,-0.09191556503772347,1.2916523,21.536396,1.3760170936584473,36.24919891357422,36.0,0.8636363636363636,"left_hip_pitch_joint,left_hip_roll_joint,left_hip_yaw_joint,left_knee_joint,left_ankle_pitch_joint,left_ankle_roll_joint,right_hip_pitch_joint,right_hip_yaw_joint,right_knee_joint,right_ankle_pitch_joint,right_ankle_roll_joint,waist_yaw_joint,left_shoulder_pitch_joint,left_shoulder_roll_joint,left_shoulder_yaw_joint,left_elbow_joint,right_shoulder_roll_joint,right_shoulder_yaw_joint,right_elbow_joint",106.2273,0.0,106.22730255126953,left_knee_link,106.2273,1.7264028787612915,1.2463511228561401,-20.13212776184082,-29.040925979614258,-36.0,-36.0,False,-0.16752663
122,2.44,0.0895400196313858,-0.19010795163678296,1.1648238,28.44571,1.6269797086715698,36.04773712158203,36.0,0.9090909090909091,"left_hip_pitch_joint,left_hip_roll_joint,left_hip_yaw_joint,left_knee_joint,left_ankle_pitch_joint,right_hip_pitch_joint,right_hip_yaw_joint,right_knee_joint,right_ankle_pitch_joint,right_ankle_roll_joint,waist_roll_joint,waist_yaw_joint,left_shoulder_pitch_joint,left_shoulder_roll_joint,left_shoulder_yaw_joint,left_elbow_joint,right_shoulder_pitch_joint,right_shoulder_roll_joint,right_shoulder_yaw_joint,right_elbow_joint",0.0,0.0,360.95697021484375,torso_link,360.95697,1.882507085800171,1.4929479360580444,9.896414756774902,35.33475875854492,36.0,36.0,False,-0.18972519
123,2.46,0.07176148146390915,-0.06802971232651522,1.42498,24.061802,1.3554375171661377,36.139617919921875,36.0,0.8181818181818182,"left_hip_pitch_joint,left_hip_roll_joint,left_hip_yaw_joint,left_knee_joint,left_ankle_pitch_joint,left_ankle_roll_joint,right_hip_pitch_joint,right_hip_yaw_joint,right_knee_joint,right_ankle_pitch_joint,right_ankle_roll_joint,waist_yaw_joint,left_shoulder_pitch_joint,left_shoulder_roll_joint,left_shoulder_yaw_joint,left_elbow_joint,right_shoulder_pitch_joint,right_elbow_joint",0.0,0.0,0,pelvis,0.0,1.779918909072876,1.1599215269088745,-22.871240615844727,-35.53335189819336,-36.0,-36.0,False,-0.18439431
124,2.48,0.08620195835828781,-0.1891394480744677,1.3469436,26.200537,1.555275559425354,35.60124206542969,36.0,0.9545454545454546,"left_hip_pitch_joint,left_hip_roll_joint,left_hip_yaw_joint,left_knee_joint,left_ankle_pitch_joint,right_hip_pitch_joint,right_hip_roll_joint,right_hip_yaw_joint,right_knee_joint,right_ankle_pitch_joint,right_ankle_roll_joint,waist_roll_joint,waist_yaw_joint,left_shoulder_pitch_joint,left_shoulder_roll_joint,left_shoulder_yaw_joint,left_elbow_joint,right_shoulder_pitch_joint,right_shoulder_roll_joint,right_shoulder_yaw_joint,right_elbow_joint",0.0,0.0,1212.3851928710938,left_hip_yaw_link,731.02454,1.8357499837875366,1.5596147775650024,8.492374420166016,35.41548156738281,36.0,36.0,False,-0.20508051
125,2.5,0.08939724415540695,-0.15077699114054433,1.421787,24.477804,1.450965166091919,36.159976959228516,36.0,0.9090909090909091,"left_hip_pitch_joint,left_hip_roll_joint,left_hip_yaw_joint,left_knee_joint,left_ankle_pitch_joint,left_ankle_roll_joint,right_hip_pitch_joint,right_hip_roll_joint,right_hip_yaw_joint,right_knee_joint,right_ankle_pitch_joint,right_ankle_roll_joint,waist_yaw_joint,left_shoulder_pitch_joint,left_shoulder_roll_joint,left_shoulder_yaw_joint,left_elbow_joint,right_shoulder_pitch_joint,right_shoulder_yaw_joint,right_elbow_joint",0.0,0.0,0,pelvis,0.0,1.779250144958496,1.3784576654434204,-23.612329483032227,-22.54193115234375,-36.0,-36.0,False,-0.19499952
126,2.52,0.107598677277565,-0.2947843496861413,1.2267611,22.731195,1.605822205543518,34.79222869873047,36.0,0.9545454545454546,"left_hip_pitch_joint,left_hip_roll_joint,left_hip_yaw_joint,left_knee_joint,left_ankle_pitch_joint,right_hip_pitch_joint,right_hip_roll_joint,right_hip_yaw_joint,right_knee_joint,right_ankle_pitch_joint,right_ankle_roll_joint,waist_roll_joint,waist_yaw_joint,left_shoulder_pitch_joint,left_shoulder_roll_joint,left_shoulder_yaw_joint,left_elbow_joint,right_shoulder_pitch_joint,right_shoulder_roll_joint,right_shoulder_yaw_joint,right_elbow_joint",0.0,437.0475,965.4948120117188,torso_link,528.4473,1.8678419589996338,1.5355299711227417,10.048595428466797,31.67619514465332,36.0,36.0,False,-0.21091126
127,2.54,0.10478668659925461,-0.21491193650043572,1.2369217,24.744797,1.5359071493148804,36.42097473144531,36.0,0.9090909090909091,"left_hip_pitch_joint,left_hip_roll_joint,left_hip_yaw_joint,left_knee_joint,left_ankle_pitch_joint,left_ankle_roll_joint,right_hip_pitch_joint,right_hip_yaw_joint,right_knee_joint,right_ankle_pitch_joint,right_ankle_roll_joint,waist_yaw_joint,left_shoulder_pitch_joint,left_shoulder_roll_joint,left_shoulder_yaw_joint,left_elbow_joint,right_shoulder_pitch_joint,right_shoulder_roll_joint,right_shoulder_yaw_joint,right_elbow_joint",138.79274,0.0,138.79273986816406,left_ankle_roll_link,138.79274,1.7633864879608154,1.2966361045837402,-18.606290817260742,-23.444202423095703,-36.0,-36.0,False,-0.19073999
128,2.56,0.1158265769481659,-0.31578276871141675,1.1848184,26.431263,1.5930144786834717,36.04194259643555,36.0,0.9545454545454546,"left_hip_pitch_joint,left_hip_roll_joint,left_hip_yaw_joint,left_knee_joint,left_ankle_pitch_joint,right_hip_pitch_joint,right_hip_roll_joint,right_hip_yaw_joint,right_knee_joint,right_ankle_pitch_joint,right_ankle_roll_joint,waist_roll_joint,waist_yaw_joint,left_shoulder_pitch_joint,left_shoulder_roll_joint,left_shoulder_yaw_joint,left_elbow_joint,right_shoulder_pitch_joint,right_shoulder_roll_joint,right_shoulder_yaw_joint,right_elbow_joint",0.0,0.0,0,pelvis,0.0,2.01749587059021,1.4385205507278442,17.030414581298828,31.391605377197266,36.0,36.0,False,-0.20588723
129,2.58,0.1040767952799797,-0.20989368689492638,1.3595743,25.879883,1.523579716682434,36.23759078979492,36.0,0.8636363636363636,"left_hip_pitch_joint,left_hip_roll_joint,left_hip_yaw_joint,left_knee_joint,left_ankle_pitch_joint,left_ankle_roll_joint,right_hip_pitch_joint,right_hip_roll_joint,right_hip_yaw_joint,right_knee_joint,right_ankle_pitch_joint,right_ankle_roll_joint,waist_yaw_joint,left_shoulder_pitch_joint,left_shoulder_roll_joint,left_shoulder_yaw_joint,left_elbow_joint,right_shoulder_pitch_joint,right_elbow_joint",0.0,0.0,160.49932861328125,torso_link,160.49933,1.8935590982437134,1.1917873620986938,-26.039005279541016,-28.8790225982666,-36.0,-36.0,False,-0.1912146
130,2.6,0.10927800834178925,-0.29711541284570053,1.0663655,25.93268,1.5884498357772827,36.02927780151367,36.0,0.9090909090909091,"left_hip_pitch_joint,left_hip_roll_joint,left_hip_yaw_joint,left_knee_joint,left_ankle_pitch_joint,right_hip_pitch_joint,right_hip_yaw_joint,right_knee_joint,right_ankle_pitch_joint,right_ankle_roll_joint,waist_roll_joint,waist_yaw_joint,left_shoulder_pitch_joint,left_shoulder_roll_joint,left_shoulder_yaw_joint,left_elbow_joint,right_shoulder_pitch_joint,right_shoulder_roll_joint,right_shoulder_yaw_joint,right_elbow_joint",0.0,0.0,1201.6966552734375,torso_link,1201.6967,1.936920404434204,1.4075335264205933,8.209333419799805,33.66371536254883,36.0,36.0,False,-0.20899436
131,2.62,0.09356626868247986,-0.16484283767167263,1.3062218,16.040844,1.5669914484024048,36.5013542175293,36.0,0.8636363636363636,"left_hip_pitch_joint,left_hip_roll_joint,left_hip_yaw_joint,left_knee_joint,left_ankle_pitch_joint,left_ankle_roll_joint,right_hip_pitch_joint,right_hip_yaw_joint,right_knee_joint,right_ankle_pitch_joint,right_ankle_roll_joint,waist_yaw_joint,left_shoulder_pitch_joint,left_shoulder_roll_joint,left_shoulder_yaw_joint,left_elbow_joint,right_shoulder_pitch_joint,right_shoulder_yaw_joint,right_elbow_joint",0.0,0.0,0,pelvis,0.0,1.8475667238235474,1.1323440074920654,-19.706619262695312,-26.962390899658203,-36.0,-36.0,False,-0.19568549
132,2.64,0.10110810399055481,-0.2831411970409352,0.9682068,19.687193,1.587198257446289,27.43436050415039,36.0,0.8181818181818182,"left_hip_pitch_joint,left_hip_roll_joint,left_hip_yaw_joint,left_knee_joint,left_ankle_pitch_joint,right_hip_pitch_joint,right_hip_yaw_joint,right_knee_joint,right_ankle_pitch_joint,right_ankle_roll_joint,waist_roll_joint,waist_yaw_joint,left_shoulder_roll_joint,left_elbow_joint,right_shoulder_pitch_joint,right_shoulder_roll_joint,right_shoulder_yaw_joint,right_elbow_joint",0.0,0.0,3696.895751953125,left_hip_yaw_link,2624.8267,2.0116796493530273,1.46416437625885,16.618602752685547,26.87105941772461,36.0,36.0,False,-0.21684307
133,2.66,0.08707333356142044,-0.14095456886721003,1.7067736,27.58615,1.49591064453125,36.15776443481445,36.0,0.7727272727272727,"left_hip_pitch_joint,left_hip_roll_joint,left_knee_joint,left_ankle_pitch_joint,left_ankle_roll_joint,right_hip_pitch_joint,right_hip_yaw_joint,right_knee_joint,right_ankle_pitch_joint,right_ankle_roll_joint,waist_yaw_joint,left_shoulder_pitch_joint,left_shoulder_roll_joint,left_shoulder_yaw_joint,left_elbow_joint,right_shoulder_pitch_joint,right_elbow_joint",315.64148,315.64148,90.85733032226562,left_ankle_roll_link,315.64148,1.8487943410873413,1.04944908618927,-17.112699508666992,-29.79806900024414,-36.0,-36.0,False,-0.20148522
134,2.68,0.09069151431322098,-0.1956501251178442,0.7904323,16.509487,1.64150071144104,30.906505584716797,36.0,0.9545454545454546,"left_hip_pitch_joint,left_hip_roll_joint,left_hip_yaw_joint,left_knee_joint,left_ankle_pitch_joint,right_hip_pitch_joint,right_hip_roll_joint,right_hip_yaw_joint,right_knee_joint,right_ankle_pitch_joint,right_ankle_roll_joint,waist_roll_joint,waist_yaw_joint,left_shoulder_pitch_joint,left_shoulder_roll_joint,left_shoulder_yaw_joint,left_elbow_joint,right_shoulder_pitch_joint,right_shoulder_roll_joint,right_shoulder_yaw_joint,right_elbow_joint",96.66847,96.66847,2281.166748046875,left_hip_yaw_link,2281.1667,1.85923171043396,1.5304092168807983,1.7575403451919556,30.906505584716797,36.0,36.0,False,-0.21275403
135,2.7,0.07988889515399933,-0.10256085032276108,1.2246716,7.617781,1.565860629081726,36.08811950683594,36.0,0.8181818181818182,"left_hip_pitch_joint,left_hip_roll_joint,left_hip_yaw_joint,left_knee_joint,left_ankle_pitch_joint,left_ankle_roll_joint,right_hip_pitch_joint,right_hip_yaw_joint,right_knee_joint,right_ankle_pitch_joint,right_ankle_roll_joint,waist_yaw_joint,left_shoulder_pitch_joint,left_shoulder_roll_joint,left_shoulder_yaw_joint,left_elbow_joint,right_shoulder_pitch_joint,right_elbow_joint",0.0,0.0,0,pelvis,0.0,1.7667075395584106,1.1487094163894653,-18.75787925720215,-32.673091888427734,-36.0,-36.0,False,-0.20613512
136,2.72,0.11067626625299454,-0.2660599922371465,1.6700507,22.379173,1.559004545211792,36.102577209472656,36.0,0.8636363636363636,"left_hip_pitch_joint,left_hip_yaw_joint,left_knee_joint,left_ankle_pitch_joint,right_hip_pitch_joint,right_hip_roll_joint,right_hip_yaw_joint,right_knee_joint,right_ankle_pitch_joint,right_ankle_roll_joint,waist_roll_joint,waist_yaw_joint,left_shoulder_roll_joint,left_shoulder_yaw_joint,left_elbow_joint,right_shoulder_pitch_joint,right_shoulder_roll_joint,right_shoulder_yaw_joint,right_elbow_joint",0.0,0.0,2126.4745178222656,left_knee_link,1931.8502,1.8736428022384644,1.570686936378479,17.848617553710938,35.95765686035156,36.0,36.0,False,-0.21400684
137,2.74,0.11529456079006195,-0.24696570030159815,1.9542133,32.141212,1.4205617904663086,36.189483642578125,36.0,0.8636363636363636,"left_hip_pitch_joint,left_hip_roll_joint,left_hip_yaw_joint,left_knee_joint,left_ankle_pitch_joint,left_ankle_roll_joint,right_hip_pitch_joint,right_hip_roll_joint,right_hip_yaw_joint,right_knee_joint,right_ankle_pitch_joint,right_ankle_roll_joint,waist_yaw_joint,left_shoulder_pitch_joint,left_shoulder_roll_joint,left_shoulder_yaw_joint,left_elbow_joint,right_shoulder_yaw_joint,right_elbow_joint",0.0,0.0,0,pelvis,0.0,1.6891626119613647,1.3203245401382446,-32.46714401245117,-34.81751251220703,-36.0,-36.0,False,-0.19065474
138,2.7600000000000002,0.14334867894649506,-0.32653346071500877,2.083709,23.170214,1.588850736618042,36.3104248046875,36.0,0.9090909090909091,"left_hip_pitch_joint,left_hip_roll_joint,left_hip_yaw_joint,left_knee_joint,left_ankle_pitch_joint,right_hip_pitch_joint,right_hip_yaw_joint,right_knee_joint,right_ankle_pitch_joint,right_ankle_roll_joint,waist_roll_joint,waist_yaw_joint,left_shoulder_pitch_joint,left_shoulder_roll_joint,left_shoulder_yaw_joint,left_elbow_joint,right_shoulder_pitch_joint,right_shoulder_roll_joint,right_shoulder_yaw_joint,right_elbow_joint",0.0,0.0,0,pelvis,0.0,2.0133321285247803,1.303124189376831,29.228042602539062,36.3104248046875,36.0,36.0,False,-0.18428192
139,2.7800000000000002,0.14964033663272858,-0.418055468932069,1.0083015,26.421936,1.3995503187179565,33.74759292602539,36.0,0.9545454545454546,"left_hip_pitch_joint,left_hip_roll_joint,left_hip_yaw_joint,left_knee_joint,left_ankle_pitch_joint,left_ankle_roll_joint,right_hip_pitch_joint,right_hip_yaw_joint,right_knee_joint,right_ankle_pitch_joint,right_ankle_roll_joint,waist_roll_joint,waist_yaw_joint,left_shoulder_pitch_joint,left_shoulder_roll_joint,left_shoulder_yaw_joint,left_elbow_joint,right_shoulder_pitch_joint,right_shoulder_roll_joint,right_shoulder_yaw_joint,right_elbow_joint",0.0,0.0,0,pelvis,0.0,1.7082659006118774,1.5586249828338623,-20.326560974121094,-12.869940757751465,-36.0,-36.0,False,-0.16390431
140,2.8000000000000003,0.16446305811405182,-0.4179767954353879,1.7033311,23.888422,1.7594082355499268,36.09054183959961,36.0,0.8636363636363636,"left_hip_pitch_joint,left_hip_roll_joint,left_knee_joint,left_ankle_pitch_joint,right_hip_pitch_joint,right_hip_roll_joint,right_hip_yaw_joint,right_knee_joint,right_ankle_pitch_joint,right_ankle_roll_joint,waist_yaw_joint,left_shoulder_pitch_joint,left_shoulder_roll_joint,left_shoulder_yaw_joint,left_elbow_joint,right_shoulder_pitch_joint,right_shoulder_roll_joint,right_shoulder_yaw_joint,right_elbow_joint",309.6504,309.6504,0,left_ankle_roll_link,309.6504,2.183889627456665,1.5577425956726074,33.020118713378906,21.949932098388672,36.0,36.0,False,-0.16571857
141,2.82,0.17569132149219513,-0.5146403113051687,0.6275498,31.319666,1.5858973264694214,35.8033561706543,36.0,1.0,"left_hip_pitch_joint,left_hip_roll_joint,left_hip_yaw_joint,left_knee_joint,left_ankle_pitch_joint,left_ankle_roll_joint,right_hip_pitch_joint,right_hip_roll_joint,right_hip_yaw_joint,right_knee_joint,right_ankle_pitch_joint,right_ankle_roll_joint,waist_roll_joint,waist_yaw_joint,left_shoulder_pitch_joint,left_shoulder_roll_joint,left_shoulder_yaw_joint,left_elbow_joint,right_shoulder_pitch_joint,right_shoulder_roll_joint,right_shoulder_yaw_joint,right_elbow_joint",0.0,0.0,332.58154296875,torso_link,332.58154,1.875192403793335,2.020949602127075,-34.240028381347656,16.875099182128906,-36.0,-36.0,False,-0.13738653
142,2.84,0.15960413217544556,-0.37578238581754464,1.3456545,7.749379,1.8981471061706543,33.388858795166016,36.0,0.9545454545454546,"left_hip_pitch_joint,left_hip_roll_joint,left_hip_yaw_joint,left_knee_joint,left_ankle_pitch_joint,right_hip_pitch_joint,right_hip_roll_joint,right_hip_yaw_joint,right_knee_joint,right_ankle_pitch_joint,right_ankle_roll_joint,waist_roll_joint,waist_yaw_joint,left_shoulder_pitch_joint,left_shoulder_roll_joint,left_shoulder_yaw_joint,left_elbow_joint,right_shoulder_pitch_joint,right_shoulder_roll_joint,right_shoulder_yaw_joint,right_elbow_joint",0.0,144.24178,243.91389083862305,right_knee_link,194.07784,2.3226284980773926,1.6057751178741455,23.01413345336914,-33.388858795166016,36.0,-36.0,False,-0.119017094
143,2.86,0.1559721678495407,-0.49254857530343266,1.8356282,11.628857,1.6399787664413452,25.069034576416016,36.0,0.7727272727272727,"left_hip_pitch_joint,left_hip_roll_joint,left_hip_yaw_joint,left_knee_joint,left_ankle_pitch_joint,left_ankle_roll_joint,right_hip_roll_joint,right_knee_joint,right_ankle_roll_joint,waist_yaw_joint,left_shoulder_pitch_joint,left_shoulder_roll_joint,left_shoulder_yaw_joint,left_elbow_joint,right_shoulder_roll_joint,right_shoulder_yaw_joint,right_elbow_joint",0.0,18.722757,545.1739292144775,torso_link,526.4512,1.8308042287826538,2.075031042098999,-21.530445098876953,25.069034576416016,-36.0,36.0,False,-0.10214914
144,2.88,0.13299007713794708,-0.24148070812851508,1.3507309,19.09226,1.9543516635894775,30.658823013305664,36.0,0.8181818181818182,"left_hip_pitch_joint,left_hip_roll_joint,left_hip_yaw_joint,left_knee_joint,left_ankle_pitch_joint,right_hip_roll_joint,right_hip_yaw_joint,right_knee_joint,right_ankle_pitch_joint,right_ankle_roll_joint,waist_yaw_joint,left_shoulder_roll_joint,left_shoulder_yaw_joint,left_elbow_joint,right_shoulder_pitch_joint,right_shoulder_roll_joint,right_shoulder_yaw_joint,right_elbow_joint",0.0,298.23474,298.2347526550293,right_ankle_roll_link,298.23474,2.378833055496216,1.6870696544647217,26.437408447265625,-30.658823013305664,36.0,-36.0,False,-0.08607324
145,2.9,0.11818742752075195,-0.32371285100578717,1.6126307,38.17229,1.7170695066452026,36.266845703125,36.0,1.0,"left_hip_pitch_joint,left_hip_roll_joint,left_hip_yaw_joint,left_knee_joint,left_ankle_pitch_joint,left_ankle_roll_joint,right_hip_pitch_joint,right_hip_roll_joint,right_hip_yaw_joint,right_knee_joint,right_ankle_pitch_joint,right_ankle_roll_joint,waist_roll_joint,waist_yaw_joint,left_shoulder_pitch_joint,left_shoulder_roll_joint,left_shoulder_yaw_joint,left_elbow_joint,right_shoulder_pitch_joint,right_shoulder_roll_joint,right_shoulder_yaw_joint,right_elbow_joint",0.0,509.78876,509.78875732421875,left_knee_link,509.78876,1.8601369857788086,2.1521217823028564,-33.18174743652344,36.266845703125,-36.0,36.0,False,-0.032718442
146,2.92,0.0802633985877037,-0.18533844020558554,2.0587502,33.801308,1.9285833835601807,36.10978317260742,36.0,0.8181818181818182,"left_hip_pitch_joint,left_hip_roll_joint,left_hip_yaw_joint,left_knee_joint,left_ankle_pitch_joint,right_hip_pitch_joint,right_hip_roll_joint,right_hip_yaw_joint,right_knee_joint,right_ankle_pitch_joint,waist_roll_joint,waist_yaw_joint,left_shoulder_pitch_joint,left_shoulder_yaw_joint,left_elbow_joint,right_shoulder_roll_joint,right_shoulder_yaw_joint,right_elbow_joint",0.0,0.0,192.77882385253906,left_knee_link,96.38941,2.353064775466919,1.9290528297424316,35.09173583984375,-36.10978317260742,36.0,-36.0,False,-0.018918373
147,2.94,0.07671666145324707,-0.2239742484659999,1.2115965,38.86258,1.8046866655349731,36.58967971801758,36.0,1.0,"left_hip_pitch_joint,left_hip_roll_joint,left_hip_yaw_joint,left_knee_joint,left_ankle_pitch_joint,left_ankle_roll_joint,right_hip_pitch_joint,right_hip_roll_joint,right_hip_yaw_joint,right_knee_joint,right_ankle_pitch_joint,right_ankle_roll_joint,waist_roll_joint,waist_yaw_joint,left_shoulder_pitch_joint,left_shoulder_roll_joint,left_shoulder_yaw_joint,left_elbow_joint,right_shoulder_pitch_joint,right_shoulder_roll_joint,right_shoulder_yaw_joint,right_elbow_joint",0.0,0.0,0,pelvis,0.0,2.041639804840088,2.239738941192627,-32.4731559753418,36.58967971801758,-36.0,36.0,False,-0.0069882795
148,2.96,0.053915467113256454,-0.1281920261402334,0.62322426,10.932602,1.9424583911895752,28.882028579711914,36.0,0.8636363636363636,"left_hip_pitch_joint,left_hip_roll_joint,left_hip_yaw_joint,left_knee_joint,left_ankle_pitch_joint,right_hip_pitch_joint,right_hip_roll_joint,right_hip_yaw_joint,right_knee_joint,right_ankle_pitch_joint,waist_roll_joint,waist_yaw_joint,left_shoulder_roll_joint,left_shoulder_yaw_joint,left_elbow_joint,right_shoulder_pitch_joint,right_shoulder_roll_joint,right_shoulder_yaw_joint,right_elbow_joint",0.0,0.0,2840.946044921875,right_hip_yaw_link,1983.428,2.3669397830963135,1.9477498531341553,23.344070434570312,-28.882028579711914,36.0,-36.0,False,0.024309605
149,2.98,0.08396731317043304,-0.19082085747099997,3.486234,34.56512,1.8893181085586548,35.94865417480469,36.0,0.9090909090909091,"left_hip_pitch_joint,left_hip_roll_joint,left_knee_joint,left_ankle_pitch_joint,left_ankle_roll_joint,right_hip_pitch_joint,right_hip_roll_joint,right_hip_yaw_joint,right_knee_joint,right_ankle_pitch_joint,right_ankle_roll_joint,waist_roll_joint,waist_yaw_joint,left_shoulder_pitch_joint,left_shoulder_roll_joint,left_shoulder_yaw_joint,left_elbow_joint,right_shoulder_roll_joint,right_shoulder_yaw_joint,right_elbow_joint",0.0,470.41977,940.8395385742188,left_knee_link,470.41977,2.0175344944000244,2.3243703842163086,-29.889822006225586,27.728557586669922,-36.0,36.0,False,0.021275353
150,3.0,0.0955183207988739,-0.28006590979369905,0.53342235,31.431234,1.982349157333374,36.07841491699219,36.0,0.8636363636363636,"left_hip_pitch_joint,left_hip_roll_joint,left_hip_yaw_joint,left_knee_joint,left_ankle_pitch_joint,right_hip_pitch_joint,right_hip_roll_joint,right_hip_yaw_joint,right_knee_joint,right_ankle_pitch_joint,waist_yaw_joint,left_shoulder_pitch_joint,left_shoulder_roll_joint,left_shoulder_yaw_joint,left_elbow_joint,right_shoulder_pitch_joint,right_shoulder_roll_joint,right_shoulder_yaw_joint,right_elbow_joint",0.0,0.0,226.93862915039062,left_knee_link,113.469315,2.4068305492401123,1.955130696296692,31.382722854614258,-35.899662017822266,36.0,-36.0,False,0.015963003
151,3.02,0.11475974321365356,-0.3343022224642067,2.5105982,39.24091,1.906593680381775,36.217079162597656,36.0,1.0,"left_hip_pitch_joint,left_hip_roll_joint,left_hip_yaw_joint,left_knee_joint,left_ankle_pitch_joint,left_ankle_roll_joint,right_hip_pitch_joint,right_hip_roll_joint,right_hip_yaw_joint,right_knee_joint,right_ankle_pitch_joint,right_ankle_roll_joint,waist_roll_joint,waist_yaw_joint,left_shoulder_pitch_joint,left_shoulder_roll_joint,left_shoulder_yaw_joint,left_elbow_joint,right_shoulder_pitch_joint,right_shoulder_roll_joint,right_shoulder_yaw_joint,right_elbow_joint",0.0,0.0,0,pelvis,0.0,1.9837414026260376,2.3416459560394287,-33.19183349609375,36.15800476074219,-36.0,36.0,False,0.016339418
152,3.04,0.12055272608995438,-0.39131695231299757,0.73291224,35.93078,1.9553313255310059,36.251712799072266,36.0,0.9545454545454546,"left_hip_pitch_joint,left_hip_roll_joint,left_hip_yaw_joint,left_knee_joint,left_ankle_pitch_joint,right_hip_pitch_joint,right_hip_roll_joint,right_hip_yaw_joint,right_knee_joint,right_ankle_pitch_joint,right_ankle_roll_joint,waist_roll_joint,waist_yaw_joint,left_shoulder_pitch_joint,left_shoulder_roll_joint,left_shoulder_yaw_joint,left_elbow_joint,right_shoulder_pitch_joint,right_shoulder_roll_joint,right_shoulder_yaw_joint,right_elbow_joint",0.0,0.0,0,pelvis,0.0,2.379812717437744,2.0746800899505615,33.399776458740234,-36.251712799072266,36.0,-36.0,False,0.014917565
153,3.06,0.12689657509326935,-0.3296007149096134,1.8943536,32.001865,2.0039453506469727,29.660842895507812,36.0,1.0,"left_hip_pitch_joint,left_hip_roll_joint,left_hip_yaw_joint,left_knee_joint,left_ankle_pitch_joint,left_ankle_roll_joint,right_hip_pitch_joint,right_hip_roll_joint,right_hip_yaw_joint,right_knee_joint,right_ankle_pitch_joint,right_ankle_roll_joint,waist_roll_joint,waist_yaw_joint,left_shoulder_pitch_joint,left_shoulder_roll_joint,left_shoulder_yaw_joint,left_elbow_joint,right_shoulder_pitch_joint,right_shoulder_roll_joint,right_shoulder_yaw_joint,right_elbow_joint",0.0,0.0,0,pelvis,0.0,2.0076777935028076,2.438997745513916,-27.605022430419922,11.977302551269531,-36.0,36.0,False,0.009850814
154,3.08,0.12653058767318726,-0.4150343203146196,1.0684863,10.639954,2.0190114974975586,25.821636199951172,36.0,0.9545454545454546,"left_hip_pitch_joint,left_hip_roll_joint,left_hip_yaw_joint,left_knee_joint,left_ankle_pitch_joint,right_hip_pitch_joint,right_hip_roll_joint,right_hip_yaw_joint,right_knee_joint,right_ankle_pitch_joint,right_ankle_roll_joint,waist_roll_joint,waist_yaw_joint,left_shoulder_pitch_joint,left_shoulder_roll_joint,left_shoulder_yaw_joint,left_elbow_joint,right_shoulder_pitch_joint,right_shoulder_roll_joint,right_shoulder_yaw_joint,right_elbow_joint",0.0,0.0,262.7165832519531,left_knee_link,131.35829,2.443492889404297,1.889407992362976,-0.00039804005064070225,-24.434555053710938,36.0,-36.0,False,-0.0054488927
155,3.1,0.1133272796869278,-0.12006218137493363,2.631056,43.145084,1.9004253149032593,34.797935485839844,36.0,0.9545454545454546,"left_hip_pitch_joint,left_hip_roll_joint,left_hip_yaw_joint,left_knee_joint,left_ankle_pitch_joint,left_ankle_roll_joint,right_hip_pitch_joint,right_hip_roll_joint,right_hip_yaw_joint,right_knee_joint,right_ankle_pitch_joint,right_ankle_roll_joint,waist_yaw_joint,left_shoulder_pitch_joint,left_shoulder_roll_joint,left_shoulder_yaw_joint,left_elbow_joint,right_shoulder_pitch_joint,right_shoulder_roll_joint,right_shoulder_yaw_joint,right_elbow_joint",0.0,378.88675,378.8867492675781,left_knee_link,378.88675,1.8181957006454468,2.335477590560913,-29.889270782470703,33.67308044433594,-36.0,36.0,False,-0.03236577
156,3.12,0.11630338430404663,-0.37950678499706747,0.8272102,29.403267,1.8842995166778564,36.02992248535156,36.0,0.9545454545454546,"left_hip_pitch_joint,left_hip_roll_joint,left_hip_yaw_joint,left_knee_joint,left_ankle_pitch_joint,right_hip_pitch_joint,right_hip_roll_joint,right_hip_yaw_joint,right_knee_joint,right_ankle_pitch_joint,right_ankle_roll_joint,waist_roll_joint,waist_yaw_joint,left_shoulder_pitch_joint,left_shoulder_roll_joint,left_shoulder_yaw_joint,left_elbow_joint,right_shoulder_pitch_joint,right_shoulder_roll_joint,right_shoulder_yaw_joint,right_elbow_joint",0.0,0.0,857.2152709960938,left_knee_link,428.60764,2.3087809085845947,1.9899754524230957,33.59441375732422,-35.9582633972168,36.0,-36.0,False,-0.08136669
157,3.14,0.09261394292116165,-0.07194505729801337,2.4674926,38.683582,1.935707688331604,28.443984985351562,36.0,1.0,"left_hip_pitch_joint,left_hip_roll_joint,left_hip_yaw_joint,left_knee_joint,left_ankle_pitch_joint,left_ankle_roll_joint,right_hip_pitch_joint,right_hip_roll_joint,right_hip_yaw_joint,right_knee_joint,right_ankle_pitch_joint,right_ankle_roll_joint,waist_roll_joint,waist_yaw_joint,left_shoulder_pitch_joint,left_shoulder_roll_joint,left_shoulder_yaw_joint,left_elbow_joint,right_shoulder_pitch_joint,right_shoulder_roll_joint,right_shoulder_yaw_joint,right_elbow_joint",0.0,0.0,1014.0150756835938,left_hip_yaw_link,1014.0151,1.909085988998413,2.370759963989258,-26.196239471435547,23.481067657470703,-36.0,36.0,False,-0.11073288
158,3.16,0.11416076868772507,-0.3621511673423825,0.88516635,30.785423,1.9147882461547852,36.46584701538086,36.0,0.8636363636363636,"left_hip_pitch_joint,left_hip_roll_joint,left_hip_yaw_joint,left_knee_joint,left_ankle_pitch_joint,right_hip_pitch_joint,right_hip_yaw_joint,right_knee_joint,right_ankle_pitch_joint,right_ankle_roll_joint,waist_roll_joint,waist_yaw_joint,left_shoulder_pitch_joint,left_shoulder_yaw_joint,left_elbow_joint,right_shoulder_pitch_joint,right_shoulder_roll_joint,right_shoulder_yaw_joint,right_elbow_joint",0.0,86.16508,86.16507720947266,left_hip_yaw_link,86.16508,2.3392696380615234,2.130375862121582,34.415855407714844,-26.026376724243164,36.0,-36.0,False,-0.16541626
159,3.18,0.08986642211675644,-0.10196456652913533,2.091598,38.889034,2.0096731185913086,28.75896644592285,36.0,0.9090909090909091,"left_hip_roll_joint,left_hip_yaw_joint,left_knee_joint,left_ankle_pitch_joint,left_ankle_roll_joint,right_hip_pitch_joint,right_hip_yaw_joint,right_knee_joint,right_ankle_pitch_joint,right_ankle_roll_joint,waist_roll_joint,waist_yaw_joint,left_shoulder_pitch_joint,left_shoulder_roll_joint,left_shoulder_yaw_joint,left_elbow_joint,right_shoulder_pitch_joint,right_shoulder_roll_joint,right_shoulder_yaw_joint,right_elbow_joint",0.0,0.0,0,pelvis,0.0,1.950408697128296,2.444725275039673,-27.037076950073242,-1.456106185913086,-36.0,36.0,False,-0.17787553
160,3.2,0.10848130285739899,-0.3204313724245651,1.2347866,39.080105,1.9691617488861084,36.177310943603516,36.0,0.9545454545454546,"left_hip_pitch_joint,left_hip_roll_joint,left_hip_yaw_joint,left_knee_joint,left_ankle_pitch_joint,right_hip_pitch_joint,right_hip_roll_joint,right_hip_yaw_joint,right_knee_joint,right_ankle_pitch_joint,right_ankle_roll_joint,waist_roll_joint,waist_yaw_joint,left_shoulder_pitch_joint,left_shoulder_roll_joint,left_shoulder_yaw_joint,left_elbow_joint,right_shoulder_pitch_joint,right_shoulder_roll_joint,right_shoulder_yaw_joint,right_elbow_joint",0.0,217.58273,0,right_ankle_roll_link,217.58273,2.3936431407928467,1.8792024850845337,34.82550811767578,-33.94159698486328,36.0,-36.0,False,-0.20016968
161,3.22,0.09842107445001602,-0.0891539245046733,1.4949692,29.50384,1.9334527254104614,36.16925811767578,36.0,1.0,"left_hip_pitch_joint,left_hip_roll_joint,left_hip_yaw_joint,left_knee_joint,left_ankle_pitch_joint,left_ankle_roll_joint,right_hip_pitch_joint,right_hip_roll_joint,right_hip_yaw_joint,right_knee_joint,right_ankle_pitch_joint,right_ankle_roll_joint,waist_roll_joint,waist_yaw_joint,left_shoulder_pitch_joint,left_shoulder_roll_joint,left_shoulder_yaw_joint,left_elbow_joint,right_shoulder_pitch_joint,right_shoulder_roll_joint,right_shoulder_yaw_joint,right_elbow_joint",0.0,0.0,0,pelvis,0.0,2.0118749141693115,2.3685050010681152,-33.19638442993164,30.928556442260742,-36.0,36.0,False,-0.188674
162,3.24,0.11576904356479645,-0.23769961892699065,1.1168287,42.4786,1.969391107559204,36.16094207763672,36.0,0.9090909090909091,"left_hip_roll_joint,left_hip_yaw_joint,left_knee_joint,left_ankle_pitch_joint,right_hip_pitch_joint,right_hip_roll_joint,right_hip_yaw_joint,right_knee_joint,right_ankle_pitch_joint,right_ankle_roll_joint,waist_roll_joint,waist_yaw_joint,left_shoulder_pitch_joint,left_shoulder_roll_joint,left_shoulder_yaw_joint,left_elbow_joint,right_shoulder_pitch_joint,right_shoulder_roll_joint,right_shoulder_yaw_joint,right_elbow_joint",0.0,0.0,0,pelvis,0.0,2.3938724994659424,1.9880330562591553,28.891141891479492,-34.21843719482422,36.0,-36.0,False,-0.18498647
163,3.2600000000000002,0.11620622873306274,-0.18728576689075283,1.3524994,23.952608,1.9222248792648315,36.27661895751953,36.0,0.9545454545454546,"left_hip_roll_joint,left_hip_yaw_joint,left_knee_joint,left_ankle_pitch_joint,left_ankle_roll_joint,right_hip_pitch_joint,right_hip_roll_joint,right_hip_yaw_joint,right_knee_joint,right_ankle_pitch_joint,right_ankle_roll_joint,waist_roll_joint,waist_yaw_joint,left_shoulder_pitch_joint,left_shoulder_roll_joint,left_shoulder_yaw_joint,left_elbow_joint,right_shoulder_pitch_joint,right_shoulder_roll_joint,right_shoulder_yaw_joint,right_elbow_joint",0.0,144.26387,144.2638702392578,left_knee_link,144.26387,1.929691195487976,2.3572771549224854,-34.72526550292969,29.446857452392578,-36.0,36.0,False,-0.17214039
164,3.2800000000000002,0.11439868807792664,-0.2044559381126323,0.9555678,38.651886,1.9559059143066406,36.1723518371582,36.0,0.9090909090909091,"left_hip_pitch_joint,left_hip_roll_joint,left_hip_yaw_joint,left_knee_joint,left_ankle_pitch_joint,right_hip_pitch_joint,right_hip_roll_joint,right_hip_yaw_joint,right_knee_joint,right_ankle_pitch_joint,right_ankle_roll_joint,waist_roll_joint,waist_yaw_joint,left_shoulder_pitch_joint,left_shoulder_yaw_joint,left_elbow_joint,right_shoulder_pitch_joint,right_shoulder_roll_joint,right_shoulder_yaw_joint,right_elbow_joint",0.0,0.0,0,pelvis,0.0,2.380387306213379,1.958510160446167,33.733768463134766,-32.39004135131836,36.0,-36.0,False,-0.14582111
165,3.3000000000000003,0.10241404920816422,-0.10027010075701703,1.3927565,27.05501,1.9553946256637573,36.849727630615234,36.0,1.0,"left_hip_pitch_joint,left_hip_roll_joint,left_hip_yaw_joint,left_knee_joint,left_ankle_pitch_joint,left_ankle_roll_joint,right_hip_pitch_joint,right_hip_roll_joint,right_hip_yaw_joint,right_knee_joint,right_ankle_pitch_joint,right_ankle_roll_joint,waist_roll_joint,waist_yaw_joint,left_shoulder_pitch_joint,left_shoulder_roll_joint,left_shoulder_yaw_joint,left_elbow_joint,right_shoulder_pitch_joint,right_shoulder_roll_joint,right_shoulder_yaw_joint,right_elbow_joint",980.0941,0.0,748.8826904296875,left_ankle_roll_link,980.0941,2.007951021194458,2.390446901321411,-26.76834487915039,26.739227294921875,-36.0,36.0,False,-0.09397022
166,3.3200000000000003,0.11075786501169205,-0.06909932474406633,0.73362356,23.23895,2.019054412841797,29.406824111938477,36.0,0.8636363636363636,"left_hip_pitch_joint,left_hip_roll_joint,left_hip_yaw_joint,left_knee_joint,left_ankle_pitch_joint,right_hip_pitch_joint,right_hip_roll_joint,right_hip_yaw_joint,right_knee_joint,right_ankle_pitch_joint,right_ankle_roll_joint,waist_roll_joint,waist_yaw_joint,left_shoulder_pitch_joint,left_shoulder_yaw_joint,left_elbow_joint,right_shoulder_roll_joint,right_shoulder_yaw_joint,right_elbow_joint",0.0,0.0,0,pelvis,0.0,2.443535804748535,1.9613146781921387,0.06613950431346893,-24.569570541381836,36.0,-36.0,False,-0.032419253
167,3.34,0.12941069900989532,-0.15204435680252182,1.8714743,22.621572,1.968572974205017,36.663516998291016,36.0,0.9545454545454546,"left_hip_pitch_joint,left_hip_roll_joint,left_hip_yaw_joint,left_knee_joint,left_ankle_pitch_joint,left_ankle_roll_joint,right_hip_pitch_joint,right_hip_roll_joint,right_hip_yaw_joint,right_knee_joint,right_ankle_pitch_joint,right_ankle_roll_joint,waist_roll_joint,waist_yaw_joint,left_shoulder_pitch_joint,left_shoulder_roll_joint,left_shoulder_yaw_joint,left_elbow_joint,right_shoulder_roll_joint,right_shoulder_yaw_joint,right_elbow_joint",976.579,699.632,1681.9522094726562,left_ankle_roll_link,976.579,1.9362850189208984,2.403625249862671,-18.297157287597656,21.736848831176758,-36.0,36.0,False,0.0150151625
168,3.36,0.13093632459640503,-0.0779880713753176,1.1224275,28.709167,1.9563484191894531,36.248844146728516,36.0,1.0,"left_hip_pitch_joint,left_hip_roll_joint,left_hip_yaw_joint,left_knee_joint,left_ankle_pitch_joint,left_ankle_roll_joint,right_hip_pitch_joint,right_hip_roll_joint,right_hip_yaw_joint,right_knee_joint,right_ankle_pitch_joint,right_ankle_roll_joint,waist_roll_joint,waist_yaw_joint,left_shoulder_pitch_joint,left_shoulder_roll_joint,left_shoulder_yaw_joint,left_elbow_joint,right_shoulder_pitch_joint,right_shoulder_roll_joint,right_shoulder_yaw_joint,right_elbow_joint",0.0,0.0,0,pelvis,0.0,2.3808298110961914,2.129254102706909,36.248844146728516,-30.00244140625,36.0,-36.0,False,0.057495616
169,3.38,0.13949641585350037,-0.1401743846228971,2.020181,24.44403,2.0084691047668457,36.416717529296875,36.0,1.0,"left_hip_pitch_joint,left_hip_roll_joint,left_hip_yaw_joint,left_knee_joint,left_ankle_pitch_joint,left_ankle_roll_joint,right_hip_pitch_joint,right_hip_roll_joint,right_hip_yaw_joint,right_knee_joint,right_ankle_pitch_joint,right_ankle_roll_joint,waist_roll_joint,waist_yaw_joint,left_shoulder_pitch_joint,left_shoulder_roll_joint,left_shoulder_yaw_joint,left_elbow_joint,right_shoulder_pitch_joint,right_shoulder_roll_joint,right_shoulder_yaw_joint,right_elbow_joint",225.21158,0.0,0,left_ankle_roll_link,225.21158,2.0931708812713623,2.443521499633789,-25.29097557067871,5.566627502441406,-36.0,36.0,False,0.04774124
170,3.4,0.14918655157089233,-0.07371410084483188,0.8844901,25.657293,1.8509178161621094,37.67646789550781,36.0,0.9090909090909091,"left_hip_pitch_joint,left_hip_roll_joint,left_hip_yaw_joint,left_knee_joint,left_ankle_pitch_joint,left_ankle_roll_joint,right_hip_pitch_joint,right_hip_roll_joint,right_hip_yaw_joint,right_knee_joint,right_ankle_roll_joint,waist_roll_joint,waist_yaw_joint,left_shoulder_pitch_joint,left_shoulder_roll_joint,left_shoulder_yaw_joint,left_elbow_joint,right_shoulder_roll_joint,right_shoulder_yaw_joint,right_elbow_joint",669.41614,113.7993,669.4161376953125,pelvis,669.41614,2.2753992080688477,2.1161627769470215,13.270796775817871,-28.54938507080078,36.0,-36.0,False,0.04884567
171,3.42,0.17261649668216705,-0.15075368553883273,1.6740141,21.093061,1.9561575651168823,29.553699493408203,36.0,1.0,"left_hip_pitch_joint,left_hip_roll_joint,left_hip_yaw_joint,left_knee_joint,left_ankle_pitch_joint,left_ankle_roll_joint,right_hip_pitch_joint,right_hip_roll_joint,right_hip_yaw_joint,right_knee_joint,right_ankle_pitch_joint,right_ankle_roll_joint,waist_roll_joint,waist_yaw_joint,left_shoulder_pitch_joint,left_shoulder_roll_joint,left_shoulder_yaw_joint,left_elbow_joint,right_shoulder_pitch_joint,right_shoulder_roll_joint,right_shoulder_yaw_joint,right_elbow_joint",222.10196,0.0,682.2627563476562,right_knee_link,386.7584,2.035810947418213,2.391209840774536,0.47604453563690186,15.124390602111816,-36.0,36.0,False,0.04305026
172,3.44,0.1967761367559433,-0.0480151413563874,0.8265476,12.784362,1.6921299695968628,36.219032287597656,36.0,0.9545454545454546,"left_hip_pitch_joint,left_hip_roll_joint,left_hip_yaw_joint,left_knee_joint,left_ankle_pitch_joint,right_hip_pitch_joint,right_hip_roll_joint,right_hip_yaw_joint,right_knee_joint,right_ankle_pitch_joint,right_ankle_roll_joint,waist_roll_joint,waist_yaw_joint,left_shoulder_pitch_joint,left_shoulder_roll_joint,left_shoulder_yaw_joint,left_elbow_joint,right_shoulder_pitch_joint,right_shoulder_roll_joint,right_shoulder_yaw_joint,right_elbow_joint",0.0,0.0,0,pelvis,0.0,2.086146354675293,2.1271822452545166,2.198822021484375,-25.745281219482422,-36.0,-36.0,False,0.05381585
173,3.46,0.21091200411319733,-0.21208687003449,0.85040677,22.103659,1.9790784120559692,32.788333892822266,36.0,0.8181818181818182,"left_hip_roll_joint,left_hip_yaw_joint,left_knee_joint,right_hip_pitch_joint,right_hip_roll_joint,right_hip_yaw_joint,right_knee_joint,right_ankle_pitch_joint,right_ankle_roll_joint,waist_yaw_joint,left_shoulder_pitch_joint,left_shoulder_roll_joint,left_shoulder_yaw_joint,left_elbow_joint,right_shoulder_pitch_joint,right_shoulder_roll_joint,right_shoulder_yaw_joint,right_elbow_joint",845.0608,0.0,845.060791015625,left_ankle_roll_link,845.0608,1.8524094820022583,2.414130687713623,8.971923828125,15.62358570098877,-36.0,36.0,False,0.045873284
174,3.48,0.21140721440315247,0.004110646157741371,0.7589538,23.27584,1.6113678216934204,36.12529754638672,36.0,0.9545454545454546,"left_hip_pitch_joint,left_hip_yaw_joint,left_knee_joint,left_ankle_pitch_joint,left_ankle_roll_joint,right_hip_pitch_joint,right_hip_roll_joint,right_hip_yaw_joint,right_knee_joint,right_ankle_pitch_joint,right_ankle_roll_joint,waist_roll_joint,waist_yaw_joint,left_shoulder_pitch_joint,left_shoulder_roll_joint,left_shoulder_yaw_joint,left_elbow_joint,right_shoulder_pitch_joint,right_shoulder_roll_joint,right_shoulder_yaw_joint,right_elbow_joint",0.0,0.0,0,pelvis,0.0,2.034712553024292,2.046420097351074,2.9542720317840576,-32.40325164794922,-36.0,-36.0,False,0.057508454
175,3.5,0.22563457489013672,-0.21350787691206108,1.0501436,28.122375,2.008843421936035,34.48876953125,36.0,0.9090909090909091,"left_hip_roll_joint,left_hip_yaw_joint,left_knee_joint,left_ankle_pitch_joint,right_hip_pitch_joint,right_hip_roll_joint,right_hip_yaw_joint,right_knee_joint,right_ankle_pitch_joint,right_ankle_roll_joint,waist_roll_joint,waist_yaw_joint,left_shoulder_pitch_joint,left_shoulder_roll_joint,left_shoulder_yaw_joint,left_elbow_joint,right_shoulder_pitch_joint,right_shoulder_roll_joint,right_shoulder_yaw_joint,right_elbow_joint",0.0,0.0,0,pelvis,0.0,1.4933539628982544,2.4438958168029785,-14.956661224365234,11.965673446655273,-36.0,36.0,False,0.040921472
176,3.52,0.19910606741905212,0.04272727973121704,1.0197762,23.762817,1.669349193572998,35.74935531616211,36.0,1.0,"left_hip_pitch_joint,left_hip_roll_joint,left_hip_yaw_joint,left_knee_joint,left_ankle_pitch_joint,left_ankle_roll_joint,right_hip_pitch_joint,right_hip_roll_joint,right_hip_yaw_joint,right_knee_joint,right_ankle_pitch_joint,right_ankle_roll_joint,waist_roll_joint,waist_yaw_joint,left_shoulder_pitch_joint,left_shoulder_roll_joint,left_shoulder_yaw_joint,left_elbow_joint,right_shoulder_pitch_joint,right_shoulder_roll_joint,right_shoulder_yaw_joint,right_elbow_joint",325.02698,0.0,325.0269775390625,left_ankle_roll_link,325.02698,2.0938305854797363,1.9416955709457397,34.25795364379883,-32.85481643676758,36.0,-36.0,False,0.046387635
177,3.54,0.20763956010341644,-0.16883952193860985,1.355061,36.197216,1.9617270231246948,36.22799301147461,36.0,0.9090909090909091,"left_hip_pitch_joint,left_hip_roll_joint,left_hip_yaw_joint,left_knee_joint,right_hip_pitch_joint,right_hip_roll_joint,right_hip_yaw_joint,right_knee_joint,right_ankle_pitch_joint,right_ankle_roll_joint,waist_roll_joint,waist_yaw_joint,left_shoulder_pitch_joint,left_shoulder_roll_joint,left_shoulder_yaw_joint,left_elbow_joint,right_shoulder_pitch_joint,right_shoulder_roll_joint,right_shoulder_yaw_joint,right_elbow_joint",0.0,0.0,0,pelvis,0.0,1.6793073415756226,2.3967792987823486,-35.4009895324707,28.896207809448242,-36.0,36.0,False,0.018461436
178,3.56,0.17978645861148834,0.01847190581766789,1.1015445,24.704645,1.6585614681243896,36.200801849365234,36.0,0.9545454545454546,"left_hip_pitch_joint,left_hip_roll_joint,left_hip_yaw_joint,left_knee_joint,left_ankle_pitch_joint,left_ankle_roll_joint,right_hip_pitch_joint,right_hip_roll_joint,right_hip_yaw_joint,right_knee_joint,right_ankle_pitch_joint,right_ankle_roll_joint,waist_roll_joint,waist_yaw_joint,left_shoulder_roll_joint,left_shoulder_yaw_joint,left_elbow_joint,right_shoulder_pitch_joint,right_shoulder_roll_joint,right_shoulder_yaw_joint,right_elbow_joint",0.0,0.0,0,pelvis,0.0,2.083042860031128,2.0360844135284424,35.780250549316406,-31.689449310302734,36.0,-36.0,False,0.022067733
179,3.58,0.1792244017124176,-0.09608176545141589,1.5309423,31.292685,2.0088558197021484,35.19180679321289,36.0,0.9090909090909091,"left_hip_roll_joint,left_hip_yaw_joint,left_knee_joint,left_ankle_pitch_joint,right_hip_pitch_joint,right_hip_roll_joint,right_hip_yaw_joint,right_knee_joint,right_ankle_pitch_joint,right_ankle_roll_joint,waist_roll_joint,waist_yaw_joint,left_shoulder_pitch_joint,left_shoulder_roll_joint,left_shoulder_yaw_joint,left_elbow_joint,right_shoulder_pitch_joint,right_shoulder_roll_joint,right_shoulder_yaw_joint,right_elbow_joint",0.0,0.0,0,pelvis,0.0,1.8327221870422363,2.443908214569092,-14.359012603759766,16.6959285736084,-36.0,36.0,False,-0.011073045
180,3.6,0.13647057116031647,0.1647846626509154,2.3935728,19.962812,1.9741928577423096,36.10899353027344,36.0,1.0,"left_hip_pitch_joint,left_hip_roll_joint,left_hip_yaw_joint,left_knee_joint,left_ankle_pitch_joint,left_ankle_roll_joint,right_hip_pitch_joint,right_hip_roll_joint,right_hip_yaw_joint,right_knee_joint,right_ankle_pitch_joint,right_ankle_roll_joint,waist_roll_joint,waist_yaw_joint,left_shoulder_pitch_joint,left_shoulder_roll_joint,left_shoulder_yaw_joint,left_elbow_joint,right_shoulder_pitch_joint,right_shoulder_roll_joint,right_shoulder_yaw_joint,right_elbow_joint",0.0,0.0,0,pelvis,0.0,2.398674249649048,1.9442193508148193,35.84479904174805,-28.616594314575195,36.0,-36.0,False,-0.003825169
181,3.62,0.12505494058132172,-0.011022926122647325,1.9261757,34.22193,1.9827426671981812,36.569007873535156,36.0,0.9090909090909091,"left_hip_pitch_joint,left_hip_roll_joint,left_hip_yaw_joint,left_knee_joint,left_ankle_pitch_joint,right_hip_pitch_joint,right_hip_roll_joint,right_hip_yaw_joint,right_knee_joint,right_ankle_pitch_joint,right_ankle_roll_joint,waist_yaw_joint,left_shoulder_pitch_joint,left_shoulder_roll_joint,left_shoulder_yaw_joint,left_elbow_joint,right_shoulder_pitch_joint,right_shoulder_roll_joint,right_shoulder_yaw_joint,right_elbow_joint",0.0,471.5096,471.5096130371094,left_knee_link,471.5096,2.0284550189971924,2.417794942855835,-32.96964645385742,28.87153434753418,-36.0,36.0,False,-0.040293176
182,3.64,0.08758872002363205,0.07782573427572004,1.7911872,25.303453,1.9890213012695312,36.15705490112305,36.0,1.0,"left_hip_pitch_joint,left_hip_roll_joint,left_hip_yaw_joint,left_knee_joint,left_ankle_pitch_joint,left_ankle_roll_joint,right_hip_pitch_joint,right_hip_roll_joint,right_hip_yaw_joint,right_knee_joint,right_ankle_pitch_joint,right_ankle_roll_joint,waist_roll_joint,waist_yaw_joint,left_shoulder_pitch_joint,left_shoulder_roll_joint,left_shoulder_yaw_joint,left_elbow_joint,right_shoulder_pitch_joint,right_shoulder_roll_joint,right_shoulder_yaw_joint,right_elbow_joint",0.0,0.0,0,pelvis,0.0,2.4135026931762695,1.9971365928649902,35.122047424316406,-31.321491241455078,36.0,-36.0,False,-0.032823704
183,3.66,0.06649819761514664,0.019464948613982624,2.5523543,29.83962,2.0084643363952637,36.33843994140625,36.0,0.9545454545454546,"left_hip_pitch_joint,left_hip_roll_joint,left_hip_yaw_joint,left_knee_joint,left_ankle_pitch_joint,right_hip_pitch_joint,right_hip_roll_joint,right_hip_yaw_joint,right_knee_joint,right_ankle_pitch_joint,right_ankle_roll_joint,waist_roll_joint,waist_yaw_joint,left_shoulder_pitch_joint,left_shoulder_roll_joint,left_shoulder_yaw_joint,left_elbow_joint,right_shoulder_pitch_joint,right_shoulder_roll_joint,right_shoulder_yaw_joint,right_elbow_joint",744.3008,0.0,1050.3344116210938,left_ankle_roll_link,744.3008,2.0691380500793457,2.443516492843628,-18.8118953704834,11.462103843688965,-36.0,36.0,False,-0.06985922
184,3.68,0.0371297262609005,0.10235925245255784,0.4364818,22.788649,2.019033432006836,36.144596099853516,36.0,0.9090909090909091,"left_hip_pitch_joint,left_hip_roll_joint,left_hip_yaw_joint,left_knee_joint,left_ankle_pitch_joint,left_ankle_roll_joint,right_hip_pitch_joint,right_hip_roll_joint,right_hip_yaw_joint,right_knee_joint,right_ankle_pitch_joint,waist_roll_joint,waist_yaw_joint,left_shoulder_pitch_joint,left_shoulder_yaw_joint,left_elbow_joint,right_shoulder_pitch_joint,right_shoulder_roll_joint,right_shoulder_yaw_joint,right_elbow_joint",0.0,0.0,1089.7237548828125,torso_link,1089.7238,2.443514823913574,1.9235893487930298,-0.056929804384708405,-28.787109375,36.0,-36.0,False,-0.061167996
185,3.7,0.03722023963928223,0.11032200752941002,1.2938387,31.106035,1.8433698415756226,36.27134323120117,36.0,1.0,"left_hip_pitch_joint,left_hip_roll_joint,left_hip_yaw_joint,left_knee_joint,left_ankle_pitch_joint,left_ankle_roll_joint,right_hip_pitch_joint,right_hip_roll_joint,right_hip_yaw_joint,right_knee_joint,right_ankle_pitch_joint,right_ankle_roll_joint,waist_roll_joint,waist_yaw_joint,left_shoulder_pitch_joint,left_shoulder_roll_joint,left_shoulder_yaw_joint,left_elbow_joint,right_shoulder_pitch_joint,right_shoulder_roll_joint,right_shoulder_yaw_joint,right_elbow_joint",317.35687,0.0,450.6345672607422,left_ankle_roll_link,317.35687,1.8880565166473389,2.2784221172332764,-30.795448303222656,19.878849029541016,-36.0,36.0,False,-0.07081741
186,3.72,0.0381908118724823,0.1352804361575224,0.7280533,21.512077,1.750495433807373,36.0681266784668,36.0,0.9545454545454546,"left_hip_pitch_joint,left_hip_roll_joint,left_hip_yaw_joint,left_knee_joint,left_ankle_pitch_joint,left_ankle_roll_joint,right_hip_pitch_joint,right_hip_roll_joint,right_hip_yaw_joint,right_knee_joint,right_ankle_pitch_joint,waist_roll_joint,waist_yaw_joint,left_shoulder_pitch_joint,left_shoulder_roll_joint,left_shoulder_yaw_joint,left_elbow_joint,right_shoulder_pitch_joint,right_shoulder_roll_joint,right_shoulder_yaw_joint,right_elbow_joint",0.0,0.0,0,pelvis,0.0,2.1749768257141113,1.810235619544983,36.0681266784668,-32.09217834472656,36.0,-36.0,False,-0.014508365
187,3.74,0.05527818948030472,0.14159218206867763,1.4862658,21.183062,1.854617953300476,26.13142204284668,36.0,1.0,"left_hip_pitch_joint,left_hip_roll_joint,left_hip_yaw_joint,left_knee_joint,left_ankle_pitch_joint,left_ankle_roll_joint,right_hip_pitch_joint,right_hip_roll_joint,right_hip_yaw_joint,right_knee_joint,right_ankle_pitch_joint,right_ankle_roll_joint,waist_roll_joint,waist_yaw_joint,left_shoulder_pitch_joint,left_shoulder_roll_joint,left_shoulder_yaw_joint,left_elbow_joint,right_shoulder_pitch_joint,right_shoulder_roll_joint,right_shoulder_yaw_joint,right_elbow_joint",0.0,0.0,0,pelvis,0.0,2.197556972503662,2.28967022895813,-1.9813162088394165,17.601465225219727,-36.0,36.0,False,0.0003260551
188,3.7600000000000002,0.038011036813259125,0.13616172729875586,0.68438333,10.562821,1.5902785062789917,25.566957473754883,36.0,0.9545454545454546,"left_hip_pitch_joint,left_hip_roll_joint,left_hip_yaw_joint,left_knee_joint,left_ankle_pitch_joint,left_ankle_roll_joint,right_hip_pitch_joint,right_hip_roll_joint,right_hip_yaw_joint,right_knee_joint,right_ankle_pitch_joint,waist_roll_joint,waist_yaw_joint,left_shoulder_pitch_joint,left_shoulder_roll_joint,left_shoulder_yaw_joint,left_elbow_joint,right_shoulder_pitch_joint,right_shoulder_roll_joint,right_shoulder_yaw_joint,right_elbow_joint",0.0,0.0,0,pelvis,0.0,1.9783856868743896,1.793239712715149,-18.54730796813965,-25.566957473754883,-36.0,-36.0,False,0.014184338
189,3.7800000000000002,0.06647580116987228,0.12927399353733904,2.879398,24.015379,1.8813198804855347,36.08943176269531,36.0,0.9545454545454546,"left_hip_roll_joint,left_hip_yaw_joint,left_knee_joint,left_ankle_pitch_joint,left_ankle_roll_joint,right_hip_pitch_joint,right_hip_roll_joint,right_hip_yaw_joint,right_knee_joint,right_ankle_pitch_joint,right_ankle_roll_joint,waist_roll_joint,waist_yaw_joint,left_shoulder_pitch_joint,left_shoulder_roll_joint,left_shoulder_yaw_joint,left_elbow_joint,right_shoulder_pitch_joint,right_shoulder_roll_joint,right_shoulder_yaw_joint,right_elbow_joint",0.0,0.0,308.5079650878906,left_hip_yaw_link,308.50797,1.9676485061645508,2.3163721561431885,23.78546905517578,30.872764587402344,36.0,36.0,False,0.009346303
190,3.8000000000000003,0.07127337157726288,0.04042708298268094,1.1764939,19.536358,1.6845698356628418,33.73957061767578,36.0,0.9545454545454546,"left_hip_pitch_joint,left_hip_roll_joint,left_hip_yaw_joint,left_knee_joint,left_ankle_pitch_joint,left_ankle_roll_joint,right_hip_pitch_joint,right_hip_roll_joint,right_hip_yaw_joint,right_knee_joint,right_ankle_pitch_joint,waist_roll_joint,waist_yaw_joint,left_shoulder_pitch_joint,left_shoulder_roll_joint,left_shoulder_yaw_joint,left_elbow_joint,right_shoulder_pitch_joint,right_shoulder_roll_joint,right_shoulder_yaw_joint,right_elbow_joint",0.0,0.0,0,pelvis,0.0,2.10905122756958,1.9718204736709595,-6.444624423980713,-29.834012985229492,-36.0,-36.0,False,0.020542428
191,3.8200000000000003,0.07508767396211624,0.07675360059621106,1.0964075,16.39504,1.9784883260726929,36.07180404663086,36.0,1.0,"left_hip_pitch_joint,left_hip_roll_joint,left_hip_yaw_joint,left_knee_joint,left_ankle_pitch_joint,left_ankle_roll_joint,right_hip_pitch_joint,right_hip_roll_joint,right_hip_yaw_joint,right_knee_joint,right_ankle_pitch_joint,right_ankle_roll_joint,waist_roll_joint,waist_yaw_joint,left_shoulder_pitch_joint,left_shoulder_roll_joint,left_shoulder_yaw_joint,left_elbow_joint,right_shoulder_pitch_joint,right_shoulder_roll_joint,right_shoulder_yaw_joint,right_elbow_joint",86.24276,0.0,172.4855194091797,left_hip_yaw_link,86.24276,1.4900808334350586,2.4135406017303467,-30.375484466552734,14.203166007995605,-36.0,36.0,False,0.012257107
192,3.84,0.08412306755781174,-0.11386596347110789,0.8657191,21.932268,1.587309718132019,34.61356735229492,36.0,0.8636363636363636,"left_hip_pitch_joint,left_hip_roll_joint,left_hip_yaw_joint,left_knee_joint,left_ankle_pitch_joint,left_ankle_roll_joint,right_hip_pitch_joint,right_hip_roll_joint,right_hip_yaw_joint,right_knee_joint,right_ankle_pitch_joint,waist_yaw_joint,left_shoulder_pitch_joint,left_shoulder_roll_joint,left_shoulder_yaw_joint,left_elbow_joint,right_shoulder_roll_joint,right_shoulder_yaw_joint,right_elbow_joint",0.0,0.0,0,pelvis,0.0,1.9090217351913452,1.9768080711364746,34.61356735229492,-28.667415618896484,36.0,-36.0,False,0.006485628
193,3.86,0.07779635488986969,-0.11323236623460708,1.1579611,24.118986,1.99565851688385,36.18363571166992,36.0,0.9545454545454546,"left_hip_pitch_joint,left_hip_roll_joint,left_hip_yaw_joint,left_knee_joint,left_ankle_pitch_joint,left_ankle_roll_joint,right_hip_roll_joint,right_hip_yaw_joint,right_knee_joint,right_ankle_pitch_joint,right_ankle_roll_joint,waist_roll_joint,waist_yaw_joint,left_shoulder_pitch_joint,left_shoulder_roll_joint,left_shoulder_yaw_joint,left_elbow_joint,right_shoulder_pitch_joint,right_shoulder_roll_joint,right_shoulder_yaw_joint,right_elbow_joint",0.0,0.0,2319.14599609375,torso_link,2319.146,1.5187851190567017,2.430710792541504,-24.97163963317871,19.67047119140625,-36.0,36.0,False,-0.015120499
194,3.88,0.07598571479320526,-0.20197142916266841,1.2474121,17.835318,1.6148681640625,35.22413635253906,36.0,0.9545454545454546,"left_hip_pitch_joint,left_hip_roll_joint,left_hip_yaw_joint,left_knee_joint,left_ankle_pitch_joint,left_ankle_roll_joint,right_hip_pitch_joint,right_hip_roll_joint,right_hip_yaw_joint,right_knee_joint,right_ankle_pitch_joint,waist_roll_joint,waist_yaw_joint,left_shoulder_pitch_joint,left_shoulder_roll_joint,left_shoulder_yaw_joint,left_elbow_joint,right_shoulder_pitch_joint,right_shoulder_roll_joint,right_shoulder_yaw_joint,right_elbow_joint",0.0,0.0,0,pelvis,0.0,2.0393495559692383,2.021056652069092,35.22413635253906,-26.394996643066406,36.0,-36.0,False,-0.012653386
195,3.9,0.07649800926446915,-0.1044385900146736,1.5312012,26.016378,2.008418083190918,36.29615020751953,36.0,1.0,"left_hip_pitch_joint,left_hip_roll_joint,left_hip_yaw_joint,left_knee_joint,left_ankle_pitch_joint,left_ankle_roll_joint,right_hip_pitch_joint,right_hip_roll_joint,right_hip_yaw_joint,right_knee_joint,right_ankle_pitch_joint,right_ankle_roll_joint,waist_roll_joint,waist_yaw_joint,left_shoulder_pitch_joint,left_shoulder_roll_joint,left_shoulder_yaw_joint,left_elbow_joint,right_shoulder_pitch_joint,right_shoulder_roll_joint,right_shoulder_yaw_joint,right_elbow_joint",180.19978,0.0,180.1997833251953,left_ankle_roll_link,180.19978,1.6956048011779785,2.4434702396392822,-36.29615020751953,0.006091054528951645,-36.0,36.0,False,-0.017259307
196,3.92,0.07052229344844818,-0.11725859855980936,0.94716686,26.569073,1.5640616416931152,36.34517288208008,36.0,0.9545454545454546,"left_hip_pitch_joint,left_hip_roll_joint,left_hip_yaw_joint,left_knee_joint,left_ankle_pitch_joint,left_ankle_roll_joint,right_hip_pitch_joint,right_hip_roll_joint,right_hip_yaw_joint,right_knee_joint,right_ankle_pitch_joint,waist_roll_joint,waist_yaw_joint,left_shoulder_pitch_joint,left_shoulder_roll_joint,left_shoulder_yaw_joint,left_elbow_joint,right_shoulder_pitch_joint,right_shoulder_roll_joint,right_shoulder_yaw_joint,right_elbow_joint",0.0,0.0,0,pelvis,0.0,1.9465676546096802,1.8242253065109253,36.34517288208008,-32.89179229736328,36.0,-36.0,False,-0.014567785
197,3.94,0.07255024462938309,-0.0713444388516109,1.1156616,24.242245,1.8476067781448364,32.66128921508789,36.0,0.9545454545454546,"left_hip_roll_joint,left_hip_yaw_joint,left_knee_joint,left_ankle_pitch_joint,left_ankle_roll_joint,right_hip_pitch_joint,right_hip_roll_joint,right_hip_yaw_joint,right_knee_joint,right_ankle_pitch_joint,right_ankle_roll_joint,waist_roll_joint,waist_yaw_joint,left_shoulder_pitch_joint,left_shoulder_roll_joint,left_shoulder_yaw_joint,left_elbow_joint,right_shoulder_pitch_joint,right_shoulder_roll_joint,right_shoulder_yaw_joint,right_elbow_joint",0.0,0.0,0,pelvis,0.0,1.7591551542282104,2.2826590538024902,-26.222583770751953,25.976837158203125,-36.0,36.0,False,-0.015230084
198,3.96,0.06872163712978363,-0.12379537575225896,0.49784455,19.892363,1.7897205352783203,35.53097915649414,36.0,0.9545454545454546,"left_hip_pitch_joint,left_hip_roll_joint,left_hip_yaw_joint,left_knee_joint,left_ankle_pitch_joint,left_ankle_roll_joint,right_hip_pitch_joint,right_hip_roll_joint,right_hip_yaw_joint,right_knee_joint,right_ankle_pitch_joint,waist_roll_joint,waist_yaw_joint,left_shoulder_pitch_joint,left_shoulder_roll_joint,left_shoulder_yaw_joint,left_elbow_joint,right_shoulder_pitch_joint,right_shoulder_roll_joint,right_shoulder_yaw_joint,right_elbow_joint",0.0,0.0,0,pelvis,0.0,2.2142019271850586,1.7840791940689087,35.53097915649414,-29.429481506347656,36.0,-36.0,False,-0.009343205
199,3.98,0.06633606553077698,-0.14517988389764014,0.9525749,26.670792,1.8414143323898315,36.185001373291016,36.0,1.0,"left_hip_pitch_joint,left_hip_roll_joint,left_hip_yaw_joint,left_knee_joint,left_ankle_pitch_joint,left_ankle_roll_joint,right_hip_pitch_joint,right_hip_roll_joint,right_hip_yaw_joint,right_knee_joint,right_ankle_pitch_joint,right_ankle_roll_joint,waist_roll_joint,waist_yaw_joint,left_shoulder_pitch_joint,left_shoulder_roll_joint,left_shoulder_yaw_joint,left_elbow_joint,right_shoulder_pitch_joint,right_shoulder_roll_joint,right_shoulder_yaw_joint,right_elbow_joint",0.0,0.0,121.89939880371094,torso_link,121.8994,2.1091156005859375,2.2764666080474854,-26.223655700683594,28.520938873291016,-36.0,36.0,False,-0.007705584
200,4.0,0.054495230317115784,-0.13957056169172866,0.62449574,24.717821,1.9232797622680664,36.065616607666016,36.0,0.9545454545454546,"left_hip_pitch_joint,left_hip_roll_joint,left_hip_yaw_joint,left_knee_joint,left_ankle_pitch_joint,left_ankle_roll_joint,right_hip_pitch_joint,right_hip_roll_joint,right_hip_yaw_joint,right_knee_joint,right_ankle_pitch_joint,waist_roll_joint,waist_yaw_joint,left_shoulder_pitch_joint,left_shoulder_roll_joint,left_shoulder_yaw_joint,left_elbow_joint,right_shoulder_pitch_joint,right_shoulder_roll_joint,right_shoulder_yaw_joint,right_elbow_joint",0.0,0.0,0,pelvis,0.0,2.3477611541748047,1.8665668964385986,35.499542236328125,-31.078351974487305,36.0,-36.0,False,0.0026427163
201,4.0200000000000005,0.054969705641269684,-0.12244310096824051,0.56527966,17.844152,1.9210039377212524,38.77263259887695,36.0,1.0,"left_hip_pitch_joint,left_hip_roll_joint,left_hip_yaw_joint,left_knee_joint,left_ankle_pitch_joint,left_ankle_roll_joint,right_hip_pitch_joint,right_hip_roll_joint,right_hip_yaw_joint,right_knee_joint,right_ankle_pitch_joint,right_ankle_roll_joint,waist_roll_joint,waist_yaw_joint,left_shoulder_pitch_joint,left_shoulder_roll_joint,left_shoulder_yaw_joint,left_elbow_joint,right_shoulder_pitch_joint,right_shoulder_roll_joint,right_shoulder_yaw_joint,right_elbow_joint",0.0,0.0,962.342529296875,left_hip_yaw_link,962.3425,2.1829118728637695,2.3560562133789062,-14.430415153503418,19.263086318969727,-36.0,36.0,False,-0.020266028
202,4.04,0.05787218362092972,-0.15417726007076737,0.5255205,13.415895,2.021050453186035,23.532697677612305,36.0,0.8181818181818182,"left_hip_pitch_joint,left_hip_roll_joint,left_hip_yaw_joint,left_ankle_pitch_joint,right_hip_pitch_joint,right_hip_roll_joint,right_hip_yaw_joint,right_knee_joint,right_ankle_roll_joint,waist_roll_joint,waist_yaw_joint,left_shoulder_pitch_joint,left_shoulder_roll_joint,left_shoulder_yaw_joint,left_elbow_joint,right_shoulder_roll_joint,right_shoulder_yaw_joint,right_elbow_joint",0.0,0.0,0,pelvis,0.0,2.4455318450927734,1.909358263015747,-0.5408948063850403,-23.532697677612305,32.49054,-36.0,False,0.0073618656
203,4.0600000000000005,0.0627339780330658,-0.15794196163604113,0.6941799,15.86848,2.0082359313964844,26.848655700683594,36.0,0.9545454545454546,"left_hip_roll_joint,left_hip_yaw_joint,left_knee_joint,left_ankle_pitch_joint,left_ankle_roll_joint,right_hip_pitch_joint,right_hip_roll_joint,right_hip_yaw_joint,right_knee_joint,right_ankle_pitch_joint,right_ankle_roll_joint,waist_roll_joint,waist_yaw_joint,left_shoulder_pitch_joint,left_shoulder_roll_joint,left_shoulder_yaw_joint,left_elbow_joint,right_shoulder_pitch_joint,right_shoulder_roll_joint,right_shoulder_yaw_joint,right_elbow_joint",0.0,0.0,623.5771484375,left_hip_yaw_link,623.57715,2.0899691581726074,2.4432880878448486,-19.445383071899414,1.7168159484863281,-36.0,36.0,False,-0.014868709
204,4.08,0.06229005381464958,-0.07893462891458114,0.753185,18.238802,1.903120994567871,33.37343215942383,36.0,0.9090909090909091,"left_hip_roll_joint,left_hip_yaw_joint,left_knee_joint,left_ankle_pitch_joint,left_ankle_roll_joint,right_hip_pitch_joint,right_hip_roll_joint,right_hip_yaw_joint,right_knee_joint,right_ankle_pitch_joint,right_ankle_roll_joint,waist_roll_joint,waist_yaw_joint,left_shoulder_pitch_joint,left_shoulder_roll_joint,left_shoulder_yaw_joint,left_elbow_joint,right_shoulder_roll_joint,right_shoulder_yaw_joint,right_elbow_joint",0.0,0.0,0,pelvis,0.0,2.3276023864746094,1.7978241443634033,22.43634796142578,-33.37343215942383,36.0,-36.0,False,0.010571289
205,4.1,0.06691218912601471,-0.10588978028209972,0.9932085,24.722485,1.856189489364624,36.24272918701172,36.0,0.9090909090909091,"left_hip_pitch_joint,left_hip_roll_joint,left_hip_yaw_joint,left_knee_joint,left_ankle_pitch_joint,left_ankle_roll_joint,right_hip_pitch_joint,right_hip_roll_joint,right_hip_yaw_joint,right_knee_joint,right_ankle_roll_joint,waist_roll_joint,waist_yaw_joint,left_shoulder_pitch_joint,left_shoulder_roll_joint,left_shoulder_yaw_joint,left_elbow_joint,right_shoulder_roll_joint,right_shoulder_yaw_joint,right_elbow_joint",147.26637,147.26637,0,left_ankle_roll_link,147.26637,2.2806708812713623,2.1677486896514893,-9.182509422302246,24.727235794067383,-36.0,36.0,False,-0.0072594667
206,4.12,0.047576237469911575,0.0232208304166317,1.4511921,16.852476,1.704813003540039,36.29688262939453,36.0,1.0,"left_hip_pitch_joint,left_hip_roll_joint,left_hip_yaw_joint,left_knee_joint,left_ankle_pitch_joint,left_ankle_roll_joint,right_hip_pitch_joint,right_hip_roll_joint,right_hip_yaw_joint,right_knee_joint,right_ankle_pitch_joint,right_ankle_roll_joint,waist_roll_joint,waist_yaw_joint,left_shoulder_pitch_joint,left_shoulder_roll_joint,left_shoulder_yaw_joint,left_elbow_joint,right_shoulder_pitch_joint,right_shoulder_roll_joint,right_shoulder_yaw_joint,right_elbow_joint",1137.6145,0.0,1137.614501953125,left_ankle_roll_link,1137.6145,2.1292943954467773,1.5870625972747803,6.050206661224365,-30.670961380004883,-36.0,-36.0,False,-0.0073537817
207,4.14,0.051099613308906555,-0.09472208784798397,1.2257347,22.005335,1.6685768365859985,37.10250473022461,36.0,0.8181818181818182,"left_hip_pitch_joint,left_knee_joint,left_ankle_roll_joint,right_hip_pitch_joint,right_hip_roll_joint,right_hip_yaw_joint,right_knee_joint,right_ankle_roll_joint,waist_roll_joint,waist_yaw_joint,left_shoulder_pitch_joint,left_shoulder_roll_joint,left_shoulder_yaw_joint,left_elbow_joint,right_shoulder_pitch_joint,right_shoulder_roll_joint,right_shoulder_yaw_joint,right_elbow_joint",0.0,0.0,214.77471923828125,pelvis,107.38736,1.7718687057495117,2.1036291122436523,-31.758995056152344,32.994544982910156,-36.0,36.0,False,-0.020193158
208,4.16,0.05353003740310669,0.006913592279701675,1.1773895,25.218079,1.6654529571533203,35.172821044921875,36.0,1.0,"left_hip_pitch_joint,left_hip_roll_joint,left_hip_yaw_joint,left_knee_joint,left_ankle_pitch_joint,left_ankle_roll_joint,right_hip_pitch_joint,right_hip_roll_joint,right_hip_yaw_joint,right_knee_joint,right_ankle_pitch_joint,right_ankle_roll_joint,waist_roll_joint,waist_yaw_joint,left_shoulder_pitch_joint,left_shoulder_roll_joint,left_shoulder_yaw_joint,left_elbow_joint,right_shoulder_pitch_joint,right_shoulder_roll_joint,right_shoulder_yaw_joint,right_elbow_joint",193.84619,0.0,193.84619140625,left_ankle_roll_link,193.84619,2.0899343490600586,1.6374905109405518,28.90993309020996,-31.410940170288086,36.0,-36.0,False,0.012408912
209,4.18,0.06420571357011795,-0.1171798551724379,1.2711617,21.969252,1.6944736242294312,36.251617431640625,36.0,1.0,"left_hip_pitch_joint,left_hip_roll_joint,left_hip_yaw_joint,left_knee_joint,left_ankle_pitch_joint,left_ankle_roll_joint,right_hip_pitch_joint,right_hip_roll_joint,right_hip_yaw_joint,right_knee_joint,right_ankle_pitch_joint,right_ankle_roll_joint,waist_roll_joint,waist_yaw_joint,left_shoulder_pitch_joint,left_shoulder_roll_joint,left_shoulder_yaw_joint,left_elbow_joint,right_shoulder_pitch_joint,right_shoulder_roll_joint,right_shoulder_yaw_joint,right_elbow_joint",0.0,0.0,0,pelvis,0.0,1.896114468574524,2.129525899887085,-22.283231735229492,28.794370651245117,-36.0,36.0,False,0.0029303543
210,4.2,0.05783151835203171,0.014701949294803285,1.3428326,32.769024,1.8468348979949951,36.21115493774414,36.0,1.0,"left_hip_pitch_joint,left_hip_roll_joint,left_hip_yaw_joint,left_knee_joint,left_ankle_pitch_joint,left_ankle_roll_joint,right_hip_pitch_joint,right_hip_roll_joint,right_hip_yaw_joint,right_knee_joint,right_ankle_pitch_joint,right_ankle_roll_joint,waist_roll_joint,waist_yaw_joint,left_shoulder_pitch_joint,left_shoulder_roll_joint,left_shoulder_yaw_joint,left_elbow_joint,right_shoulder_pitch_joint,right_shoulder_roll_joint,right_shoulder_yaw_joint,right_elbow_joint",0.0,0.0,0,pelvis,0.0,2.2713162899017334,1.6249951124191284,31.688480377197266,-32.75126647949219,36.0,-36.0,False,0.028067108
211,4.22,0.06344514340162277,-0.03725247445568591,1.1337167,19.032423,1.7053958177566528,36.28813171386719,36.0,1.0,"left_hip_pitch_joint,left_hip_roll_joint,left_hip_yaw_joint,left_knee_joint,left_ankle_pitch_joint,left_ankle_roll_joint,right_hip_pitch_joint,right_hip_roll_joint,right_hip_yaw_joint,right_knee_joint,right_ankle_pitch_joint,right_ankle_roll_joint,waist_roll_joint,waist_yaw_joint,left_shoulder_pitch_joint,left_shoulder_roll_joint,left_shoulder_yaw_joint,left_elbow_joint,right_shoulder_pitch_joint,right_shoulder_roll_joint,right_shoulder_yaw_joint,right_elbow_joint",0.0,0.0,0,pelvis,0.0,2.1206753253936768,2.1404480934143066,-22.641860961914062,31.902202606201172,-36.0,36.0,False,0.010554103
212,4.24,0.05400821566581726,-0.017459790675851128,1.027152,24.668043,1.986496925354004,35.12128829956055,36.0,1.0,"left_hip_pitch_joint,left_hip_roll_joint,left_hip_yaw_joint,left_knee_joint,left_ankle_pitch_joint,left_ankle_roll_joint,right_hip_pitch_joint,right_hip_roll_joint,right_hip_yaw_joint,right_knee_joint,right_ankle_pitch_joint,right_ankle_roll_joint,waist_roll_joint,waist_yaw_joint,left_shoulder_pitch_joint,left_shoulder_roll_joint,left_shoulder_yaw_joint,left_elbow_joint,right_shoulder_pitch_joint,right_shoulder_roll_joint,right_shoulder_yaw_joint,right_elbow_joint",0.0,0.0,0,pelvis,0.0,2.410978317260742,1.647786259651184,28.68536949157715,-32.60450744628906,36.0,-36.0,False,-0.00066528097
213,4.26,0.05309034511446953,-0.053916433230916994,0.89294994,18.298384,1.7475223541259766,36.365753173828125,36.0,0.9545454545454546,"left_hip_pitch_joint,left_hip_roll_joint,left_hip_yaw_joint,left_knee_joint,left_ankle_pitch_joint,left_ankle_roll_joint,right_hip_pitch_joint,right_hip_roll_joint,right_hip_yaw_joint,right_knee_joint,right_ankle_pitch_joint,right_ankle_roll_joint,waist_yaw_joint,left_shoulder_pitch_joint,left_shoulder_roll_joint,left_shoulder_yaw_joint,left_elbow_joint,right_shoulder_pitch_joint,right_shoulder_roll_joint,right_shoulder_yaw_joint,right_elbow_joint",0.0,0.0,362.8131332397461,torso_link,243.2687,2.172003746032715,2.1653757095336914,-25.82717514038086,32.01032257080078,-36.0,36.0,False,-0.023547966
214,4.28,0.03956586495041847,0.0029058262518635303,1.4371086,23.424911,2.0190250873565674,29.658639907836914,36.0,1.0,"left_hip_pitch_joint,left_hip_roll_joint,left_hip_yaw_joint,left_knee_joint,left_ankle_pitch_joint,left_ankle_roll_joint,right_hip_pitch_joint,right_hip_roll_joint,right_hip_yaw_joint,right_knee_joint,right_ankle_pitch_joint,right_ankle_roll_joint,waist_roll_joint,waist_yaw_joint,left_shoulder_pitch_joint,left_shoulder_roll_joint,left_shoulder_yaw_joint,left_elbow_joint,right_shoulder_pitch_joint,right_shoulder_roll_joint,right_shoulder_yaw_joint,right_elbow_joint",0.0,0.0,434.92955017089844,torso_link,222.56664,2.4435064792633057,1.681877613067627,0.3304825723171234,-28.133190155029297,36.0,-36.0,False,-0.031422332
215,4.3,0.04164816066622734,0.0016814875890704961,0.65516734,20.47288,1.783917784690857,36.29335403442383,36.0,0.9090909090909091,"left_hip_pitch_joint,left_hip_yaw_joint,left_knee_joint,left_ankle_pitch_joint,left_ankle_roll_joint,right_hip_pitch_joint,right_hip_roll_joint,right_hip_yaw_joint,right_knee_joint,right_ankle_pitch_joint,right_ankle_roll_joint,waist_roll_joint,waist_yaw_joint,left_shoulder_pitch_joint,left_shoulder_roll_joint,left_shoulder_yaw_joint,left_elbow_joint,right_shoulder_pitch_joint,right_shoulder_roll_joint,right_elbow_joint",0.0,0.0,162.76145935058594,torso_link,162.76146,2.0829827785491943,2.2189700603485107,-30.386533737182617,30.989595413208008,-36.0,36.0,False,-0.05772554
216,4.32,0.04021346569061279,-0.017235866587961723,1.120213,32.132195,1.6633960008621216,35.58592224121094,36.0,0.8636363636363636,"left_hip_yaw_joint,left_knee_joint,left_ankle_pitch_joint,left_ankle_roll_joint,right_hip_pitch_joint,right_hip_roll_joint,right_hip_yaw_joint,right_knee_joint,right_ankle_pitch_joint,right_ankle_roll_joint,waist_roll_joint,waist_yaw_joint,left_shoulder_pitch_joint,left_shoulder_roll_joint,left_shoulder_yaw_joint,left_elbow_joint,right_shoulder_roll_joint,right_shoulder_yaw_joint,right_elbow_joint",0.0,0.0,750.9736328125,pelvis,750.97363,2.005462408065796,1.7569853067398071,11.332562446594238,-29.708251953125,36.0,-36.0,False,-0.057016797
217,4.34,0.029771605506539345,0.13645533603862914,0.6862386,25.767855,1.7952290773391724,36.012367248535156,36.0,0.9545454545454546,"left_hip_pitch_joint,left_hip_roll_joint,left_hip_yaw_joint,left_knee_joint,left_ankle_pitch_joint,left_ankle_roll_joint,right_hip_pitch_joint,right_hip_roll_joint,right_hip_yaw_joint,right_knee_joint,right_ankle_pitch_joint,right_ankle_roll_joint,waist_roll_joint,waist_yaw_joint,left_shoulder_roll_joint,left_shoulder_yaw_joint,left_elbow_joint,right_shoulder_pitch_joint,right_shoulder_roll_joint,right_shoulder_yaw_joint,right_elbow_joint",0.0,0.0,381.152587890625,pelvis,381.1526,1.6324659585952759,2.230281352996826,-33.913429260253906,28.598770141601562,-36.0,36.0,False,-0.07049719
218,4.36,0.05047246441245079,-0.0020307128799919028,1.7018473,37.773163,1.7303518056869507,36.10665512084961,36.0,0.9545454545454546,"left_hip_pitch_joint,left_hip_roll_joint,left_hip_yaw_joint,left_knee_joint,left_ankle_pitch_joint,left_ankle_roll_joint,right_hip_pitch_joint,right_hip_roll_joint,right_hip_yaw_joint,right_knee_joint,right_ankle_pitch_joint,right_ankle_roll_joint,waist_roll_joint,waist_yaw_joint,left_shoulder_roll_joint,left_shoulder_yaw_joint,left_elbow_joint,right_shoulder_pitch_joint,right_shoulder_roll_joint,right_shoulder_yaw_joint,right_elbow_joint",0.0,0.0,0,pelvis,0.0,1.5929847955703735,1.9565130472183228,14.822547912597656,-25.414812088012695,36.0,-36.0,False,-0.067203864
219,4.38,0.05574525520205498,0.11831918463474578,0.5656212,24.188549,1.9503482580184937,36.125301361083984,36.0,1.0,"left_hip_pitch_joint,left_hip_roll_joint,left_hip_yaw_joint,left_knee_joint,left_ankle_pitch_joint,left_ankle_roll_joint,right_hip_pitch_joint,right_hip_roll_joint,right_hip_yaw_joint,right_knee_joint,right_ankle_pitch_joint,right_ankle_roll_joint,waist_roll_joint,waist_yaw_joint,left_shoulder_pitch_joint,left_shoulder_roll_joint,left_shoulder_yaw_joint,left_elbow_joint,right_shoulder_pitch_joint,right_shoulder_roll_joint,right_shoulder_yaw_joint,right_elbow_joint",0.0,0.0,0,pelvis,0.0,1.2174959182739258,2.3854005336761475,-36.0777702331543,27.76881217956543,-36.0,36.0,False,-0.085425116
220,4.4,0.077017642557621,-0.07137940003284093,1.993596,29.739004,1.6074641942977905,36.384281158447266,36.0,0.9545454545454546,"left_hip_pitch_joint,left_hip_roll_joint,left_hip_yaw_joint,left_knee_joint,left_ankle_pitch_joint,left_ankle_roll_joint,right_hip_pitch_joint,right_hip_roll_joint,right_hip_yaw_joint,right_knee_joint,right_ankle_pitch_joint,right_ankle_roll_joint,waist_roll_joint,waist_yaw_joint,left_shoulder_pitch_joint,left_shoulder_roll_joint,left_shoulder_yaw_joint,left_elbow_joint,right_shoulder_roll_joint,right_shoulder_yaw_joint,right_elbow_joint",0.0,0.0,0,pelvis,0.0,1.115075707435608,2.0425164699554443,26.72081184387207,-27.783817291259766,36.0,-36.0,False,-0.079070576
221,4.42,0.10008907318115234,-0.0005581059612289607,0.7284275,18.184998,2.008474826812744,36.126739501953125,36.0,0.9545454545454546,"left_hip_pitch_joint,left_hip_roll_joint,left_hip_yaw_joint,left_knee_joint,left_ankle_pitch_joint,left_ankle_roll_joint,right_hip_roll_joint,right_hip_yaw_joint,right_knee_joint,right_ankle_pitch_joint,right_ankle_roll_joint,waist_roll_joint,waist_yaw_joint,left_shoulder_pitch_joint,left_shoulder_roll_joint,left_shoulder_yaw_joint,left_elbow_joint,right_shoulder_pitch_joint,right_shoulder_roll_joint,right_shoulder_yaw_joint,right_elbow_joint",0.0,0.0,0,pelvis,0.0,0.7751734256744385,2.4435272216796875,-36.126739501953125,0.027363047003746033,-36.0,36.0,False,-0.10201208
222,4.44,0.11020255088806152,-0.1172284793347913,1.9986947,28.20674,1.590635061264038,36.94024658203125,36.0,0.9090909090909091,"left_hip_pitch_joint,left_hip_roll_joint,left_hip_yaw_joint,left_knee_joint,left_ankle_pitch_joint,left_ankle_roll_joint,right_hip_pitch_joint,right_hip_roll_joint,right_hip_yaw_joint,right_knee_joint,right_ankle_roll_joint,waist_roll_joint,waist_yaw_joint,left_shoulder_pitch_joint,left_shoulder_roll_joint,left_shoulder_yaw_joint,left_elbow_joint,right_shoulder_roll_joint,right_shoulder_yaw_joint,right_elbow_joint",0.0,0.0,0,pelvis,0.0,0.9069099426269531,1.7944148778915405,36.94024658203125,-34.99397659301758,36.0,-36.0,False,-0.086191446
223,4.46,0.12447535246610641,-0.0037371062504467645,1.2695534,21.835636,1.6223140954971313,36.42755126953125,36.0,0.9090909090909091,"left_hip_pitch_joint,left_hip_roll_joint,left_hip_yaw_joint,left_knee_joint,left_ankle_pitch_joint,left_ankle_roll_joint,right_hip_pitch_joint,right_hip_roll_joint,right_hip_yaw_joint,right_knee_joint,right_ankle_roll_joint,waist_roll_joint,waist_yaw_joint,left_shoulder_roll_joint,left_shoulder_yaw_joint,left_elbow_joint,right_shoulder_pitch_joint,right_shoulder_roll_joint,right_shoulder_yaw_joint,right_elbow_joint",0.0,0.0,0,pelvis,0.0,0.8426417112350464,2.057366371154785,-33.5184326171875,30.172679901123047,-36.0,36.0,False,-0.10591972
224,4.48,0.13058701157569885,-0.1959977567026545,1.5322907,24.520273,1.7300537824630737,36.15675735473633,36.0,0.9545454545454546,"left_hip_roll_joint,left_hip_yaw_joint,left_knee_joint,left_ankle_pitch_joint,left_ankle_roll_joint,right_hip_pitch_joint,right_hip_roll_joint,right_hip_yaw_joint,right_knee_joint,right_ankle_pitch_joint,right_ankle_roll_joint,waist_roll_joint,waist_yaw_joint,left_shoulder_pitch_joint,left_shoulder_roll_joint,left_shoulder_yaw_joint,left_elbow_joint,right_shoulder_pitch_joint,right_shoulder_roll_joint,right_shoulder_yaw_joint,right_elbow_joint",0.0,0.0,0,pelvis,0.0,0.6030765175819397,1.6030257940292358,17.627826690673828,-36.103240966796875,36.0,-36.0,False,-0.08924801
225,4.5,0.12983423471450806,-0.0638771066646382,0.7945294,24.62029,1.5301272869110107,36.685935974121094,36.0,1.0,"left_hip_pitch_joint,left_hip_roll_joint,left_hip_yaw_joint,left_knee_joint,left_ankle_pitch_joint,left_ankle_roll_joint,right_hip_pitch_joint,right_hip_roll_joint,right_hip_yaw_joint,right_knee_joint,right_ankle_pitch_joint,right_ankle_roll_joint,waist_roll_joint,waist_yaw_joint,left_shoulder_pitch_joint,left_shoulder_roll_joint,left_shoulder_yaw_joint,left_elbow_joint,right_shoulder_pitch_joint,right_shoulder_roll_joint,right_shoulder_yaw_joint,right_elbow_joint",0.0,0.0,0,pelvis,0.0,0.2575291395187378,1.8344072103500366,-36.685935974121094,36.16353988647461,-36.0,36.0,False,-0.11294584
226,4.5200000000000005,0.12705501914024353,-0.14870056941060916,1.6914749,22.097506,1.6201231479644775,36.56470489501953,36.0,1.0,"left_hip_pitch_joint,left_hip_roll_joint,left_hip_yaw_joint,left_knee_joint,left_ankle_pitch_joint,left_ankle_roll_joint,right_hip_pitch_joint,right_hip_roll_joint,right_hip_yaw_joint,right_knee_joint,right_ankle_pitch_joint,right_ankle_roll_joint,waist_roll_joint,waist_yaw_joint,left_shoulder_pitch_joint,left_shoulder_roll_joint,left_shoulder_yaw_joint,left_elbow_joint,right_shoulder_pitch_joint,right_shoulder_roll_joint,right_shoulder_yaw_joint,right_elbow_joint",0.0,0.0,227.77642059326172,right_hip_yaw_link,129.14195,0.6560907959938049,1.517297625541687,36.56470489501953,-36.139129638671875,36.0,-36.0,False,-0.09552482
227,4.54,0.13824789226055145,-0.19662264137836338,0.9398457,21.935022,1.565990686416626,36.33380889892578,36.0,0.9545454545454546,"left_hip_pitch_joint,left_hip_roll_joint,left_hip_yaw_joint,left_knee_joint,left_ankle_pitch_joint,left_ankle_roll_joint,right_hip_pitch_joint,right_hip_roll_joint,right_hip_yaw_joint,right_knee_joint,right_ankle_pitch_joint,right_ankle_roll_joint,waist_roll_joint,waist_yaw_joint,left_shoulder_roll_joint,left_shoulder_yaw_joint,left_elbow_joint,right_shoulder_pitch_joint,right_shoulder_roll_joint,right_shoulder_yaw_joint,right_elbow_joint",0.0,0.0,0,pelvis,0.0,0.5477064847946167,1.8133575916290283,-36.244144439697266,36.33380889892578,-36.0,36.0,False,-0.122816145
228,4.5600000000000005,0.13735568523406982,-0.32044911752618255,1.9685758,20.990908,1.5836554765701294,36.58113479614258,36.0,0.9090909090909091,"left_hip_roll_joint,left_hip_yaw_joint,left_knee_joint,left_ankle_pitch_joint,left_ankle_roll_joint,right_hip_pitch_joint,right_hip_roll_joint,right_hip_yaw_joint,right_knee_joint,right_ankle_pitch_joint,right_ankle_roll_joint,waist_roll_joint,waist_yaw_joint,left_shoulder_roll_joint,left_shoulder_yaw_joint,left_elbow_joint,right_shoulder_pitch_joint,right_shoulder_roll_joint,right_shoulder_yaw_joint,right_elbow_joint",0.0,0.0,0,pelvis,0.0,0.792063295841217,1.5469889640808105,36.58113479614258,-36.25799560546875,36.0,-36.0,False,-0.11052072
229,4.58,0.13500981032848358,-0.3646885450962589,1.0360426,15.727942,1.511574387550354,36.367454528808594,36.0,0.9545454545454546,"left_hip_pitch_joint,left_hip_roll_joint,left_hip_yaw_joint,left_knee_joint,left_ankle_pitch_joint,left_ankle_roll_joint,right_hip_pitch_joint,right_hip_roll_joint,right_hip_yaw_joint,right_knee_joint,right_ankle_pitch_joint,right_ankle_roll_joint,waist_roll_joint,waist_yaw_joint,left_shoulder_roll_joint,left_shoulder_yaw_joint,left_elbow_joint,right_shoulder_pitch_joint,right_shoulder_roll_joint,right_shoulder_yaw_joint,right_elbow_joint",0.0,0.0,0,pelvis,0.0,0.8951278328895569,1.769200325012207,-22.06130599975586,36.367454528808594,-36.0,36.0,False,-0.14422444
230,4.6000000000000005,0.13226041197776794,-0.4837229988380489,0.45849493,13.494809,1.4480684995651245,35.884403228759766,36.0,0.9090909090909091,"left_hip_pitch_joint,left_hip_roll_joint,left_hip_yaw_joint,left_knee_joint,left_ankle_pitch_joint,left_ankle_roll_joint,right_hip_roll_joint,right_hip_yaw_joint,right_knee_joint,right_ankle_pitch_joint,right_ankle_roll_joint,waist_roll_joint,waist_yaw_joint,left_shoulder_roll_joint,left_shoulder_yaw_joint,left_elbow_joint,right_shoulder_pitch_joint,right_shoulder_roll_joint,right_shoulder_yaw_joint,right_elbow_joint",0.0,0.0,0,pelvis,0.0,0.6685522198677063,1.7132842540740967,10.042001724243164,-11.754620552062988,36.0,-36.0,False,-0.13991456
231,4.62,0.14461790025234222,-0.4276861428359102,1.3957685,26.03467,1.772861361503601,36.586875915527344,36.0,0.8636363636363636,"left_hip_roll_joint,left_hip_yaw_joint,left_knee_joint,left_ankle_pitch_joint,left_ankle_roll_joint,right_hip_pitch_joint,right_hip_roll_joint,right_hip_yaw_joint,right_knee_joint,right_ankle_pitch_joint,right_ankle_roll_joint,waist_yaw_joint,left_shoulder_pitch_joint,left_shoulder_roll_joint,left_shoulder_yaw_joint,left_elbow_joint,right_shoulder_pitch_joint,right_shoulder_roll_joint,right_elbow_joint",0.0,166.00923,0,right_ankle_roll_link,166.00923,0.217460498213768,2.207913637161255,-36.586875915527344,34.85536575317383,-36.0,36.0,False,-0.15580538
232,4.64,0.13781575858592987,-0.31680594115051264,1.7255582,26.971333,1.6465822458267212,36.62944412231445,36.0,0.9545454545454546,"left_hip_pitch_joint,left_hip_roll_joint,left_hip_yaw_joint,left_knee_joint,left_ankle_pitch_joint,left_ankle_roll_joint,right_hip_roll_joint,right_hip_yaw_joint,right_knee_joint,right_ankle_pitch_joint,right_ankle_roll_joint,waist_roll_joint,waist_yaw_joint,left_shoulder_pitch_joint,left_shoulder_roll_joint,left_shoulder_yaw_joint,left_elbow_joint,right_shoulder_pitch_joint,right_shoulder_roll_joint,right_shoulder_yaw_joint,right_elbow_joint",0.0,0.0,0,pelvis,0.0,0.63580721616745,2.081634521484375,36.62944412231445,-33.773860931396484,36.0,-36.0,False,-0.12815043
233,4.66,0.12312577664852142,-0.08545542153530228,1.5049547,21.31335,1.8606008291244507,37.35196304321289,36.0,1.0,"left_hip_pitch_joint,left_hip_roll_joint,left_hip_yaw_joint,left_knee_joint,left_ankle_pitch_joint,left_ankle_roll_joint,right_hip_pitch_joint,right_hip_roll_joint,right_hip_yaw_joint,right_knee_joint,right_ankle_pitch_joint,right_ankle_roll_joint,waist_roll_joint,waist_yaw_joint,left_shoulder_pitch_joint,left_shoulder_roll_joint,left_shoulder_yaw_joint,left_elbow_joint,right_shoulder_pitch_joint,right_shoulder_roll_joint,right_shoulder_yaw_joint,right_elbow_joint",0.0,103.111374,0,right_ankle_roll_link,103.111374,0.49364814162254333,2.2956531047821045,-37.35196304321289,30.93866729736328,-36.0,36.0,False,-0.14678487
234,4.68,0.12693221867084503,-0.32862914921637554,1.5218462,34.496666,1.452817440032959,36.12541580200195,36.0,1.0,"left_hip_pitch_joint,left_hip_roll_joint,left_hip_yaw_joint,left_knee_joint,left_ankle_pitch_joint,left_ankle_roll_joint,right_hip_pitch_joint,right_hip_roll_joint,right_hip_yaw_joint,right_knee_joint,right_ankle_pitch_joint,right_ankle_roll_joint,waist_roll_joint,waist_yaw_joint,left_shoulder_pitch_joint,left_shoulder_roll_joint,left_shoulder_yaw_joint,left_elbow_joint,right_shoulder_pitch_joint,right_shoulder_roll_joint,right_shoulder_yaw_joint,right_elbow_joint",0.0,0.0,0,pelvis,0.0,0.18339328467845917,1.8878697156906128,7.055685997009277,-36.12541580200195,36.0,-36.0,False,-0.13198136
235,4.7,0.109124556183815,-0.20716932283845368,1.7119482,32.881176,1.826295256614685,36.22610092163086,36.0,0.8636363636363636,"left_hip_pitch_joint,left_hip_roll_joint,left_hip_yaw_joint,left_knee_joint,left_ankle_pitch_joint,left_ankle_roll_joint,right_hip_pitch_joint,right_hip_roll_joint,right_hip_yaw_joint,right_knee_joint,right_ankle_roll_joint,waist_roll_joint,waist_yaw_joint,left_shoulder_pitch_joint,left_shoulder_roll_joint,left_shoulder_yaw_joint,left_elbow_joint,right_shoulder_roll_joint,right_elbow_joint",0.0,0.0,0,pelvis,0.0,-0.0004345547640696168,2.261347532272339,0.752911388874054,36.22610092163086,-36.0,36.0,True,-0.16109234
236,4.72,0.0956973135471344,-0.2807667738359285,1.7899766,30.274832,1.5741080045700073,36.1474723815918,36.0,0.9545454545454546,"left_hip_pitch_joint,left_hip_roll_joint,left_hip_yaw_joint,left_ankle_pitch_joint,left_ankle_roll_joint,right_hip_pitch_joint,right_hip_roll_joint,right_hip_yaw_joint,right_knee_joint,right_ankle_pitch_joint,right_ankle_roll_joint,waist_roll_joint,waist_yaw_joint,left_shoulder_pitch_joint,left_shoulder_roll_joint,left_shoulder_yaw_joint,left_elbow_joint,right_shoulder_pitch_joint,right_shoulder_roll_joint,right_shoulder_yaw_joint,right_elbow_joint",0.0,0.0,0,pelvis,0.0,0.2824261486530304,2.009160280227661,25.124847412109375,-36.1474723815918,24.958334,-36.0,False,-0.15327838
237,4.74,0.10043779760599136,-0.23765004063003836,1.2563013,32.96054,1.9303966760635376,35.833953857421875,36.0,0.9545454545454546,"left_hip_roll_joint,left_hip_yaw_joint,left_knee_joint,left_ankle_pitch_joint,left_ankle_roll_joint,right_hip_pitch_joint,right_hip_roll_joint,right_hip_yaw_joint,right_knee_joint,right_ankle_pitch_joint,right_ankle_roll_joint,waist_roll_joint,waist_yaw_joint,left_shoulder_pitch_joint,left_shoulder_roll_joint,left_shoulder_yaw_joint,left_elbow_joint,right_shoulder_pitch_joint,right_shoulder_roll_joint,right_shoulder_yaw_joint,right_elbow_joint",0.0,0.0,0,pelvis,0.0,0.01256051566451788,2.3654489517211914,-23.260051727294922,35.833953857421875,-36.0,36.0,False,-0.17690842
238,4.76,0.09321068227291107,-0.21294149550058172,0.78349125,13.74202,1.742080569267273,36.765716552734375,36.0,1.0,"left_hip_pitch_joint,left_hip_roll_joint,left_hip_yaw_joint,left_knee_joint,left_ankle_pitch_joint,left_ankle_roll_joint,right_hip_pitch_joint,right_hip_roll_joint,right_hip_yaw_joint,right_knee_joint,right_ankle_pitch_joint,right_ankle_roll_joint,waist_roll_joint,waist_yaw_joint,left_shoulder_pitch_joint,left_shoulder_roll_joint,left_shoulder_yaw_joint,left_elbow_joint,right_shoulder_pitch_joint,right_shoulder_roll_joint,right_shoulder_yaw_joint,right_elbow_joint",0.0,353.88937,856.4920959472656,right_hip_yaw_link,502.60272,0.6342232823371887,2.1771328449249268,36.765716552734375,-14.47378158569336,36.0,-36.0,False,-0.14852807
239,4.78,0.09723290801048279,-0.1973662433940082,0.8721818,27.1947,1.9327844381332397,36.194541931152344,36.0,0.9090909090909091,"left_hip_pitch_joint,left_hip_roll_joint,left_hip_yaw_joint,left_knee_joint,left_ankle_pitch_joint,left_ankle_roll_joint,right_hip_pitch_joint,right_hip_roll_joint,right_hip_yaw_joint,right_knee_joint,right_ankle_pitch_joint,waist_roll_joint,waist_yaw_joint,left_shoulder_pitch_joint,left_shoulder_roll_joint,left_shoulder_yaw_joint,left_elbow_joint,right_shoulder_pitch_joint,right_shoulder_roll_joint,right_elbow_joint",0.0,528.10114,528.1011352539062,pelvis,528.10114,0.49195247888565063,2.3678367137908936,-36.194541931152344,1.2142237424850464,-36.0,34.31894,False,-0.1525916
240,4.8,0.08081259578466415,-0.02852764134062369,1.0421599,4.100059,1.4918079376220703,36.70109558105469,36.0,0.8181818181818182,"left_hip_pitch_joint,left_hip_roll_joint,left_hip_yaw_joint,left_knee_joint,left_ankle_pitch_joint,left_ankle_roll_joint,right_hip_yaw_joint,right_knee_joint,right_ankle_roll_joint,waist_roll_joint,waist_yaw_joint,left_shoulder_roll_joint,left_shoulder_yaw_joint,left_elbow_joint,right_shoulder_pitch_joint,right_shoulder_roll_joint,right_shoulder_yaw_joint,right_elbow_joint",0.0,0.0,0,pelvis,0.0,0.8511930704116821,1.9268602132797241,36.70109558105469,-25.308080673217773,36.0,-36.0,False,-0.111257166
241,4.82,0.08962748199701309,-0.07304107061825116,0.855206,34.985336,1.8285962343215942,36.11311340332031,36.0,0.8636363636363636,"left_hip_pitch_joint,left_hip_roll_joint,left_hip_yaw_joint,left_knee_joint,left_ankle_pitch_joint,left_ankle_roll_joint,right_hip_roll_joint,right_knee_joint,right_ankle_pitch_joint,waist_roll_joint,waist_yaw_joint,left_shoulder_pitch_joint,left_shoulder_roll_joint,left_shoulder_yaw_joint,left_elbow_joint,right_shoulder_pitch_joint,right_shoulder_roll_joint,right_shoulder_yaw_joint,right_elbow_joint",0.0,0.0,0,pelvis,0.0,0.7251913547515869,2.263648509979248,-36.105804443359375,26.063152313232422,-36.0,36.0,False,-0.08923926
242,4.84,0.07408265769481659,0.16731761865840677,1.3253448,16.484072,1.3715076446533203,36.0732536315918,36.0,0.9090909090909091,"left_hip_pitch_joint,left_hip_roll_joint,left_hip_yaw_joint,left_knee_joint,left_ankle_pitch_joint,left_ankle_roll_joint,right_hip_pitch_joint,right_hip_roll_joint,right_hip_yaw_joint,right_knee_joint,right_ankle_roll_joint,waist_yaw_joint,left_shoulder_pitch_joint,left_shoulder_roll_joint,left_shoulder_yaw_joint,left_elbow_joint,right_shoulder_pitch_joint,right_shoulder_roll_joint,right_shoulder_yaw_joint,right_elbow_joint",0.0,0.0,3854.427001953125,right_hip_yaw_link,3854.427,1.3076432943344116,1.8065599203109741,36.011051177978516,-26.697580337524414,36.0,-36.0,False,-0.004055362
243,4.86,0.09581417590379715,0.09811763082863934,1.8905399,24.946722,1.7297002077102661,35.69404220581055,36.0,0.8181818181818182,"left_hip_pitch_joint,left_hip_roll_joint,left_hip_yaw_joint,left_knee_joint,left_ankle_pitch_joint,left_ankle_roll_joint,right_hip_roll_joint,right_hip_yaw_joint,right_knee_joint,right_ankle_pitch_joint,waist_yaw_joint,left_shoulder_pitch_joint,left_shoulder_roll_joint,left_shoulder_yaw_joint,left_elbow_joint,right_shoulder_pitch_joint,right_shoulder_yaw_joint,right_elbow_joint",225.921,0.0,0,left_ankle_roll_link,225.921,1.420990228652954,2.16475248336792,-6.832525730133057,31.68031120300293,-36.0,36.0,False,0.035014495
244,4.88,0.11005175113677979,0.18083288667328468,0.42132896,28.872334,1.3933476209640503,36.1329460144043,36.0,0.7727272727272727,"left_hip_pitch_joint,left_hip_roll_joint,left_hip_yaw_joint,left_ankle_pitch_joint,left_ankle_roll_joint,right_hip_roll_joint,right_hip_yaw_joint,right_knee_joint,right_ankle_roll_joint,waist_yaw_joint,left_shoulder_roll_joint,left_shoulder_yaw_joint,left_elbow_joint,right_shoulder_pitch_joint,right_shoulder_roll_joint,right_shoulder_yaw_joint,right_elbow_joint",0.0,0.0,0,pelvis,0.0,1.2187449932098389,1.828399896621704,-16.446977615356445,-34.9238395690918,2.2696075,-36.0,False,0.034608632
245,4.9,0.13600996136665344,0.16812417500033483,2.252927,31.416752,1.7238529920578003,36.01789474487305,36.0,0.8181818181818182,"left_hip_pitch_joint,left_hip_roll_joint,left_hip_yaw_joint,left_knee_joint,left_ankle_pitch_joint,left_ankle_roll_joint,right_hip_roll_joint,right_hip_yaw_joint,right_knee_joint,right_ankle_pitch_joint,waist_yaw_joint,left_shoulder_pitch_joint,left_shoulder_roll_joint,left_shoulder_yaw_joint,left_elbow_joint,right_shoulder_pitch_joint,right_shoulder_yaw_joint,right_elbow_joint",0.0,0.0,0,pelvis,0.0,1.5604616403579712,2.158905267715454,33.33604431152344,35.27775192260742,36.0,36.0,False,0.06712048
246,4.92,0.1508813053369522,0.21100133056391313,0.2975162,27.110878,1.5155060291290283,36.01974105834961,36.0,0.9090909090909091,"left_hip_pitch_joint,left_hip_roll_joint,left_hip_yaw_joint,left_knee_joint,left_ankle_roll_joint,right_hip_pitch_joint,right_hip_roll_joint,right_hip_yaw_joint,right_knee_joint,right_ankle_pitch_joint,right_ankle_roll_joint,waist_roll_joint,waist_yaw_joint,left_shoulder_roll_joint,left_shoulder_yaw_joint,left_elbow_joint,right_shoulder_pitch_joint,right_shoulder_roll_joint,right_shoulder_yaw_joint,right_elbow_joint",0.0,0.0,0,pelvis,0.0,1.749639630317688,1.9501662254333496,-11.212265014648438,-26.98622703552246,-36.0,-36.0,False,0.07268909
247,4.94,0.1777835190296173,0.07807576434197294,2.6258826,26.79851,1.867329478263855,35.4680061340332,36.0,0.8636363636363636,"left_hip_pitch_joint,left_hip_roll_joint,left_hip_yaw_joint,left_ankle_pitch_joint,left_ankle_roll_joint,right_hip_pitch_joint,right_hip_roll_joint,right_hip_yaw_joint,right_knee_joint,right_ankle_pitch_joint,waist_roll_joint,waist_yaw_joint,left_shoulder_pitch_joint,left_shoulder_roll_joint,left_shoulder_yaw_joint,left_elbow_joint,right_shoulder_pitch_joint,right_shoulder_yaw_joint,right_elbow_joint",0.0,0.0,0,pelvis,0.0,1.943332552909851,2.302381753921509,27.43770980834961,35.24475860595703,28.534523,36.0,False,0.09210367
248,4.96,0.18924105167388916,0.23798285169080913,0.32987824,34.0838,1.764235258102417,36.04052734375,36.0,0.9545454545454546,"left_hip_pitch_joint,left_hip_roll_joint,left_hip_yaw_joint,left_knee_joint,left_ankle_pitch_joint,left_ankle_roll_joint,right_hip_pitch_joint,right_hip_roll_joint,right_hip_yaw_joint,right_knee_joint,right_ankle_pitch_joint,right_ankle_roll_joint,waist_yaw_joint,left_shoulder_pitch_joint,left_shoulder_roll_joint,left_shoulder_yaw_joint,left_elbow_joint,right_shoulder_pitch_joint,right_shoulder_roll_joint,right_shoulder_yaw_joint,right_elbow_joint",0.0,0.0,0,pelvis,0.0,2.115029811859131,2.060373306274414,-3.499824047088623,-34.49925231933594,-36.0,-36.0,False,0.08086174
249,4.98,0.2091505080461502,0.0410766966778251,0.9174329,31.764782,1.793570637702942,36.17537307739258,36.0,0.9090909090909091,"left_hip_pitch_joint,left_hip_roll_joint,left_hip_yaw_joint,left_knee_joint,left_ankle_pitch_joint,left_ankle_roll_joint,right_hip_pitch_joint,right_hip_roll_joint,right_hip_yaw_joint,right_knee_joint,right_ankle_pitch_joint,waist_roll_joint,waist_yaw_joint,left_shoulder_pitch_joint,left_shoulder_roll_joint,left_shoulder_yaw_joint,left_elbow_joint,right_shoulder_pitch_joint,right_shoulder_yaw_joint,right_elbow_joint",0.0,0.0,0,pelvis,0.0,1.5127270221710205,2.2286229133605957,-36.17537307739258,29.004039764404297,-36.0,36.0,False,0.06533627
250,5.0,0.21420741081237793,0.22337286683374025,0.5558591,13.364296,1.5482165813446045,27.740264892578125,36.0,0.9090909090909091,"left_hip_pitch_joint,left_hip_roll_joint,left_hip_yaw_joint,left_knee_joint,left_ankle_pitch_joint,left_ankle_roll_joint,right_hip_pitch_joint,right_hip_roll_joint,right_hip_yaw_joint,right_knee_joint,right_ankle_roll_joint,waist_roll_joint,left_shoulder_pitch_joint,left_shoulder_roll_joint,left_shoulder_yaw_joint,left_elbow_joint,right_shoulder_pitch_joint,right_shoulder_roll_joint,right_shoulder_yaw_joint,right_elbow_joint",0.0,0.0,0,pelvis,0.0,1.8200740814208984,1.9832688570022583,24.771305084228516,-27.740264892578125,36.0,-36.0,False,0.07283838
