frame,t,rz,pgz,lv_norm,av_norm,dof_pos_err_max,dof_vel_max,tau_max,tau_cmd_max,tau_sat,saturated_joints,L_fz,R_fz,non_foot_cf_sum,top_cf,top_cf_val,kneeL,kneeR,kneeL_vel,kneeR_vel,kneeL_tau,kneeR_tau,kneeL_tau_cmd,kneeR_tau_cmd,knee_hit,bz_min
0,0.0,0.4103291630744934,0.9999562098746537,0.0,0.0,0.0,0.0,0.0,0.0,0.0,,0.0,0.0,0,pelvis,0.0,0.4244813621044159,0.4350522756576538,0.0,0.0,0.0,0.0,0.0,0.0,False,0.03364689
1,0.02,0.40812188386917114,0.9999562098746537,0.192132,0.068791136,1.4901161193847656e-08,1.3132964372634888,0.0,1.3132964,0.0,,0.0,22.089802,0,right_ankle_roll_link,22.089802,0.4244813621044159,0.4350522756576538,0.012202293612062931,-0.16971461474895477,0.0,0.0,-0.03660688,0.5091438,False,0.0314397
2,0.04,0.40516412258148193,0.9999667188749299,0.17573176,0.6272769,0.088559091091156,6.679009437561035,1.3132964,27.121758,0.0,,38.887516,38.887516,0,left_ankle_roll_link,38.887516,0.47356897592544556,0.5236113667488098,4.224009990692139,6.679009437561035,-0.03660688,0.5091438,-16.59904,-27.121758,False,0.030997872
3,0.06,0.410525918006897,0.995727970264852,1.5222374,8.059941,0.4002099335193634,36.01874542236328,27.121758,140.07303,0.0,,0.0,0.0,0,pelvis,0.0,0.14038965106010437,0.03484233841300011,-35.669803619384766,-36.01874542236328,-16.59904,-27.121758,129.73676,140.07303,False,0.032046437
4,0.08,0.41054975986480713,0.9996266147936694,1.7912126,9.083899,0.46325618028640747,36.03437423706055,54.0,134.5373,0.22727272727272727,"left_hip_pitch_joint,left_knee_joint,right_hip_pitch_joint,right_hip_yaw_joint,right_knee_joint",0.0,0.0,0,pelvis,0.0,0.7564610242843628,0.6531304717063904,35.992977142333984,35.47259521484375,54.0,54.0,-134.5373,-123.864044,False,0.044832975
5,0.1,0.4119853973388672,0.9973473425488919,1.0086906,5.471201,0.3832497000694275,36.79313278198242,54.0,129.38037,0.22727272727272727,"left_hip_pitch_joint,left_hip_yaw_joint,left_knee_joint,right_hip_yaw_joint,right_knee_joint",23.548857,47.109108,0,right_ankle_roll_link,47.109108,0.15157900750637054,0.05556229501962662,-35.34212112426758,-33.00705337524414,-54.0,-54.0,127.85856,129.38037,False,0.036842704
6,0.12,0.4079078733921051,0.9939227695576847,1.7251892,13.929692,0.5692517161369324,36.07792663574219,54.0,135.71574,0.2727272727272727,"left_hip_pitch_joint,left_hip_yaw_joint,left_knee_joint,right_hip_pitch_joint,right_hip_yaw_joint,right_knee_joint",0.0,0.0,0,pelvis,0.0,0.7911737561225891,0.694959819316864,35.46011734008789,35.92302322387695,54.0,54.0,-135.71574,-128.56168,False,0.04508394
7,0.14,0.40448957681655884,0.9930421113967896,1.7773727,21.170502,0.3627665042877197,36.06978225708008,54.0,115.97537,0.2727272727272727,"left_hip_pitch_joint,left_hip_yaw_joint,left_knee_joint,right_hip_roll_joint,right_hip_yaw_joint,right_knee_joint",416.0208,416.0208,0,left_ankle_roll_link,416.0208,0.21781325340270996,0.12511426210403442,-33.147308349609375,-22.783430099487305,-54.0,-54.0,115.97537,93.145325,False,0.031721257
8,0.16,0.40490251779556274,0.9984788872534409,1.1601257,9.32801,0.7524389028549194,36.02682113647461,54.0,144.84975,0.36363636363636365,"left_hip_pitch_joint,left_hip_yaw_joint,left_knee_joint,right_hip_pitch_joint,right_hip_roll_joint,right_hip_yaw_joint,right_knee_joint,right_ankle_roll_joint",0.0,0.0,0,pelvis,0.0,0.8851543068885803,0.8698979020118713,35.99863815307617,36.02682113647461,54.0,54.0,-144.84975,-142.8681,False,0.056403305
9,0.18,0.41587457060813904,0.9305674955248833,3.234523,23.09885,0.5145370364189148,38.04833221435547,54.0,100.39556,0.2727272727272727,"left_hip_pitch_joint,left_hip_yaw_joint,left_knee_joint,right_hip_pitch_joint,right_hip_yaw_joint,right_knee_joint",0.0,302.35144,0,right_ankle_roll_link,302.35144,0.3369631767272949,0.47738438844680786,-31.13136863708496,-15.086406707763672,-54.0,-54.0,100.39556,41.87265,False,0.031104758
10,0.2,0.4165571928024292,0.879906177520752,1.0099852,6.61388,0.9960305690765381,36.09340286254883,54.0,168.68315,0.22727272727272727,"left_hip_pitch_joint,left_knee_joint,right_hip_pitch_joint,right_hip_roll_joint,right_hip_yaw_joint",0.0,0.0,0,pelvis,0.0,0.9969221949577332,1.1934127807617188,36.033843994140625,36.0047721862793,54.0,41.87265,-153.8968,-168.68315,False,0.0654068
11,0.22,0.44399476051330566,0.5829949676990509,3.1255438,23.830818,0.7880855798721313,36.01023864746094,54.0,102.688484,0.3181818181818182,"left_hip_pitch_joint,left_hip_yaw_joint,left_knee_joint,right_hip_pitch_joint,right_hip_yaw_joint,right_knee_joint,right_ankle_pitch_joint",0.0,124.75456,0,right_ankle_roll_link,124.75456,0.44631850719451904,0.6773661375045776,-34.81181716918945,-24.495153427124023,-54.0,-54.0,102.688484,54.10035,False,0.03802556
12,0.24,0.4291466176509857,0.5354263782501221,2.2701457,10.159441,1.220197319984436,36.08274841308594,54.0,177.99261,0.18181818181818182,"left_knee_joint,right_hip_pitch_joint,right_hip_roll_joint,right_knee_joint",0.0,0.0,0,pelvis,0.0,1.0984357595443726,1.3528258800506592,35.969810485839844,34.856910705566406,54.0,54.0,-161.82578,-177.99261,False,0.097544365
13,0.26,0.462695449590683,0.02538210153579712,3.5493164,34.615334,1.1191883087158203,36.13291931152344,54.0,98.877594,0.36363636363636365,"left_hip_pitch_joint,left_hip_yaw_joint,left_knee_joint,right_hip_pitch_joint,right_hip_roll_joint,right_hip_yaw_joint,right_knee_joint,right_ankle_pitch_joint",0.0,0.0,0,pelvis,0.0,0.5904061794281006,0.8107993006706238,-35.967586517333984,-30.71872901916504,-54.0,-54.0,94.62877,62.096428,False,0.13278481
14,0.28,0.4601806700229645,-0.19124746322631836,2.5364244,33.58536,1.3366509675979614,36.05785369873047,54.0,170.08536,0.22727272727272727,"left_knee_joint,right_hip_pitch_joint,right_hip_roll_joint,right_knee_joint,waist_roll_joint",0.0,0.0,0,pelvis,0.0,1.0756738185882568,1.4141058921813965,35.97739791870117,30.587024688720703,54.0,54.0,-160.02759,-170.08536,False,0.24420805
15,0.3,0.4826090633869171,-0.5981214046478271,2.7328935,30.897188,1.0028414726257324,36.212554931640625,54.0,132.5956,0.3181818181818182,"left_hip_pitch_joint,left_knee_joint,right_hip_pitch_joint,right_hip_roll_joint,right_hip_yaw_joint,right_knee_joint,waist_yaw_joint",0.0,0.0,0,pelvis,0.0,0.7495404481887817,0.8866333365440369,-35.073638916015625,-29.932048797607422,-54.0,-54.0,79.21619,53.66966,False,0.20280813
16,0.32,0.4788498282432556,-0.8087880611419678,2.529551,30.842983,1.1810452938079834,36.14990234375,54.0,178.58673,0.2727272727272727,"left_hip_pitch_joint,left_hip_roll_joint,left_hip_yaw_joint,left_knee_joint,right_hip_roll_joint,right_knee_joint",0.0,0.0,0,pelvis,0.0,1.0215562582015991,1.4850852489471436,36.00785446166992,31.528030395507812,54.0,53.66966,-155.78955,-178.58673,False,0.1582695
17,0.34,0.46377110481262207,-0.9127479791641235,3.2165682,22.055845,1.006604790687561,36.233375549316406,54.0,132.86304,0.3181818181818182,"left_hip_pitch_joint,left_knee_joint,right_hip_pitch_joint,right_hip_roll_joint,right_hip_yaw_joint,right_knee_joint,waist_yaw_joint",0.0,0.0,0,pelvis,0.0,0.6400073170661926,0.9678943753242493,-35.98143005371094,-32.238136291503906,-54.0,-54.0,90.70221,54.08704,False,0.14128555
18,0.36,0.4538222551345825,-0.9760866165161133,1.7151145,43.958195,1.132707118988037,36.20570373535156,54.0,194.40161,0.18181818181818182,"left_hip_yaw_joint,left_knee_joint,right_hip_roll_joint,right_knee_joint",0.0,0.0,0,pelvis,0.0,0.9973384141921997,1.55815851688385,36.0479621887207,34.85103988647461,54.0,54.0,-153.97244,-194.40161,False,0.15138471
19,0.38,0.41433948278427124,-0.9470316171646118,4.471923,12.485002,0.944216251373291,36.286659240722656,54.0,129.22629,0.2727272727272727,"left_knee_joint,right_hip_pitch_joint,right_hip_roll_joint,right_hip_yaw_joint,right_knee_joint,waist_yaw_joint",0.0,0.0,0,pelvis,0.0,0.6609708070755005,1.0406416654586792,-36.042381286621094,-33.57878875732422,-54.0,-54.0,89.20799,52.289215,False,0.08431657
20,0.4,0.37379270792007446,-0.6035195589065552,1.3147297,52.706924,1.2606456279754639,36.19533920288086,54.0,201.91528,0.22727272727272727,"left_hip_pitch_joint,left_hip_yaw_joint,left_knee_joint,right_knee_joint,waist_yaw_joint",0.0,0.0,0,pelvis,0.0,1.1646393537521362,1.635048508644104,36.032318115234375,35.305198669433594,54.0,52.289215,-167.3096,-201.91528,False,0.075255245
21,0.42,0.324118971824646,-0.5900907516479492,4.3755136,16.783113,0.7522356510162354,36.14999771118164,54.0,117.37371,0.36363636363636365,"left_hip_roll_joint,left_knee_joint,right_hip_pitch_joint,right_hip_roll_joint,right_hip_yaw_joint,right_knee_joint,waist_roll_joint,waist_yaw_joint",0.0,0.0,0,pelvis,0.0,1.0477948188781738,1.1011399030685425,-36.0190544128418,-33.09260177612305,-54.0,-54.0,58.192085,45.99079,False,0.0688504
22,0.44,0.26430198550224304,-0.06487798690795898,2.5128891,51.213768,1.2883192300796509,110.87759399414062,54.0,200.4795,0.2727272727272727,"left_hip_roll_joint,left_hip_yaw_joint,left_knee_joint,right_hip_roll_joint,waist_roll_joint,waist_yaw_joint",1843.0349,0.0,0,left_ankle_roll_link,1843.0349,1.221226453781128,1.6671799421310425,-17.721677780151367,33.969764709472656,54.0,45.99079,-10.5745735,-200.4795,False,0.07517517
23,0.46,0.21007856726646423,0.2552623748779297,2.8949835,25.075928,0.6591835618019104,82.55449676513672,54.0,73.20265,0.45454545454545453,"left_hip_roll_joint,left_hip_yaw_joint,left_ankle_pitch_joint,left_ankle_roll_joint,right_hip_pitch_joint,right_hip_roll_joint,right_hip_yaw_joint,right_knee_joint,waist_roll_joint,waist_yaw_joint",1906.5157,0.0,0,left_ankle_roll_link,1906.5157,0.7020475268363953,0.9869007468223572,-19.65187644958496,-33.140079498291016,-10.5745735,-54.0,36.750336,55.272366,False,0.043711852
24,0.48,0.15653283894062042,0.7168622016906738,1.199331,31.065294,1.301072120666504,36.10419464111328,54.0,203.98769,0.13636363636363635,"left_ankle_roll_joint,right_hip_roll_joint,right_knee_joint",366.68896,0.0,0,left_ankle_roll_link,366.68896,0.20810645818710327,1.6551252603530884,-18.737245559692383,35.46061706542969,36.750336,54.0,73.52173,-203.98769,False,0.043457262
25,0.5,0.14985601603984833,0.5684948563575745,3.1294644,38.01732,0.8404278755187988,46.46742248535156,54.0,67.5634,0.4090909090909091,"left_hip_roll_joint,left_knee_joint,left_ankle_pitch_joint,right_hip_pitch_joint,right_hip_roll_joint,right_hip_yaw_joint,right_knee_joint,waist_roll_joint,waist_yaw_joint",2061.8403,0.0,13.378520011901855,left_ankle_roll_link,2061.8403,0.6815646886825562,1.194504737854004,11.273292541503906,-33.97317886352539,54.0,-54.0,-54.386543,41.163345,False,0.037605375
26,0.52,0.1542217880487442,0.5386992692947388,2.529058,25.788923,1.2444908618927002,34.49302673339844,54.0,194.50641,0.13636363636363635,"left_hip_roll_joint,left_knee_joint,left_ankle_roll_joint",416.93732,0.0,0,left_ankle_roll_link,416.93732,0.22083047032356262,1.5728939771652222,-34.2926139831543,34.49302673339844,-54.0,41.163345,119.16991,-194.50641,False,0.062096134
27,0.54,0.17093682289123535,0.24266231060028076,3.7345328,24.642954,0.671273946762085,36.140953063964844,54.0,139.34583,0.3181818181818182,"left_hip_yaw_joint,left_knee_joint,right_hip_pitch_joint,right_hip_roll_joint,right_hip_yaw_joint,right_knee_joint,waist_yaw_joint",0.0,0.0,0,pelvis,0.0,0.8347394466400146,1.0271278619766235,35.508392333984375,-35.14230728149414,54.0,-54.0,-139.34583,58.06088,False,0.067785576
28,0.56,0.19385388493537903,0.28021788597106934,3.4778163,27.296873,1.1857990026474,36.025543212890625,54.0,202.5177,0.18181818181818182,"left_hip_yaw_joint,left_knee_joint,right_hip_roll_joint,right_knee_joint",0.0,0.0,0,pelvis,0.0,0.29893958568573,1.6208512783050537,-34.05054473876953,35.88459014892578,-54.0,54.0,112.19498,-202.5177,False,0.08191304
29,0.58,0.22138817608356476,-0.1539987325668335,3.6672447,26.43043,0.7252665758132935,36.018314361572266,54.0,122.69238,0.2727272727272727,"left_hip_yaw_joint,left_knee_joint,right_hip_roll_joint,right_hip_yaw_joint,right_knee_joint,waist_yaw_joint",0.0,0.0,0,pelvis,0.0,0.8379929661750793,1.1603188514709473,29.870485305786133,-35.02589416503906,54.0,-54.0,-122.69238,47.05636,False,0.07157889
30,0.6,0.2090858817100525,-0.013093709945678711,2.4803715,16.712757,1.1759779453277588,35.93035125732422,54.0,186.14818,0.18181818181818182,"left_hip_pitch_joint,left_hip_roll_joint,left_hip_yaw_joint,left_knee_joint",0.0,0.0,0,pelvis,0.0,0.24514088034629822,1.6110302209854126,-35.10402297973633,30.68998146057129,-54.0,47.05636,119.65931,-186.14818,False,0.06532834
31,0.62,0.19560858607292175,-0.3681497573852539,3.1606257,21.494928,0.7048041820526123,35.99192428588867,54.0,126.71859,0.2727272727272727,"left_hip_yaw_joint,left_knee_joint,right_hip_pitch_joint,right_hip_yaw_joint,right_knee_joint,waist_yaw_joint",0.0,0.0,0,pelvis,0.0,0.7876381874084473,1.1398564577102661,32.55534744262695,-33.426002502441406,54.0,-54.0,-126.71859,43.893673,False,0.025937816
32,0.64,0.1718117743730545,-0.18177998065948486,2.5593545,18.902002,1.2131489515304565,35.72752380371094,54.0,196.47946,0.18181818181818182,"left_hip_pitch_joint,left_hip_yaw_joint,left_knee_joint,right_hip_pitch_joint",0.0,0.0,0,pelvis,0.0,0.21598213911056519,1.6482012271881104,-35.72752380371094,33.142513275146484,-54.0,43.893673,123.86251,-196.47946,False,-0.0075208256
33,0.66,0.17131933569908142,-0.5686709880828857,3.5516768,28.048302,1.08639395236969,35.99215316772461,54.0,121.06818,0.36363636363636365,"left_hip_roll_joint,left_hip_yaw_joint,left_knee_joint,right_hip_pitch_joint,right_hip_roll_joint,right_hip_yaw_joint,right_knee_joint,waist_roll_joint",0.0,0.0,0,pelvis,0.0,0.7969090342521667,1.5214462280273438,30.424654006958008,-31.83568000793457,54.0,-54.0,-121.06818,8.595528,False,-0.061284564
34,0.68,0.18303093314170837,-0.3869520425796509,1.3755273,8.874317,1.4383217096328735,26.73891258239746,54.0,156.37299,0.3181818181818182,"left_hip_pitch_joint,left_hip_roll_joint,left_hip_yaw_joint,left_knee_joint,right_hip_pitch_joint,right_hip_roll_joint,waist_roll_joint",0.0,0.0,0,pelvis,0.0,0.3198678195476532,1.8733739852905273,-26.73891258239746,13.769085884094238,-54.0,8.595528,88.585815,-156.37299,False,-0.053780593
35,0.7000000000000001,0.19737878441810608,-0.6815617084503174,1.7143304,23.04076,1.0014303922653198,36.03499984741211,54.0,122.474594,0.22727272727272727,"left_hip_yaw_joint,left_knee_joint,right_hip_pitch_joint,right_hip_yaw_joint,right_knee_joint",0.0,0.0,0,pelvis,0.0,0.8386259078979492,1.4364826679229736,29.781007766723633,-35.0914192199707,54.0,-54.0,-122.474594,25.159828,False,-0.05961842
36,0.72,0.20110386610031128,-0.5115152597427368,1.7514055,22.430511,1.346536636352539,35.4256706237793,54.0,179.31902,0.2727272727272727,"left_hip_pitch_joint,left_hip_roll_joint,left_hip_yaw_joint,left_knee_joint,right_hip_pitch_joint,waist_roll_joint",0.0,0.0,0,pelvis,0.0,0.409323126077652,1.7815889120101929,-35.4256706237793,23.865360260009766,-54.0,25.159828,107.48967,-179.31902,False,-0.05326987
37,0.74,0.21252581477165222,-0.7366660833358765,1.4401504,27.161629,0.9330582618713379,35.87569046020508,54.0,141.56894,0.3181818181818182,"left_hip_yaw_joint,left_knee_joint,right_hip_pitch_joint,right_hip_roll_joint,right_hip_yaw_joint,right_knee_joint,waist_roll_joint",0.0,0.0,24.04511070251465,torso_link,24.04511,0.9677696824073792,1.3681105375289917,32.70195388793945,-35.85252380371094,54.0,-54.0,-141.56894,32.91291,False,-0.060073864
38,0.76,0.21770794689655304,-0.612749457359314,1.8236231,24.470535,1.4071877002716064,36.126583099365234,54.0,204.04218,0.3181818181818182,"left_hip_pitch_joint,left_hip_roll_joint,left_hip_yaw_joint,left_knee_joint,right_hip_pitch_joint,right_hip_roll_joint,waist_roll_joint",0.0,0.0,0,pelvis,0.0,0.493459016084671,1.8422399759292603,-35.58363723754883,30.489055633544922,-54.0,32.91291,101.232704,-204.04218,False,-0.054381423
39,0.78,0.22736983001232147,-0.7740585803985596,1.2124867,28.232672,1.0060932636260986,35.96725082397461,54.0,152.93788,0.2727272727272727,"left_hip_yaw_joint,left_knee_joint,right_hip_roll_joint,right_hip_yaw_joint,right_knee_joint,waist_roll_joint",0.0,0.0,0,pelvis,0.0,1.0587199926376343,1.4411455392837524,34.06626510620117,-35.96725082397461,54.0,-54.0,-152.93788,27.414291,False,-0.058986124
40,0.8,0.22987717390060425,-0.709505558013916,1.9547068,24.213366,1.451228141784668,36.236270904541016,54.0,217.58527,0.3181818181818182,"left_hip_pitch_joint,left_hip_yaw_joint,left_knee_joint,right_hip_pitch_joint,right_hip_roll_joint,right_hip_yaw_joint,waist_roll_joint",0.0,0.0,0,pelvis,0.0,0.5511083006858826,1.8862804174423218,-34.678955078125,33.82900619506836,-54.0,27.414291,93.90671,-217.58527,False,-0.05292672
41,0.8200000000000001,0.24060361087322235,-0.803687334060669,0.86951774,27.54116,1.096887469291687,35.75275802612305,54.0,156.29843,0.3181818181818182,"left_hip_yaw_joint,left_knee_joint,right_hip_roll_joint,right_hip_yaw_joint,right_knee_joint,waist_roll_joint,waist_yaw_joint",0.0,0.0,0,pelvis,0.0,1.079997181892395,1.5319397449493408,34.61906051635742,-35.75275802612305,54.0,-54.0,-156.29843,19.50727,False,-0.05452371
42,0.84,0.2474076747894287,-0.8370679616928101,2.047628,18.919588,1.4851876497268677,36.12368392944336,54.0,213.32083,0.22727272727272727,"left_hip_pitch_joint,left_hip_yaw_joint,left_knee_joint,right_hip_pitch_joint,right_hip_yaw_joint",0.0,0.0,0,pelvis,0.0,0.559302568435669,1.9202399253845215,-33.4984130859375,31.501941680908203,-54.0,19.50727,89.70954,-213.32083,False,-0.04885556
43,0.86,0.2519236207008362,-0.8529841899871826,1.0685558,23.673153,1.0328208208084106,35.814483642578125,54.0,148.59444,0.2727272727272727,"left_hip_yaw_joint,left_knee_joint,right_hip_roll_joint,right_hip_yaw_joint,right_knee_joint,waist_yaw_joint",0.0,0.0,0,pelvis,0.0,0.9437314867973328,1.4678730964660645,35.684810638427734,-35.814483642578125,54.0,-54.0,-148.59444,24.817787,False,-0.04317726
44,0.88,0.2549550235271454,-0.9219866991043091,1.6595364,25.032862,1.48225736618042,36.072853088378906,54.0,208.79045,0.22727272727272727,"left_hip_pitch_joint,left_hip_yaw_joint,left_knee_joint,right_hip_pitch_joint,right_hip_yaw_joint",0.0,0.0,0,pelvis,0.0,0.413144588470459,1.9173096418380737,-30.253442764282227,30.06995391845703,-54.0,24.817787,91.667274,-208.79045,False,-0.03962532
45,0.9,0.2570754885673523,-0.9117860794067383,0.6136153,13.828338,1.0480772256851196,36.00505065917969,54.0,134.16171,0.22727272727272727,"left_hip_roll_joint,left_hip_yaw_joint,left_knee_joint,right_hip_yaw_joint,right_knee_joint",0.0,0.0,0,pelvis,0.0,0.7725943326950073,1.4831295013427734,35.43756103515625,-30.638160705566406,54.0,-54.0,-134.16171,8.068306,False,-0.029787887
46,0.92,0.25971171259880066,-0.9575999975204468,1.2866129,25.578342,1.2329314947128296,36.05356979370117,54.0,149.86255,0.22727272727272727,"left_hip_pitch_joint,left_hip_yaw_joint,left_knee_joint,right_hip_pitch_joint,right_hip_yaw_joint",0.0,0.0,0,pelvis,0.0,0.2235608845949173,1.6679837703704834,-30.229543685913086,17.076007843017578,-54.0,8.068306,106.76227,-149.86255,False,-0.03766937
47,0.9400000000000001,0.26130661368370056,-0.9528403282165527,0.30919138,4.2548757,0.7657414674758911,36.15730285644531,54.0,114.958824,0.22727272727272727,"left_hip_roll_joint,left_hip_yaw_joint,left_knee_joint,right_hip_yaw_joint,right_knee_joint",0.0,0.0,0,pelvis,0.0,0.5800856351852417,1.0987510681152344,34.170162200927734,-31.213497161865234,54.0,-54.0,-114.958824,40.544586,False,-0.044776514
48,0.96,0.26355230808258057,-0.9580396413803101,1.3204496,22.008926,1.0107471942901611,35.241310119628906,54.0,168.12102,0.22727272727272727,"left_hip_pitch_joint,left_hip_yaw_joint,left_knee_joint,right_hip_pitch_joint,right_hip_roll_joint",0.0,0.0,0,pelvis,0.0,0.005588684231042862,1.2864640951156616,-8.94972038269043,33.33602523803711,-54.0,40.544586,60.360573,-168.12102,False,-0.045504853
49,0.98,0.2636374533176422,-0.9571492671966553,0.43303892,2.974711,0.7432122826576233,36.054473876953125,54.0,116.70168,0.3181818181818182,"left_hip_roll_joint,left_hip_yaw_joint,left_knee_joint,right_hip_pitch_joint,right_hip_roll_joint,right_hip_yaw_joint,right_knee_joint",0.0,0.0,0,pelvis,0.0,0.4720120131969452,0.7660817503929138,36.014678955078125,-33.702327728271484,54.0,-54.0,-111.84649,74.62462,False,-0.04859461
50,1.0,0.26403534412384033,-0.9254248142242432,0.9928136,20.509901,1.0574179887771606,36.06696319580078,54.0,162.77788,0.2727272727272727,"left_hip_yaw_joint,left_knee_joint,right_hip_pitch_joint,right_hip_roll_joint,right_hip_yaw_joint,right_knee_joint",0.0,0.0,0,pelvis,0.0,-8.21639878267888e-06,1.1177985668182373,0.015154438093304634,36.0527229309082,-54.0,54.0,33.913704,-162.77788,True,-0.04159085
51,1.02,0.2603081464767456,-0.937788724899292,0.5280125,14.65048,0.7744500041007996,36.05298614501953,54.0,116.690704,0.18181818181818182,"left_hip_roll_joint,left_hip_yaw_joint,right_hip_yaw_joint,right_knee_joint",0.0,0.0,0,pelvis,0.0,0.4501190781593323,0.6038455963134766,36.05298614501953,-30.536386489868164,33.913704,-54.0,-110.20998,78.1057,False,-0.04460728
52,1.04,0.25425663590431213,-0.8876217603683472,0.79312277,23.047665,1.114733099937439,36.18278121948242,54.0,148.05956,0.2727272727272727,"left_hip_yaw_joint,left_knee_joint,right_hip_pitch_joint,right_hip_roll_joint,right_hip_yaw_joint,right_knee_joint",0.0,0.0,0,pelvis,0.0,-9.981129551306367e-06,0.952197253704071,0.031793732196092606,35.562652587890625,-54.0,54.0,33.863926,-148.05956,True,-0.048115376
53,1.06,0.25117921829223633,-0.9109728336334229,0.64344347,16.068054,0.865094780921936,36.0428581237793,54.0,119.75542,0.22727272727272727,"left_hip_roll_joint,left_hip_yaw_joint,right_hip_pitch_joint,right_hip_yaw_joint,right_knee_joint",0.0,0.0,0,pelvis,0.0,0.3903377950191498,0.4035015106201172,36.0428581237793,-30.222942352294922,33.863926,-54.0,-105.39709,93.19289,False,-0.04880035
54,1.08,0.2472873032093048,-0.8209519386291504,0.6620473,25.553782,1.2867894172668457,36.146888732910156,54.0,137.6955,0.3181818181818182,"left_hip_yaw_joint,left_knee_joint,right_hip_pitch_joint,right_hip_roll_joint,right_hip_yaw_joint,right_knee_joint,waist_roll_joint",0.0,0.0,0,pelvis,0.0,0.0021887575276196003,0.7555168867111206,0.08021210879087448,35.73514175415039,-54.0,54.0,33.542774,-132.84259,True,-0.048066754
55,1.1,0.23976998031139374,-0.8303573131561279,0.88946205,12.113021,0.9566445350646973,36.09344482421875,54.0,121.07339,0.2727272727272727,"left_hip_roll_joint,left_hip_yaw_joint,right_hip_pitch_joint,right_hip_yaw_joint,right_knee_joint,waist_roll_joint",0.0,0.0,0,pelvis,0.0,0.406026691198349,0.19083240628242493,35.91640090942383,-28.85082244873047,33.542774,-54.0,-106.272835,106.09006,False,-0.04369812
56,1.12,0.226841002702713,-0.6740865707397461,0.44297326,24.470913,1.399512529373169,36.439884185791016,54.0,137.42879,0.36363636363636365,"left_hip_pitch_joint,left_hip_yaw_joint,left_knee_joint,right_hip_pitch_joint,right_hip_roll_joint,right_hip_yaw_joint,right_knee_joint,waist_roll_joint",0.0,0.0,0,pelvis,0.0,-8.232088475779165e-06,0.5588265657424927,-0.17431969940662384,35.193294525146484,-54.0,54.0,34.48213,-115.48183,True,-0.04317529
57,1.1400000000000001,0.20941923558712006,-0.6686792373657227,1.1697384,12.972491,1.043935775756836,36.8502311706543,54.0,121.57176,0.3181818181818182,"left_hip_pitch_joint,left_hip_roll_joint,left_hip_yaw_joint,right_hip_pitch_joint,right_hip_yaw_joint,right_knee_joint,waist_roll_joint",0.0,0.0,0,pelvis,0.0,0.38612455129623413,-0.00029176700627431273,33.739261627197266,-1.118746042251587,34.48213,-54.0,-98.14925,38.18376,True,-0.033821758
58,1.16,0.18927843868732452,-0.45380711555480957,0.47874984,23.17533,1.4402052164077759,36.58400344848633,54.0,132.47212,0.22727272727272727,"left_hip_pitch_joint,left_hip_yaw_joint,left_knee_joint,right_hip_roll_joint,waist_roll_joint",0.0,0.0,0,pelvis,0.0,-5.207489266467746e-06,0.4992229640483856,-0.3292286694049835,35.277183532714844,-54.0,38.18376,34.946613,-110.9652,True,-0.030382264
59,1.18,0.16292275488376617,-0.44304561614990234,1.2665344,19.96912,1.0753161907196045,36.26551055908203,54.0,117.37427,0.2727272727272727,"left_hip_pitch_joint,left_hip_roll_joint,left_hip_yaw_joint,right_hip_pitch_joint,right_hip_yaw_joint,right_knee_joint",0.0,218.41113,0,right_ankle_roll_link,218.41113,0.34038883447647095,0.05107490345835686,36.08296585083008,-15.539216995239258,34.946613,-54.0,-101.5215,77.335846,False,-0.016944217
60,1.2,0.1487361639738083,-0.3522146940231323,0.71276003,15.992628,1.3873591423034668,37.09796142578125,54.0,128.47226,0.36363636363636365,"left_hip_pitch_joint,left_hip_yaw_joint,left_knee_joint,right_hip_pitch_joint,right_hip_roll_joint,right_hip_yaw_joint,right_knee_joint,waist_roll_joint",0.0,0.0,0,pelvis,0.0,-2.392021769992425e-06,0.6342796683311462,-0.6186460852622986,36.40956115722656,-54.0,54.0,35.814636,-125.16688,True,-0.03439394
61,1.22,0.1325477808713913,-0.4094531536102295,0.75313777,19.148863,1.0001813173294067,36.13916015625,54.0,135.35162,0.22727272727272727,"left_hip_roll_joint,left_hip_yaw_joint,right_hip_pitch_joint,right_hip_yaw_joint,right_knee_joint",0.0,0.0,0,pelvis,0.0,0.3277599811553955,0.028405416756868362,36.09967803955078,-34.273292541503906,35.814636,-54.0,-100.561325,135.35162,False,-0.0249795
62,1.24,0.12641571462154388,-0.31497621536254883,0.7125074,17.101646,1.3491578102111816,36.7159423828125,54.0,130.68951,0.3181818181818182,"left_hip_yaw_joint,left_knee_joint,right_hip_pitch_joint,right_hip_roll_joint,right_hip_yaw_joint,right_knee_joint,waist_roll_joint",0.0,0.0,0,pelvis,0.0,3.576543576855329e-07,0.5045017600059509,-0.0003647833364084363,36.7159423828125,-54.0,54.0,33.959576,-115.70379,True,-0.021603204
63,1.26,0.10382170975208282,-0.29389500617980957,1.0101655,27.583054,1.014169692993164,36.593475341796875,54.0,116.06817,0.2727272727272727,"left_hip_pitch_joint,left_hip_roll_joint,left_hip_yaw_joint,right_hip_pitch_joint,right_hip_yaw_joint,right_knee_joint",0.0,0.0,0,pelvis,0.0,0.29659098386764526,-0.0022117176558822393,34.11299514770508,-3.8271429538726807,33.959576,-54.0,-92.10776,46.46255,True,0.0021482874
64,1.28,0.10136279463768005,-0.2669227123260498,1.1145037,15.905164,1.3451520204544067,36.666229248046875,54.0,131.35147,0.2727272727272727,"left_hip_pitch_joint,left_hip_yaw_joint,left_knee_joint,right_hip_pitch_joint,right_hip_roll_joint,waist_roll_joint",0.0,0.0,0,pelvis,0.0,1.4532408840750577e-06,0.6399703621864319,-0.0014864110853523016,36.666229248046875,-54.0,46.46255,33.962852,-126.392136,True,0.0074800607
65,1.3,0.0736674889922142,-0.1736847162246704,0.77589774,25.350689,1.0593527555465698,36.407447814941406,54.0,137.67921,0.2727272727272727,"left_hip_pitch_joint,left_hip_roll_joint,left_hip_yaw_joint,right_hip_pitch_joint,right_hip_yaw_joint,right_knee_joint",0.0,0.0,1611.4141845703125,torso_link,1611.4142,0.28798338770866394,0.028230316936969757,36.22024917602539,-35.04448699951172,33.962852,-54.0,-97.74091,137.67921,False,0.013192365
66,1.32,0.06192854419350624,-0.11608433723449707,0.19911,10.17644,1.0545631647109985,36.48506164550781,54.0,120.61499,0.22727272727272727,"left_hip_yaw_joint,left_knee_joint,right_hip_pitch_joint,right_hip_roll_joint,right_knee_joint",315.68472,0.0,0,left_ankle_roll_link,315.68472,0.3603270947933197,0.5540996193885803,-7.1305012702941895,36.48506164550781,-54.0,54.0,26.523846,-118.97897,False,0.013572238
67,1.34,0.05413949489593506,-0.06593441963195801,1.0172645,21.92378,1.0372514724731445,35.369667053222656,54.0,110.382095,0.22727272727272727,"left_hip_pitch_joint,left_hip_yaw_joint,right_hip_pitch_joint,right_hip_yaw_joint,right_knee_joint",0.0,0.0,426.42730712890625,left_knee_link,426.4273,0.6116067171096802,-0.00334363617002964,21.12678337097168,-21.017852783203125,26.523846,-54.0,-78.35037,98.12523,True,0.004317751
68,1.36,0.06441505998373032,-0.12988483905792236,0.96114594,9.107533,0.9596884846687317,36.71160125732422,54.0,127.16156,0.18181818181818182,"left_hip_yaw_joint,left_knee_joint,right_hip_roll_joint,right_knee_joint",0.0,0.0,0,pelvis,0.0,-7.612516583321849e-06,0.5475720167160034,-6.889367580413818,36.71160125732422,-54.0,54.0,54.62722,-119.13638,True,0.002395235
69,1.3800000000000001,0.06542368978261948,-0.10764110088348389,0.6216431,25.704884,1.0572024583816528,37.26520538330078,54.0,122.03762,0.18181818181818182,"left_knee_joint,right_hip_pitch_joint,right_hip_yaw_joint,right_knee_joint",0.0,137.05882,137.05882263183594,right_knee_link,137.05882,0.5671114325523376,0.2617015838623047,36.056541442871094,-7.286529541015625,54.0,-54.0,-119.58003,35.727646,False,0.022103757
70,1.4000000000000001,0.06420004367828369,-0.11268997192382812,1.1202408,7.4540486,0.9416123628616333,36.944610595703125,54.0,125.196785,0.18181818181818182,"left_hip_yaw_joint,left_knee_joint,right_hip_roll_joint,right_hip_yaw_joint",0.0,0.0,0,pelvis,0.0,-5.45446528121829e-06,0.6145892143249512,-0.048977695405483246,36.944610595703125,-54.0,35.727646,34.10588,-125.196785,True,0.035000063
71,1.42,0.06891588866710663,-0.13358080387115479,1.0768092,26.917147,1.2198090553283691,37.12135314941406,54.0,138.64731,0.18181818181818182,"left_hip_roll_joint,right_hip_pitch_joint,right_hip_yaw_joint,right_knee_joint",0.0,592.2718,592.2717895507812,right_ankle_roll_link,592.2718,0.4666444957256317,0.2622062563896179,36.62787628173828,-18.790393829345703,34.10588,-54.0,-113.25668,70.19886,False,0.034293942
72,1.44,0.05873490869998932,-0.09237205982208252,0.20200959,6.4532757,0.9071539640426636,36.065643310546875,54.0,120.15315,0.2727272727272727,"left_hip_pitch_joint,left_hip_yaw_joint,left_knee_joint,right_hip_roll_joint,right_hip_yaw_joint,right_knee_joint",74.03317,0.0,0,left_ankle_roll_link,74.03317,0.007188742980360985,0.5845050811767578,-10.957529067993164,36.065643310546875,-54.0,54.0,66.256,-120.15315,False,0.03323438
73,1.46,0.07152671366930008,-0.1650526523590088,1.3040723,23.843977,1.3217285871505737,36.58208084106445,54.0,130.51598,0.3181818181818182,"left_hip_pitch_joint,left_hip_roll_joint,left_hip_yaw_joint,left_knee_joint,right_hip_yaw_joint,right_knee_joint,waist_roll_joint",0.0,0.0,0,pelvis,0.0,0.5913811326026917,0.1300143450498581,36.58208084106445,-35.3709831237793,54.0,-54.0,-123.09823,130.51598,False,0.022026526
74,1.48,0.06897121667861938,-0.15871787071228027,0.7099012,3.4973185,0.9178628921508789,35.160945892333984,54.0,124.38335,0.22727272727272727,"left_hip_yaw_joint,left_knee_joint,right_hip_roll_joint,right_hip_yaw_joint,right_knee_joint",0.0,0.0,0,pelvis,0.0,-0.0012549033854156733,0.4058915972709656,-30.1081485748291,32.88211441040039,-54.0,54.0,124.38335,-96.31349,True,0.02473164
75,1.5,0.08253981173038483,-0.21150505542755127,1.3939598,28.057858,1.3722892999649048,37.28544235229492,54.0,133.87076,0.2727272727272727,"left_hip_pitch_joint,left_hip_roll_joint,left_hip_yaw_joint,left_knee_joint,right_hip_yaw_joint,right_knee_joint",0.0,219.26906,0,right_ankle_roll_link,219.26906,0.49355629086494446,0.021594129502773285,36.776607513427734,-13.441838264465332,54.0,-54.0,-115.85581,73.40217,False,0.023451028
76,1.52,0.07766085118055344,-0.18377041816711426,0.56450677,8.531865,1.0038796663284302,36.07579040527344,54.0,123.07988,0.2727272727272727,"left_hip_pitch_joint,left_hip_yaw_joint,left_knee_joint,right_hip_roll_joint,right_hip_yaw_joint,right_knee_joint",0.0,0.0,0,pelvis,0.0,-0.0006043311441317201,0.4801408052444458,1.5831210613250732,35.606849670410156,-54.0,54.0,29.257492,-110.42763,True,0.028933646
77,1.54,0.08975738286972046,-0.20052504539489746,1.5559925,29.535847,1.528691053390503,43.61618423461914,54.0,143.11035,0.2727272727272727,"left_hip_roll_joint,left_hip_yaw_joint,right_hip_pitch_joint,right_hip_yaw_joint,right_knee_joint,waist_roll_joint",967.064,0.0,0,left_ankle_roll_link,967.064,0.5249647498130798,0.020943691954016685,43.61618423461914,-30.510162353515625,29.257492,-54.0,-138.88722,124.65917,False,0.019627012
78,1.56,0.08334540575742722,-0.16625595092773438,0.8195282,5.6960764,1.0734699964523315,36.426761627197266,54.0,121.3066,0.3181818181818182,"left_hip_roll_joint,left_hip_yaw_joint,left_knee_joint,right_hip_roll_joint,right_hip_yaw_joint,right_knee_joint,waist_roll_joint",0.0,0.0,0,pelvis,0.0,-0.0021112377289682627,0.3965502083301544,0.6494618654251099,35.384788513183594,-54.0,54.0,32.17902,-103.0742,True,0.036922205
79,1.58,0.10542147606611252,-0.23002779483795166,2.1196373,24.0896,1.4264488220214844,40.63899612426758,54.0,135.14392,0.2727272727272727,"left_hip_pitch_joint,left_hip_roll_joint,right_hip_pitch_joint,right_hip_yaw_joint,right_knee_joint,waist_roll_joint",0.0,0.0,0,pelvis,0.0,0.6545433402061462,0.014148065820336342,36.64495849609375,-22.67557144165039,32.17902,-54.0,-128.33983,101.69905,False,0.016593223
80,1.6,0.10205423831939697,-0.20047426223754883,0.7537101,5.298205,1.031785488128662,36.39607238769531,54.0,140.09012,0.3181818181818182,"left_hip_pitch_joint,left_hip_yaw_joint,left_knee_joint,right_hip_roll_joint,right_hip_yaw_joint,right_knee_joint,waist_yaw_joint",0.0,0.0,0,pelvis,0.0,0.03434997424483299,0.35831066966056824,-36.2932014465332,36.39607238769531,-54.0,54.0,140.09012,-103.04889,False,0.04294408
81,1.62,0.12317252159118652,-0.2843353748321533,1.77368,20.104023,1.3169654607772827,36.641876220703125,54.0,143.00018,0.18181818181818182,"left_hip_roll_joint,left_knee_joint,right_hip_yaw_joint,right_knee_joint",0.0,0.0,0,pelvis,0.0,0.580565333366394,0.053823769092559814,36.641876220703125,-32.211910247802734,54.0,-54.0,-122.412346,127.134,False,0.033469852
82,1.6400000000000001,0.11148831993341446,-0.21946704387664795,0.85547715,4.2699103,1.0787895917892456,36.95661163330078,54.0,112.48111,0.2727272727272727,"left_hip_pitch_joint,left_hip_yaw_joint,left_knee_joint,right_hip_roll_joint,right_hip_yaw_joint,right_knee_joint",0.0,0.0,0,pelvis,0.0,-0.004626755602657795,0.3604329228401184,-4.0566606521606445,35.41431427001953,-54.0,54.0,46.49863,-100.27339,True,0.041519523
83,1.6600000000000001,0.10309096425771713,-0.1840834617614746,1.1325624,14.19046,1.3837387561798096,40.22175979614258,54.0,126.77784,0.18181818181818182,"left_hip_roll_joint,right_hip_pitch_joint,right_hip_yaw_joint,right_knee_joint",0.0,0.0,0,pelvis,0.0,0.6189024448394775,-8.50725409691222e-05,37.0747184753418,-1.741106629371643,46.49863,-54.0,-126.77784,40.03431,True,0.047745787
84,1.68,0.08016946166753769,-0.07561302185058594,1.408015,4.486497,0.9238038063049316,36.41355895996094,54.0,128.74574,0.22727272727272727,"left_hip_pitch_joint,left_knee_joint,right_hip_pitch_joint,right_hip_roll_joint,right_hip_yaw_joint",0.0,0.0,0,pelvis,0.0,0.18066807091236115,0.40348300337791443,-36.41355895996094,36.1999626159668,-54.0,40.03431,128.74574,-106.07434,False,0.05808602
85,1.7,0.08543746173381805,-0.126509428024292,0.85066617,26.828655,1.2402373552322388,37.05284881591797,54.0,130.99847,0.3181818181818182,"left_hip_pitch_joint,left_hip_roll_joint,left_hip_yaw_joint,left_knee_joint,right_hip_pitch_joint,right_hip_yaw_joint,right_knee_joint",0.0,2382.8604,0,right_ankle_roll_link,2382.8604,0.5531880259513855,0.1353154480457306,36.68731689453125,-4.356369972229004,54.0,-54.0,-120.35848,37.048058,False,0.054759882
86,1.72,0.06651446223258972,-0.07141602039337158,1.429557,14.244504,0.7701414823532104,36.079017639160156,54.0,112.09921,0.3181818181818182,"left_hip_pitch_joint,left_hip_roll_joint,left_hip_yaw_joint,left_knee_joint,right_hip_roll_joint,right_hip_yaw_joint,waist_roll_joint",224.67651,0.0,0,left_ankle_roll_link,224.67651,0.14680081605911255,0.48332929611206055,-20.71332359313965,36.079017639160156,-54.0,37.048058,84.354416,-112.09921,False,0.0491025
87,1.74,0.07386679202318192,-0.13822555541992188,1.1290979,25.015701,1.1752797365188599,36.12212371826172,54.0,136.22316,0.3181818181818182,"left_hip_pitch_joint,left_hip_roll_joint,left_hip_yaw_joint,left_knee_joint,right_hip_yaw_joint,right_knee_joint,waist_roll_joint",0.0,0.0,0,pelvis,0.0,0.7742012143135071,0.0893731638789177,36.08185577392578,-34.48909378051758,54.0,-54.0,-136.22316,131.12161,False,0.022698889
88,1.76,0.06400923430919647,-0.18249750137329102,0.67751294,3.8052464,0.8048856854438782,36.040374755859375,54.0,110.52921,0.3181818181818182,"left_hip_pitch_joint,left_hip_roll_joint,left_hip_yaw_joint,left_knee_joint,right_hip_roll_joint,right_hip_yaw_joint,right_knee_joint",0.0,0.0,213.9864501953125,torso_link,213.98645,0.21281808614730835,0.4106246531009674,-31.19871711730957,34.4830207824707,-54.0,54.0,110.52921,-101.49486,False,0.0066599473
89,1.78,0.07554841041564941,-0.18531084060668945,1.1820121,18.161715,1.1013752222061157,36.42145538330078,54.0,118.72569,0.2727272727272727,"left_hip_pitch_joint,left_hip_roll_joint,left_hip_yaw_joint,left_knee_joint,right_hip_yaw_joint,right_knee_joint",0.0,0.0,2351.127685546875,left_knee_link,1886.7609,0.7584894895553589,0.14383670687675476,17.70372200012207,-31.80948257446289,54.0,-54.0,-79.83182,118.72569,False,0.013622902
90,1.8,0.08302240818738937,-0.23132741451263428,0.662918,12.670503,0.8079105019569397,36.044002532958984,54.0,109.39554,0.22727272727272727,"left_hip_yaw_joint,left_knee_joint,right_hip_roll_joint,right_hip_yaw_joint,right_knee_joint",0.0,0.0,0,pelvis,0.0,0.1530940979719162,0.302743524312973,-29.228185653686523,34.78380584716797,-54.0,54.0,109.39554,-93.766716,False,0.017754205
91,1.82,0.09548597037792206,-0.2484114170074463,0.82068557,26.77309,1.018730640411377,36.0250129699707,54.0,120.80499,0.22727272727272727,"left_hip_roll_joint,left_hip_yaw_joint,left_knee_joint,right_hip_yaw_joint,right_knee_joint",0.0,0.0,0,pelvis,0.0,0.6205306053161621,-0.00013576938363257796,35.04035186767578,0.49852269887924194,54.0,-54.0,-120.80499,33.319477,True,0.021307146
92,1.84,0.08710255473852158,-0.21758806705474854,0.9630079,15.3185625,0.9212542772293091,36.103084564208984,54.0,127.18257,0.2727272727272727,"left_hip_pitch_joint,left_hip_yaw_joint,left_knee_joint,right_hip_roll_joint,right_hip_yaw_joint,waist_roll_joint",0.0,0.0,0,pelvis,0.0,0.042264919728040695,0.41979849338531494,-28.79134750366211,36.012454986572266,-54.0,33.319477,116.951355,-106.81706,False,0.016140046
93,1.86,0.08842327445745468,-0.23946404457092285,0.8144227,15.741393,1.1084620952606201,37.963043212890625,54.0,119.4517,0.2727272727272727,"left_hip_roll_joint,left_hip_yaw_joint,left_knee_joint,right_hip_yaw_joint,right_knee_joint,waist_roll_joint",0.0,0.0,0,pelvis,0.0,0.4823645353317261,-0.002185286721214652,30.322738647460938,-2.789461612701416,54.0,-54.0,-95.59887,43.34739,True,0.024464153
94,1.8800000000000001,0.07370705157518387,-0.17170512676239014,1.2162298,14.67546,1.1104261875152588,36.116172790527344,54.0,117.47073,0.22727272727272727,"left_hip_pitch_joint,left_hip_yaw_joint,left_knee_joint,right_hip_roll_joint,right_hip_yaw_joint",81.85061,0.0,81.8506088256836,left_ankle_roll_link,81.85061,-3.161136919516139e-05,0.4115349352359772,0.06676161289215088,36.002662658691406,-54.0,43.34739,33.760754,-106.1266,True,0.011646522
95,1.9000000000000001,0.06715334206819534,-0.1503380537033081,0.95888174,20.879494,1.078635334968567,37.222347259521484,54.0,118.704445,0.22727272727272727,"left_hip_roll_joint,left_hip_yaw_joint,right_hip_yaw_joint,right_knee_joint,waist_roll_joint",0.0,1288.0808,0,right_ankle_roll_link,1288.0808,0.536369800567627,0.1694151908159256,36.07920837402344,-6.133252143859863,33.760754,-54.0,-117.1887,39.650726,False,0.025768345
96,1.92,0.061649248003959656,-0.10550284385681152,1.1991981,14.689807,1.2128016948699951,36.47092056274414,54.0,135.32384,0.22727272727272727,"left_hip_pitch_joint,left_hip_yaw_joint,left_knee_joint,right_hip_roll_joint,right_hip_yaw_joint",0.0,0.0,0,pelvis,0.0,-1.3125525583745912e-05,0.5516729950904846,-0.17595764994621277,33.75882339477539,-54.0,39.650726,34.48743,-110.60613,True,0.0075100902
97,1.94,0.06116017699241638,-0.1019517183303833,1.2178985,23.85947,1.1202311515808105,36.075828552246094,54.0,124.99806,0.22727272727272727,"left_hip_roll_joint,left_hip_yaw_joint,right_hip_yaw_joint,right_knee_joint,waist_roll_joint",0.0,183.14983,294.80953216552734,pelvis,183.14983,0.47655102610588074,0.15330278873443604,36.075828552246094,-6.181910514831543,34.48743,-54.0,-112.39306,41.08569,False,0.027879074
98,1.96,0.062020301818847656,-0.1076744794845581,1.4119495,17.858192,1.2507380247116089,36.04176712036133,54.0,124.622696,0.22727272727272727,"left_hip_pitch_joint,left_hip_yaw_joint,left_knee_joint,right_hip_roll_joint,right_hip_yaw_joint",300.11356,0.0,150.05677795410156,left_ankle_roll_link,300.11356,0.10655511170625687,0.4348049759864807,-14.227243423461914,36.04176712036133,-54.0,41.08569,68.11583,-108.10552,False,0.020396356
99,1.98,0.07252726703882217,-0.16107428073883057,1.4464847,20.849098,1.0960001945495605,36.418052673339844,54.0,124.60631,0.3181818181818182,"left_hip_pitch_joint,left_hip_roll_joint,left_hip_yaw_joint,left_knee_joint,right_hip_yaw_joint,right_knee_joint,waist_roll_joint",0.0,0.0,0,pelvis,0.0,0.5452024340629578,-0.0008129572379402816,32.42792510986328,0.21643218398094177,54.0,-54.0,-106.94146,34.21992,True,0.029741412
100,2.0,0.08045119792222977,-0.20271790027618408,0.93332726,1.9694871,1.2081899642944336,40.21367645263672,54.0,105.39792,0.22727272727272727,"left_hip_pitch_joint,left_hip_yaw_joint,left_knee_joint,right_hip_roll_joint,right_hip_yaw_joint",0.0,0.0,399.306884765625,torso_link,399.3069,-2.2549573259311728e-05,0.2574905455112457,-1.6807290315628052,26.466373443603516,-54.0,34.21992,39.0025,-65.19418,True,0.013325328
101,2.02,0.0832461416721344,-0.18070149421691895,0.98678005,17.480568,0.9995303750038147,36.088645935058594,54.0,125.33241,0.22727272727272727,"left_hip_roll_joint,left_hip_yaw_joint,right_hip_pitch_joint,right_hip_yaw_joint,right_knee_joint",0.0,0.0,0,pelvis,0.0,0.4792560040950775,-0.0012379414401948452,35.958683013916016,3.2871806621551514,39.0025,-54.0,-112.258026,25.041676,True,0.034003615
102,2.04,0.08818119764328003,-0.17252278327941895,1.0949168,4.250524,1.2827528715133667,38.570560455322266,54.0,100.74076,0.22727272727272727,"left_hip_pitch_joint,left_hip_yaw_joint,left_knee_joint,right_hip_roll_joint,right_hip_yaw_joint",0.0,0.0,0,pelvis,0.0,-0.004872352350503206,0.33291152119636536,-7.324274063110352,34.14908218383789,-54.0,25.041676,56.32112,-94.275986,True,0.026564142
103,2.06,0.08172681927680969,-0.13153791427612305,0.91292757,19.897192,0.8602386713027954,36.71103286743164,54.0,121.71135,0.2727272727272727,"left_hip_roll_joint,left_hip_yaw_joint,left_knee_joint,right_hip_pitch_joint,right_hip_yaw_joint,right_knee_joint",0.0,0.0,0,pelvis,0.0,0.45196104049682617,-0.0008010767633095384,36.71103286743164,1.8759714365005493,54.0,-54.0,-112.331474,29.240356,True,0.048471987
104,2.08,0.08446670323610306,-0.11629295349121094,1.2666292,13.088785,1.3675222396850586,36.86848068237305,54.0,142.592,0.22727272727272727,"left_hip_pitch_joint,left_hip_yaw_joint,left_knee_joint,right_hip_roll_joint,right_hip_yaw_joint",0.0,0.0,0,pelvis,0.0,0.10780541598796844,0.4242977499961853,-31.124027252197266,36.86848068237305,-54.0,29.240356,118.70616,-109.74508,False,0.047441363
105,2.1,0.0712471455335617,-0.05446946620941162,1.1103606,23.101212,0.9094552397727966,36.55888748168945,54.0,119.94497,0.3181818181818182,"left_hip_roll_joint,left_hip_yaw_joint,left_knee_joint,right_hip_pitch_joint,right_hip_yaw_joint,right_knee_joint,waist_roll_joint",0.0,164.7914,0,right_ankle_roll_link,164.7914,0.39165574312210083,0.0007491394062526524,36.55888748168945,-0.4918942451477051,54.0,-54.0,-107.05061,36.219933,True,0.057522558
106,2.12,0.07184606790542603,-0.0464174747467041,1.0662965,14.141866,1.3713245391845703,36.54269027709961,54.0,120.81766,0.22727272727272727,"left_hip_yaw_joint,left_knee_joint,right_hip_roll_joint,right_hip_yaw_joint,waist_roll_joint",170.52109,22.179174,0,left_ankle_roll_link,170.52109,0.15369705855846405,0.5411637425422668,-0.17700356245040894,36.54269027709961,-54.0,36.219933,22.193758,-118.11698,False,0.047949053
107,2.14,0.060958657413721085,-0.003772139549255371,1.245853,21.528997,0.9280676245689392,36.073299407958984,54.0,123.460785,0.3181818181818182,"left_hip_pitch_joint,left_hip_roll_joint,left_hip_yaw_joint,right_hip_pitch_joint,right_hip_yaw_joint,right_knee_joint,waist_roll_joint",0.0,352.2912,0,right_ankle_roll_link,352.2912,0.28629085421562195,0.17828944325447083,31.565702438354492,-5.648109436035156,22.193758,-54.0,-83.64186,37.485355,False,0.050603304
108,2.16,0.07516943663358688,-0.08313155174255371,1.4384716,10.130861,1.2975375652313232,36.06001281738281,54.0,125.674164,0.22727272727272727,"left_hip_yaw_joint,left_knee_joint,right_hip_pitch_joint,right_hip_roll_joint,right_hip_yaw_joint",101.51975,0.0,0,left_ankle_roll_link,101.51975,0.01241951622068882,0.6537287831306458,-0.010855617001652718,36.06001281738281,-54.0,37.485355,32.997513,-125.674164,False,0.051433243
109,2.18,0.06991803646087646,-0.07876038551330566,1.1982933,15.603126,0.888870358467102,36.283164978027344,54.0,135.76666,0.2727272727272727,"left_hip_pitch_joint,left_hip_roll_joint,left_hip_yaw_joint,right_hip_pitch_joint,right_hip_yaw_joint,right_knee_joint",0.0,0.0,0,pelvis,0.0,0.3831416368484497,0.09858769923448563,35.50871658325195,-36.283164978027344,32.997513,-54.0,-103.21898,135.76666,False,0.038709678
110,2.2,0.09163964539766312,-0.21589064598083496,1.8079886,18.50916,1.2637839317321777,36.248233795166016,54.0,100.559906,0.2727272727272727,"left_hip_yaw_joint,left_knee_joint,right_hip_pitch_joint,right_hip_roll_joint,right_hip_yaw_joint,right_knee_joint",172.36192,0.0,0,left_ankle_roll_link,172.36192,-0.0010053999722003937,0.3378635346889496,-7.760982036590576,36.11166763305664,-54.0,54.0,57.321884,-100.559906,True,0.031329785
111,2.22,0.0967765748500824,-0.23146343231201172,0.9296862,4.997264,0.8675742149353027,35.9921875,54.0,124.01272,0.2727272727272727,"left_hip_roll_joint,left_hip_yaw_joint,left_knee_joint,right_hip_pitch_joint,right_hip_yaw_joint,right_knee_joint",0.0,0.0,0,pelvis,0.0,0.4564765691757202,-0.00023681099992245436,35.9921875,0.8663960099220276,54.0,-54.0,-110.53618,32.223938,True,0.0041546784
112,2.24,0.12113068997859955,-0.366107702255249,1.957072,30.515944,1.312395691871643,37.61347961425781,54.0,133.29688,0.18181818181818182,"left_hip_yaw_joint,left_knee_joint,right_hip_roll_joint,right_hip_yaw_joint",0.0,0.0,0,pelvis,0.0,-1.0662416570994537e-05,0.5811094045639038,-16.517860412597656,37.1480827331543,-54.0,32.223938,83.51294,-123.128815,True,0.0063727293
113,2.2600000000000002,0.11764897406101227,-0.32226061820983887,0.88461536,7.026374,0.9861757755279541,36.20487976074219,54.0,123.02118,0.3181818181818182,"left_hip_roll_joint,left_hip_yaw_joint,left_knee_joint,right_hip_pitch_joint,right_hip_roll_joint,right_hip_yaw_joint,right_knee_joint",0.0,0.0,0,pelvis,0.0,0.3968718349933624,-0.003534860908985138,36.20487976074219,-18.697961807250977,54.0,-54.0,-106.405876,91.18086,True,-0.0042317025
114,2.2800000000000002,0.14040759205818176,-0.4072223901748657,1.6811349,17.316273,1.4536538124084473,38.578704833984375,54.0,120.45172,0.22727272727272727,"left_hip_yaw_joint,left_knee_joint,right_hip_roll_joint,right_hip_yaw_joint,right_knee_joint",0.0,0.0,0,pelvis,0.0,-2.727352512010839e-05,0.5672834515571594,-1.5385445356369019,36.62440872192383,-54.0,54.0,38.576324,-120.45172,True,0.015569363
115,2.3000000000000003,0.12790390849113464,-0.28295207023620605,0.48173156,12.292475,1.1334258317947388,36.698246002197266,54.0,120.92763,0.2727272727272727,"left_hip_pitch_joint,left_hip_roll_joint,left_hip_yaw_joint,right_hip_pitch_joint,right_hip_yaw_joint,right_knee_joint",0.0,0.0,0,pelvis,0.0,0.2723318040370941,-0.005105579737573862,36.21503829956055,-3.7176873683929443,38.576324,-54.0,-96.473145,46.36569,True,0.011680264
116,2.32,0.14077526330947876,-0.3229029178619385,1.5808592,14.647514,1.4729790687561035,37.59524917602539,54.0,126.75964,0.13636363636363635,"left_hip_yaw_joint,left_knee_joint,right_hip_roll_joint",180.62703,0.0,0,left_ankle_roll_link,180.62703,0.18522092700004578,0.6097258925437927,-1.5768764019012451,37.59524917602539,-54.0,46.36569,23.871464,-126.75964,False,0.03773791
117,2.34,0.1286240816116333,-0.1827094554901123,0.32773483,14.409219,1.0960800647735596,36.627830505371094,54.0,118.644806,0.22727272727272727,"left_hip_roll_joint,left_hip_yaw_joint,right_hip_pitch_joint,right_hip_yaw_joint,right_knee_joint",0.0,0.0,0,pelvis,0.0,0.2350817322731018,0.015737563371658325,29.609521865844727,-27.75259780883789,23.871464,-54.0,-73.6766,116.80298,False,0.036743216
118,2.36,0.15077240765094757,-0.2611043453216553,1.9191318,21.149542,1.472144365310669,37.12586975097656,54.0,131.01814,0.2727272727272727,"left_hip_yaw_joint,left_knee_joint,right_hip_roll_joint,right_hip_yaw_joint,right_knee_joint,waist_roll_joint",0.0,0.0,0,pelvis,0.0,1.2858852642239071e-05,0.5054915547370911,-0.021442651748657227,36.94569778442383,-54.0,54.0,34.02181,-116.47224,True,0.06866856
119,2.38,0.13569042086601257,-0.12815701961517334,0.5533682,24.630589,1.1057242155075073,36.25471496582031,54.0,114.79042,0.3181818181818182,"left_hip_pitch_joint,left_hip_roll_joint,left_hip_yaw_joint,right_hip_pitch_joint,right_hip_yaw_joint,right_knee_joint,waist_roll_joint",0.0,0.0,0,pelvis,0.0,0.24218624830245972,-0.0017483888659626245,27.983585357666016,2.280261516571045,34.02181,-54.0,-69.36715,28.10327,True,0.07076836
120,2.4,0.13679715991020203,-0.08975005149841309,1.0357246,11.517251,1.3069050312042236,36.67330551147461,54.0,121.64849,0.18181818181818182,"left_hip_yaw_joint,left_knee_joint,right_hip_roll_joint,waist_roll_joint",280.17017,0.0,0,left_ankle_roll_link,280.17017,0.04640006646513939,0.5804094672203064,-4.135898590087891,36.67330551147461,-54.0,28.10327,42.654198,-121.64849,False,0.08755114
121,2.42,0.11452794075012207,0.05571526288986206,0.41895416,20.144821,0.9521228671073914,36.108028411865234,54.0,116.29079,0.2727272727272727,"left_hip_pitch_joint,left_hip_roll_joint,left_hip_yaw_joint,right_hip_pitch_joint,right_hip_yaw_joint,right_knee_joint",0.0,264.53134,0,right_ankle_roll_link,264.53134,0.3054909408092499,0.0978001207113266,35.74771499633789,-11.906622886657715,42.654198,-54.0,-97.723915,62.70004,False,0.08407636
122,2.44,0.12014403194189072,0.038690268993377686,1.3943871,17.045956,1.2536609172821045,36.44521713256836,54.0,135.3123,0.2727272727272727,"left_hip_yaw_joint,left_knee_joint,right_hip_pitch_joint,right_hip_roll_joint,right_hip_yaw_joint,right_knee_joint",0.0,0.0,0,pelvis,0.0,-5.406920536188409e-06,0.7734740376472473,-0.144738107919693,36.07952117919922,-54.0,54.0,34.393154,-135.3123,True,0.064104706
123,2.46,0.11036650091409683,0.06686800718307495,0.45374662,18.534449,0.8875712156295776,36.0687370300293,54.0,126.81137,0.3181818181818182,"left_hip_roll_joint,left_hip_yaw_joint,right_hip_pitch_joint,right_hip_yaw_joint,right_knee_joint,waist_roll_joint,waist_yaw_joint",0.0,0.0,0,pelvis,0.0,0.3790794610977173,0.2012050598859787,36.0687370300293,-36.03453063964844,34.393154,-54.0,-104.57406,126.81137,False,0.092640795
124,2.48,0.11327740550041199,0.02639979124069214,1.0037712,18.339012,1.2272043228149414,36.213138580322266,54.0,125.22368,0.3181818181818182,"left_hip_yaw_joint,left_knee_joint,right_hip_pitch_joint,right_hip_roll_joint,right_hip_yaw_joint,right_knee_joint,waist_roll_joint",0.0,0.0,0,pelvis,0.0,-3.0116648304101545e-06,0.5869729518890381,-0.007974828593432903,35.80577850341797,-54.0,54.0,33.982674,-119.57099,True,0.070163764
125,2.5,0.09735947847366333,0.04569196701049805,0.54218125,18.952648,0.9128660559654236,36.65824508666992,54.0,115.14592,0.2727272727272727,"left_hip_roll_joint,left_hip_yaw_joint,right_hip_pitch_joint,right_hip_yaw_joint,right_knee_joint,waist_roll_joint",0.0,427.80133,0,right_ankle_roll_link,427.80133,0.3503167927265167,0.001409719348885119,35.760704040527344,-2.3232221603393555,33.982674,-54.0,-101.348946,41.66107,True,0.0784688
126,2.52,0.09389374405145645,-0.007596254348754883,1.0243351,18.460474,1.2953625917434692,37.64748764038086,54.0,119.48404,0.18181818181818182,"left_hip_yaw_joint,left_knee_joint,right_hip_roll_joint,waist_roll_joint",222.91336,0.0,0,left_ankle_roll_link,222.91336,0.061828453093767166,0.5746324062347412,-4.614142894744873,36.10587692260742,-54.0,41.66107,42.85466,-119.48404,False,0.06278508
127,2.54,0.08170872926712036,-0.024358272552490234,0.6580804,17.981773,0.8984999060630798,36.566646575927734,54.0,114.01565,0.3181818181818182,"left_hip_pitch_joint,left_hip_roll_joint,left_hip_yaw_joint,right_hip_pitch_joint,right_hip_yaw_joint,right_knee_joint,waist_roll_joint",0.0,303.21716,0,right_ankle_roll_link,303.21716,0.3596353232860565,0.011823187582194805,35.73381805419922,-18.00884437561035,42.85466,-54.0,-102.01377,87.884865,False,0.067397416
128,2.56,0.08332452178001404,-0.10704565048217773,1.031644,21.43029,1.2372114658355713,36.239505767822266,54.0,126.55137,0.3181818181818182,"left_hip_yaw_joint,left_knee_joint,right_hip_pitch_joint,right_hip_roll_joint,right_hip_yaw_joint,right_knee_joint,waist_roll_joint",0.0,0.0,0,pelvis,0.0,-3.1772035526955733e-06,0.5507888793945312,-0.018981002271175385,36.04697799682617,-54.0,54.0,34.015705,-117.39986,True,0.047847293
129,2.58,0.07008344680070877,-0.14172255992889404,0.6221222,19.400114,0.8729165196418762,36.24445343017578,54.0,114.660416,0.22727272727272727,"left_hip_roll_joint,left_hip_yaw_joint,right_hip_yaw_joint,right_knee_joint,waist_roll_joint",0.0,0.0,0,pelvis,0.0,0.3635650873184204,-9.941550524672493e-05,36.01299285888672,0.0845668762922287,34.015705,-54.0,-103.16568,34.558434,True,0.027989307
130,2.6,0.06904873251914978,-0.1780616044998169,1.0763868,21.411566,1.2839311361312866,36.50784683227539,54.0,126.15543,0.18181818181818182,"left_hip_yaw_joint,left_knee_joint,right_hip_roll_joint,waist_roll_joint",217.43398,0.0,497.4477844238281,torso_link,497.44778,0.046771399676799774,0.4920395016670227,-3.6996665000915527,36.06616973876953,-54.0,34.558434,41.315796,-112.757484,False,0.0206843
131,2.62,0.06358267366886139,-0.13740742206573486,0.70588565,16.202738,0.8885331749916077,36.06462860107422,54.0,115.8463,0.2727272727272727,"left_hip_pitch_joint,left_hip_roll_joint,left_hip_yaw_joint,right_hip_yaw_joint,right_knee_joint,waist_roll_joint",0.0,0.0,122.390380859375,torso_link,122.39038,0.3824932277202606,-0.00024339267110917717,34.38318634033203,0.824592649936676,41.315796,-54.0,-99.79051,32.349876,True,0.016096726
132,2.64,0.06918932497501373,-0.1379244327545166,0.7905174,8.135991,1.2881873846054077,36.41130065917969,54.0,103.393326,0.18181818181818182,"left_hip_yaw_joint,left_knee_joint,right_hip_roll_joint,right_hip_yaw_joint",0.0,0.0,0,pelvis,0.0,-4.995067683921661e-06,0.4405210316181183,-0.18808729946613312,33.04030227661133,-54.0,32.349876,34.52317,-99.55841,True,0.027080808
133,2.66,0.055435337126255035,-0.07598268985748291,0.62599504,14.855065,0.9645563364028931,36.18186569213867,54.0,115.68399,0.2727272727272727,"left_hip_pitch_joint,left_hip_roll_joint,left_hip_yaw_joint,right_hip_pitch_joint,right_hip_yaw_joint,right_knee_joint",0.0,0.0,0,pelvis,0.0,0.37285730242729187,-0.000543340458534658,36.0726318359375,-14.879570007324219,34.52317,-54.0,-104.08797,79.48636,True,0.034409493
134,2.68,0.062443189322948456,-0.1027672290802002,1.2097015,20.022194,1.3540475368499756,36.537384033203125,54.0,122.17947,0.3181818181818182,"left_hip_pitch_joint,left_hip_yaw_joint,left_knee_joint,right_hip_pitch_joint,right_hip_roll_joint,right_hip_yaw_joint,right_knee_joint",485.65768,0.0,0,left_ankle_roll_link,485.65768,0.0031044858042150736,0.5721202492713928,5.326201438903809,35.65239334106445,-54.0,54.0,17.731548,-117.92262,True,0.030792117
135,2.7,0.06790728867053986,-0.11971378326416016,1.0958672,11.582511,0.8270115852355957,36.01917266845703,54.0,112.55574,0.3181818181818182,"left_hip_roll_joint,left_hip_yaw_joint,left_ankle_pitch_joint,right_hip_pitch_joint,right_hip_yaw_joint,right_knee_joint,waist_roll_joint",0.0,0.0,0,pelvis,0.0,0.3363316059112549,-0.00013736350229009986,29.819751739501953,0.46356841921806335,17.731548,-54.0,-82.40728,33.424465,True,0.016925987
136,2.72,0.08556106686592102,-0.19182419776916504,1.8706394,31.54078,1.3168781995773315,36.436100006103516,54.0,148.8508,0.22727272727272727,"left_hip_yaw_joint,left_knee_joint,right_hip_roll_joint,right_hip_yaw_joint,waist_roll_joint",43.18472,0.0,43.18471908569336,left_ankle_roll_link,43.18472,0.009000944904983044,0.4584721326828003,-15.725125312805176,36.32299041748047,-54.0,33.424465,80.41381,-110.84256,False,0.024663553
137,2.74,0.08817964047193527,-0.18584537506103516,0.6920787,9.525832,0.9968023300170898,36.0830078125,54.0,112.50439,0.2727272727272727,"left_hip_roll_joint,left_hip_yaw_joint,left_knee_joint,right_hip_yaw_joint,right_knee_joint,waist_roll_joint",0.0,0.0,0,pelvis,0.0,0.43766310811042786,-0.00035357140586711466,36.00593185424805,1.028408169746399,54.0,-54.0,-109.072334,31.747242,True,0.016994426
138,2.7600000000000002,0.104903444647789,-0.24104881286621094,1.8873024,29.808119,1.4515156745910645,36.58795928955078,54.0,145.02292,0.2727272727272727,"left_hip_yaw_joint,left_knee_joint,right_hip_pitch_joint,right_hip_roll_joint,right_hip_yaw_joint,waist_roll_joint",0.0,0.0,0,pelvis,0.0,0.06612429767847061,0.4711691439151764,-29.418556213378906,36.58795928955078,-54.0,31.747242,116.92423,-112.65323,False,0.03738275
139,2.7800000000000002,0.09797738492488861,-0.2019796371459961,0.37400407,12.498238,1.0334008932113647,36.016082763671875,54.0,117.49829,0.3181818181818182,"left_hip_roll_joint,left_hip_yaw_joint,left_knee_joint,right_hip_pitch_joint,right_hip_yaw_joint,right_knee_joint,waist_roll_joint",0.0,0.0,0,pelvis,0.0,0.4002818167209625,-0.001017570379190147,32.874752044677734,2.9656190872192383,54.0,-54.0,-96.688286,25.988731,True,0.038565665
140,2.8000000000000003,0.10529229044914246,-0.20360708236694336,1.5510228,24.81424,1.4238040447235107,36.67276382446289,54.0,135.37314,0.22727272727272727,"left_hip_yaw_joint,left_knee_joint,right_hip_roll_joint,right_hip_yaw_joint,waist_roll_joint",0.0,0.0,0,pelvis,0.0,0.05048556998372078,0.3846251964569092,-30.21327781677246,36.67276382446289,-54.0,25.988731,120.559494,-105.98413,False,0.036239706
141,2.82,0.08642659336328506,-0.11491107940673828,0.65594304,13.994512,1.052150011062622,35.35529327392578,54.0,108.50937,0.3181818181818182,"left_hip_roll_joint,left_hip_yaw_joint,left_knee_joint,right_hip_pitch_joint,right_hip_yaw_joint,right_knee_joint,waist_roll_joint",0.0,672.01294,0,right_ankle_roll_link,672.01294,0.366743266582489,0.0029297226574271917,35.35529327392578,4.081534385681152,54.0,-54.0,-101.44683,22.325203,True,0.05771101
142,2.84,0.08221500366926193,-0.07965874671936035,1.0897795,18.377289,1.3497675657272339,36.1755256652832,54.0,119.433846,0.2727272727272727,"left_hip_yaw_joint,left_knee_joint,right_hip_pitch_joint,right_hip_roll_joint,right_hip_yaw_joint,waist_roll_joint",0.0,0.0,0,pelvis,0.0,0.14609061181545258,0.5762761235237122,-25.050661087036133,36.04531478881836,-54.0,22.325203,97.42325,-119.433846,False,0.045368046
143,2.86,0.06388590484857559,-0.010347604751586914,0.3447108,17.90269,0.9761954545974731,36.536685943603516,54.0,101.98207,0.2727272727272727,"left_hip_roll_joint,left_hip_yaw_joint,left_knee_joint,right_hip_pitch_joint,right_hip_yaw_joint,right_knee_joint",0.0,336.44797,0,right_ankle_roll_link,336.44797,0.33670783042907715,0.10360740125179291,35.507328033447266,-17.639225006103516,54.0,-54.0,-99.50011,79.433266,False,0.054376524
144,2.88,0.059513017535209656,-0.018264055252075195,0.7375366,15.704261,1.1351191997528076,36.07575607299805,54.0,124.7174,0.2727272727272727,"left_hip_yaw_joint,left_knee_joint,right_hip_pitch_joint,right_hip_roll_joint,right_hip_yaw_joint,right_knee_joint",311.50958,0.0,0,left_ankle_roll_link,311.50958,0.2073693573474884,0.6411789655685425,-6.008310317993164,36.07575607299805,-54.0,54.0,35.39389,-124.7174,False,0.05266595
145,2.9,0.06375618278980255,-0.06989407539367676,0.87272984,17.000942,0.9496766924858093,36.01405334472656,54.0,126.381805,0.22727272727272727,"left_hip_pitch_joint,left_hip_roll_joint,left_hip_yaw_joint,right_hip_yaw_joint,right_knee_joint",0.0,0.0,0,pelvis,0.0,0.5769038200378418,0.10528722405433655,36.01405334472656,-33.333534240722656,35.39389,-54.0,-120.235954,126.381805,False,0.045415055
146,2.92,0.06463620811700821,-0.13315057754516602,0.6826051,21.307304,1.0197784900665283,36.07058334350586,54.0,114.872765,0.22727272727272727,"left_hip_yaw_joint,left_knee_joint,right_hip_roll_joint,right_hip_yaw_joint,right_knee_joint",0.0,0.0,0,pelvis,0.0,0.082722969353199,0.3602290451526642,-28.097803115844727,35.03578567504883,-54.0,54.0,111.63408,-99.121506,False,0.03216948
147,2.94,0.06625369191169739,-0.16145539283752441,0.42706177,18.133001,0.9762197136878967,35.01803970336914,54.0,117.546234,0.2727272727272727,"left_hip_roll_joint,left_hip_yaw_joint,left_knee_joint,right_hip_yaw_joint,right_knee_joint,waist_roll_joint",0.0,0.0,43.493064880371094,torso_link,43.493065,0.3638998568058014,-6.339781066344585e-06,35.01803970336914,0.6942774653434753,54.0,-54.0,-100.2076,32.72186,True,0.020512171
148,2.96,0.053757961839437485,-0.10365116596221924,0.4000027,21.222073,0.9578214287757874,36.207828521728516,54.0,113.25115,0.22727272727272727,"left_hip_yaw_joint,left_knee_joint,right_hip_roll_joint,right_hip_yaw_joint,waist_roll_joint",0.0,0.0,140.77037048339844,torso_link,140.77037,0.0004944144748151302,0.5159643888473511,0.1111108735203743,35.59272766113281,-54.0,32.72186,33.585625,-113.25115,True,0.018936077
149,2.98,0.055323176085948944,-0.1094045639038086,0.77890784,16.567019,1.0283684730529785,35.98432540893555,54.0,119.425026,0.2727272727272727,"left_hip_pitch_joint,left_hip_roll_joint,left_hip_yaw_joint,right_hip_yaw_joint,right_knee_joint,waist_roll_joint",0.0,211.6523,211.6522979736328,pelvis,211.6523,0.5678820013999939,0.11096036434173584,35.98432540893555,-15.064051628112793,33.585625,-54.0,-119.425026,71.11951,False,0.029555224
150,3.0,0.054273683577775955,-0.10945594310760498,0.50489825,18.898237,0.9224086999893188,36.057552337646484,54.0,118.906845,0.2727272727272727,"left_hip_yaw_joint,left_knee_joint,right_hip_pitch_joint,right_hip_roll_joint,right_hip_yaw_joint,right_knee_joint",0.0,0.0,246.20387268066406,torso_link,246.20387,0.058401089161634445,0.5695289373397827,-27.188875198364258,36.0495719909668,-54.0,54.0,110.85305,-118.906845,False,0.020645792
151,3.02,0.06666459143161774,-0.15602946281433105,1.1369348,18.75857,1.0388141870498657,35.99142837524414,54.0,128.21877,0.2727272727272727,"left_hip_roll_joint,left_hip_yaw_joint,left_knee_joint,right_hip_yaw_joint,right_knee_joint,waist_roll_joint",0.0,0.0,670.7695922851562,torso_link,670.7696,0.47525984048843384,0.07640863209962845,35.99142837524414,-33.175758361816406,54.0,-54.0,-112.03657,128.21877,False,0.018132601
152,3.04,0.06703520566225052,-0.14220809936523438,0.41755557,20.122345,0.8232476115226746,36.0394287109375,54.0,106.381256,0.2727272727272727,"left_hip_yaw_joint,left_knee_joint,right_hip_roll_joint,right_hip_yaw_joint,right_knee_joint,waist_roll_joint",396.40897,0.0,0,left_ankle_roll_link,396.40897,0.06891439855098724,0.41333940625190735,-21.29862403869629,36.0394287109375,-54.0,54.0,92.34123,-106.381256,False,0.030294847
153,3.06,0.08501068502664566,-0.2006460428237915,1.3800535,17.967834,1.087912917137146,36.393150329589844,54.0,123.266266,0.3181818181818182,"left_hip_pitch_joint,left_hip_roll_joint,left_hip_yaw_joint,left_knee_joint,right_hip_yaw_joint,right_knee_joint,waist_roll_joint",0.0,0.0,0,pelvis,0.0,0.6200376152992249,-0.001008278806693852,35.87392044067383,-0.9862172603607178,54.0,-54.0,-123.266266,37.843494,True,0.012542847
154,3.08,0.08617985248565674,-0.23631906509399414,0.36732873,22.88664,0.8695313930511475,36.378822326660156,54.0,113.43821,0.2727272727272727,"left_hip_pitch_joint,left_hip_yaw_joint,left_knee_joint,right_hip_roll_joint,right_hip_yaw_joint,waist_roll_joint",0.0,0.0,0,pelvis,0.0,0.08805828541517258,0.3892863690853119,-27.25295066833496,36.378822326660156,-54.0,37.843494,108.6727,-105.4752,False,0.020522347
155,3.1,0.09364143013954163,-0.25918471813201904,1.0767967,16.46623,1.0704246759414673,36.04404830932617,54.0,121.67287,0.2727272727272727,"left_hip_roll_joint,left_hip_yaw_joint,left_knee_joint,right_hip_yaw_joint,right_knee_joint,waist_roll_joint",0.0,0.0,408.532958984375,torso_link,408.53296,0.5127314925193787,0.15910372138023376,36.0211067199707,-23.394216537475586,54.0,-54.0,-115.12334,92.25853,False,0.011912629
156,3.12,0.09554067254066467,-0.27672410011291504,0.40543324,23.293566,0.9667554497718811,36.726043701171875,54.0,123.755295,0.3181818181818182,"left_hip_yaw_joint,left_knee_joint,left_ankle_pitch_joint,right_hip_roll_joint,right_hip_yaw_joint,right_knee_joint,waist_roll_joint",0.0,0.0,0,pelvis,0.0,-6.1181781347841024e-06,0.35422009229660034,-11.781095504760742,36.726043701171875,-54.0,54.0,69.302284,-103.711555,True,0.017242948
157,3.14,0.09373785555362701,-0.26396894454956055,0.9630135,16.665037,1.1435130834579468,36.20182418823242,54.0,125.81143,0.2727272727272727,"left_hip_roll_joint,left_hip_yaw_joint,left_knee_joint,right_hip_yaw_joint,right_knee_joint,waist_roll_joint",0.0,0.0,697.0732421875,torso_link,697.07324,0.47298771142959595,0.029621224850416183,36.20182418823242,-27.212453842163086,54.0,-54.0,-112.48598,114.071846,False,0.01406342
158,3.16,0.08596371114253998,-0.2357717752456665,0.44282553,23.15519,1.0419740676879883,36.187503814697266,54.0,130.45119,0.2727272727272727,"left_hip_yaw_joint,left_knee_joint,right_hip_roll_joint,right_hip_yaw_joint,right_knee_joint,waist_roll_joint",0.0,0.0,152.36460876464844,torso_link,152.36461,-4.962654202245176e-06,0.43330568075180054,-0.033949121832847595,35.947635650634766,-54.0,54.0,34.060757,-107.703186,True,0.014380632
159,3.18,0.0834648609161377,-0.2218242883682251,1.0645326,17.106964,1.2642768621444702,36.39579391479492,54.0,129.90884,0.2727272727272727,"left_hip_roll_joint,left_hip_yaw_joint,right_hip_pitch_joint,right_hip_yaw_joint,right_knee_joint,waist_roll_joint",0.0,0.0,1004.8973999023438,torso_link,1004.8974,0.38874387741088867,0.07631875574588776,36.39579391479492,-33.01765441894531,34.060757,-54.0,-106.32838,127.75165,False,0.014875498
160,3.2,0.07064411044120789,-0.16757261753082275,0.42041978,23.906849,1.12212073802948,35.7232551574707,54.0,128.54489,0.3181818181818182,"left_hip_yaw_joint,left_knee_joint,right_hip_pitch_joint,right_hip_roll_joint,right_hip_yaw_joint,right_knee_joint,waist_roll_joint",293.01456,0.0,0,left_ankle_roll_link,293.01456,-0.0002592520322650671,0.42212381958961487,4.031435012817383,35.7232551574707,-54.0,54.0,21.884943,-106.13549,True,0.02319913
161,3.22,0.06854330003261566,-0.16656959056854248,1.1440822,15.43266,1.340522050857544,36.200035095214844,54.0,128.34987,0.2727272727272727,"left_hip_roll_joint,left_hip_yaw_joint,right_hip_pitch_joint,right_hip_yaw_joint,right_knee_joint,waist_roll_joint",194.99629,194.99629,264.78857421875,torso_link,264.78857,0.3426024615764618,0.0445416234433651,35.8477668762207,-27.520763397216797,21.884943,-54.0,-100.993,113.80314,False,0.017622609
162,3.24,0.06112382560968399,-0.11503338813781738,0.77342105,19.99958,1.1658530235290527,36.08525466918945,54.0,119.43727,0.3181818181818182,"left_hip_pitch_joint,left_hip_yaw_joint,left_knee_joint,right_hip_roll_joint,right_hip_yaw_joint,right_knee_joint,waist_roll_joint",0.0,0.0,0,pelvis,0.0,-0.000615323951933533,0.43591028451919556,0.6408684849739075,35.747154235839844,-54.0,54.0,32.08513,-107.310104,True,0.024367198
163,3.2600000000000002,0.06720394641160965,-0.15329015254974365,1.1394095,17.432661,1.268083095550537,36.567264556884766,54.0,115.392426,0.3181818181818182,"left_hip_pitch_joint,left_hip_roll_joint,left_hip_yaw_joint,right_hip_pitch_joint,right_hip_yaw_joint,right_knee_joint,waist_roll_joint",0.0,375.18835,187.59417724609375,right_ankle_roll_link,375.18835,0.3647259771823883,0.12401657551527023,36.567264556884766,-8.075850486755371,32.08513,-54.0,-104.921364,49.110405,False,0.026522286
164,3.2800000000000002,0.07237625122070312,-0.1797095537185669,1.1487335,19.750635,1.1877152919769287,37.508079528808594,54.0,129.76558,0.2727272727272727,"left_hip_pitch_joint,left_hip_yaw_joint,left_knee_joint,right_hip_pitch_joint,right_hip_roll_joint,right_hip_yaw_joint",0.0,0.0,81.893798828125,torso_link,81.8938,-0.004114813171327114,0.46629899740219116,-1.150465965270996,33.44448471069336,-54.0,49.110405,37.73909,-102.83319,True,0.017449267
165,3.3000000000000003,0.08302468061447144,-0.20097804069519043,1.2468828,20.02513,1.1980377435684204,36.195960998535156,54.0,128.18303,0.2727272727272727,"left_hip_roll_joint,left_hip_yaw_joint,right_hip_pitch_joint,right_hip_yaw_joint,right_knee_joint,waist_roll_joint",0.0,0.0,0,pelvis,0.0,0.3558197021484375,-0.0005247568478807807,36.195960998535156,1.821035385131836,37.73909,-54.0,-103.09495,29.383055,True,0.012120044
166,3.3200000000000003,0.08499110490083694,-0.21677303314208984,1.3200788,28.15659,1.2010318040847778,36.08047103881836,54.0,112.82379,0.2727272727272727,"left_hip_pitch_joint,left_hip_yaw_joint,left_knee_joint,right_hip_roll_joint,right_hip_yaw_joint,waist_roll_joint",0.0,0.0,0,pelvis,0.0,0.09722895175218582,0.3485415279865265,-3.0464820861816406,25.1586971282959,-54.0,29.383055,35.31964,-68.55523,False,0.023899844
167,3.34,0.09520885348320007,-0.24240338802337646,0.9155877,5.672969,1.2300060987472534,35.8700065612793,54.0,120.81233,0.2727272727272727,"left_hip_pitch_joint,left_hip_roll_joint,left_hip_yaw_joint,right_hip_pitch_joint,right_hip_yaw_joint,right_knee_joint",0.0,0.0,0,pelvis,0.0,0.43875178694725037,-0.00034455160493962467,35.82436752319336,0.8954981565475464,35.31964,-54.0,-108.61473,32.145252,True,0.0042492114
168,3.36,0.10196811705827713,-0.2691628932952881,1.3836006,33.022545,1.20920991897583,36.60659408569336,54.0,132.13931,0.2727272727272727,"left_hip_pitch_joint,left_hip_yaw_joint,left_knee_joint,right_hip_roll_joint,right_hip_yaw_joint,waist_roll_joint",0.0,0.0,0,pelvis,0.0,-3.1134927667153534e-06,0.4392978847026825,-0.1774289458990097,34.338741302490234,-54.0,32.145252,34.491043,-103.355865,True,0.02810606
169,3.38,0.10202761739492416,-0.24097371101379395,0.5668078,7.7146845,1.1990514993667603,35.83168029785156,54.0,127.03302,0.2727272727272727,"left_hip_roll_joint,left_hip_yaw_joint,right_hip_pitch_joint,right_hip_yaw_joint,right_knee_joint,waist_roll_joint",0.0,0.0,0,pelvis,0.0,0.3604128360748291,-0.0003692367463372648,33.22706985473633,1.3741917610168457,34.491043,-54.0,-94.55573,30.711145,True,0.021763982
170,3.4,0.09862679243087769,-0.20679402351379395,1.0760936,32.26089,1.2826874256134033,36.174339294433594,54.0,136.41122,0.2727272727272727,"left_hip_pitch_joint,left_hip_yaw_joint,left_knee_joint,right_hip_roll_joint,right_hip_yaw_joint,waist_roll_joint",0.0,0.0,0,pelvis,0.0,-2.8273345833440544e-06,0.43594980239868164,-0.0035905586555600166,36.071449279785156,-54.0,30.711145,33.96951,-108.28615,True,0.03910002
171,3.42,0.0851907804608345,-0.12385272979736328,0.8400954,9.927976,1.2677398920059204,36.01960372924805,54.0,120.33391,0.3181818181818182,"left_hip_pitch_joint,left_hip_roll_joint,left_hip_yaw_joint,right_hip_pitch_joint,right_hip_yaw_joint,right_knee_joint,waist_roll_joint",0.0,1006.83307,0,right_ankle_roll_link,1006.83307,0.39212554693222046,0.01178207341581583,35.51621627807617,7.707332611083984,33.96951,-54.0,-103.96018,10.739616,False,0.04979099
172,3.44,0.07759393006563187,-0.07244312763214111,0.9413399,27.416836,1.250264286994934,35.43375015258789,54.0,136.27592,0.2727272727272727,"left_hip_pitch_joint,left_hip_yaw_joint,left_knee_joint,right_hip_pitch_joint,right_hip_roll_joint,waist_roll_joint",966.2287,370.47623,0,left_ankle_roll_link,966.2287,0.007399131078273058,0.3731617331504822,7.630882263183594,34.35604476928711,-54.0,10.739616,10.47393,-98.11689,False,0.05421135
173,3.46,0.0711454302072525,-0.05464577674865723,0.8091812,12.253663,1.1066416501998901,36.192806243896484,54.0,108.15194,0.2727272727272727,"left_hip_roll_joint,left_hip_yaw_joint,right_hip_pitch_joint,right_hip_yaw_joint,right_knee_joint,waist_roll_joint",0.0,171.25854,0,right_ankle_roll_link,171.25854,0.2518989145755768,0.07583640515804291,30.728853225708008,-15.207714080810547,10.47393,-54.0,-78.37997,74.36041,False,0.058867514
174,3.48,0.08099071681499481,-0.09684312343597412,1.4944837,30.389227,1.4347506761550903,36.894981384277344,54.0,149.34785,0.3181818181818182,"left_hip_yaw_joint,left_knee_joint,right_hip_pitch_joint,right_hip_roll_joint,right_hip_yaw_joint,right_knee_joint,waist_roll_joint",242.35669,0.0,0,left_ankle_roll_link,242.35669,-0.0005899539100937545,0.5421852469444275,-3.6908600330352783,36.10196304321289,-54.0,54.0,45.078285,-116.87653,True,0.053124417
175,3.5,0.07937764376401901,-0.11085677146911621,0.9667935,10.715836,1.1076229810714722,36.44706344604492,54.0,114.61621,0.22727272727272727,"left_hip_roll_joint,left_hip_yaw_joint,right_hip_yaw_joint,right_knee_joint,waist_roll_joint",0.0,0.0,0,pelvis,0.0,0.3864370286464691,-0.0001044964010361582,35.11045837402344,-8.547613143920898,45.078285,-54.0,-102.28783,60.455383,True,0.0463373
176,3.52,0.08997988700866699,-0.15846574306488037,1.5057335,30.266043,1.469563364982605,36.19755554199219,54.0,139.79768,0.3181818181818182,"left_hip_pitch_joint,left_hip_yaw_joint,left_knee_joint,right_hip_roll_joint,right_hip_yaw_joint,right_knee_joint,waist_roll_joint",0.0,0.0,0,pelvis,0.0,0.03995497152209282,0.5368898510932922,-30.32169532775879,36.071075439453125,-54.0,54.0,121.7272,-116.36023,False,0.037542734
177,3.54,0.08033153414726257,-0.15409088134765625,0.92552733,8.07094,1.1018586158752441,35.993988037109375,54.0,110.30144,0.3181818181818182,"left_hip_roll_joint,left_hip_yaw_joint,left_knee_joint,right_hip_pitch_joint,right_hip_yaw_joint,right_knee_joint,waist_roll_joint",0.0,586.9547,293.47735595703125,right_ankle_roll_link,586.9547,0.3879055082798004,0.0016514394665136933,34.68963623046875,3.09952712059021,54.0,-54.0,-101.14284,25.373486,True,0.04069287
178,3.56,0.08262689411640167,-0.16734719276428223,1.3386809,28.050129,1.38999605178833,36.191139221191406,54.0,122.692406,0.18181818181818182,"left_hip_pitch_joint,left_hip_yaw_joint,left_knee_joint,right_hip_roll_joint",0.0,0.0,0,pelvis,0.0,0.08012379705905914,0.5158312320709229,-30.148906707763672,36.05161666870117,-54.0,25.373486,117.995316,-114.617165,False,0.0132041685
179,3.58,0.06816507875919342,-0.15416836738586426,1.0693842,10.684982,1.0219265222549438,36.13994216918945,54.0,104.25029,0.3181818181818182,"left_hip_roll_joint,left_hip_yaw_joint,left_knee_joint,right_hip_pitch_joint,right_hip_yaw_joint,right_knee_joint,waist_roll_joint",0.0,45.864113,45.864112854003906,right_ankle_roll_link,45.864113,0.40310245752334595,-0.001248062471859157,35.3202018737793,-15.324012756347656,54.0,-54.0,-104.25029,80.87607,True,0.021893237
180,3.6,0.06239938363432884,-0.12756597995758057,0.82400644,25.836523,1.1445417404174805,37.21190643310547,54.0,117.88237,0.3181818181818182,"left_hip_yaw_joint,left_knee_joint,right_hip_pitch_joint,right_hip_roll_joint,right_hip_yaw_joint,right_knee_joint,waist_roll_joint",0.0,0.0,283.60723876953125,torso_link,283.60724,0.0020610508508980274,0.5131354331970215,-3.3349151611328125,37.21190643310547,-54.0,54.0,43.79837,-117.88237,True,0.014845147
181,3.62,0.06069687753915787,-0.10979211330413818,0.9562473,12.8602705,0.9996553063392639,41.779808044433594,54.0,125.03917,0.22727272727272727,"left_hip_roll_joint,left_hip_yaw_joint,right_hip_yaw_joint,right_knee_joint,waist_roll_joint",698.9788,0.0,0,left_ankle_roll_link,698.9788,0.4207281768321991,-0.00034031461109407246,41.779808044433594,0.014746248722076416,43.79837,-54.0,-125.03917,34.787167,True,0.023430968
182,3.64,0.06089746579527855,-0.13256335258483887,0.7078419,24.256466,1.139078974723816,36.18891143798828,54.0,127.00297,0.22727272727272727,"left_hip_pitch_joint,left_hip_yaw_joint,left_knee_joint,right_hip_roll_joint,waist_roll_joint",157.83527,0.0,0,left_ankle_roll_link,157.83527,0.26542267203330994,0.4094923138618469,-6.179101943969727,36.09957504272461,-54.0,34.787167,31.262001,-106.25392,False,0.02087637
183,3.66,0.07044339179992676,-0.14206111431121826,1.564521,17.593054,1.0358753204345703,36.06525802612305,54.0,126.38706,0.2727272727272727,"left_hip_pitch_joint,left_hip_roll_joint,left_hip_yaw_joint,right_hip_yaw_joint,right_knee_joint,waist_roll_joint",0.0,0.0,264.7675476074219,torso_link,264.76755,0.5684290528297424,0.02350160852074623,36.00175094604492,-29.7819766998291,31.262001,-54.0,-119.521065,122.26999,False,0.0071515283
184,3.68,0.08253540098667145,-0.20063269138336182,0.98921937,23.75416,1.0865236520767212,36.106048583984375,54.0,125.88751,0.3181818181818182,"left_hip_yaw_joint,left_knee_joint,right_hip_pitch_joint,right_hip_roll_joint,right_hip_yaw_joint,right_knee_joint,waist_roll_joint",0.0,0.0,0,pelvis,0.0,0.10468543320894241,0.41512036323547363,-27.21925926208496,35.862205505371094,-54.0,54.0,107.241455,-105.992065,False,0.017706387
185,3.7,0.09596846252679825,-0.22494280338287354,1.35,20.357841,1.186813235282898,36.364681243896484,54.0,140.91739,0.2727272727272727,"left_hip_roll_joint,left_hip_yaw_joint,left_knee_joint,right_hip_yaw_joint,right_knee_joint,waist_roll_joint",0.0,0.0,0,pelvis,0.0,0.31149622797966003,-0.001061149057932198,31.74201011657715,0.42457038164138794,54.0,-54.0,-86.18722,33.61536,True,0.006410865
186,3.72,0.09552595019340515,-0.24247419834136963,0.4720568,25.979063,1.0772310495376587,36.66793441772461,54.0,131.60876,0.2727272727272727,"left_hip_pitch_joint,left_hip_yaw_joint,left_knee_joint,right_hip_roll_joint,right_hip_yaw_joint,waist_roll_joint",32.146046,0.0,0,left_ankle_roll_link,32.146046,0.004972454626113176,0.271991491317749,0.7335166335105896,36.15770721435547,-54.0,33.61536,31.36016,-95.42826,True,0.023197394
187,3.74,0.09574568271636963,-0.21260058879852295,1.1576694,18.42751,1.3241854906082153,36.18083953857422,54.0,140.9331,0.22727272727272727,"left_hip_roll_joint,left_hip_yaw_joint,right_hip_yaw_joint,right_knee_joint,waist_roll_joint",0.0,0.0,0,pelvis,0.0,0.4696706533432007,-0.0003283838159404695,32.442989349365234,1.1841726303100586,31.36016,-54.0,-100.94411,31.277935,True,0.0031952076
188,3.7600000000000002,0.08887024223804474,-0.22288262844085693,0.5648645,24.718142,1.1349806785583496,36.1546630859375,54.0,123.46162,0.3181818181818182,"left_hip_pitch_joint,left_hip_yaw_joint,left_knee_joint,right_hip_pitch_joint,right_hip_roll_joint,right_hip_yaw_joint,waist_roll_joint",727.9771,0.0,0,left_ankle_roll_link,727.9771,0.03208986297249794,0.31796199083328247,-7.494649887084961,36.1546630859375,-54.0,31.277935,53.875267,-99.09676,False,0.017223071
189,3.7800000000000002,0.09133359789848328,-0.2274996042251587,1.2444066,18.479218,1.3314332962036133,36.62630844116211,54.0,139.14658,0.36363636363636365,"left_hip_pitch_joint,left_hip_roll_joint,left_hip_yaw_joint,left_knee_joint,right_hip_pitch_joint,right_hip_yaw_joint,right_knee_joint,waist_roll_joint",0.0,0.0,0,pelvis,0.0,0.51332026720047,-0.0004434263682924211,34.39916229248047,0.9446990489959717,53.875267,-54.0,-110.304596,32.005558,True,0.003941657
190,3.8000000000000003,0.08770270645618439,-0.214768648147583,0.7127042,24.588501,1.137586236000061,37.34016799926758,54.0,130.0304,0.3181818181818182,"left_hip_pitch_joint,left_hip_yaw_joint,left_knee_joint,right_hip_pitch_joint,right_hip_roll_joint,right_hip_yaw_joint,waist_roll_joint",0.0,0.0,0,pelvis,0.0,0.013509484939277172,0.3117583692073822,-21.62282371520996,35.34577941894531,-54.0,32.005558,97.746216,-96.17383,False,0.026012296
191,3.8200000000000003,0.08668596297502518,-0.2409350872039795,1.3406227,17.130472,1.2926678657531738,35.94017791748047,54.0,114.70055,0.3181818181818182,"left_hip_roll_joint,left_hip_yaw_joint,left_knee_joint,right_hip_pitch_joint,right_hip_yaw_joint,right_knee_joint,waist_roll_joint",0.0,570.9898,0,right_ankle_roll_link,570.9898,0.4175611734390259,0.06567486375570297,35.94017791748047,-0.9345712661743164,54.0,-54.0,-107.26692,32.353905,False,0.0248904
192,3.84,0.09165611863136292,-0.237909197807312,1.1287032,20.402868,1.1596916913986206,37.26183319091797,54.0,121.62247,0.2727272727272727,"left_hip_yaw_joint,left_knee_joint,right_hip_pitch_joint,right_hip_roll_joint,right_hip_yaw_joint,waist_roll_joint",0.0,0.0,167.39224243164062,torso_link,167.39224,-1.6396850696764886e-05,0.35484588146209717,-11.06594467163086,34.31374740600586,-54.0,32.353905,67.15765,-96.52473,True,0.0074476786
193,3.86,0.09447535127401352,-0.25837981700897217,0.60727733,1.7292687,1.118635892868042,36.90563201904297,54.0,97.64345,0.2727272727272727,"left_hip_roll_joint,left_hip_yaw_joint,left_knee_joint,right_hip_pitch_joint,right_hip_yaw_joint,right_knee_joint",0.0,0.0,0,pelvis,0.0,0.4249024987220764,-0.0008979130652733147,32.41501998901367,0.0974043607711792,54.0,-54.0,-97.27875,34.5838,True,0.028281815
194,3.88,0.08959003537893295,-0.20674991607666016,0.50646746,14.897643,1.0699576139450073,40.066898345947266,54.0,109.98423,0.22727272727272727,"left_hip_pitch_joint,left_hip_yaw_joint,left_knee_joint,right_hip_roll_joint,right_hip_yaw_joint",0.0,0.0,0,pelvis,0.0,0.003658582689240575,0.4695339798927307,-5.883386611938477,35.74189758300781,-54.0,34.5838,51.31598,-109.98423,True,0.018770648
195,3.9,0.08701439201831818,-0.21426808834075928,0.27351883,1.6580269,1.0334323644638062,36.1428337097168,54.0,105.01143,0.2727272727272727,"left_hip_roll_joint,left_hip_yaw_joint,left_knee_joint,right_hip_pitch_joint,right_hip_yaw_joint,right_knee_joint",0.0,0.0,0,pelvis,0.0,0.4546453356742859,-0.0005161447916179895,34.19943618774414,1.3637452125549316,51.31598,-54.0,-105.01143,30.754238,True,0.031782787
196,3.92,0.07513170689344406,-0.16742873191833496,0.09940538,17.998337,0.9132042527198792,36.11997604370117,54.0,104.4862,0.22727272727272727,"left_hip_pitch_joint,left_hip_yaw_joint,left_knee_joint,right_hip_roll_joint,right_hip_yaw_joint",0.0,0.0,0,pelvis,0.0,-0.00012134034477639943,0.38663068413734436,-0.12213141471147537,36.11997604370117,-54.0,30.754238,34.33461,-104.4862,True,0.028852168
197,3.94,0.06700682640075684,-0.15571331977844238,0.57156736,14.749666,0.9836661219596863,36.22920227050781,54.0,106.713585,0.18181818181818182,"left_hip_roll_joint,left_hip_yaw_joint,right_hip_yaw_joint,right_knee_joint",0.0,0.0,1227.1190185546875,torso_link,1227.119,0.403065949678421,-0.0020136102102696896,35.974605560302734,-0.1355791687965393,34.33461,-54.0,-106.21058,35.37201,True,0.017454274
198,3.96,0.04764228314161301,-0.09053444862365723,0.5493214,21.686897,0.8060742020606995,36.77351760864258,54.0,104.94523,0.22727272727272727,"left_hip_pitch_joint,left_hip_yaw_joint,left_knee_joint,right_hip_roll_joint,right_hip_yaw_joint",203.24072,0.0,0,left_ankle_roll_link,203.24072,0.06637375056743622,0.394185334444046,-16.526779174804688,36.071529388427734,-54.0,35.37201,78.22894,-104.94523,False,0.02953989
199,3.98,0.046746958047151566,-0.08154475688934326,0.9586663,16.8887,0.9875829815864563,36.06001663208008,54.0,125.189026,0.3181818181818182,"left_hip_pitch_joint,left_hip_roll_joint,left_hip_yaw_joint,left_knee_joint,right_hip_yaw_joint,right_knee_joint,waist_roll_joint",0.0,0.0,361.1391296386719,torso_link,361.13913,0.6370935440063477,0.039621610194444656,36.06001663208008,-30.49778175354004,54.0,-54.0,-125.189026,123.1278,False,0.023371179
200,4.0,0.0402129590511322,-0.05333578586578369,0.3721913,23.717375,0.8401702046394348,36.03934097290039,54.0,116.018936,0.2727272727272727,"left_hip_yaw_joint,left_knee_joint,right_hip_roll_joint,right_hip_yaw_joint,right_knee_joint,waist_roll_joint",0.0,0.0,1040.8818359375,pelvis,520.4409,0.13269686698913574,0.4303663372993469,-27.65431785583496,35.528621673583984,-54.0,54.0,106.30571,-106.21098,False,0.022234313
201,4.0200000000000005,0.0486418642103672,-0.08508586883544922,1.0435528,19.322096,0.9927707314491272,35.675724029541016,54.0,116.59829,0.3181818181818182,"left_hip_pitch_joint,left_hip_roll_joint,left_hip_yaw_joint,left_knee_joint,right_hip_yaw_joint,right_knee_joint,waist_roll_joint",0.0,177.2349,177.23489379882812,right_ankle_roll_link,177.2349,0.5441202521324158,0.0723256915807724,35.675724029541016,-21.612071990966797,54.0,-54.0,-116.59829,93.85434,False,0.023350708
202,4.04,0.04883619770407677,-0.09213685989379883,0.42338902,21.745842,0.9654859304428101,36.04684829711914,54.0,112.46767,0.3181818181818182,"left_hip_yaw_joint,left_knee_joint,right_hip_pitch_joint,right_hip_roll_joint,right_hip_yaw_joint,right_knee_joint,waist_roll_joint",424.66785,0.0,0,left_ankle_roll_link,424.66785,0.13696862757205963,0.43584057688713074,-14.170953750610352,36.04684829711914,-54.0,54.0,65.513885,-108.20361,False,0.024490263
203,4.0600000000000005,0.059362709522247314,-0.11954176425933838,1.5667907,19.219257,0.8642944097518921,36.07174301147461,54.0,127.21398,0.3181818181818182,"left_hip_pitch_joint,left_hip_roll_joint,left_hip_yaw_joint,left_knee_joint,right_hip_yaw_joint,right_knee_joint,waist_roll_joint",0.0,0.0,116.55243682861328,torso_link,116.55244,0.6619658470153809,-3.475650373729877e-05,36.07174301147461,-21.9262638092041,54.0,-54.0,-127.21398,100.585754,True,0.018912349
204,4.08,0.07145040482282639,-0.14195668697357178,0.99212986,22.02993,1.0106127262115479,36.082916259765625,54.0,130.2767,0.2727272727272727,"left_hip_yaw_joint,left_knee_joint,right_hip_roll_joint,right_hip_yaw_joint,right_knee_joint,waist_roll_joint",0.0,0.0,0,pelvis,0.0,0.17365074157714844,0.41266798973083496,-27.76710319519043,36.061073303222656,-54.0,54.0,103.36776,-106.39248,False,0.034185104
205,4.1,0.08286531269550323,-0.15076518058776855,1.2767329,21.543884,0.947715699672699,36.00396728515625,54.0,126.75871,0.3181818181818182,"left_hip_pitch_joint,left_hip_roll_joint,left_hip_yaw_joint,left_knee_joint,right_hip_yaw_joint,right_knee_joint,waist_roll_joint",0.0,0.0,0,pelvis,0.0,0.42895832657814026,-9.661554213380441e-05,35.47380447387695,0.2882499098777771,54.0,-54.0,-106.77957,33.947163,True,0.026447061
206,4.12,0.08560869097709656,-0.16024792194366455,0.79901016,23.480616,1.0823957920074463,36.870216369628906,54.0,125.225815,0.2727272727272727,"left_hip_pitch_joint,left_hip_yaw_joint,left_knee_joint,right_hip_roll_joint,right_hip_yaw_joint,waist_roll_joint",0.0,0.0,0,pelvis,0.0,-0.0007149627199396491,0.3135664463043213,2.3425774574279785,35.742454528808594,-54.0,33.947163,26.987972,-97.5085,True,0.045823753
207,4.14,0.09249213337898254,-0.18348050117492676,1.025402,19.073433,1.0405834913253784,36.007850646972656,54.0,123.484634,0.2727272727272727,"left_hip_pitch_joint,left_hip_roll_joint,left_hip_yaw_joint,right_hip_yaw_joint,right_knee_joint,waist_roll_joint",0.0,0.0,0,pelvis,0.0,0.369850754737854,-0.0003013943787664175,35.764530181884766,1.089287281036377,26.987972,-54.0,-102.92315,31.56043,True,0.032911047
208,4.16,0.09276122599840164,-0.1933683156967163,0.71840036,24.19194,1.1341111660003662,36.10763931274414,54.0,137.03,0.2727272727272727,"left_hip_pitch_joint,left_hip_yaw_joint,left_knee_joint,right_hip_roll_joint,right_hip_yaw_joint,waist_roll_joint",0.0,0.0,0,pelvis,0.0,-4.660561899072491e-06,0.3582233488559723,0.023531727492809296,36.056339263916016,-54.0,31.56043,33.888287,-102.022705,True,0.032678124
209,4.18,0.08978122472763062,-0.1994948387145996,0.842987,19.342367,1.1010924577713013,35.48346710205078,54.0,131.41592,0.22727272727272727,"left_hip_roll_joint,left_hip_yaw_joint,right_hip_yaw_joint,right_knee_joint,waist_roll_joint",0.0,0.0,0,pelvis,0.0,0.3588583171367645,-0.0002993933157995343,34.95657730102539,1.1125637292861938,33.888287,-54.0,-99.61989,31.49044,True,0.038530197
210,4.2,0.08181723207235336,-0.16698944568634033,0.7634312,25.037321,1.2599070072174072,36.14679718017578,54.0,145.20789,0.2727272727272727,"left_hip_pitch_joint,left_hip_yaw_joint,left_knee_joint,right_hip_roll_joint,right_hip_yaw_joint,waist_roll_joint",0.0,0.0,0,pelvis,0.0,-3.8714583752152976e-06,0.3486578166484833,0.002332910895347595,35.960968017578125,-54.0,31.49044,33.95182,-100.971344,True,0.015003042
211,4.22,0.06856243312358856,-0.1635974645614624,0.62498784,17.660002,1.055338978767395,35.95006561279297,54.0,104.993866,0.2727272727272727,"left_hip_roll_joint,left_hip_yaw_joint,right_hip_pitch_joint,right_hip_yaw_joint,right_knee_joint,waist_roll_joint",0.0,284.4677,0,right_ankle_roll_link,284.4677,0.3477141261100769,0.040190305560827255,35.95006561279297,-12.91566276550293,33.95182,-54.0,-101.70882,70.335945,False,0.021426179
212,4.24,0.06532415747642517,-0.13491439819335938,0.9078893,21.134243,1.3103662729263306,36.594032287597656,54.0,133.08685,0.36363636363636365,"left_hip_pitch_joint,left_hip_yaw_joint,left_knee_joint,right_hip_pitch_joint,right_hip_roll_joint,right_hip_yaw_joint,right_knee_joint,waist_roll_joint",0.0,0.0,41.68562316894531,torso_link,41.685623,-3.765373321584775e-06,0.5042617321014404,-0.3367433547973633,34.945804595947266,-54.0,54.0,34.96904,-110.374176,True,0.014868449
213,4.26,0.06032370403409004,-0.1249856948852539,0.85044295,20.578516,1.0274821519851685,36.3071174621582,54.0,124.85031,0.2727272727272727,"left_hip_pitch_joint,left_hip_roll_joint,left_hip_yaw_joint,right_hip_yaw_joint,right_knee_joint,waist_roll_joint",0.0,0.0,0,pelvis,0.0,0.379956990480423,-0.0005995622486807406,33.6779899597168,-0.09559349715709686,34.96904,-54.0,-97.472015,35.138927,True,0.021053158
214,4.28,0.057233765721321106,-0.10934460163116455,0.7163924,21.615685,1.2034233808517456,36.333892822265625,54.0,121.56842,0.2727272727272727,"left_hip_pitch_joint,left_hip_yaw_joint,left_knee_joint,right_hip_roll_joint,right_hip_yaw_joint,waist_roll_joint",315.88907,0.0,0,left_ankle_roll_link,315.88907,0.10608378052711487,0.2739883065223694,-10.721210479736328,36.333892822265625,-54.0,35.138927,57.635437,-96.11656,False,0.031436246
215,4.3,0.05766952037811279,-0.11674201488494873,0.97778237,17.458544,1.065183162689209,36.091758728027344,54.0,118.37104,0.3181818181818182,"left_hip_pitch_joint,left_hip_roll_joint,left_hip_yaw_joint,left_knee_joint,right_hip_yaw_joint,right_knee_joint,waist_roll_joint",0.0,0.0,0,pelvis,0.0,0.5000369548797607,0.08374959975481033,36.04570388793945,-19.76753044128418,54.0,-54.0,-114.181564,87.4068,False,0.022821672
216,4.32,0.06004679203033447,-0.11963248252868652,0.81933403,21.04774,1.1479301452636719,36.97536087036133,54.0,121.46762,0.3181818181818182,"left_hip_yaw_joint,left_knee_joint,right_hip_pitch_joint,right_hip_roll_joint,right_hip_yaw_joint,right_knee_joint,waist_roll_joint",0.0,729.6373,729.6373291015625,right_ankle_roll_link,729.6373,0.029183976352214813,0.35984984040260315,-28.15472412109375,36.97536087036133,-54.0,54.0,116.08797,-104.90989,False,0.01826404
217,4.34,0.059603046625852585,-0.12414741516113281,1.1476426,19.475607,1.0015536546707153,35.7935905456543,54.0,107.485214,0.2727272727272727,"left_hip_roll_joint,left_hip_yaw_joint,left_knee_joint,right_hip_yaw_joint,right_knee_joint,waist_roll_joint",0.0,103.01545,103.01544952392578,right_ankle_roll_link,103.01545,0.4288599193096161,0.210964173078537,35.71164321899414,-4.2978057861328125,54.0,-54.0,-107.485214,30.820465,False,0.03218531
218,4.36,0.06673258543014526,-0.12741327285766602,1.1634204,19.676483,1.171949028968811,39.27283477783203,54.0,131.19739,0.2727272727272727,"left_hip_yaw_joint,left_knee_joint,right_hip_pitch_joint,right_hip_roll_joint,right_hip_yaw_joint,waist_roll_joint",0.0,0.0,0,pelvis,0.0,-1.8889544662670232e-05,0.35962873697280884,-1.6355892419815063,32.32429504394531,-54.0,30.820465,38.86679,-90.939,True,0.015127888
219,4.38,0.06950429826974869,-0.1747647523880005,1.3982797,30.483746,0.9745147228240967,36.030948638916016,54.0,106.74232,0.2727272727272727,"left_hip_roll_joint,left_hip_yaw_joint,right_hip_pitch_joint,right_hip_yaw_joint,right_knee_joint,waist_roll_joint",0.0,0.0,0,pelvis,0.0,0.36899876594543457,-0.0002624971966724843,28.042757034301758,0.895932137966156,38.86679,-54.0,-79.68967,32.137383,True,0.031266425
220,4.4,0.08176074177026749,-0.21785235404968262,1.120402,11.019055,1.276861310005188,36.70845413208008,54.0,135.97275,0.3181818181818182,"left_hip_pitch_joint,left_hip_yaw_joint,left_knee_joint,right_hip_pitch_joint,right_hip_roll_joint,right_hip_yaw_joint,waist_roll_joint",0.0,0.0,96.42249298095703,torso_link,96.42249,-3.7426279959618114e-06,0.35132357478141785,-0.07032756507396698,36.70845413208008,-54.0,32.137383,34.169792,-103.42707,True,0.01676029
221,4.42,0.08325176686048508,-0.20704174041748047,1.4133576,38.384884,0.9485244154930115,36.050628662109375,54.0,120.30922,0.2727272727272727,"left_hip_roll_joint,left_hip_yaw_joint,right_hip_pitch_joint,right_hip_yaw_joint,right_knee_joint,waist_roll_joint",0.0,0.0,147.2126007080078,torso_link,147.2126,0.3647783696651459,-0.0012470055371522903,33.60610580444336,1.9794189929962158,34.169792,-54.0,-96.042076,28.965685,True,0.010023201
222,4.44,0.09602329879999161,-0.23298048973083496,1.146737,5.304069,1.2241778373718262,36.58795166015625,54.0,111.6123,0.3181818181818182,"left_hip_pitch_joint,left_hip_yaw_joint,left_knee_joint,right_hip_pitch_joint,right_hip_roll_joint,right_hip_yaw_joint,waist_roll_joint",62.332653,0.0,62.3326530456543,left_ankle_roll_link,62.332653,-6.528165249619633e-05,0.291042685508728,-3.7995591163635254,36.58795166015625,-54.0,28.965685,45.362408,-98.24309,True,0.025225632
223,4.46,0.10037639737129211,-0.16969645023345947,1.5266416,36.423172,1.038284182548523,36.19122314453125,54.0,117.57979,0.3181818181818182,"left_hip_pitch_joint,left_hip_roll_joint,left_hip_yaw_joint,right_hip_pitch_joint,right_hip_yaw_joint,right_knee_joint,waist_roll_joint",0.0,0.0,0,pelvis,0.0,0.45595934987068176,-0.0029129458125680685,34.64924621582031,1.690690517425537,45.362408,-54.0,-106.46598,29.965145,True,0.023555443
224,4.48,0.10816919058561325,-0.17656290531158447,1.0680349,7.2842584,1.103057861328125,36.11960983276367,54.0,129.02245,0.2727272727272727,"left_hip_pitch_joint,left_hip_yaw_joint,left_knee_joint,right_hip_roll_joint,right_hip_yaw_joint,waist_roll_joint",0.0,0.0,0,pelvis,0.0,-7.885530976636801e-06,0.29572346806526184,-0.01553247682750225,33.447418212890625,-54.0,29.965145,34.005737,-89.19595,True,0.05486614
225,4.5,0.11015766113996506,-0.10163068771362305,1.2138368,35.417736,1.0715786218643188,36.375057220458984,54.0,132.11313,0.2727272727272727,"left_hip_roll_joint,left_hip_yaw_joint,right_hip_pitch_joint,right_hip_yaw_joint,right_knee_joint,waist_roll_joint",0.0,0.0,0,pelvis,0.0,0.4078928828239441,-0.004184373654425144,34.830162048339844,-2.1270365715026855,34.005737,-54.0,-103.16341,41.520042,True,0.061642013
226,4.5200000000000005,0.10988803207874298,-0.06211256980895996,1.0668795,5.971959,1.1438044309616089,36.68153762817383,54.0,133.82928,0.22727272727272727,"left_hip_yaw_joint,left_knee_joint,right_hip_roll_joint,right_hip_yaw_joint,waist_roll_joint",0.0,0.0,0,pelvis,0.0,-1.4585575627279468e-06,0.31621450185775757,0.028993891552090645,36.68153762817383,-54.0,41.520042,33.871643,-100.5376,True,0.08736909
227,4.54,0.10261005908250809,0.03411984443664551,0.700606,33.584007,1.1827363967895508,36.05314254760742,54.0,130.5917,0.22727272727272727,"left_hip_roll_joint,left_hip_yaw_joint,right_hip_yaw_joint,right_knee_joint,waist_roll_joint",0.0,0.0,0,pelvis,0.0,0.44001805782318115,0.1545477658510208,35.27941131591797,-17.797603607177734,33.871643,-54.0,-107.08117,75.833176,False,0.07763332
228,4.5600000000000005,0.09288030862808228,0.11748409271240234,1.3847171,10.670786,1.129014492034912,39.18532943725586,54.0,116.062164,0.3181818181818182,"left_hip_yaw_joint,left_knee_joint,right_hip_pitch_joint,right_hip_roll_joint,right_hip_yaw_joint,right_knee_joint,waist_roll_joint",283.2362,187.31561,0,left_ankle_roll_link,283.2362,0.01476473268121481,0.307367205619812,-11.490301132202148,39.18532943725586,-54.0,54.0,67.24823,-107.34118,False,0.07307319
229,4.58,0.08680027723312378,0.16434389352798462,0.4332698,22.724367,1.26816725730896,35.6240234375,54.0,131.80453,0.36363636363636365,"left_hip_pitch_joint,left_hip_roll_joint,left_hip_yaw_joint,left_knee_joint,right_hip_pitch_joint,right_hip_yaw_joint,right_knee_joint,waist_roll_joint",0.0,236.98344,0,right_ankle_roll_link,236.98344,0.4949352443218231,0.41050148010253906,35.596351623535156,11.513710021972656,54.0,-54.0,-112.42537,-32.577065,False,0.0587381
230,4.6000000000000005,0.0979071706533432,0.12652605772018433,1.4926639,11.580268,1.1465908288955688,37.52377700805664,54.0,119.11789,0.22727272727272727,"left_hip_yaw_joint,left_knee_joint,right_hip_pitch_joint,right_hip_roll_joint,right_hip_yaw_joint",0.0,33.312664,0,right_ankle_roll_link,33.312664,0.09681721776723862,0.12281549721956253,-30.968252182006836,-6.614119052886963,-54.0,-32.577065,119.11789,44.8213,False,0.07551978
231,4.62,0.08947877585887909,0.18319135904312134,1.1179047,13.535033,1.080268383026123,36.08248519897461,54.0,103.256226,0.22727272727272727,"left_hip_roll_joint,left_hip_yaw_joint,left_knee_joint,right_hip_pitch_joint,right_hip_yaw_joint",0.0,0.0,0,pelvis,0.0,0.2530052065849304,0.45649614930152893,33.59562301635742,26.890832901000977,54.0,44.8213,-87.06877,-82.38801,False,0.0809186
232,4.64,0.10041788965463638,0.09432506561279297,1.4277915,14.3827305,1.1642930507659912,36.1137809753418,54.0,95.168015,0.2727272727272727,"left_hip_yaw_joint,left_knee_joint,right_hip_pitch_joint,right_hip_roll_joint,right_hip_yaw_joint,right_knee_joint",0.0,0.0,0,pelvis,0.0,0.28588032722473145,0.22639064490795135,-15.19045639038086,-24.499818801879883,-54.0,-54.0,56.659454,90.19239,False,0.087100446
233,4.66,0.09415329247713089,0.1225438117980957,1.1058027,19.786465,0.623487114906311,35.97665023803711,54.0,101.971054,0.22727272727272727,"left_hip_roll_joint,left_hip_yaw_joint,left_knee_joint,right_hip_yaw_joint,right_knee_joint",0.0,0.0,0,pelvis,0.0,0.47588205337524414,0.2515490651130676,32.23454284667969,22.78572654724121,54.0,54.0,-100.81568,-53.67692,False,0.069843985
234,4.68,0.10087616741657257,0.04843109846115112,0.8926414,17.176281,0.9045030474662781,36.05034255981445,54.0,94.90605,0.2727272727272727,"left_hip_yaw_joint,left_knee_joint,right_hip_roll_joint,right_hip_yaw_joint,right_knee_joint,waist_roll_joint",440.94003,0.0,0,left_ankle_roll_link,440.94003,0.1719074547290802,0.14550037682056427,-13.063352584838867,-23.913965225219727,-54.0,-53.67692,59.39597,94.90605,False,0.07714669
235,4.7,0.11601973325014114,-0.03361701965332031,0.34236833,17.580828,0.47702354192733765,36.056209564208984,54.0,123.34714,0.3181818181818182,"left_hip_pitch_joint,left_hip_roll_joint,left_hip_yaw_joint,left_knee_joint,right_hip_roll_joint,right_hip_yaw_joint,right_knee_joint",0.0,0.0,0,pelvis,0.0,0.6422231793403625,0.4795587360858917,35.30926513671875,31.886871337890625,54.0,54.0,-123.34714,-99.22113,False,0.07513938
236,4.72,0.0989113301038742,-0.05985605716705322,0.3953071,25.448269,0.8031970262527466,36.06109619140625,54.0,117.1953,0.22727272727272727,"left_hip_yaw_joint,left_knee_joint,right_hip_roll_joint,right_hip_yaw_joint,right_knee_joint",0.0,0.0,0,pelvis,0.0,0.15947358310222626,-0.0001718218409223482,-23.922758102416992,0.47536829113960266,-54.0,-54.0,92.968895,33.391823,True,0.07383615
237,4.74,0.1001189574599266,-0.108955979347229,0.6388165,17.544106,0.5869818329811096,36.012657165527344,54.0,118.14925,0.3181818181818182,"left_hip_pitch_joint,left_hip_roll_joint,left_hip_yaw_joint,left_knee_joint,right_hip_roll_joint,right_hip_yaw_joint,waist_roll_joint",0.0,0.0,0,pelvis,0.0,0.5466349124908447,0.5614432096481323,33.42147445678711,36.012657165527344,54.0,33.391823,-110.036705,-118.14925,False,0.03705669
238,4.76,0.07864626497030258,-0.141990065574646,0.79196715,22.765957,0.8704162240028381,36.67562484741211,54.0,140.43001,0.22727272727272727,"left_hip_yaw_joint,left_knee_joint,right_hip_yaw_joint,right_knee_joint,waist_roll_joint",465.63278,0.0,0,left_ankle_roll_link,465.63278,0.18241195380687714,0.032588306814432144,-7.35408878326416,-36.077632904052734,-54.0,-54.0,41.42782,140.43001,False,0.021486016
239,4.78,0.09296578168869019,-0.21038377285003662,1.0560107,17.491411,0.5367805361747742,36.0038948059082,54.0,130.01982,0.36363636363636365,"left_hip_pitch_joint,left_hip_roll_joint,left_hip_yaw_joint,right_hip_pitch_joint,right_hip_roll_joint,right_hip_yaw_joint,right_knee_joint,waist_roll_joint",0.0,0.0,233.04273986816406,torso_link,233.04274,0.6995829939842224,0.5467329621315002,36.0038948059082,35.05624771118164,41.42782,54.0,-130.01982,-114.1032,False,0.004786241
240,4.8,0.083506278693676,-0.23721003532409668,0.5516205,25.245573,0.923965334892273,36.63182067871094,54.0,127.35245,0.22727272727272727,"left_hip_yaw_joint,left_knee_joint,right_hip_yaw_joint,right_knee_joint,waist_roll_joint",0.0,0.0,0,pelvis,0.0,0.22382335364818573,-0.00025960381026379764,-24.745939254760742,-3.979477882385254,-54.0,-54.0,90.29046,46.763386,True,0.018043049
241,4.82,0.09541948139667511,-0.24643254280090332,0.93454516,17.943129,0.5505396723747253,36.07870101928711,54.0,119.12945,0.3181818181818182,"left_hip_pitch_joint,left_hip_roll_joint,left_hip_yaw_joint,left_knee_joint,right_hip_roll_joint,right_hip_yaw_joint,waist_roll_joint",0.0,0.0,0,pelvis,0.0,0.5766310095787048,0.5712191462516785,33.40882110595703,36.07870101928711,54.0,46.763386,-112.39844,-119.12945,False,0.011888002
242,4.84,0.08169339597225189,-0.23468148708343506,0.8443195,24.894136,1.0527727603912354,36.40692901611328,54.0,135.04352,0.22727272727272727,"left_hip_yaw_joint,left_knee_joint,right_hip_yaw_joint,right_knee_joint,waist_roll_joint",0.0,0.0,90.54654693603516,torso_link,90.54655,0.09676284343004227,0.018063008785247803,-25.760082244873047,-28.958877563476562,-54.0,-54.0,103.49773,120.23578,False,0.017914245
243,4.86,0.08936531841754913,-0.25101935863494873,0.7961711,18.173277,0.8386784195899963,36.081214904785156,54.0,117.5483,0.36363636363636365,"left_hip_pitch_joint,left_hip_roll_joint,left_hip_yaw_joint,left_knee_joint,right_hip_roll_joint,right_hip_yaw_joint,right_knee_joint,waist_roll_joint",0.0,0.0,27.145004272460938,torso_link,27.145004,0.3675277829170227,0.5513604879379272,32.25898742675781,36.081214904785156,54.0,54.0,-92.22067,-117.5483,False,0.0163957
244,4.88,0.07452534884214401,-0.19835138320922852,0.5214813,19.133684,1.035958170890808,37.2199821472168,54.0,108.11241,0.18181818181818182,"left_hip_yaw_joint,left_knee_joint,right_hip_yaw_joint,right_knee_joint",59.763382,0.0,59.76338195800781,left_ankle_roll_link,59.763382,-1.9303093722555786e-05,0.014061525464057922,1.0885769128799438,-22.50295066833496,-54.0,-54.0,30.69432,101.18811,True,0.01597712
245,4.9,0.08119747042655945,-0.18569302558898926,0.855978,15.966903,0.6290802955627441,36.087799072265625,54.0,118.20729,0.3181818181818182,"left_hip_pitch_joint,left_hip_roll_joint,left_hip_yaw_joint,right_hip_roll_joint,right_hip_yaw_joint,right_knee_joint,waist_roll_joint",0.0,0.0,0,pelvis,0.0,0.47509899735450745,0.5593509674072266,34.85513687133789,36.087799072265625,30.69432,54.0,-108.61482,-118.20729,False,0.02396596
246,4.92,0.06917509436607361,-0.16007161140441895,0.5635847,26.463982,0.9995259642601013,36.04311752319336,54.0,139.80368,0.18181818181818182,"left_hip_yaw_joint,left_knee_joint,right_hip_yaw_joint,right_knee_joint",0.0,0.0,0,pelvis,0.0,-3.422123427299084e-06,0.03336121514439583,-24.219125747680664,-35.88946533203125,-54.0,-54.0,106.616165,139.80368,True,0.026287133
247,4.94,0.07788931578397751,-0.18809449672698975,0.8452415,13.957701,0.7264553904533386,35.99214172363281,54.0,112.13304,0.36363636363636365,"left_hip_pitch_joint,left_hip_roll_joint,left_hip_yaw_joint,left_knee_joint,right_hip_roll_joint,right_hip_yaw_joint,right_knee_joint,waist_roll_joint",0.0,0.0,0,pelvis,0.0,0.39359238743782043,0.5122126936912537,34.08552932739258,35.320068359375,54.0,54.0,-99.78548,-112.13304,False,0.024469709
248,4.96,0.05953861027956009,-0.11487483978271484,0.54094625,28.198925,1.0839861631393433,36.74829864501953,54.0,137.26053,0.22727272727272727,"left_hip_yaw_joint,left_knee_joint,right_hip_yaw_joint,right_knee_joint,waist_roll_joint",0.0,0.0,0,pelvis,0.0,-6.465450042014709e-06,-0.00011137034016428515,-0.18620751798152924,-0.3916754126548767,-54.0,-54.0,34.51765,35.988117,True,0.014603609
249,4.98,0.05355500057339668,-0.060217976570129395,0.99836355,15.36643,0.8464000225067139,36.085205078125,54.0,110.2393,0.22727272727272727,"left_hip_roll_joint,left_hip_yaw_joint,right_hip_roll_joint,right_hip_yaw_joint,waist_roll_joint",0.0,0.0,0,pelvis,0.0,0.3418114185333252,0.4598483443260193,35.05815124511719,36.085205078125,34.51765,35.988117,-98.56086,-110.2393,False,0.03280656
250,5.0,0.03002736158668995,0.0558469295501709,0.77412677,28.858799,1.154881477355957,38.512245178222656,54.0,142.52928,0.22727272727272727,"left_hip_yaw_joint,left_knee_joint,right_hip_yaw_joint,right_knee_joint,waist_roll_joint",391.82617,391.82617,0,left_ankle_roll_link,391.82617,0.03537346422672272,-0.00029964480199851096,3.093482494354248,-1.0096980333328247,-54.0,-54.0,21.848185,37.857246,True,0.024154676
