frame,t,rz,pgz,lv_norm,av_norm,dof_pos_err_max,dof_vel_max,tau_max,tau_cmd_max,tau_sat,saturated_joints,L_fz,R_fz,non_foot_cf_sum,top_cf,top_cf_val,kneeL,kneeR,kneeL_vel,kneeR_vel,kneeL_tau,kneeR_tau,kneeL_tau_cmd,kneeR_tau_cmd,knee_hit,bz_min
0,0.0,0.4103291630744934,0.9999562098746537,0.0,0.0,0.0,0.0,0.0,0.0,0.0,,0.0,0.0,0,pelvis,0.0,0.4244813621044159,0.4350522756576538,0.0,0.0,0.0,0.0,0.0,0.0,False,0.03364689
1,0.02,0.40812188386917114,0.9999562098746537,0.192132,0.068791136,1.4901161193847656e-08,1.3132964372634888,0.0,1.3132964,0.0,,0.0,22.089802,0,right_ankle_roll_link,22.089802,0.4244813621044159,0.4350522756576538,0.012202293612062931,-0.16971461474895477,0.0,0.0,-0.03660688,0.5091438,False,0.0314397
2,0.04,0.40516412258148193,0.9999667188749299,0.17573176,0.6272769,0.088559091091156,6.679009437561035,1.3132964,27.121758,0.0,,48.359135,29.415897,0,left_ankle_roll_link,48.359135,0.47356897592544556,0.5236113667488098,4.224009990692139,6.679009437561035,-0.03660688,0.5091438,-16.59904,-27.121758,False,0.030997872
3,0.06,0.410525918006897,0.995727970264852,1.5222374,8.059941,0.4002099335193634,36.01874542236328,27.121758,140.07303,0.0,,0.0,0.0,0,pelvis,0.0,0.14038965106010437,0.03484233841300011,-35.669803619384766,-36.01874542236328,-16.59904,-27.121758,129.73676,140.07303,False,0.032046437
4,0.08,0.41188743710517883,0.9998420149931917,1.9959897,10.415938,0.3852451741695404,36.01823806762695,36.0,125.99863,0.3181818181818182,"left_hip_pitch_joint,left_knee_joint,left_ankle_pitch_joint,right_hip_pitch_joint,right_hip_yaw_joint,right_knee_joint,right_ankle_pitch_joint",0.0,0.0,0,pelvis,0.0,0.663373589515686,0.5825024843215942,35.629085540771484,34.600704193115234,36.0,36.0,-125.99863,-115.59813,False,0.042391814
5,0.1,0.4128280580043793,0.9991487442166544,1.2278547,5.155135,0.40573590993881226,36.930206298828125,36.0,134.84192,0.36363636363636365,"left_hip_pitch_joint,left_hip_yaw_joint,left_knee_joint,left_ankle_pitch_joint,right_hip_pitch_joint,right_hip_yaw_joint,right_knee_joint,right_ankle_pitch_joint",15.599516,15.599516,0,left_ankle_roll_link,15.599516,0.13477705419063568,0.02931636944413185,-34.89301681518555,-34.127681732177734,-36.0,-36.0,127.85539,134.84192,False,0.038275234
6,0.12,0.40964531898498535,0.9966649140696973,1.859409,9.821274,0.49614444375038147,36.01422882080078,36.0,130.96526,0.36363636363636365,"left_hip_pitch_joint,left_hip_yaw_joint,left_knee_joint,left_ankle_pitch_joint,right_hip_pitch_joint,right_hip_yaw_joint,right_knee_joint,right_ankle_pitch_joint",0.0,0.0,0,pelvis,0.0,0.7214112877845764,0.6199190020561218,35.73695373535156,35.57280731201172,36.0,36.0,-130.96526,-121.50776,False,0.04473883
7,0.14,0.4053128957748413,0.9963054817635566,1.503616,12.268511,0.36195993423461914,36.43811798095703,36.0,122.17578,0.36363636363636365,"left_hip_pitch_joint,left_hip_yaw_joint,left_knee_joint,left_ankle_pitch_joint,right_hip_pitch_joint,right_hip_yaw_joint,right_knee_joint,right_ankle_pitch_joint",37.685783,37.685783,0,left_ankle_roll_link,37.685783,0.20703744888305664,0.07309232652187347,-33.87763214111328,-31.072996139526367,-36.0,-36.0,119.02841,122.17578,False,0.03445047
8,0.16,0.39991921186447144,0.9898084346204996,2.082625,17.739399,0.6032209396362305,36.021240234375,36.0,134.40968,0.3181818181818182,"left_hip_pitch_joint,left_hip_yaw_joint,left_knee_joint,right_hip_pitch_joint,right_hip_roll_joint,right_hip_yaw_joint,right_knee_joint",0.0,0.0,0,pelvis,0.0,0.7732318043708801,0.6769235730171204,35.50321578979492,36.021240234375,36.0,36.0,-134.40968,-127.41342,False,0.04586406
9,0.18,0.3951791822910309,0.9918695604428649,1.7263377,19.052794,0.4468563497066498,34.90576934814453,36.0,110.11537,0.45454545454545453,"left_hip_pitch_joint,left_hip_yaw_joint,left_knee_joint,left_ankle_pitch_joint,right_hip_pitch_joint,right_hip_roll_joint,right_hip_yaw_joint,right_knee_joint,right_ankle_pitch_joint,waist_roll_joint",0.0,1440.3304,0,right_ankle_roll_link,1440.3304,0.335681289434433,0.19179613888263702,-34.33712387084961,-17.330530166625977,-36.0,-36.0,110.11537,71.45209,False,0.030740537
10,0.2,0.3966699540615082,0.983542662113905,2.1650214,17.042671,0.898606538772583,36.043880462646484,36.0,146.13922,0.36363636363636365,"left_hip_pitch_joint,left_hip_yaw_joint,left_knee_joint,right_hip_pitch_joint,right_hip_roll_joint,right_hip_yaw_joint,right_knee_joint,waist_roll_joint",0.0,0.0,0,pelvis,0.0,0.9015222191810608,0.8535491228103638,35.99198532104492,36.043880462646484,36.0,36.0,-146.13922,-141.61139,False,0.061446488
11,0.22,0.39715883135795593,0.9842074420303106,1.9238427,22.764229,1.0517479181289673,36.13679122924805,36.0,97.793144,0.4090909090909091,"left_hip_pitch_joint,left_hip_yaw_joint,left_knee_joint,left_ankle_pitch_joint,right_hip_pitch_joint,right_hip_roll_joint,right_hip_yaw_joint,right_knee_joint,waist_roll_joint",0.0,273.27017,0,right_ankle_roll_link,273.27017,0.5233999490737915,0.45016881823539734,-35.23554611206055,-24.46161651611328,-36.0,-36.0,97.793144,72.17553,False,0.045267824
12,0.24,0.3953554630279541,0.9694281928241253,1.6499764,19.82253,0.9180917143821716,36.05301284790039,36.0,158.63626,0.22727272727272727,"left_knee_joint,right_hip_pitch_joint,right_hip_roll_joint,right_hip_yaw_joint,right_knee_joint",0.0,0.0,0,pelvis,0.0,0.918979823589325,1.066017508506775,35.75771713256836,36.05301284790039,36.0,36.0,-146.83302,-158.63626,False,0.070840105
13,0.26,0.3927972614765167,0.9365197941660881,1.5704693,23.550192,0.9700629115104675,36.0001220703125,36.0,130.20401,0.45454545454545453,"left_hip_pitch_joint,left_hip_roll_joint,left_hip_yaw_joint,left_knee_joint,left_ankle_pitch_joint,right_hip_pitch_joint,right_hip_roll_joint,right_hip_yaw_joint,right_knee_joint,waist_yaw_joint",0.0,0.0,0,pelvis,0.0,0.8089731931686401,0.7791652083396912,-32.669891357421875,-25.186134338378906,-36.0,-36.0,67.25033,48.02937,False,0.047955766
14,0.28,0.3847913146018982,0.9454236552119255,1.9522496,21.40898,1.0588194131851196,36.136566162109375,36.0,176.17139,0.5,"left_hip_pitch_joint,left_hip_roll_joint,left_hip_yaw_joint,left_knee_joint,right_hip_pitch_joint,right_hip_roll_joint,right_hip_yaw_joint,right_knee_joint,right_ankle_pitch_joint,right_ankle_roll_joint,waist_roll_joint",0.0,0.0,0,pelvis,0.0,1.004551887512207,1.2820734977722168,32.96745300292969,36.136566162109375,36.0,36.0,-145.308,-176.17139,False,0.07631626
15,0.3,0.37387916445732117,0.9319760203361511,1.4561694,16.246975,1.124596118927002,36.546661376953125,36.0,139.22195,0.4090909090909091,"left_hip_pitch_joint,left_hip_roll_joint,left_knee_joint,left_ankle_pitch_joint,right_hip_pitch_joint,right_hip_roll_joint,right_hip_yaw_joint,right_knee_joint,waist_yaw_joint",0.0,0.0,0,pelvis,0.0,0.928514301776886,1.0654700994491577,-29.715274810791016,-23.7346248626709,-36.0,-36.0,48.82319,20.770447,False,0.078753784
16,0.32,0.360351026058197,0.9359420612454414,2.0903683,22.66977,1.2231874465942383,35.984336853027344,36.0,146.05515,0.36363636363636365,"left_hip_pitch_joint,left_hip_roll_joint,left_hip_yaw_joint,left_knee_joint,right_hip_pitch_joint,right_hip_roll_joint,right_hip_yaw_joint,right_ankle_pitch_joint",0.0,0.0,0,pelvis,0.0,1.0982171297073364,1.3217787742614746,30.718759536743164,23.717496871948242,36.0,20.770447,-146.05515,-142.0906,False,0.08704719
17,0.34,0.34249234199523926,0.9441814832389355,1.4525582,12.358786,1.1513913869857788,35.72446060180664,36.0,135.88173,0.36363636363636365,"left_hip_pitch_joint,left_knee_joint,left_ankle_pitch_joint,right_hip_pitch_joint,right_hip_roll_joint,right_hip_yaw_joint,right_knee_joint,waist_yaw_joint",66.70541,71.28029,0,right_ankle_roll_link,71.28029,1.0412108898162842,0.9084440469741821,-27.549179077148438,-33.8541374206543,-36.0,-36.0,33.309177,63.691067,False,0.06141556
18,0.36,0.32240623235702515,0.9073145836591721,2.5482574,27.73183,1.425302267074585,35.9100341796875,36.0,169.83679,0.2727272727272727,"left_hip_pitch_joint,left_hip_yaw_joint,right_hip_pitch_joint,right_hip_roll_joint,right_knee_joint,right_ankle_pitch_joint",0.0,0.0,0,pelvis,0.0,1.1563775539398193,1.311533808708191,23.754514694213867,33.23942565917969,33.309177,36.0,-129.81523,-169.83679,False,0.08029333
19,0.38,0.2985464930534363,0.930578276515007,1.2365053,20.832901,1.222782015800476,36.60860061645508,36.0,140.95471,0.36363636363636365,"left_hip_pitch_joint,left_knee_joint,left_ankle_pitch_joint,right_hip_pitch_joint,right_hip_roll_joint,right_hip_yaw_joint,right_knee_joint,waist_yaw_joint",871.42926,0.0,0,left_ankle_roll_link,871.42926,1.3045132160186768,0.9420121908187866,1.6792587041854858,-31.45060157775879,-36.0,-36.0,-75.440315,53.795013,False,0.07093319
20,0.4,0.28769588470458984,0.9160004556179047,2.1503482,16.483809,1.5518443584442139,34.91807556152344,36.0,180.53975,0.2727272727272727,"left_hip_yaw_joint,left_knee_joint,left_ankle_pitch_joint,right_hip_roll_joint,right_knee_joint,waist_yaw_joint",222.15674,0.0,0,left_ankle_roll_link,222.15674,1.0103833675384521,1.3823713064193726,-29.862028121948242,34.91807556152344,-36.0,36.0,42.713924,-180.53975,False,0.070118204
21,0.42,0.2771925926208496,0.926883652806282,0.9893987,22.992607,1.3806145191192627,36.64775085449219,36.0,195.68192,0.36363636363636365,"left_hip_roll_joint,left_knee_joint,right_hip_pitch_joint,right_hip_roll_joint,right_hip_yaw_joint,right_knee_joint,waist_roll_joint,waist_yaw_joint",0.0,0.0,0,pelvis,0.0,1.5147079229354858,1.20210599899292,36.15459442138672,-25.979280471801758,36.0,-36.0,-195.68192,16.573547,False,0.07998667
22,0.44,0.26847612857818604,0.9419613145291805,1.8732728,20.21654,1.4077914953231812,36.159690856933594,36.0,154.49408,0.3181818181818182,"left_hip_pitch_joint,left_hip_roll_joint,left_hip_yaw_joint,left_knee_joint,right_hip_roll_joint,right_ankle_pitch_joint,waist_yaw_joint",0.0,0.0,0,pelvis,0.0,1.392088532447815,1.4623425006866455,-34.03788757324219,24.10361671447754,-36.0,16.573547,24.705093,-154.49408,False,0.09239927
23,0.46,0.2511838674545288,0.9533615596592426,1.7461584,24.443262,1.3785455226898193,36.284461975097656,36.0,202.32162,0.3181818181818182,"left_hip_roll_joint,left_ankle_pitch_joint,left_ankle_roll_joint,right_hip_roll_joint,right_hip_yaw_joint,right_knee_joint,waist_yaw_joint",0.0,0.0,0,pelvis,0.0,1.686958909034729,1.0970040559768677,33.77447509765625,-34.41196823120117,24.705093,-36.0,-202.32162,50.27976,False,0.087039
24,0.48,0.23540812730789185,0.9538758248090744,1.7666538,16.837584,1.4944372177124023,36.28264236450195,36.0,180.45813,0.4090909090909091,"left_hip_pitch_joint,left_hip_roll_joint,left_hip_yaw_joint,left_knee_joint,right_hip_pitch_joint,right_hip_roll_joint,right_knee_joint,right_ankle_pitch_joint,waist_yaw_joint",122.47823,0.0,0,left_ankle_roll_link,122.47823,1.5633251667022705,1.3464850187301636,-29.131759643554688,35.847835540771484,-36.0,36.0,-3.7122192,-180.45813,False,0.08436361
25,0.5,0.21800357103347778,0.9611441716551781,0.97355443,19.058052,1.3119930028915405,36.16622543334961,36.0,129.77396,0.36363636363636365,"left_hip_roll_joint,left_ankle_pitch_joint,left_ankle_roll_joint,right_hip_pitch_joint,right_hip_yaw_joint,right_knee_joint,waist_yaw_joint,left_shoulder_roll_joint",124.17819,0.0,0,left_ankle_roll_link,124.17819,1.5542173385620117,1.1785435676574707,12.664093971252441,-27.416149139404297,-3.7122192,-36.0,-128.37115,22.769142,False,0.07505448
26,0.52,0.20896080136299133,0.9793765414506197,1.6825439,16.99758,1.55191969871521,35.540321350097656,36.0,190.20413,0.36363636363636365,"left_hip_pitch_joint,left_hip_roll_joint,left_hip_yaw_joint,left_knee_joint,right_hip_pitch_joint,right_hip_roll_joint,right_ankle_pitch_joint,waist_yaw_joint",83.52611,0.0,83.52610778808594,left_ankle_roll_link,83.52611,1.144623875617981,1.4798418283462524,-31.25566864013672,35.540321350097656,-36.0,22.769142,36.15561,-190.20413,False,0.05290674
27,0.54,0.19465911388397217,0.9695827160030603,1.0806847,12.319438,1.2980848550796509,35.9981689453125,36.0,202.0394,0.2727272727272727,"left_hip_roll_joint,left_knee_joint,right_hip_pitch_joint,right_hip_yaw_joint,right_knee_joint,waist_yaw_joint",0.0,363.3347,0,right_ankle_roll_link,363.3347,1.6000425815582275,1.2777056694030762,35.9981689453125,-20.229883193969727,36.0,-36.0,-202.0394,-6.722618,False,0.057644527
28,0.56,0.18402564525604248,0.9806491546332836,0.99294835,20.146093,1.5042481422424316,35.56660842895508,36.0,148.97827,0.3181818181818182,"left_hip_pitch_joint,left_hip_roll_joint,left_hip_yaw_joint,left_knee_joint,right_hip_roll_joint,right_ankle_pitch_joint,waist_yaw_joint",97.2384,0.0,0,left_ankle_roll_link,97.2384,1.4953218698501587,1.1650346517562866,-19.750951766967773,8.198957443237305,-36.0,-6.722618,-26.414383,-82.99546,False,0.05342323
29,0.58,0.16786102950572968,0.9870598632842302,2.0262513,20.6274,1.3056399822235107,36.12507629394531,36.0,145.69028,0.3181818181818182,"left_hip_pitch_joint,left_hip_roll_joint,left_ankle_pitch_joint,right_hip_pitch_joint,right_hip_yaw_joint,right_knee_joint,waist_yaw_joint",0.0,0.0,0,pelvis,0.0,1.5349035263061523,1.028897762298584,6.2108283042907715,-12.477455139160156,-26.414383,-36.0,-107.466255,-10.075272,False,0.06524117
30,0.6,0.1576606035232544,0.9771531596779823,1.1219022,11.135751,1.44844388961792,36.10625076293945,36.0,158.36163,0.3181818181818182,"left_hip_pitch_joint,left_hip_roll_joint,left_hip_yaw_joint,left_knee_joint,right_hip_roll_joint,right_ankle_pitch_joint,waist_yaw_joint",0.0,0.0,0,pelvis,0.0,0.9857673048973083,0.5474914908409119,-36.09050369262695,-21.78449249267578,-36.0,-10.075272,63.368637,56.35834,False,0.07591816
31,0.62,0.14962410926818848,0.9888344258069992,0.7530626,15.499816,1.551034688949585,35.96345138549805,36.0,174.82195,0.3181818181818182,"left_hip_roll_joint,left_knee_joint,left_ankle_pitch_joint,right_hip_roll_joint,right_hip_yaw_joint,right_knee_joint,waist_yaw_joint",0.0,0.0,0,pelvis,0.0,1.2611262798309326,1.130401849746704,35.96345138549805,27.42938232421875,36.0,36.0,-174.82195,-137.9161,False,0.046037283
32,0.64,0.14353427290916443,0.9702328853309155,1.3624607,9.186214,1.4988411664962769,35.44611740112305,36.0,157.03522,0.36363636363636365,"left_hip_pitch_joint,left_hip_yaw_joint,left_knee_joint,right_hip_pitch_joint,right_hip_roll_joint,right_knee_joint,right_ankle_pitch_joint,waist_yaw_joint",0.0,1195.2964,0,right_ankle_roll_link,1195.2964,0.9599611163139343,0.7958434224128723,-35.44611740112305,-5.576378345489502,-36.0,-36.0,63.499966,-12.134157,False,0.04458815
33,0.66,0.13562148809432983,0.9686258174479008,0.9238188,10.816141,1.3704053163528442,36.33473205566406,36.0,172.80486,0.36363636363636365,"left_hip_roll_joint,left_knee_joint,left_ankle_pitch_joint,left_ankle_roll_joint,right_hip_pitch_joint,right_hip_roll_joint,right_hip_yaw_joint,waist_yaw_joint",0.0,0.0,647.563232421875,right_knee_link,647.56323,1.221989631652832,0.8112590909004211,36.33473205566406,2.3655710220336914,36.0,-12.134157,-172.80486,-37.19326,False,0.042551897
34,0.68,0.13240380585193634,0.9631937891244888,1.3596894,13.143111,1.5521022081375122,35.434654235839844,36.0,158.89253,0.3181818181818182,"left_hip_pitch_joint,left_hip_yaw_joint,left_knee_joint,right_hip_pitch_joint,right_hip_roll_joint,right_knee_joint,right_ankle_pitch_joint",359.43988,142.7588,0,left_ankle_roll_link,359.43988,0.9954264163970947,0.4506475627422333,-33.896358489990234,-14.564675331115723,-36.0,-36.0,56.01347,42.446404,False,0.06494881
35,0.7000000000000001,0.13315337896347046,0.98008375428617,0.4468067,11.561433,1.3747650384902954,36.756980895996094,36.0,171.96426,0.36363636363636365,"left_hip_roll_joint,left_knee_joint,left_ankle_pitch_joint,right_hip_pitch_joint,right_hip_roll_joint,right_hip_yaw_joint,right_knee_joint,waist_yaw_joint",0.0,0.0,698.7374267578125,right_knee_link,698.7374,1.2099932432174683,0.9231512546539307,36.37443923950195,13.305230140686035,36.0,36.0,-171.96426,-78.96361,False,0.04147402
36,0.72,0.1415763944387436,0.9741614237427711,1.1281815,14.456934,1.5336110591888428,35.68757629394531,36.0,149.83739,0.3181818181818182,"left_hip_pitch_joint,left_hip_yaw_joint,left_knee_joint,right_hip_pitch_joint,right_hip_roll_joint,right_knee_joint,right_ankle_pitch_joint",0.0,0.0,0,pelvis,0.0,1.0855728387832642,0.6842917203903198,-26.722782135009766,-18.166547775268555,-36.0,-36.0,27.281036,34.560486,False,0.060600936
37,0.74,0.15008492767810822,0.9769235122948885,0.8611279,12.538431,1.405839443206787,36.25346374511719,36.0,156.8573,0.36363636363636365,"left_hip_roll_joint,left_ankle_pitch_joint,right_hip_pitch_joint,right_hip_roll_joint,right_hip_yaw_joint,right_knee_joint,right_ankle_pitch_joint,waist_yaw_joint",0.0,0.0,531.537841796875,right_knee_link,531.53784,1.1009628772735596,1.006335973739624,32.794864654541016,12.494396209716797,27.281036,34.560486,-152.50311,-83.18588,False,0.039048508
38,0.76,0.16513758897781372,0.9575179368257523,0.7668892,21.340498,1.3443384170532227,35.861358642578125,36.0,148.16867,0.3181818181818182,"left_hip_pitch_joint,left_hip_yaw_joint,left_knee_joint,left_ankle_pitch_joint,right_hip_pitch_joint,right_knee_joint,right_ankle_pitch_joint",143.0131,367.96542,502.3019714355469,right_knee_link,367.96542,0.9259414672851562,1.0405315160751343,-22.692108154296875,-1.2157940864562988,-36.0,-36.0,27.959518,-44.79096,False,0.052644156
39,0.78,0.17698581516742706,0.9450053311884403,1.0187329,11.752661,1.4006997346878052,36.25624465942383,36.0,172.25604,0.2727272727272727,"left_hip_roll_joint,right_hip_pitch_joint,right_hip_yaw_joint,right_knee_joint,waist_roll_joint,waist_yaw_joint",0.0,151.99272,0,right_ankle_roll_link,151.99272,1.218072772026062,0.43219298124313354,36.25624465942383,-32.388710021972656,27.959518,-36.0,-172.25604,97.394875,False,0.055327557
40,0.8,0.18823464214801788,0.935008779168129,0.85723203,17.955889,1.4070029258728027,36.162994384765625,36.0,143.63425,0.3181818181818182,"left_hip_pitch_joint,left_hip_yaw_joint,left_knee_joint,left_ankle_pitch_joint,right_hip_pitch_joint,right_hip_roll_joint,right_knee_joint",0.0,0.0,0,pelvis,0.0,0.9661199450492859,0.6878143548965454,-31.501651763916016,36.059600830078125,-36.0,36.0,51.17387,-128.39977,False,0.07225862
41,0.8200000000000001,0.1998719722032547,0.8979110792279243,0.909859,10.015804,1.537824034690857,37.7283935546875,36.0,175.35133,0.36363636363636365,"left_hip_roll_joint,left_knee_joint,left_ankle_pitch_joint,right_hip_pitch_joint,right_hip_yaw_joint,right_knee_joint,right_ankle_pitch_joint,waist_yaw_joint",0.0,0.0,0,pelvis,0.0,1.275147557258606,0.19573727250099182,35.766014099121094,-37.7283935546875,36.0,-36.0,-175.35133,132.33038,False,0.05959567
42,0.84,0.19999352097511292,0.9082296416163445,0.6515935,19.744373,1.410343050956726,37.147212982177734,36.0,149.04596,0.3181818181818182,"left_hip_pitch_joint,left_hip_yaw_joint,left_knee_joint,left_ankle_pitch_joint,right_hip_pitch_joint,right_hip_roll_joint,right_knee_joint",959.1039,0.0,0,left_ankle_roll_link,959.1039,1.0972219705581665,0.25873786211013794,-16.48876953125,36.85239791870117,-36.0,36.0,-4.352936,-96.452034,False,0.05460404
43,0.86,0.20619133114814758,0.8641578853130341,0.56833386,10.958778,1.5509153604507446,36.335453033447266,36.0,130.73376,0.3181818181818182,"left_hip_pitch_joint,left_hip_roll_joint,right_hip_pitch_joint,right_hip_yaw_joint,right_knee_joint,right_ankle_pitch_joint,waist_yaw_joint",69.59516,0.0,2.203251361846924,left_ankle_roll_link,69.59516,1.3720028400421143,-0.004167413804680109,18.31068229675293,-0.9752639532089233,-4.352936,-36.0,-130.73376,38.063366,True,0.046736844
44,0.88,0.20080599188804626,0.8894330561161041,1.0652275,13.928729,1.345283031463623,36.67058181762695,36.0,154.05814,0.36363636363636365,"left_hip_pitch_joint,left_hip_yaw_joint,left_knee_joint,right_hip_pitch_joint,right_hip_roll_joint,right_hip_yaw_joint,right_knee_joint,waist_yaw_joint",141.44276,0.0,0,left_ankle_roll_link,141.44276,1.138224482536316,0.36770376563072205,-26.919410705566406,36.315303802490234,-36.0,36.0,23.658783,-103.55803,False,0.055841744
45,0.9,0.20329222083091736,0.8321003019809723,1.2038819,13.002672,1.4968557357788086,36.254905700683594,36.0,197.84906,0.36363636363636365,"left_hip_pitch_joint,left_hip_roll_joint,left_ankle_pitch_joint,right_hip_pitch_joint,right_hip_yaw_joint,right_knee_joint,right_ankle_pitch_joint,waist_yaw_joint",0.0,0.0,0,pelvis,0.0,1.5380356311798096,0.3502908945083618,36.254905700683594,-12.219259262084961,23.658783,-36.0,-197.84906,43.438686,False,0.044968944
46,0.92,0.20284828543663025,0.8563635945320129,1.1471976,13.908232,1.3042709827423096,36.98419189453125,36.0,138.19879,0.36363636363636365,"left_hip_pitch_joint,left_hip_yaw_joint,left_knee_joint,left_ankle_pitch_joint,right_hip_roll_joint,right_hip_yaw_joint,right_knee_joint,waist_yaw_joint",321.1586,0.0,17.818954467773438,left_ankle_roll_link,321.1586,1.3722294569015503,0.6002920269966125,-25.62289810180664,36.29751968383789,-36.0,36.0,1.048851,-122.11174,False,0.049624104
47,0.9400000000000001,0.20957201719284058,0.7708354145288467,0.8965493,18.719233,1.443272352218628,35.76266860961914,36.0,152.24503,0.2727272727272727,"left_hip_roll_joint,right_hip_pitch_joint,right_hip_yaw_joint,right_knee_joint,right_ankle_pitch_joint,waist_yaw_joint",0.0,0.0,0,pelvis,0.0,1.469520926475525,0.4480327367782593,22.880619049072266,-26.11282730102539,1.048851,-36.0,-152.24503,77.30005,False,0.0512446
48,0.96,0.21155433356761932,0.7801324725151062,1.3551226,13.36771,1.2055572271347046,36.32000732421875,36.0,132.40744,0.45454545454545453,"left_hip_pitch_joint,left_hip_roll_joint,left_hip_yaw_joint,left_knee_joint,left_ankle_pitch_joint,right_hip_pitch_joint,right_hip_roll_joint,right_hip_yaw_joint,right_knee_joint,waist_yaw_joint",156.3516,0.0,0,left_ankle_roll_link,156.3516,1.0836162567138672,0.6816272735595703,-32.633087158203125,36.10422134399414,-36.0,36.0,45.168472,-128.03867,False,0.06811967
49,0.98,0.20979097485542297,0.7062706649303436,0.92228097,13.811446,1.5197806358337402,36.27654266357422,36.0,195.85294,0.2727272727272727,"left_hip_roll_joint,left_knee_joint,right_hip_pitch_joint,right_hip_yaw_joint,right_knee_joint,right_ankle_pitch_joint",0.0,86.61465,86.6146469116211,left_knee_link,86.61465,1.512272834777832,0.3008340299129486,36.27654266357422,-26.71674346923828,36.0,-36.0,-195.85294,90.88769,False,0.057185914
50,1.0,0.20140013098716736,0.7427450716495514,1.3278896,16.7875,1.2282127141952515,36.324527740478516,36.0,125.295135,0.45454545454545453,"left_hip_pitch_joint,left_hip_roll_joint,left_hip_yaw_joint,left_knee_joint,left_ankle_pitch_joint,right_hip_pitch_joint,right_hip_roll_joint,right_hip_yaw_joint,right_knee_joint,waist_yaw_joint",0.0,0.0,0,pelvis,0.0,1.3160779476165771,0.6363171935081482,-32.04227066040039,36.05401611328125,-36.0,36.0,24.799088,-124.263245,False,0.056011632
51,1.02,0.19766761362552643,0.6514393389225006,0.68261254,18.122473,1.5511162281036377,35.70720672607422,36.0,133.9559,0.22727272727272727,"left_hip_roll_joint,right_hip_pitch_joint,right_hip_yaw_joint,right_knee_joint,right_ankle_pitch_joint",0.0,0.0,370.46826171875,left_knee_link,370.46826,1.4116989374160767,0.4765963852405548,18.32616424560547,-29.970361709594727,24.799088,-36.0,-133.9559,86.587555,False,0.042525344
52,1.04,0.20091891288757324,0.6009694933891296,0.7127603,11.240805,1.1108582019805908,36.23527145385742,36.0,149.62349,0.4090909090909091,"left_hip_pitch_joint,left_hip_yaw_joint,left_knee_joint,left_ankle_pitch_joint,right_hip_pitch_joint,right_hip_roll_joint,right_hip_yaw_joint,right_knee_joint,waist_yaw_joint",0.0,0.0,0,pelvis,0.0,0.907760500907898,0.9533286690711975,-36.23527145385742,36.05379104614258,-36.0,36.0,70.04348,-149.62349,False,0.07373046
53,1.06,0.19741162657737732,0.49677807092666626,0.8467576,15.279864,1.0667507648468018,36.038509368896484,36.0,165.98332,0.2727272727272727,"left_hip_roll_joint,left_knee_joint,right_hip_pitch_joint,right_hip_yaw_joint,right_knee_joint,right_ankle_pitch_joint",0.0,0.0,0,pelvis,0.0,1.167477011680603,0.5059202313423157,35.514556884765625,-32.11271667480469,36.0,-36.0,-165.98332,90.66872,False,0.06935209
54,1.08,0.1824517548084259,0.4785993695259094,0.60543877,14.019184,1.0581897497177124,36.181819915771484,36.0,141.39188,0.4090909090909091,"left_hip_pitch_joint,left_hip_roll_joint,left_hip_yaw_joint,left_knee_joint,left_ankle_pitch_joint,right_hip_pitch_joint,right_hip_roll_joint,right_knee_joint,waist_yaw_joint",0.0,0.0,0,pelvis,0.0,0.9033540487289429,0.8534102439880371,-26.06764793395996,35.97441101074219,-36.0,36.0,39.893127,-141.39188,False,0.0917421
55,1.1,0.18036092817783356,0.32511836290359497,0.74194825,19.174051,1.1278202533721924,35.907264709472656,36.0,170.43985,0.45454545454545453,"left_hip_pitch_joint,left_hip_roll_joint,left_hip_yaw_joint,left_knee_joint,left_ankle_pitch_joint,right_hip_pitch_joint,right_hip_roll_joint,right_hip_yaw_joint,right_knee_joint,right_ankle_pitch_joint",0.0,1302.1887,0,right_ankle_roll_link,1302.1887,1.2258108854293823,0.38634729385375977,35.44449234008789,-13.615200996398926,36.0,-36.0,-170.43985,44.742004,False,0.0815053
56,1.12,0.16508102416992188,0.25506502389907837,1.0567764,9.760818,0.995991587638855,36.09921646118164,36.0,148.0653,0.5,"left_hip_pitch_joint,left_hip_roll_joint,left_hip_yaw_joint,left_knee_joint,left_ankle_pitch_joint,right_hip_pitch_joint,right_hip_roll_joint,right_hip_yaw_joint,right_knee_joint,right_ankle_pitch_joint,waist_yaw_joint",0.0,0.0,0,pelvis,0.0,0.7964386343955994,0.9369996190071106,-36.08533477783203,35.96984100341797,-36.0,36.0,78.49942,-148.0653,False,0.081024736
57,1.1400000000000001,0.16178469359874725,0.0424228310585022,0.8048831,20.616285,1.319283127784729,36.38298416137695,36.0,160.51729,0.36363636363636365,"left_hip_roll_joint,left_hip_yaw_joint,left_knee_joint,left_ankle_pitch_joint,right_hip_pitch_joint,right_hip_yaw_joint,right_knee_joint,right_ankle_pitch_joint",0.0,0.0,0,pelvis,0.0,1.0665855407714844,0.5300877094268799,36.38298416137695,-30.404708862304688,36.0,-36.0,-160.51729,83.61129,False,0.08619215
58,1.16,0.14204369485378265,-0.05146229267120361,1.5467988,7.3505025,0.985880970954895,36.282752990722656,36.0,139.72119,0.45454545454545453,"left_hip_pitch_joint,left_hip_roll_joint,left_hip_yaw_joint,left_knee_joint,left_ankle_pitch_joint,right_hip_pitch_joint,right_hip_roll_joint,right_hip_yaw_joint,right_knee_joint,waist_yaw_joint",0.0,0.0,0,pelvis,0.0,0.6473054885864258,0.8389768600463867,-36.282752990722656,35.80241012573242,-36.0,36.0,91.02233,-139.72119,False,0.06934767
59,1.18,0.12635454535484314,-0.2220747470855713,0.7828225,21.12966,1.5316839218139648,36.213829040527344,36.0,156.01639,0.3181818181818182,"left_hip_roll_joint,left_knee_joint,left_ankle_pitch_joint,right_hip_pitch_joint,right_hip_yaw_joint,right_knee_joint,right_ankle_pitch_joint",0.0,0.0,0,pelvis,0.0,1.0166677236557007,0.4732638895511627,36.213829040527344,-31.03314781188965,36.0,-36.0,-156.01639,90.04251,False,0.06454651
60,1.2,0.09873098880052567,-0.3230588436126709,1.6202661,8.206975,0.9962538480758667,36.199005126953125,36.0,149.76442,0.4090909090909091,"left_hip_pitch_joint,left_hip_roll_joint,left_hip_yaw_joint,left_knee_joint,left_ankle_pitch_joint,right_hip_pitch_joint,right_hip_yaw_joint,right_knee_joint,waist_yaw_joint",0.0,0.0,0,pelvis,0.0,0.5920823812484741,0.9566509127616882,-36.065670013427734,36.012176513671875,-36.0,36.0,94.788925,-149.76442,False,0.007329123
61,1.22,0.08733317255973816,-0.33969151973724365,0.848819,15.799514,1.5247801542282104,36.45582580566406,36.0,156.80998,0.3181818181818182,"left_hip_roll_joint,left_knee_joint,left_ankle_pitch_joint,right_hip_pitch_joint,right_hip_yaw_joint,right_knee_joint,right_ankle_pitch_joint",0.0,0.0,111.58355712890625,torso_link,111.58356,1.0175126791000366,0.6049947738647461,36.45582580566406,-30.25825309753418,36.0,-36.0,-156.80998,77.17936,False,0.019852776
62,1.24,0.07369276136159897,-0.24903607368469238,0.8407994,13.707012,1.1651179790496826,36.18422317504883,36.0,152.70683,0.36363636363636365,"left_hip_pitch_joint,left_hip_yaw_joint,left_knee_joint,right_hip_pitch_joint,right_hip_roll_joint,right_hip_yaw_joint,right_knee_joint,waist_yaw_joint",0.0,0.0,224.03277587890625,pelvis,112.01639,0.6752697825431824,1.0521526336669922,-34.23147201538086,34.44626998901367,-36.0,36.0,82.63134,-152.70683,False,0.0031441525
63,1.26,0.07155446708202362,-0.28452789783477783,0.89776105,14.203667,1.5318775177001953,36.3858642578125,36.0,156.45265,0.3181818181818182,"left_hip_roll_joint,left_knee_joint,left_ankle_pitch_joint,right_hip_roll_joint,right_hip_yaw_joint,right_knee_joint,right_ankle_pitch_joint",0.0,0.0,97.80973815917969,torso_link,97.80974,1.015669584274292,0.5862758159637451,36.3858642578125,-31.202638626098633,36.0,-36.0,-156.45265,81.51003,False,0.022153005
64,1.28,0.0721266120672226,-0.19145655632019043,1.2165344,18.227224,1.3051602840423584,36.15169906616211,36.0,151.45766,0.36363636363636365,"left_hip_pitch_joint,left_hip_yaw_joint,left_knee_joint,right_hip_pitch_joint,right_hip_roll_joint,right_hip_yaw_joint,right_knee_joint,waist_yaw_joint",0.0,0.0,85.24678039550781,right_knee_link,85.24678,0.658592939376831,1.043087363243103,-33.866485595703125,34.2716178894043,-36.0,36.0,82.87053,-151.45766,False,0.024830967
65,1.3,0.07285229861736298,-0.26028215885162354,0.5745339,11.487018,1.4119232892990112,36.50643539428711,36.0,146.48262,0.4090909090909091,"left_hip_roll_joint,left_knee_joint,left_ankle_pitch_joint,right_hip_pitch_joint,right_hip_roll_joint,right_hip_yaw_joint,right_knee_joint,right_ankle_pitch_joint,right_ankle_roll_joint",0.0,0.0,0,pelvis,0.0,0.8865228295326233,0.5786186456680298,36.50643539428711,-31.902631759643555,36.0,-36.0,-146.48262,84.22258,False,0.026802517
66,1.32,0.07692151516675949,-0.18612205982208252,1.3735564,18.948956,1.3775205612182617,36.13883972167969,36.0,149.49066,0.4090909090909091,"left_hip_pitch_joint,left_hip_yaw_joint,left_knee_joint,left_ankle_pitch_joint,right_hip_pitch_joint,right_hip_roll_joint,right_hip_yaw_joint,right_knee_joint,waist_yaw_joint",0.0,475.25082,950.5016479492188,right_knee_link,950.50165,0.5632210969924927,1.040626049041748,-27.615297317504883,28.777450561523438,-36.0,36.0,71.74672,-134.77826,False,0.025756445
67,1.34,0.07696681469678879,-0.24626970291137695,0.19613793,13.372441,1.3617370128631592,36.08407211303711,36.0,153.785,0.4090909090909091,"left_hip_roll_joint,left_knee_joint,left_ankle_pitch_joint,right_hip_pitch_joint,right_hip_roll_joint,right_hip_yaw_joint,right_knee_joint,right_ankle_pitch_joint,waist_roll_joint",0.0,0.0,267.1990966796875,torso_link,267.1991,0.6774027347564697,0.5478430390357971,34.527530670166016,-28.219751358032227,36.0,-36.0,-123.81631,75.635994,False,0.020129636
68,1.36,0.09144732356071472,-0.24406039714813232,1.9429089,18.825571,1.4820876121520996,36.06360626220703,36.0,161.40231,0.45454545454545453,"left_hip_pitch_joint,left_hip_yaw_joint,left_knee_joint,left_ankle_pitch_joint,right_hip_pitch_joint,right_hip_roll_joint,right_hip_yaw_joint,right_knee_joint,waist_roll_joint,waist_yaw_joint",0.0,0.0,0,pelvis,0.0,0.3739226758480072,1.1083996295928955,-27.937347412109375,35.84484100341797,-36.0,36.0,87.856735,-161.40231,False,0.012395132
69,1.3800000000000001,0.09627963602542877,-0.2873356342315674,0.9367391,15.048368,1.3021286725997925,36.02233123779297,36.0,145.25731,0.45454545454545453,"left_hip_roll_joint,left_hip_yaw_joint,left_knee_joint,left_ankle_pitch_joint,right_hip_pitch_joint,right_hip_roll_joint,right_hip_yaw_joint,right_knee_joint,right_ankle_pitch_joint,waist_yaw_joint",0.0,0.0,0,pelvis,0.0,0.20225583016872406,0.6859239339828491,27.67514991760254,-33.87255859375,36.0,-36.0,-65.247406,81.54794,False,0.019143768
70,1.4000000000000001,0.08482559770345688,-0.2223970890045166,0.50362134,17.930008,1.5419948101043701,35.9039192199707,36.0,158.75436,0.3181818181818182,"left_hip_yaw_joint,left_knee_joint,left_ankle_pitch_joint,right_hip_roll_joint,right_knee_joint,waist_roll_joint,waist_yaw_joint",0.0,0.0,159.4197998046875,torso_link,159.4198,0.0733327567577362,1.1003526449203491,-27.59218406677246,35.17677688598633,-36.0,36.0,110.86844,-158.75436,False,0.013315202
71,1.42,0.0704699382185936,-0.1789541244506836,1.0651236,11.806835,1.1927696466445923,36.31983184814453,36.0,143.41023,0.36363636363636365,"left_hip_pitch_joint,left_hip_roll_joint,left_hip_yaw_joint,left_knee_joint,right_hip_roll_joint,right_knee_joint,right_ankle_pitch_joint,waist_roll_joint",0.0,0.0,0,pelvis,0.0,0.3084871172904968,0.9818912148475647,36.31983184814453,-28.36862564086914,36.0,-36.0,-99.679955,41.358765,False,0.016633354
72,1.44,0.0781257227063179,-0.17920899391174316,1.3862468,15.842266,1.2816282510757446,35.64195251464844,36.0,180.81668,0.3181818181818182,"left_hip_pitch_joint,left_hip_yaw_joint,left_knee_joint,right_hip_roll_joint,right_hip_yaw_joint,right_knee_joint,waist_roll_joint",222.43204,0.0,222.43203735351562,left_ankle_roll_link,222.43204,0.44353851675987244,1.4437016248703003,16.641429901123047,33.37491226196289,-36.0,36.0,-51.44886,-180.81668,False,0.009954397
73,1.46,0.07281641662120819,-0.18502593040466309,1.182283,18.111216,1.2441661357879639,36.029056549072266,36.0,140.392,0.45454545454545453,"left_hip_pitch_joint,left_hip_roll_joint,left_hip_yaw_joint,left_knee_joint,right_hip_pitch_joint,right_hip_roll_joint,right_hip_yaw_joint,right_knee_joint,right_ankle_pitch_joint,waist_yaw_joint",0.0,0.0,0,pelvis,0.0,-3.8030157156754285e-05,1.1345231533050537,0.09362763166427612,-32.96272277832031,-36.0,-36.0,33.680668,42.930496,True,0.022107651
74,1.48,0.07187583297491074,-0.13553833961486816,0.95443666,26.918232,1.1376904249191284,36.11627960205078,36.0,197.7716,0.3181818181818182,"left_hip_pitch_joint,left_hip_yaw_joint,right_hip_pitch_joint,right_hip_roll_joint,right_hip_yaw_joint,right_knee_joint,waist_yaw_joint",0.0,0.0,0,pelvis,0.0,0.6820866465568542,1.5727427005767822,34.73867416381836,35.5854606628418,33.680668,36.0,-124.82444,-197.7716,False,0.02568674
75,1.5,0.07529628276824951,-0.1742926836013794,0.7380129,26.922655,1.054152488708496,36.07664489746094,36.0,135.25969,0.4090909090909091,"left_hip_pitch_joint,left_hip_yaw_joint,left_knee_joint,left_ankle_pitch_joint,right_hip_pitch_joint,right_hip_yaw_joint,right_knee_joint,right_ankle_pitch_joint,waist_yaw_joint",0.0,0.0,253.63600158691406,torso_link,253.636,0.8157058954238892,1.3111200332641602,-13.625650405883789,-27.90025520324707,-36.0,-36.0,9.578991,13.615349,False,0.011992835
76,1.52,0.07197877764701843,-0.0989147424697876,0.92814106,29.677769,1.047304630279541,36.21773147583008,36.0,119.85008,0.36363636363636365,"left_hip_pitch_joint,left_hip_roll_joint,left_hip_yaw_joint,left_ankle_pitch_joint,right_hip_pitch_joint,right_hip_yaw_joint,waist_roll_joint,waist_yaw_joint",0.0,0.0,0,pelvis,0.0,0.6322691440582275,1.4823569059371948,-22.613056182861328,12.021903991699219,9.578991,13.615349,51.21615,-119.85008,False,0.034416787
77,1.54,0.06886875629425049,-0.13873767852783203,1.0927156,30.918833,0.9789240956306458,36.338748931884766,36.0,166.31693,0.5454545454545454,"left_hip_pitch_joint,left_hip_roll_joint,left_hip_yaw_joint,left_knee_joint,left_ankle_pitch_joint,right_hip_pitch_joint,right_hip_roll_joint,right_hip_yaw_joint,right_knee_joint,right_ankle_pitch_joint,waist_roll_joint,waist_yaw_joint",0.0,0.0,0,pelvis,0.0,1.140739917755127,0.9891778826713562,36.338748931884766,-33.66780090332031,36.0,-36.0,-166.31693,56.673355,False,0.0137589
78,1.56,0.08319412171840668,-0.2156662940979004,0.9070007,33.525543,0.9916577339172363,36.45585250854492,36.0,184.38644,0.4090909090909091,"left_hip_yaw_joint,left_knee_joint,left_ankle_pitch_joint,right_hip_pitch_joint,right_hip_roll_joint,right_hip_yaw_joint,right_knee_joint,waist_roll_joint,waist_yaw_joint",0.0,0.0,0,pelvis,0.0,0.8854532241821289,1.4267100095748901,-36.45585250854492,35.0179443359375,-36.0,36.0,72.48981,-184.38644,False,0.014275846
79,1.58,0.08290572464466095,-0.2154536247253418,1.1138164,26.8136,1.0332978963851929,36.15974807739258,36.0,164.47726,0.4090909090909091,"left_hip_roll_joint,left_knee_joint,left_ankle_pitch_joint,right_hip_pitch_joint,right_hip_yaw_joint,right_knee_joint,right_ankle_pitch_joint,waist_roll_joint,waist_yaw_joint",0.0,0.0,0,pelvis,0.0,1.1244566440582275,0.9536993503570557,36.15974807739258,-32.22825241088867,36.0,-36.0,-164.47726,55.192986,False,0.0034602024
80,1.6,0.1024448573589325,-0.2305769920349121,1.9927166,29.072727,1.064727783203125,36.265899658203125,36.0,180.53722,0.36363636363636365,"left_hip_yaw_joint,left_knee_joint,left_ankle_pitch_joint,right_hip_roll_joint,right_hip_yaw_joint,right_knee_joint,waist_roll_joint,waist_yaw_joint",0.0,0.0,0,pelvis,0.0,0.7967554926872253,1.4997800588607788,-36.265899658203125,31.786331176757812,-36.0,36.0,79.01577,-180.53722,False,0.02755278
81,1.62,0.11837441474199295,-0.32552623748779297,0.72500324,27.939274,1.1165024042129517,36.31448745727539,36.0,169.67583,0.45454545454545453,"left_hip_yaw_joint,left_knee_joint,left_ankle_pitch_joint,right_hip_pitch_joint,right_hip_roll_joint,right_hip_yaw_joint,right_knee_joint,right_ankle_pitch_joint,waist_roll_joint,waist_yaw_joint",0.0,0.0,0,pelvis,0.0,1.183635950088501,1.0848774909973145,36.31448745727539,-34.58498764038086,36.0,-36.0,-169.67583,51.768944,False,0.0044856016
82,1.6400000000000001,0.11218127608299255,-0.20167899131774902,2.3970394,29.516382,1.1422479152679443,36.36109924316406,36.0,197.11261,0.4090909090909091,"left_hip_pitch_joint,left_hip_yaw_joint,left_knee_joint,left_ankle_pitch_joint,right_hip_roll_joint,right_hip_yaw_joint,right_knee_joint,waist_roll_joint,waist_yaw_joint",0.0,0.0,0,pelvis,0.0,0.8847259283065796,1.5773001909255981,-36.36109924316406,35.24425506591797,-36.0,36.0,72.26373,-197.11261,False,0.026333006
83,1.6600000000000001,0.10705097764730453,-0.21680259704589844,0.9722734,25.943233,1.2369385957717896,36.38007736206055,36.0,183.09235,0.4090909090909091,"left_hip_pitch_joint,left_knee_joint,left_ankle_pitch_joint,right_hip_roll_joint,right_hip_yaw_joint,right_knee_joint,right_ankle_pitch_joint,waist_roll_joint,waist_yaw_joint",0.0,0.0,0,pelvis,0.0,1.3488829135894775,1.2761659622192383,36.38007736206055,-34.442047119140625,36.0,-36.0,-183.09235,36.03705,False,0.0043995865
84,1.68,0.08861343562602997,-0.09120690822601318,2.5200522,22.030863,1.2304859161376953,36.244483947753906,36.0,203.23215,0.36363636363636365,"left_hip_pitch_joint,left_hip_roll_joint,left_hip_yaw_joint,left_knee_joint,left_ankle_pitch_joint,right_hip_roll_joint,right_knee_joint,waist_yaw_joint",0.0,0.0,0,pelvis,0.0,1.1011090278625488,1.6655381917953491,-36.244483947753906,34.93109130859375,-36.0,36.0,54.60324,-203.23215,False,0.0235411
85,1.7,0.08959868550300598,-0.13237905502319336,1.4009752,30.099548,1.257200002670288,36.30488967895508,36.0,193.10582,0.4090909090909091,"left_hip_pitch_joint,left_hip_roll_joint,left_knee_joint,left_ankle_pitch_joint,right_hip_roll_joint,right_hip_yaw_joint,right_knee_joint,right_ankle_pitch_joint,waist_yaw_joint",0.0,0.0,0,pelvis,0.0,1.4768707752227783,1.5544496774673462,36.30488967895508,-23.795440673828125,36.0,-36.0,-193.10582,-18.165466,False,-0.005613569
86,1.72,0.06038007140159607,-0.09029638767242432,2.2808304,24.027458,0.9249030351638794,36.11023712158203,36.0,121.502045,0.4090909090909091,"left_hip_pitch_joint,left_hip_roll_joint,left_hip_yaw_joint,left_knee_joint,left_ankle_pitch_joint,right_hip_pitch_joint,right_hip_roll_joint,waist_yaw_joint,right_shoulder_roll_joint",0.0,0.0,0,pelvis,0.0,1.293209433555603,1.0867557525634766,-36.11023712158203,-31.837787628173828,-36.0,-18.165466,38.832466,43.37709,False,0.014018481
87,1.74,0.06999091804027557,-0.12274158000946045,2.0244358,29.83282,1.2456696033477783,36.03857421875,36.0,192.18005,0.5454545454545454,"left_hip_pitch_joint,left_hip_roll_joint,left_knee_joint,left_ankle_pitch_joint,left_ankle_roll_joint,right_hip_pitch_joint,right_hip_roll_joint,right_hip_yaw_joint,right_knee_joint,right_ankle_pitch_joint,waist_roll_joint,waist_yaw_joint",0.0,0.0,95.73408508300781,torso_link,95.734085,1.6175204515457153,0.8844529986381531,32.24563980102539,17.98729133605957,36.0,36.0,-192.18005,-89.91393,False,0.00087931706
88,1.76,0.057920705527067184,-0.05541372299194336,2.0193715,19.310947,1.1205767393112183,36.17302322387695,36.0,128.22116,0.45454545454545453,"left_hip_pitch_joint,left_hip_roll_joint,left_hip_yaw_joint,left_knee_joint,left_ankle_pitch_joint,right_hip_pitch_joint,right_hip_roll_joint,right_hip_yaw_joint,right_knee_joint,waist_yaw_joint",0.0,0.0,1709.9219970703125,left_hip_yaw_link,1709.922,1.5450581312179565,0.7471657991409302,-32.69706726074219,-35.240726470947266,-36.0,-36.0,8.445061,80.7531,False,0.014096111
89,1.78,0.0608706995844841,-0.05119812488555908,1.5430036,26.088764,0.8934239745140076,36.085662841796875,36.0,89.50052,0.36363636363636365,"left_hip_pitch_joint,left_hip_roll_joint,left_ankle_pitch_joint,right_hip_pitch_joint,right_hip_yaw_joint,right_knee_joint,right_ankle_pitch_joint,waist_yaw_joint",0.0,0.0,0,pelvis,0.0,1.247107982635498,0.5820326209068298,2.8187053203582764,25.914030075073242,8.445061,36.0,-74.26624,-89.50052,False,0.032584213
90,1.8,0.04638040065765381,0.01032942533493042,1.398776,20.596254,1.1498826742172241,36.241737365722656,36.0,131.10686,0.5,"left_hip_pitch_joint,left_hip_roll_joint,left_hip_yaw_joint,left_knee_joint,left_ankle_pitch_joint,right_hip_pitch_joint,right_hip_roll_joint,right_knee_joint,right_ankle_pitch_joint,waist_roll_joint,waist_yaw_joint",0.0,0.0,1318.6597747802734,left_hip_yaw_link,629.2733,0.621418297290802,0.4966887831687927,-36.241737365722656,-35.71427917480469,-36.0,-36.0,92.97026,102.211914,False,0.018864147
91,1.82,0.07201587408781052,-0.13973379135131836,2.1076784,28.25403,0.8350548148155212,36.39543533325195,36.0,165.87485,0.5454545454545454,"left_hip_pitch_joint,left_hip_roll_joint,left_hip_yaw_joint,left_knee_joint,left_ankle_pitch_joint,right_hip_pitch_joint,right_hip_roll_joint,right_hip_yaw_joint,right_knee_joint,right_ankle_pitch_joint,waist_roll_joint,waist_yaw_joint",0.0,0.0,0,pelvis,0.0,1.133088231086731,0.15547657012939453,36.39543533325195,15.42087459564209,36.0,36.0,-165.87485,-23.896566,False,0.025584904
92,1.84,0.07429424673318863,-0.17880594730377197,1.4650186,16.457079,1.1742521524429321,36.50440979003906,36.0,137.70976,0.36363636363636365,"left_hip_pitch_joint,left_hip_roll_joint,left_hip_yaw_joint,left_knee_joint,left_ankle_pitch_joint,right_hip_pitch_joint,right_ankle_pitch_joint,waist_yaw_joint",0.0,0.0,0,pelvis,0.0,0.785380482673645,0.17602010071277618,-36.50440979003906,-22.363969802856445,-36.0,-23.896566,80.6413,87.81448,False,0.017300043
93,1.86,0.09169841557741165,-0.21229314804077148,1.9697787,31.068497,0.9553340077400208,36.73005294799805,36.0,139.67464,0.36363636363636365,"left_hip_pitch_joint,left_hip_yaw_joint,left_knee_joint,left_ankle_pitch_joint,right_hip_yaw_joint,right_knee_joint,right_ankle_pitch_joint,waist_yaw_joint",0.0,723.13,999.6728210449219,left_knee_link,723.13,1.2860883474349976,0.6001776456832886,23.582027435302734,36.73005294799805,36.0,36.0,-139.67464,-123.400185,False,0.014012404
94,1.8800000000000001,0.07982362061738968,-0.18619084358215332,2.0784674,21.956596,1.021982192993164,36.49140930175781,36.0,132.955,0.5454545454545454,"left_hip_pitch_joint,left_hip_roll_joint,left_hip_yaw_joint,left_knee_joint,right_hip_pitch_joint,right_hip_roll_joint,right_hip_yaw_joint,right_knee_joint,right_ankle_pitch_joint,waist_roll_joint,waist_yaw_joint,right_shoulder_pitch_joint",0.0,0.0,0,pelvis,0.0,0.723634660243988,0.6314178705215454,-36.38982391357422,-36.49140930175781,-36.0,-36.0,85.237206,93.764984,False,0.014613764
95,1.9000000000000001,0.08862394839525223,-0.19253051280975342,2.0438902,32.40634,1.0921458005905151,36.41437911987305,36.0,174.23228,0.45454545454545453,"left_hip_pitch_joint,left_hip_yaw_joint,left_knee_joint,left_ankle_pitch_joint,right_hip_pitch_joint,right_hip_yaw_joint,right_knee_joint,right_ankle_pitch_joint,waist_roll_joint,waist_yaw_joint",0.0,0.0,1859.1251220703125,right_knee_link,1859.1251,1.2368457317352295,0.8050544261932373,36.41437911987305,13.358415603637695,36.0,36.0,-174.23228,-69.67542,False,0.015010335
96,1.92,0.07851478457450867,-0.1874769926071167,1.6179256,23.046886,0.955621600151062,36.85389709472656,36.0,120.861084,0.45454545454545453,"left_hip_pitch_joint,left_hip_roll_joint,left_hip_yaw_joint,left_knee_joint,right_hip_pitch_joint,right_hip_roll_joint,right_knee_joint,right_ankle_pitch_joint,waist_roll_joint,waist_yaw_joint",0.0,0.0,2239.313720703125,right_hip_yaw_link,1119.6569,0.884172797203064,0.393768846988678,-35.57872009277344,-36.85389709472656,-36.0,-36.0,69.960846,113.864365,False,-0.00842325
97,1.94,0.0914347916841507,-0.1225736141204834,2.585684,31.422268,1.221194863319397,36.37329864501953,36.0,182.91183,0.4090909090909091,"left_hip_roll_joint,left_knee_joint,left_ankle_pitch_joint,right_hip_pitch_joint,right_hip_yaw_joint,right_knee_joint,right_ankle_pitch_joint,waist_roll_joint,waist_yaw_joint",0.0,0.0,411.5613708496094,right_hip_yaw_link,216.57944,1.346880555152893,0.620005190372467,36.37329864501953,36.11756134033203,36.0,36.0,-182.91183,-123.14892,False,-0.0013609235
98,1.96,0.09833519905805588,-0.2040466070175171,1.376744,26.112085,1.0178112983703613,36.43500900268555,36.0,115.79033,0.5454545454545454,"left_hip_pitch_joint,left_hip_roll_joint,left_hip_yaw_joint,left_knee_joint,left_ankle_pitch_joint,right_hip_pitch_joint,right_hip_roll_joint,right_hip_yaw_joint,right_knee_joint,right_ankle_pitch_joint,waist_roll_joint,waist_yaw_joint",0.0,0.0,0,pelvis,0.0,1.1072853803634644,0.5930225849151611,-36.43500900268555,-36.32524871826172,-36.0,-36.0,54.680702,96.33812,False,-0.013272824
99,1.98,0.10705044120550156,-0.17877113819122314,1.9501859,25.071482,1.0525661706924438,36.74773406982422,36.0,182.14453,0.4090909090909091,"left_knee_joint,left_ankle_pitch_joint,right_hip_pitch_joint,right_hip_roll_joint,right_hip_yaw_joint,right_knee_joint,right_ankle_pitch_joint,waist_roll_joint,waist_yaw_joint",0.0,0.0,0,pelvis,0.0,1.334481954574585,0.7467132210731506,36.448158264160156,36.74773406982422,36.0,36.0,-182.14453,-135.17609,False,-0.008028294
100,2.0,0.10146760940551758,-0.24076926708221436,1.9886355,30.369223,0.721977710723877,36.42085266113281,36.0,104.526184,0.5454545454545454,"left_hip_pitch_joint,left_hip_roll_joint,left_hip_yaw_joint,left_knee_joint,left_ankle_pitch_joint,right_hip_pitch_joint,right_hip_roll_joint,right_hip_yaw_joint,right_knee_joint,right_ankle_pitch_joint,waist_roll_joint,waist_yaw_joint",0.0,0.0,0,pelvis,0.0,1.0908162593841553,0.9352977871894836,-36.42085266113281,-21.534944534301758,-36.0,-36.0,55.95577,24.585194,False,-0.020418763
101,2.02,0.10044378787279129,-0.12482619285583496,1.8763999,32.56036,1.0657484531402588,36.32305908203125,36.0,193.05255,0.4090909090909091,"left_hip_pitch_joint,left_knee_joint,left_ankle_pitch_joint,right_hip_pitch_joint,right_hip_roll_joint,right_hip_yaw_joint,right_ankle_pitch_joint,waist_roll_joint,waist_yaw_joint",0.0,0.0,0,pelvis,0.0,1.475523591041565,0.8557226061820984,36.32305908203125,22.147340774536133,36.0,24.585194,-193.05255,-100.09565,False,-0.019470394
102,2.04,0.09039769321680069,-0.19297528266906738,1.7819487,31.169804,0.8904204964637756,36.4744873046875,36.0,94.54851,0.5,"left_hip_pitch_joint,left_hip_roll_joint,left_hip_yaw_joint,left_knee_joint,left_ankle_pitch_joint,right_hip_roll_joint,right_hip_yaw_joint,right_knee_joint,right_ankle_pitch_joint,waist_roll_joint,waist_yaw_joint",0.0,0.0,0,pelvis,0.0,1.2308753728866577,0.967519998550415,-36.4744873046875,-17.059593200683594,-36.0,-36.0,44.91194,8.58136,False,-0.030489393
103,2.06,0.08581645786762238,-0.05734682083129883,2.1752796,26.972002,1.0594090223312378,35.009368896484375,36.0,189.78082,0.36363636363636365,"left_knee_joint,left_ankle_pitch_joint,right_hip_pitch_joint,right_hip_roll_joint,right_hip_yaw_joint,right_ankle_pitch_joint,waist_roll_joint,waist_yaw_joint",0.0,0.0,1514.943359375,right_hip_yaw_link,757.4717,1.483890414237976,0.6000473499298096,35.009368896484375,0.9418437480926514,36.0,8.58136,-189.78082,-16.025137,False,-0.01321368
104,2.08,0.09422849118709564,-0.13133001327514648,1.1671441,30.00856,0.7840540409088135,36.3944091796875,36.0,110.135315,0.4090909090909091,"left_hip_pitch_joint,left_hip_roll_joint,left_hip_yaw_joint,left_knee_joint,left_ankle_pitch_joint,right_hip_roll_joint,right_ankle_pitch_joint,waist_roll_joint,waist_yaw_joint",0.0,0.0,0,pelvis,0.0,1.2085354328155518,0.7974979877471924,-36.3944091796875,-8.057730674743652,-36.0,-16.025137,46.458904,-4.822466,False,-0.017708097
105,2.1,0.09387599676847458,-0.016107678413391113,1.6271607,21.859085,1.1233149766921997,32.3228645324707,36.0,172.0358,0.36363636363636365,"left_hip_yaw_joint,left_knee_joint,left_ankle_pitch_joint,right_hip_roll_joint,right_hip_yaw_joint,right_ankle_pitch_joint,waist_roll_joint,waist_yaw_joint",0.0,281.78812,266.3727722167969,right_ankle_roll_link,281.78812,1.547796368598938,0.24492426216602325,27.390201568603516,-22.017112731933594,36.0,-4.822466,-172.0358,81.26158,False,-0.00030386355
106,2.12,0.09162640571594238,-0.12196505069732666,1.8703011,26.825172,0.9718418121337891,36.11650466918945,36.0,143.72919,0.36363636363636365,"left_hip_roll_joint,left_hip_yaw_joint,left_knee_joint,left_ankle_pitch_joint,right_hip_pitch_joint,right_hip_yaw_joint,right_knee_joint,waist_yaw_joint",0.0,0.0,0,pelvis,0.0,1.3963232040405273,0.8879787921905518,-36.11650466918945,35.83168411254883,-36.0,36.0,30.602173,-143.72919,False,-0.007904271
107,2.14,0.07577348500490189,-0.07489275932312012,1.7906547,17.380312,1.1700687408447266,36.145713806152344,36.0,182.10785,0.36363636363636365,"left_hip_roll_joint,left_ankle_pitch_joint,right_hip_pitch_joint,right_hip_yaw_joint,right_knee_joint,right_ankle_pitch_joint,waist_roll_joint,waist_yaw_joint",0.0,0.0,0,pelvis,0.0,1.4645112752914429,0.3331927955150604,32.96848678588867,-34.47870635986328,30.602173,-36.0,-182.10785,111.58488,False,0.011211345
108,2.16,0.08459357917308807,-0.11534464359283447,1.3774115,30.306374,1.0047188997268677,36.164302825927734,36.0,144.3097,0.45454545454545453,"left_hip_roll_joint,left_hip_yaw_joint,left_knee_joint,left_ankle_pitch_joint,right_hip_pitch_joint,right_hip_yaw_joint,right_knee_joint,right_ankle_pitch_joint,waist_yaw_joint,right_shoulder_roll_joint",0.0,0.0,0,pelvis,0.0,1.4093252420425415,0.9376044869422913,-32.19172668457031,34.70183563232422,-36.0,36.0,17.787674,-144.3097,False,0.0036773076
109,2.18,0.06908559054136276,-0.09843802452087402,1.9716598,16.694214,1.1495683193206787,36.1304931640625,36.0,141.23508,0.36363636363636365,"left_hip_roll_joint,left_ankle_pitch_joint,right_hip_pitch_joint,right_hip_roll_joint,right_hip_yaw_joint,right_knee_joint,right_ankle_pitch_joint,waist_yaw_joint",0.0,0.0,0,pelvis,0.0,1.2312572002410889,0.38672298192977905,9.871938705444336,-33.736148834228516,17.787674,-36.0,-94.15788,105.07479,False,0.026532313
110,2.2,0.07652265578508377,-0.15299761295318604,1.5275023,28.725637,1.0847759246826172,36.261043548583984,36.0,140.25266,0.5,"left_hip_pitch_joint,left_hip_roll_joint,left_hip_yaw_joint,left_knee_joint,left_ankle_pitch_joint,right_hip_pitch_joint,right_hip_roll_joint,right_hip_yaw_joint,right_knee_joint,right_ankle_pitch_joint,waist_yaw_joint",0.0,0.0,0,pelvis,0.0,0.8432785868644714,0.957801878452301,-36.261043548583984,32.81089782714844,-36.0,36.0,75.27935,-140.25266,False,0.014763806
111,2.22,0.08078674972057343,-0.20131027698516846,1.3909005,18.990744,1.2349183559417725,36.36766815185547,36.0,163.23029,0.4090909090909091,"left_hip_roll_joint,left_knee_joint,left_ankle_pitch_joint,right_hip_pitch_joint,right_hip_roll_joint,right_hip_yaw_joint,right_knee_joint,right_ankle_pitch_joint,waist_yaw_joint",0.0,0.0,0,pelvis,0.0,1.1010724306106567,0.42182472348213196,36.36766815185547,-34.08235168457031,36.0,-36.0,-163.23029,103.30526,False,0.017125376
112,2.24,0.09045938402414322,-0.22738003730773926,1.5064144,28.308376,1.1691360473632812,36.2995491027832,36.0,153.17523,0.45454545454545453,"left_hip_roll_joint,left_hip_yaw_joint,left_knee_joint,left_ankle_pitch_joint,right_hip_pitch_joint,right_hip_roll_joint,right_hip_yaw_joint,right_knee_joint,right_ankle_pitch_joint,waist_yaw_joint",0.0,0.0,0,pelvis,0.0,0.9410732388496399,1.0469155311584473,-36.2995491027832,34.742061614990234,-36.0,36.0,67.5713,-153.17523,False,0.023834486
113,2.2600000000000002,0.08465148508548737,-0.20742559432983398,1.5235244,21.979033,1.2587916851043701,36.433494567871094,36.0,173.78375,0.4090909090909091,"left_hip_roll_joint,left_knee_joint,left_ankle_pitch_joint,right_hip_pitch_joint,right_hip_roll_joint,right_hip_yaw_joint,right_knee_joint,right_ankle_pitch_joint,waist_yaw_joint",0.0,0.0,0,pelvis,0.0,1.2305221557617188,0.5472076535224915,36.433494567871094,-35.48843765258789,36.0,-36.0,-173.78375,97.49289,False,0.0045897625
114,2.2800000000000002,0.08037823438644409,-0.10804414749145508,1.6424392,36.981476,1.2496604919433594,35.894474029541016,36.0,144.78403,0.4090909090909091,"left_hip_roll_joint,left_hip_yaw_joint,left_knee_joint,left_ankle_pitch_joint,right_hip_pitch_joint,right_hip_roll_joint,right_knee_joint,right_ankle_pitch_joint,waist_yaw_joint",0.0,0.0,526.205078125,right_knee_link,269.7121,1.052012324333191,1.103034257888794,-35.894474029541016,30.448486328125,-36.0,36.0,57.48095,-144.78403,False,0.02148984
115,2.3000000000000003,0.07816162705421448,-0.1282813549041748,1.2762952,20.356422,1.156248927116394,35.88308334350586,36.0,182.78911,0.4090909090909091,"left_knee_joint,left_ankle_pitch_joint,right_hip_pitch_joint,right_hip_roll_joint,right_hip_yaw_joint,right_knee_joint,right_ankle_pitch_joint,waist_roll_joint,waist_yaw_joint",143.95317,0.0,0,left_ankle_roll_link,143.95317,1.36372971534729,0.5881784558296204,35.88308334350586,-35.691307067871094,36.0,-36.0,-182.78911,94.82383,False,-0.009797031
116,2.32,0.08631537854671478,-0.08395123481750488,2.1659276,30.153543,1.2966816425323486,36.31517791748047,36.0,164.41124,0.36363636363636365,"left_hip_roll_joint,left_hip_yaw_joint,left_knee_joint,left_ankle_pitch_joint,right_hip_roll_joint,right_knee_joint,right_ankle_pitch_joint,waist_yaw_joint",0.0,0.0,0,pelvis,0.0,1.193424940109253,1.1582380533218384,-36.31517791748047,35.51879119873047,-36.0,36.0,47.43005,-164.41124,False,-0.006032273
117,2.34,0.10969022661447525,-0.2637193202972412,1.1399094,23.993841,1.1254613399505615,36.33257293701172,36.0,198.8992,0.36363636363636365,"left_knee_joint,left_ankle_pitch_joint,right_hip_roll_joint,right_hip_yaw_joint,right_knee_joint,right_ankle_pitch_joint,waist_roll_joint,waist_yaw_joint",0.0,0.0,0,pelvis,0.0,1.5482498407363892,0.7312704920768738,36.33257293701172,-35.345550537109375,36.0,-36.0,-198.8992,82.339195,False,-0.038931593
118,2.36,0.10699348896741867,-0.1993337869644165,2.4423902,28.98736,1.289124846458435,38.46331787109375,36.0,161.64249,0.4090909090909091,"left_hip_pitch_joint,left_hip_roll_joint,left_hip_yaw_joint,left_knee_joint,left_ankle_pitch_joint,right_knee_joint,right_ankle_pitch_joint,waist_roll_joint,waist_yaw_joint",210.8863,0.0,0,left_ankle_roll_link,210.8863,1.384800910949707,1.1634111404418945,-35.58729934692383,34.457923889160156,-36.0,36.0,29.93634,-161.64249,False,-0.031050477
119,2.38,0.11455878615379333,-0.2621713876724243,1.9605352,22.445822,1.2823286056518555,36.249855041503906,36.0,211.33585,0.3181818181818182,"left_hip_pitch_joint,right_hip_pitch_joint,right_hip_roll_joint,right_hip_yaw_joint,right_knee_joint,right_ankle_pitch_joint,waist_yaw_joint",0.0,0.0,1481.379638671875,torso_link,1481.3796,1.7068099975585938,0.8329256772994995,36.249855041503906,-32.502418518066406,29.93634,-36.0,-211.33585,65.67738,False,-0.05835112
120,2.4,0.11361032724380493,-0.1645505428314209,2.1431441,30.42048,1.2333409786224365,36.24589920043945,36.0,166.45349,0.45454545454545453,"left_hip_pitch_joint,left_hip_roll_joint,left_hip_yaw_joint,left_knee_joint,left_ankle_pitch_joint,right_hip_pitch_joint,right_hip_roll_joint,right_knee_joint,right_ankle_pitch_joint,waist_yaw_joint",0.0,0.0,0,pelvis,0.0,1.5557268857955933,1.2252994775772095,-36.24589920043945,34.41123962402344,-36.0,36.0,18.23806,-166.45349,False,-0.043753613
121,2.42,0.11096319556236267,-0.24261784553527832,1.6264743,22.700375,1.1939165592193604,36.035213470458984,36.0,174.0514,0.4090909090909091,"left_hip_pitch_joint,left_ankle_pitch_joint,left_ankle_roll_joint,right_hip_pitch_joint,right_hip_roll_joint,right_hip_yaw_joint,right_knee_joint,right_ankle_pitch_joint,waist_yaw_joint",0.0,0.0,0,pelvis,0.0,1.6183979511260986,0.9153955578804016,26.17936134338379,-33.391666412353516,18.23806,-36.0,-174.0514,61.74754,False,-0.058383144
122,2.44,0.10624527186155319,-0.18190455436706543,1.8574368,28.624727,1.2189767360687256,36.446956634521484,36.0,175.08961,0.4090909090909091,"left_hip_pitch_joint,left_hip_roll_joint,left_hip_yaw_joint,left_knee_joint,left_ankle_pitch_joint,right_hip_roll_joint,right_knee_joint,right_ankle_pitch_joint,waist_yaw_joint",0.0,0.0,0,pelvis,0.0,1.2500741481781006,1.318105697631836,-36.446956634521484,34.81511306762695,-36.0,36.0,43.29344,-175.08961,False,-0.052735016
123,2.46,0.09964597225189209,-0.2772974967956543,1.6151882,22.621624,1.1590059995651245,36.280662536621094,36.0,185.14258,0.36363636363636365,"left_hip_pitch_joint,left_knee_joint,left_ankle_pitch_joint,right_hip_roll_joint,right_hip_yaw_joint,right_knee_joint,right_ankle_pitch_joint,waist_yaw_joint",134.69067,0.0,1751.8944091796875,torso_link,1751.8944,1.5834873914718628,1.0304999351501465,30.80736541748047,-32.815345764160156,36.0,-36.0,-185.14258,50.810226,False,-0.07058341
124,2.48,0.09451061487197876,-0.1671440601348877,1.8315912,23.227339,1.1922767162322998,36.29536819458008,36.0,181.23396,0.36363636363636365,"left_hip_pitch_joint,left_hip_roll_joint,left_hip_yaw_joint,left_knee_joint,right_hip_roll_joint,right_knee_joint,right_ankle_pitch_joint,waist_yaw_joint",0.0,0.0,0,pelvis,0.0,1.2327263355255127,1.4241762161254883,-36.29536819458008,34.03468322753906,-36.0,36.0,44.226517,-181.23396,False,-0.062299777
125,2.5,0.09057660400867462,-0.253098726272583,1.562005,24.467274,1.1920706033706665,36.274105072021484,36.0,204.18796,0.4090909090909091,"left_hip_pitch_joint,left_hip_yaw_joint,left_knee_joint,left_ankle_pitch_joint,right_hip_roll_joint,right_hip_yaw_joint,right_knee_joint,right_ankle_pitch_joint,waist_yaw_joint",0.0,0.0,954.66357421875,left_hip_yaw_link,477.3318,1.6165519952774048,1.140425205230713,36.274105072021484,-32.82706832885742,36.0,-36.0,-204.18796,42.05137,False,-0.071369156
126,2.52,0.08814363181591034,-0.125885009765625,1.4141934,17.967907,1.1224336624145508,34.84442138671875,36.0,187.75078,0.4090909090909091,"left_hip_pitch_joint,left_hip_roll_joint,left_hip_yaw_joint,left_knee_joint,left_ankle_pitch_joint,right_knee_joint,right_ankle_pitch_joint,waist_roll_joint,waist_yaw_joint",487.62808,0.0,487.6280822753906,left_hip_yaw_link,487.62808,1.4235239028930664,1.5408897399902344,-34.84442138671875,33.0945930480957,-36.0,36.0,24.609863,-187.75078,False,-0.06494607
127,2.54,0.09208553284406662,-0.20100975036621094,0.8526297,28.396898,0.9726512432098389,35.947452545166016,36.0,135.40585,0.22727272727272727,"right_hip_roll_joint,right_hip_yaw_joint,right_knee_joint,right_ankle_pitch_joint,waist_yaw_joint",0.0,0.0,0,pelvis,0.0,1.3971326351165771,1.2012511491775513,19.19791603088379,-35.296634674072266,24.609863,-36.0,-135.40585,44.593998,False,-0.059927683
128,2.56,0.09667006134986877,-0.09905076026916504,1.4792004,19.021448,1.1927231550216675,36.16257095336914,36.0,196.66238,0.3181818181818182,"left_hip_yaw_joint,left_knee_joint,left_ankle_pitch_joint,right_knee_joint,right_ankle_pitch_joint,waist_roll_joint,waist_yaw_joint",0.0,0.0,691.419677734375,left_hip_yaw_link,345.70984,0.9320132732391357,1.6277754306793213,-36.16257095336914,33.74817657470703,-36.0,36.0,67.88516,-196.66238,False,-0.049271636
129,2.58,0.1089990884065628,-0.20988082885742188,1.5468723,28.640373,0.9530578851699829,36.367671966552734,36.0,185.34764,0.36363636363636365,"left_hip_pitch_joint,left_hip_yaw_joint,left_knee_joint,right_hip_roll_joint,right_hip_yaw_joint,right_knee_joint,right_ankle_pitch_joint,waist_yaw_joint",0.0,0.0,0,pelvis,0.0,1.3775392770767212,1.3103013038635254,36.367671966552734,-34.17210006713867,36.0,-36.0,-185.34764,32.496376,False,-0.05324641
130,2.6,0.10670141130685806,-0.0868445634841919,1.5434175,26.715452,1.226327657699585,35.603179931640625,36.0,196.91199,0.36363636363636365,"left_hip_pitch_joint,left_hip_roll_joint,left_hip_yaw_joint,left_knee_joint,left_ankle_pitch_joint,right_hip_yaw_joint,waist_roll_joint,waist_yaw_joint",0.0,0.0,78.58238220214844,left_knee_link,78.58238,1.1043672561645508,1.6613799333572388,-35.603179931640625,32.93525695800781,-36.0,32.496376,52.41867,-196.91199,False,-0.04239025
131,2.62,0.10227498412132263,-0.1648244857788086,1.7052238,25.801311,1.0994594097137451,34.81841278076172,36.0,187.90617,0.4090909090909091,"left_hip_pitch_joint,left_knee_joint,left_ankle_pitch_joint,right_hip_roll_joint,right_hip_yaw_joint,right_knee_joint,right_ankle_pitch_joint,waist_roll_joint,waist_yaw_joint",336.9884,0.0,336.9884033203125,left_hip_yaw_link,336.9884,1.5239408016204834,1.3691761493682861,33.316471099853516,-33.420352935791016,36.0,-36.0,-187.90617,25.53115,False,-0.05469113
132,2.64,0.09750489890575409,-0.10942089557647705,0.92402077,18.467052,1.2982118129730225,36.37853240966797,36.0,203.89679,0.36363636363636365,"left_hip_roll_joint,left_hip_yaw_joint,left_knee_joint,left_ankle_pitch_joint,right_hip_roll_joint,right_hip_yaw_joint,waist_yaw_joint,right_shoulder_roll_joint",0.0,0.0,0,pelvis,0.0,1.248896837234497,1.7332640886306763,-36.37853240966797,33.346614837646484,-36.0,25.53115,43.182365,-203.89679,False,-0.048035912
133,2.66,0.09531087428331375,-0.18674242496490479,1.6485676,29.798138,1.1385635137557983,36.395469665527344,36.0,200.27148,0.4090909090909091,"left_knee_joint,left_ankle_pitch_joint,right_hip_roll_joint,right_hip_yaw_joint,right_knee_joint,right_ankle_pitch_joint,waist_roll_joint,waist_yaw_joint,left_shoulder_roll_joint",0.0,0.0,93.5291519165039,torso_link,93.52915,1.5630449056625366,1.4943801164627075,36.395469665527344,-34.395416259765625,36.0,-36.0,-200.27148,18.440018,False,-0.051320948
134,2.68,0.09231603890657425,-0.138175368309021,1.0274577,21.344816,1.294028878211975,34.86735534667969,36.0,190.53644,0.3181818181818182,"left_hip_roll_joint,left_hip_yaw_joint,left_knee_joint,left_ankle_pitch_joint,waist_roll_joint,waist_yaw_joint,right_shoulder_roll_joint",0.0,0.0,579.4207153320312,left_hip_yaw_link,579.4207,1.4632384777069092,1.729081153869629,-33.56354904174805,29.004709243774414,-36.0,18.440018,17.590073,-190.53644,False,-0.030392498
135,2.7,0.06947312504053116,-0.07715106010437012,1.8840984,26.65286,1.0615708827972412,35.78081512451172,36.0,135.25589,0.3181818181818182,"left_ankle_pitch_joint,right_hip_roll_joint,right_hip_yaw_joint,right_knee_joint,right_ankle_pitch_joint,waist_yaw_joint,left_shoulder_roll_joint",0.0,0.0,0,pelvis,0.0,1.3216220140457153,1.3235539197921753,7.5418477058410645,-35.519474029541016,17.590073,-36.0,-94.39679,35.478294,False,-0.030668758
136,2.72,0.07536136358976364,-0.1308753490447998,1.455208,17.20351,1.3496944904327393,36.26567840576172,36.0,213.1924,0.36363636363636365,"left_hip_pitch_joint,left_hip_roll_joint,left_hip_yaw_joint,left_knee_joint,left_ankle_pitch_joint,right_hip_pitch_joint,right_knee_joint,waist_yaw_joint",0.0,0.0,0,pelvis,0.0,0.8641602396965027,1.784746766090393,-36.26567840576172,35.07228088378906,-36.0,35.478294,73.62273,-213.1924,False,-0.024573699
137,2.74,0.07669287174940109,-0.11420857906341553,1.1109486,29.956558,1.1151021718978882,36.811119079589844,36.0,140.52837,0.45454545454545453,"left_hip_roll_joint,left_hip_yaw_joint,left_knee_joint,right_hip_pitch_joint,right_hip_roll_joint,right_hip_yaw_joint,right_knee_joint,right_ankle_pitch_joint,waist_yaw_joint,left_shoulder_roll_joint",0.0,0.0,786.4996948242188,left_knee_link,393.24985,1.0043259859085083,1.5093632936477661,24.806196212768555,-35.0102653503418,36.0,-36.0,-120.80615,19.085907,False,-0.020996027
138,2.7600000000000002,0.06555163860321045,-0.07764685153961182,1.5293283,15.684939,1.2884975671768188,36.57157516479492,36.0,170.30307,0.3181818181818182,"left_hip_roll_joint,left_hip_yaw_joint,left_knee_joint,left_ankle_pitch_joint,right_hip_roll_joint,waist_yaw_joint,right_shoulder_roll_joint",0.0,0.0,105.54851531982422,right_knee_link,105.548515,0.5631526112556458,1.7235498428344727,-36.57157516479492,22.407758712768555,-36.0,19.085907,98.62102,-170.30307,False,0.008644447
139,2.7800000000000002,0.07746122777462006,-0.12276387214660645,1.5303897,33.951836,1.2254810333251953,36.29615020751953,36.0,156.58551,0.36363636363636365,"left_hip_roll_joint,left_knee_joint,left_ankle_pitch_joint,right_hip_roll_joint,right_hip_yaw_joint,right_knee_joint,right_ankle_pitch_joint,waist_yaw_joint",0.0,0.0,323.85302734375,left_knee_link,323.85303,1.020694613456726,1.3063640594482422,36.29615020751953,-35.145626068115234,36.0,-36.0,-156.58551,35.731934,False,-0.0006376654
140,2.8000000000000003,0.08390863239765167,-0.23910439014434814,1.7305672,17.523508,1.273242473602295,36.60434341430664,36.0,202.93637,0.36363636363636365,"left_hip_pitch_joint,left_hip_roll_joint,left_hip_yaw_joint,left_knee_joint,left_ankle_pitch_joint,right_knee_joint,waist_roll_joint,waist_yaw_joint",0.0,0.0,0,pelvis,0.0,0.6517343521118164,1.7082947492599487,-36.60434341430664,33.69232177734375,-36.0,35.731934,91.6328,-202.93637,False,0.026539404
141,2.82,0.08613615483045578,-0.2672920227050781,1.3371096,29.98254,1.307341456413269,36.47000503540039,36.0,166.22214,0.4090909090909091,"left_hip_roll_joint,left_knee_joint,left_ankle_pitch_joint,right_hip_roll_joint,right_hip_yaw_joint,right_knee_joint,right_ankle_pitch_joint,waist_roll_joint,waist_yaw_joint",0.0,0.0,0,pelvis,0.0,1.1346328258514404,1.395283579826355,36.47000503540039,-34.48825454711914,36.0,-36.0,-166.22214,26.646263,False,0.019896284
142,2.84,0.09131217002868652,-0.31039702892303467,1.4572773,18.109682,1.3445321321487427,36.37244415283203,36.0,208.94888,0.4090909090909091,"left_hip_pitch_joint,left_hip_roll_joint,left_hip_yaw_joint,left_knee_joint,left_ankle_pitch_joint,right_hip_pitch_joint,right_hip_roll_joint,right_hip_yaw_joint,waist_yaw_joint",0.0,0.0,0,pelvis,0.0,0.9111769199371338,1.7795844078063965,-36.37244415283203,33.795440673828125,-36.0,26.646263,70.18169,-208.94888,False,0.0053504277
143,2.86,0.0878891721367836,-0.2403351068496704,1.6730026,28.531023,1.3709646463394165,36.42243957519531,36.0,177.7433,0.36363636363636365,"left_hip_roll_joint,left_knee_joint,left_ankle_pitch_joint,right_hip_pitch_joint,right_hip_yaw_joint,right_knee_joint,right_ankle_pitch_joint,waist_roll_joint",0.0,0.0,0,pelvis,0.0,1.2804311513900757,1.4587321281433105,36.42243957519531,-34.539127349853516,36.0,-36.0,-177.7433,21.723,False,0.014149955
144,2.88,0.08831967413425446,-0.24067842960357666,1.3165689,22.846334,1.3977848291397095,36.10093688964844,36.0,210.93651,0.3181818181818182,"left_hip_roll_joint,left_hip_yaw_joint,left_knee_joint,left_ankle_pitch_joint,right_hip_pitch_joint,right_hip_yaw_joint,waist_yaw_joint",0.0,0.0,0,pelvis,0.0,1.1727439165115356,1.8328371047973633,-36.10093688964844,33.037906646728516,-36.0,21.723,48.44181,-210.93651,False,-0.0027757958
145,2.9,0.09762340039014816,-0.23256444931030273,1.7285664,20.418478,1.319433331489563,36.28883361816406,36.0,191.12683,0.4090909090909091,"left_hip_roll_joint,left_knee_joint,left_ankle_pitch_joint,right_hip_pitch_joint,right_hip_roll_joint,right_hip_yaw_joint,right_knee_joint,right_ankle_pitch_joint,waist_yaw_joint",0.0,0.0,0,pelvis,0.0,1.4527355432510376,1.4611729383468628,36.28883361816406,-34.66032409667969,36.0,-36.0,-191.12683,21.89132,False,0.009180132
146,2.92,0.10555525869131088,-0.27370119094848633,1.4883941,23.950098,1.3543916940689087,34.93487548828125,36.0,207.35056,0.4090909090909091,"left_hip_roll_joint,left_hip_yaw_joint,left_knee_joint,left_ankle_pitch_joint,right_hip_pitch_joint,right_hip_roll_joint,right_hip_yaw_joint,right_ankle_pitch_joint,waist_yaw_joint",0.0,0.0,0,pelvis,0.0,1.4207499027252197,1.7894439697265625,-29.543270111083984,32.99974060058594,-36.0,21.89132,8.928329,-207.35056,False,-0.0060712295
147,2.94,0.09443479776382446,-0.27790212631225586,1.5734601,25.812695,1.2098736763000488,35.02635192871094,36.0,142.64513,0.36363636363636365,"left_hip_roll_joint,left_ankle_pitch_joint,right_hip_pitch_joint,right_hip_roll_joint,right_hip_yaw_joint,right_knee_joint,right_ankle_pitch_joint,waist_yaw_joint",0.0,0.0,53.69189453125,right_hip_yaw_link,26.845947,1.209405779838562,1.4267866611480713,3.493500232696533,-34.96092224121094,8.928329,-36.0,-73.27445,25.544014,False,0.0053704977
148,2.96,0.10237371921539307,-0.2694946527481079,2.0683289,23.483229,1.3710933923721313,36.292930603027344,36.0,208.81622,0.45454545454545453,"left_hip_pitch_joint,left_hip_roll_joint,left_hip_yaw_joint,left_knee_joint,left_ankle_pitch_joint,right_hip_pitch_joint,right_hip_roll_joint,right_hip_yaw_joint,right_ankle_pitch_joint,waist_yaw_joint",0.0,0.0,125.4735107421875,torso_link,125.47351,0.7438579797744751,1.8061456680297852,-36.292930603027344,33.04291915893555,-36.0,25.544014,83.32866,-208.81622,False,-0.0013491279
149,2.98,0.12116969376802444,-0.30457913875579834,0.90572226,21.002672,1.2703291177749634,36.258663177490234,36.0,155.0986,0.36363636363636365,"left_hip_roll_joint,left_knee_joint,left_ankle_pitch_joint,right_hip_pitch_joint,right_hip_roll_joint,right_hip_yaw_joint,right_knee_joint,right_ankle_pitch_joint",0.0,0.0,0,pelvis,0.0,1.0035141706466675,1.5275936126708984,36.258663177490234,-34.74089813232422,36.0,-36.0,-155.0986,16.81939,False,0.0049081333
150,3.0,0.10998121649026871,-0.3477238416671753,1.5953984,25.149742,1.1713021993637085,36.555381774902344,36.0,143.3128,0.36363636363636365,"left_hip_roll_joint,left_hip_yaw_joint,left_knee_joint,left_ankle_pitch_joint,right_hip_roll_joint,right_hip_yaw_joint,right_ankle_pitch_joint,waist_yaw_joint",0.0,0.0,0,pelvis,0.0,0.7103382349014282,1.6063544750213623,-36.555381774902344,16.536209106445312,-36.0,16.81939,86.79759,-143.3128,False,0.0035727508
151,3.02,0.11777842789888382,-0.3274862766265869,1.4570019,22.806747,1.3071205615997314,36.487396240234375,36.0,173.4661,0.36363636363636365,"left_hip_pitch_joint,left_hip_roll_joint,left_knee_joint,left_ankle_pitch_joint,right_hip_roll_joint,right_hip_yaw_joint,right_knee_joint,right_ankle_pitch_joint",0.0,0.0,0,pelvis,0.0,1.2245303392410278,1.1267231702804565,36.487396240234375,-33.7149772644043,36.0,-36.0,-173.4661,45.811256,False,0.019479869
152,3.04,0.1120690107345581,-0.3984256982803345,1.9748561,26.934937,1.054888367652893,36.52597427368164,36.0,182.38008,0.45454545454545453,"left_hip_pitch_joint,left_hip_roll_joint,left_hip_yaw_joint,left_knee_joint,left_ankle_pitch_joint,right_hip_roll_joint,right_hip_yaw_joint,right_knee_joint,right_ankle_pitch_joint,waist_yaw_joint",0.0,0.0,0,pelvis,0.0,0.9699893593788147,1.4899406433105469,-36.52597427368164,32.66300582885742,-36.0,36.0,65.93729,-182.38008,False,0.008823032
153,3.06,0.10944001376628876,-0.34329891204833984,1.2723423,26.829638,1.201768159866333,36.437252044677734,36.0,185.69121,0.4090909090909091,"left_hip_pitch_joint,left_knee_joint,left_ankle_pitch_joint,right_hip_roll_joint,right_hip_yaw_joint,right_knee_joint,right_ankle_pitch_joint,waist_roll_joint,waist_yaw_joint",0.0,0.0,0,pelvis,0.0,1.3792245388031006,1.1691442728042603,36.437252044677734,-34.0732307434082,36.0,-36.0,-185.69121,43.492336,False,0.010490023
154,3.08,0.09676174819469452,-0.3243294954299927,1.1733115,27.702599,1.0503361225128174,35.87619400024414,36.0,160.3808,0.45454545454545453,"left_hip_pitch_joint,left_hip_roll_joint,left_hip_yaw_joint,left_knee_joint,left_ankle_pitch_joint,right_hip_yaw_joint,right_knee_joint,right_ankle_pitch_joint,waist_roll_joint,waist_yaw_joint",0.0,0.0,0,pelvis,0.0,1.1079137325286865,1.4853883981704712,-35.87619400024414,25.45130729675293,-36.0,36.0,52.954,-160.3808,False,0.025185198
155,3.1,0.10263027250766754,-0.22130441665649414,1.8887322,25.362286,1.1535793542861938,36.38367462158203,36.0,195.22058,0.36363636363636365,"left_hip_pitch_joint,left_knee_joint,left_ankle_pitch_joint,right_hip_roll_joint,right_hip_yaw_joint,right_knee_joint,right_ankle_pitch_joint,waist_yaw_joint",0.0,0.0,0,pelvis,0.0,1.5003509521484375,1.150084376335144,36.38367462158203,-32.48735427856445,36.0,-36.0,-195.22058,40.2595,False,0.011792362
156,3.12,0.10130223631858826,-0.2855868339538574,1.4891346,25.245592,1.093528151512146,36.43749237060547,36.0,186.44823,0.45454545454545453,"left_hip_pitch_joint,left_hip_roll_joint,left_hip_yaw_joint,left_knee_joint,left_ankle_pitch_joint,right_hip_yaw_joint,right_knee_joint,right_ankle_pitch_joint,waist_roll_joint,waist_yaw_joint",0.0,0.0,0,pelvis,0.0,1.3012113571166992,1.5285804271697998,-36.43749237060547,32.9886589050293,-36.0,36.0,39.17408,-186.44823,False,0.019691346
157,3.14,0.08060488104820251,-0.09659111499786377,1.7693347,24.579723,0.9639042615890503,34.62934494018555,36.0,174.09836,0.3181818181818182,"left_knee_joint,left_ankle_pitch_joint,right_hip_yaw_joint,right_knee_joint,right_ankle_pitch_joint,waist_roll_joint,waist_yaw_joint",0.0,0.0,577.5956420898438,right_hip_yaw_link,577.59564,1.3883856534957886,1.1461222171783447,32.328670501708984,-34.62934494018555,36.0,-36.0,-174.09836,47.002434,False,0.009173604
158,3.16,0.08101153373718262,-0.19761347770690918,1.1835619,26.47317,1.153250813484192,36.39366149902344,36.0,190.52573,0.4090909090909091,"left_hip_roll_joint,left_hip_yaw_joint,left_knee_joint,left_ankle_pitch_joint,right_hip_pitch_joint,right_knee_joint,right_ankle_pitch_joint,waist_roll_joint,waist_yaw_joint",0.0,0.0,0,pelvis,0.0,1.0550464391708374,1.5883030891418457,-36.39366149902344,32.75522232055664,-36.0,36.0,58.73578,-190.52573,False,0.032475904
159,3.18,0.07229916751384735,-0.04314446449279785,1.2830838,34.35712,0.995935320854187,36.176109313964844,36.0,188.20316,0.4090909090909091,"left_hip_yaw_joint,left_knee_joint,right_hip_pitch_joint,right_hip_roll_joint,right_hip_yaw_joint,right_knee_joint,right_ankle_pitch_joint,waist_roll_joint,waist_yaw_joint",0.0,0.0,264.28631591796875,right_hip_yaw_link,132.14316,1.4204167127609253,1.332774043083191,36.176109313964844,-33.54360580444336,36.0,-36.0,-188.20316,28.813072,False,0.0060287155
160,3.2,0.06271201372146606,-0.07123899459838867,1.391304,25.692657,1.1813181638717651,36.410057067871094,36.0,183.20943,0.4090909090909091,"left_hip_pitch_joint,left_hip_yaw_joint,left_knee_joint,left_ankle_pitch_joint,right_hip_pitch_joint,right_hip_roll_joint,right_ankle_pitch_joint,waist_roll_joint,waist_yaw_joint",0.0,0.0,0,pelvis,0.0,1.0968040227890015,1.616370439529419,-36.410057067871094,29.567991256713867,-36.0,28.813072,55.44436,-183.20943,False,0.01666608
161,3.22,0.07713935524225235,-0.012014985084533691,2.2294774,24.763485,1.1109555959701538,35.509849548339844,36.0,195.406,0.45454545454545453,"left_hip_pitch_joint,left_hip_yaw_joint,left_knee_joint,left_ankle_pitch_joint,right_hip_pitch_joint,right_hip_yaw_joint,right_knee_joint,right_ankle_pitch_joint,waist_roll_joint,waist_yaw_joint",0.0,0.0,1816.24072265625,right_hip_yaw_link,1816.2407,1.535436987876892,1.4651225805282593,35.509849548339844,-13.44996452331543,36.0,-36.0,-195.406,-42.055733,False,0.0036094347
162,3.24,0.08076123148202896,-0.19235610961914062,1.5217853,27.259916,0.8236582279205322,36.363624572753906,36.0,73.533905,0.4090909090909091,"left_hip_pitch_joint,left_hip_roll_joint,left_hip_yaw_joint,left_knee_joint,left_ankle_pitch_joint,right_hip_roll_joint,right_knee_joint,waist_roll_joint,waist_yaw_joint",0.0,0.0,0,pelvis,0.0,1.2481396198272705,1.138992190361023,-36.363624572753906,-36.08116149902344,-36.0,-36.0,43.19822,51.92829,False,0.008899806
163,3.2600000000000002,0.09920734912157059,-0.16866862773895264,2.4649334,29.926783,1.212638258934021,36.35811996459961,36.0,206.08542,0.5,"left_hip_yaw_joint,left_knee_joint,left_ankle_pitch_joint,right_hip_pitch_joint,right_hip_roll_joint,right_hip_yaw_joint,right_knee_joint,right_ankle_pitch_joint,waist_roll_joint,waist_yaw_joint,right_shoulder_pitch_joint",0.0,0.0,0,pelvis,0.0,1.6371196508407593,0.8812309503555298,36.35811996459961,17.351022720336914,36.0,36.0,-206.08542,-87.74736,False,0.0019879583
164,3.2800000000000002,0.11439496278762817,-0.33820629119873047,0.54163855,28.751791,1.1185615062713623,35.47874069213867,36.0,66.88639,0.5454545454545454,"left_hip_pitch_joint,left_hip_roll_joint,left_hip_yaw_joint,left_knee_joint,left_ankle_pitch_joint,right_hip_pitch_joint,right_hip_roll_joint,right_hip_yaw_joint,right_knee_joint,right_ankle_pitch_joint,waist_roll_joint,waist_yaw_joint",0.0,0.0,699.41552734375,torso_link,699.4155,1.5430428981781006,0.9491048455238342,-32.03884506225586,-16.376264572143555,-36.0,-36.0,6.631607,8.004585,False,-0.0049743205
165,3.3000000000000003,0.12362450361251831,-0.3406360149383545,1.5025352,18.282343,1.058936357498169,36.01662826538086,36.0,135.56944,0.22727272727272727,"left_ankle_pitch_joint,right_hip_roll_joint,right_hip_yaw_joint,right_ankle_pitch_joint,waist_roll_joint",0.0,0.0,0,pelvis,0.0,1.241626501083374,0.36224299669265747,2.1459310054779053,-23.640058517456055,6.631607,8.004585,-71.8094,76.74492,False,0.009882836
166,3.3200000000000003,0.13162340223789215,-0.42761778831481934,1.073153,29.796484,0.6910722255706787,36.57951736450195,36.0,130.27313,0.45454545454545453,"left_hip_roll_joint,left_hip_yaw_joint,left_knee_joint,left_ankle_pitch_joint,right_hip_pitch_joint,right_hip_yaw_joint,right_knee_joint,right_ankle_pitch_joint,waist_roll_joint,waist_yaw_joint",0.0,0.0,0,pelvis,0.0,0.6165724992752075,0.9424976110458374,-36.57951736450195,29.892501831054688,-36.0,36.0,94.37126,-130.27313,False,0.007731002
167,3.34,0.12842167913913727,-0.2834639549255371,1.2837454,26.186808,1.265379786491394,36.44611358642578,36.0,164.66473,0.4090909090909091,"left_hip_pitch_joint,left_knee_joint,left_ankle_pitch_joint,right_hip_pitch_joint,right_hip_roll_joint,right_hip_yaw_joint,right_knee_joint,right_ankle_pitch_joint,waist_roll_joint",0.0,0.0,0,pelvis,0.0,1.1160613298416138,0.5049204230308533,36.44611358642578,-34.25714111328125,36.0,-36.0,-164.66473,97.18197,False,0.025331726
168,3.36,0.12335410714149475,-0.3202786445617676,1.7921923,27.325056,0.846371054649353,36.458709716796875,36.0,139.44739,0.5454545454545454,"left_hip_pitch_joint,left_hip_roll_joint,left_hip_yaw_joint,left_knee_joint,left_ankle_pitch_joint,right_hip_pitch_joint,right_hip_roll_joint,right_hip_yaw_joint,right_knee_joint,right_ankle_pitch_joint,waist_roll_joint,waist_yaw_joint",0.0,0.0,0,pelvis,0.0,0.7854840755462646,1.0301851034164429,-36.458709716796875,30.612255096435547,-36.0,36.0,80.49591,-139.44739,False,0.025850974
169,3.38,0.10798247903585434,-0.18116188049316406,1.1007636,19.183052,1.3215419054031372,35.75784683227539,36.0,160.57867,0.4090909090909091,"left_hip_pitch_joint,left_knee_joint,left_ankle_pitch_joint,right_hip_pitch_joint,right_hip_roll_joint,right_hip_yaw_joint,right_knee_joint,right_ankle_pitch_joint,waist_roll_joint",0.0,0.0,0,pelvis,0.0,1.1898852586746216,0.6406041979789734,33.11545181274414,-29.357494354248047,36.0,-36.0,-160.57867,71.62833,False,0.006041523
170,3.4,0.08804506063461304,-0.18043208122253418,2.2363396,12.818019,0.8645578622817993,36.307830810546875,36.0,147.71771,0.4090909090909091,"left_hip_roll_joint,left_hip_yaw_joint,left_knee_joint,left_ankle_pitch_joint,right_hip_pitch_joint,right_hip_yaw_joint,right_knee_joint,right_ankle_pitch_joint,waist_yaw_joint",0.0,0.0,0,pelvis,0.0,0.9692025184631348,1.0961434841156006,-36.307830810546875,31.610137939453125,-36.0,36.0,65.3458,-147.71771,False,0.02498807
171,3.42,0.08181142061948776,-0.09437000751495361,0.96087146,20.938437,1.325161099433899,36.01759338378906,36.0,179.45612,0.2727272727272727,"left_hip_roll_joint,left_knee_joint,left_ankle_pitch_joint,right_hip_yaw_joint,right_knee_joint,right_ankle_pitch_joint",0.0,0.0,0,pelvis,0.0,1.3604073524475098,0.5567947030067444,34.86067581176758,-32.563880920410156,36.0,-36.0,-179.45612,87.95225,False,0.016914383
172,3.44,0.08078071475028992,-0.22447288036346436,1.4706705,24.862484,0.769534170627594,36.3148193359375,36.0,145.19774,0.45454545454545453,"left_hip_pitch_joint,left_hip_roll_joint,left_hip_yaw_joint,left_knee_joint,left_ankle_pitch_joint,right_hip_pitch_joint,right_hip_yaw_joint,right_knee_joint,right_ankle_pitch_joint,waist_yaw_joint",0.0,0.0,0,pelvis,0.0,1.1580240726470947,1.0921415090560913,-36.3148193359375,30.87686538696289,-36.0,36.0,50.261044,-145.19774,False,0.014777014
173,3.46,0.07545147836208344,-0.12698471546173096,1.6524284,27.365606,1.3465274572372437,36.385345458984375,36.0,196.12537,0.4090909090909091,"left_hip_pitch_joint,left_hip_roll_joint,left_knee_joint,left_ankle_pitch_joint,right_hip_roll_joint,right_hip_yaw_joint,right_knee_joint,right_ankle_pitch_joint,waist_roll_joint",0.0,0.0,428.9827880859375,right_hip_yaw_link,225.11786,1.511597990989685,0.6371800899505615,36.385345458984375,-35.22538757324219,36.0,-36.0,-196.12537,89.505936,False,0.013907843
174,3.48,0.08943040668964386,-0.271633505821228,0.98736584,34.759174,0.9274100065231323,36.24806213378906,36.0,154.871,0.5454545454545454,"left_hip_pitch_joint,left_hip_roll_joint,left_hip_yaw_joint,left_knee_joint,left_ankle_pitch_joint,right_hip_pitch_joint,right_hip_roll_joint,right_hip_yaw_joint,right_knee_joint,right_ankle_pitch_joint,waist_roll_joint,waist_yaw_joint",0.0,0.0,0,pelvis,0.0,1.3518913984298706,1.1959419250488281,-36.24806213378906,31.33327865600586,-36.0,36.0,34.551384,-154.871,False,0.00950055
175,3.5,0.08645685017108917,-0.22111892700195312,1.6428819,24.69339,1.4068584442138672,36.3481330871582,36.0,199.51071,0.45454545454545453,"left_hip_roll_joint,left_knee_joint,left_ankle_pitch_joint,right_hip_pitch_joint,right_hip_roll_joint,right_hip_yaw_joint,right_knee_joint,right_ankle_pitch_joint,waist_roll_joint,waist_yaw_joint",0.0,0.0,0,pelvis,0.0,1.5553103685379028,0.7089602947235107,36.3481330871582,-34.9831428527832,34.551384,-36.0,-199.51071,83.03679,False,0.022637961
176,3.52,0.08951505273580551,-0.2689918279647827,1.0669315,37.739098,1.0780490636825562,36.21901321411133,36.0,156.31827,0.5454545454545454,"left_hip_pitch_joint,left_hip_roll_joint,left_hip_yaw_joint,left_knee_joint,left_ankle_pitch_joint,right_hip_pitch_joint,right_hip_roll_joint,right_hip_yaw_joint,right_knee_joint,right_ankle_pitch_joint,waist_roll_joint,waist_yaw_joint",0.0,0.0,0,pelvis,0.0,1.480530023574829,1.2482976913452148,-36.21901321411133,30.419544219970703,-36.0,36.0,24.173157,-156.31827,False,0.031845927
177,3.54,0.07120578736066818,-0.11559700965881348,0.77480733,29.14898,1.425877571105957,35.48666763305664,36.0,144.80997,0.36363636363636365,"left_ankle_pitch_joint,right_hip_pitch_joint,right_hip_roll_joint,right_hip_yaw_joint,right_knee_joint,right_ankle_pitch_joint,waist_roll_joint,waist_yaw_joint",0.0,0.0,180.20120239257812,left_knee_link,180.2012,1.3387446403503418,0.8115056157112122,-1.8120660781860352,-34.565093994140625,24.173157,-36.0,-67.704865,73.57901,False,0.004607834
178,3.56,0.07176516950130463,-0.10100030899047852,0.80914986,29.763077,0.9609627723693848,36.43442916870117,36.0,167.07321,0.45454545454545453,"left_hip_yaw_joint,left_knee_joint,left_ankle_pitch_joint,right_hip_pitch_joint,right_hip_roll_joint,right_hip_yaw_joint,right_knee_joint,right_ankle_pitch_joint,waist_roll_joint,waist_yaw_joint",0.0,0.0,0,pelvis,0.0,0.7292068600654602,1.3388309478759766,-36.43442916870117,31.590303421020508,-36.0,36.0,84.92525,-167.07321,False,0.020571016
179,3.58,0.06709408015012741,-0.031072378158569336,1.1463034,28.002968,1.5019750595092773,36.44279098510742,36.0,170.57166,0.4090909090909091,"left_hip_pitch_joint,left_hip_roll_joint,left_knee_joint,left_ankle_pitch_joint,right_hip_pitch_joint,right_hip_roll_joint,right_hip_yaw_joint,right_knee_joint,right_ankle_pitch_joint",0.0,0.0,0,pelvis,0.0,1.190022349357605,0.8796322345733643,36.44279098510742,-35.23103713989258,36.0,-36.0,-170.57166,70.12672,False,-0.000940592
180,3.6,0.07345408946275711,-0.11356496810913086,0.90431345,30.130604,1.0861189365386963,36.462928771972656,36.0,173.86768,0.5,"left_hip_roll_joint,left_hip_yaw_joint,left_knee_joint,left_ankle_pitch_joint,right_hip_pitch_joint,right_hip_roll_joint,right_hip_yaw_joint,right_knee_joint,right_ankle_pitch_joint,waist_roll_joint,waist_yaw_joint",0.0,0.0,0,pelvis,0.0,0.8244232535362244,1.4215117692947388,-36.462928771972656,31.650300979614258,-36.0,36.0,77.39343,-173.86768,False,0.0068728775
181,3.62,0.06189631298184395,-0.04142594337463379,1.102429,29.195013,1.4099233150482178,36.45450973510742,36.0,170.25125,0.36363636363636365,"left_knee_joint,left_ankle_pitch_joint,right_hip_pitch_joint,right_hip_roll_joint,right_hip_yaw_joint,right_knee_joint,right_ankle_pitch_joint,waist_roll_joint",0.0,0.0,0,pelvis,0.0,1.1855778694152832,0.9582317471504211,36.45450973510742,-35.05686950683594,36.0,-36.0,-170.25125,63.31625,False,-0.0062208185
182,3.64,0.0643804594874382,-0.07653796672821045,1.1149111,26.418388,1.0529712438583374,36.45832824707031,36.0,180.20586,0.5,"left_hip_roll_joint,left_hip_yaw_joint,left_knee_joint,left_ankle_pitch_joint,right_hip_pitch_joint,right_hip_roll_joint,right_hip_yaw_joint,right_knee_joint,right_ankle_pitch_joint,waist_roll_joint,waist_yaw_joint",0.0,0.0,0,pelvis,0.0,0.7910486459732056,1.4880235195159912,-36.45832824707031,31.989383697509766,-36.0,36.0,80.04961,-180.20586,False,0.009810157
183,3.66,0.060323115438222885,-0.03947901725769043,1.0257729,22.631989,1.3866044282913208,36.48610305786133,36.0,173.04001,0.4090909090909091,"left_hip_roll_joint,left_knee_joint,left_ankle_pitch_joint,right_hip_pitch_joint,right_hip_roll_joint,right_hip_yaw_joint,right_knee_joint,right_ankle_pitch_joint,waist_roll_joint",0.0,0.0,759.5169677734375,pelvis,379.75848,1.219252586364746,1.0467643737792969,36.48610305786133,-35.6663703918457,36.0,-36.0,-173.04001,58.06215,False,0.00420223
184,3.68,0.06813136488199234,-0.11758267879486084,1.3144878,33.372375,1.1096538305282593,36.422725677490234,36.0,182.28064,0.5,"left_hip_pitch_joint,left_hip_roll_joint,left_hip_yaw_joint,left_knee_joint,left_ankle_pitch_joint,right_hip_pitch_joint,right_hip_roll_joint,right_hip_yaw_joint,right_knee_joint,right_ankle_pitch_joint,waist_yaw_joint",0.0,0.0,0,pelvis,0.0,0.9613867998123169,1.544706106185913,-36.422725677490234,31.16944694519043,-36.0,36.0,66.31574,-182.28064,False,0.015788533
185,3.7,0.06255098432302475,-0.10315275192260742,0.79249704,32.732243,1.3852559328079224,36.38175964355469,36.0,182.22626,0.4090909090909091,"left_hip_pitch_joint,left_knee_joint,left_ankle_pitch_joint,right_hip_pitch_joint,right_hip_roll_joint,right_hip_yaw_joint,right_knee_joint,right_ankle_pitch_joint,waist_roll_joint",0.0,0.0,152.7357406616211,torso_link,77.58551,1.3379935026168823,1.161750316619873,36.38175964355469,-35.41477966308594,36.0,-36.0,-182.22626,48.108498,False,-0.005249994
186,3.72,0.05332169681787491,-0.05210304260253906,1.7155393,28.074059,1.1889296770095825,36.294532775878906,36.0,189.30548,0.5454545454545454,"left_hip_pitch_joint,left_hip_yaw_joint,left_knee_joint,left_ankle_pitch_joint,right_hip_pitch_joint,right_hip_roll_joint,right_hip_yaw_joint,right_knee_joint,right_ankle_pitch_joint,waist_roll_joint,waist_yaw_joint,right_shoulder_roll_joint",0.0,0.0,0,pelvis,0.0,1.1059296131134033,1.6239819526672363,-36.294532775878906,31.39703941345215,-36.0,36.0,54.36774,-189.30548,False,0.0121074915
187,3.74,0.06345078349113464,-0.09775614738464355,1.7430974,23.123463,1.4593044519424438,36.610870361328125,36.0,196.6481,0.36363636363636365,"left_hip_pitch_joint,left_hip_roll_joint,left_knee_joint,left_ankle_pitch_joint,right_hip_yaw_joint,right_knee_joint,right_ankle_pitch_joint,waist_roll_joint",0.0,0.0,3112.104299545288,torso_link,1804.3372,1.5096749067306519,1.3403688669204712,36.610870361328125,-27.356531143188477,36.0,-36.0,-196.6481,9.644272,False,-0.007846761
188,3.7600000000000002,0.0682852491736412,-0.09933340549468994,1.2445031,25.245714,1.0516448020935059,36.27890396118164,36.0,117.52739,0.3181818181818182,"left_hip_pitch_joint,left_hip_roll_joint,left_hip_yaw_joint,left_knee_joint,left_ankle_pitch_joint,waist_roll_joint,waist_yaw_joint",0.0,0.0,0,pelvis,0.0,1.3170570135116577,1.4866970777511597,-36.27890396118164,11.131935119628906,-36.0,9.644272,37.430664,-117.52739,False,0.013719521
189,3.7800000000000002,0.07504425197839737,-0.13101089000701904,1.3880477,28.94266,1.4566879272460938,36.35789108276367,36.0,203.78024,0.36363636363636365,"left_hip_pitch_joint,left_hip_roll_joint,left_knee_joint,left_ankle_pitch_joint,right_hip_yaw_joint,right_knee_joint,right_ankle_pitch_joint,waist_roll_joint",0.0,0.0,0,pelvis,0.0,1.6083136796951294,0.9287400245666504,36.35789108276367,-34.423545837402344,36.0,-36.0,-203.78024,63.77562,False,0.0002823118
190,3.8000000000000003,0.08467470109462738,-0.16705083847045898,1.438473,26.819542,1.105299711227417,35.191261291503906,36.0,144.21811,0.5,"left_hip_pitch_joint,left_hip_roll_joint,left_hip_yaw_joint,left_knee_joint,left_ankle_pitch_joint,right_hip_pitch_joint,right_hip_yaw_joint,right_knee_joint,right_ankle_pitch_joint,waist_roll_joint,waist_yaw_joint",0.0,0.0,378.651123046875,right_knee_link,378.65112,1.5297811031341553,1.3596115112304688,-35.191261291503906,23.41779327392578,-36.0,36.0,17.149803,-144.21811,False,0.013795909
191,3.8200000000000003,0.08978667110204697,-0.2332082986831665,1.1690009,26.559076,1.4385091066360474,35.6054573059082,36.0,154.24152,0.36363636363636365,"left_hip_pitch_joint,left_hip_roll_joint,left_ankle_pitch_joint,right_hip_pitch_joint,right_hip_yaw_joint,right_knee_joint,right_ankle_pitch_joint,waist_roll_joint",0.0,0.0,0,pelvis,0.0,1.5173295736312866,0.8355674743652344,22.271223068237305,-34.708595275878906,17.149803,-36.0,-154.24152,72.08457,False,-0.009444915
192,3.84,0.10012432932853699,-0.2325819730758667,1.4979008,23.730505,1.0082448720932007,36.29301452636719,36.0,178.99026,0.5454545454545454,"left_hip_pitch_joint,left_hip_roll_joint,left_hip_yaw_joint,left_knee_joint,left_ankle_pitch_joint,right_hip_pitch_joint,right_hip_roll_joint,right_hip_yaw_joint,right_knee_joint,right_ankle_pitch_joint,waist_yaw_joint,right_shoulder_roll_joint",0.0,0.0,0,pelvis,0.0,1.2153223752975464,1.367310643196106,-36.29301452636719,34.803199768066406,-36.0,36.0,45.611763,-178.99026,False,0.01326383
193,3.86,0.10949275642633438,-0.2571452856063843,1.1546493,24.043406,1.453212857246399,36.249061584472656,36.0,196.30795,0.4090909090909091,"left_hip_pitch_joint,left_hip_roll_joint,left_knee_joint,left_ankle_pitch_joint,right_hip_pitch_joint,right_hip_roll_joint,right_hip_yaw_joint,right_knee_joint,right_ankle_pitch_joint",0.0,0.0,0,pelvis,0.0,1.5189911127090454,0.9620563387870789,36.249061584472656,-35.08714294433594,36.0,-36.0,-196.30795,63.101105,False,-0.0060569476
194,3.88,0.11212130635976791,-0.29480504989624023,1.7682714,25.042995,1.0457518100738525,36.15233612060547,36.0,188.63681,0.5,"left_hip_pitch_joint,left_hip_roll_joint,left_hip_yaw_joint,left_knee_joint,left_ankle_pitch_joint,right_hip_pitch_joint,right_hip_roll_joint,right_hip_yaw_joint,right_knee_joint,right_ankle_pitch_joint,waist_yaw_joint",0.0,0.0,0,pelvis,0.0,1.4262629747390747,1.4808040857315063,-36.15233612060547,34.99222183227539,-36.0,36.0,28.314484,-188.63681,False,0.009795838
195,3.9,0.1081070750951767,-0.2691086530685425,1.1289258,28.630903,1.3799861669540405,36.06721878051758,36.0,201.32307,0.36363636363636365,"left_hip_roll_joint,left_ankle_pitch_joint,right_hip_pitch_joint,right_hip_roll_joint,right_hip_yaw_joint,right_knee_joint,right_ankle_pitch_joint,waist_roll_joint",0.0,0.0,0,pelvis,0.0,1.5884990692138672,1.0971503257751465,36.06721878051758,-35.663143157958984,28.314484,-36.0,-201.32307,54.021584,False,-0.010281673
196,3.92,0.10132832825183868,-0.2669724225997925,1.1567432,20.144766,1.134692907333374,26.016708374023438,36.0,168.67105,0.4090909090909091,"left_hip_pitch_joint,left_hip_roll_joint,left_hip_yaw_joint,left_knee_joint,left_ankle_pitch_joint,right_hip_yaw_joint,right_knee_joint,waist_roll_joint,waist_yaw_joint",0.0,0.0,0,pelvis,0.0,1.4772100448608398,1.5697451829910278,-26.016708374023438,25.965208053588867,-36.0,36.0,-6.168167,-168.67105,False,0.01740244
197,3.94,0.08717770874500275,-0.24091029167175293,0.6338314,19.111412,0.9912035465240479,35.84075927734375,36.0,90.64635,0.22727272727272727,"left_hip_roll_joint,left_ankle_pitch_joint,right_hip_roll_joint,right_hip_yaw_joint,right_knee_joint",0.0,0.0,1663.4853515625,torso_link,1663.4854,1.1536650657653809,1.2266027927398682,-5.9538679122924805,-31.60175132751465,-6.168167,-36.0,-40.47309,31.481209,False,-0.0054289214
198,3.96,0.07771150022745132,-0.1356334686279297,1.1326199,22.143085,1.1010578870773315,36.510704040527344,36.0,179.43736,0.3181818181818182,"left_hip_roll_joint,left_hip_yaw_joint,left_knee_joint,left_ankle_pitch_joint,right_hip_roll_joint,right_hip_yaw_joint,waist_yaw_joint",0.0,0.0,75.45277404785156,right_knee_link,75.452774,0.45727673172950745,1.5361101627349854,-36.510704040527344,30.450910568237305,-36.0,31.481209,106.908485,-179.43736,False,0.017037727
199,3.98,0.08543531596660614,-0.15087223052978516,0.7848673,24.443644,0.9650091528892517,36.53515625,36.0,151.30501,0.4090909090909091,"left_hip_pitch_joint,left_hip_roll_joint,left_hip_yaw_joint,left_knee_joint,left_ankle_pitch_joint,right_hip_roll_joint,right_hip_yaw_joint,right_knee_joint,right_ankle_pitch_joint",0.0,0.0,0,pelvis,0.0,0.945725679397583,1.2598575353622437,36.53515625,-33.197261810302734,36.0,-36.0,-151.30501,33.60736,False,0.004625802
200,4.0,0.08008131384849548,-0.13959884643554688,1.4550669,22.523977,1.2261219024658203,36.52570343017578,36.0,195.75656,0.36363636363636365,"left_hip_pitch_joint,left_hip_roll_joint,left_hip_yaw_joint,left_knee_joint,left_ankle_pitch_joint,right_hip_roll_joint,right_hip_yaw_joint,waist_yaw_joint",0.0,0.0,0,pelvis,0.0,0.5425783395767212,1.6611741781234741,-36.52570343017578,32.55560302734375,-36.0,33.60736,100.12935,-195.75656,False,0.02092307
201,4.0200000000000005,0.08406971395015717,-0.13818645477294922,0.95115876,26.210413,1.026938796043396,36.515316009521484,36.0,159.48018,0.4090909090909091,"left_hip_pitch_joint,left_hip_roll_joint,left_hip_yaw_joint,left_knee_joint,left_ankle_pitch_joint,right_hip_roll_joint,right_hip_yaw_joint,right_knee_joint,right_ankle_pitch_joint",0.0,0.0,83.3145751953125,right_hip_yaw_link,83.314575,1.048659324645996,1.4048177003860474,36.515316009521484,-33.25559616088867,36.0,-36.0,-159.48018,22.185547,False,-0.00014438201
202,4.04,0.07801926136016846,-0.1795191764831543,1.3691628,23.235125,1.2018182277679443,36.0352897644043,36.0,167.02756,0.3181818181818182,"left_hip_pitch_joint,left_hip_roll_joint,left_hip_yaw_joint,left_knee_joint,left_ankle_pitch_joint,waist_roll_joint,waist_yaw_joint",0.0,0.0,0,pelvis,0.0,0.505513608455658,1.6368705034255981,-36.0352897644043,23.627363204956055,-36.0,22.185547,101.62328,-167.02756,False,0.015796052
203,4.0600000000000005,0.08431149274110794,-0.16436767578125,1.5270633,29.669811,1.0973855257034302,35.49180603027344,36.0,136.82675,0.4090909090909091,"left_hip_pitch_joint,left_hip_roll_joint,left_hip_yaw_joint,left_knee_joint,left_ankle_pitch_joint,right_hip_yaw_joint,right_knee_joint,right_ankle_pitch_joint,waist_roll_joint",0.0,0.0,603.12255859375,left_knee_link,603.12256,1.0057923793792725,1.2146763801574707,23.179040908813477,-34.88515853881836,36.0,-36.0,-116.04201,42.285545,False,-0.005588497
204,4.08,0.09452062845230103,-0.24000787734985352,1.1794624,24.319174,1.2187540531158447,36.415771484375,36.0,194.124,0.45454545454545453,"left_hip_pitch_joint,left_hip_roll_joint,left_hip_yaw_joint,left_knee_joint,right_hip_yaw_joint,right_knee_joint,right_ankle_pitch_joint,waist_roll_joint,waist_yaw_joint,right_shoulder_roll_joint",0.0,0.0,0,pelvis,0.0,0.45382046699523926,1.6538063287734985,-36.415771484375,32.20789337158203,-36.0,36.0,106.900185,-194.124,False,0.01935592
205,4.1,0.09549945592880249,-0.16201674938201904,1.014147,32.591347,1.2303929328918457,36.511680603027344,36.0,155.00046,0.4090909090909091,"left_hip_roll_joint,left_hip_yaw_joint,left_knee_joint,left_ankle_pitch_joint,right_hip_pitch_joint,right_hip_yaw_joint,right_knee_joint,right_ankle_pitch_joint,waist_roll_joint",0.0,0.0,0,pelvis,0.0,0.9927991628646851,1.370397686958313,36.511680603027344,-33.30475616455078,36.0,-36.0,-155.00046,25.086632,False,0.0024808813
206,4.12,0.0971742793917656,-0.2864288091659546,0.99903536,25.170746,1.2741618156433105,36.370628356933594,36.0,177.81686,0.36363636363636365,"left_hip_pitch_joint,left_hip_roll_joint,left_hip_yaw_joint,left_knee_joint,right_hip_pitch_joint,right_hip_yaw_joint,waist_roll_joint,waist_yaw_joint",0.0,0.0,0,pelvis,0.0,0.5901399254798889,1.7092140913009644,-36.370628356933594,25.294641494750977,-36.0,25.086632,95.8592,-177.81686,False,0.028792918
207,4.14,0.08746744692325592,-0.14559459686279297,1.0488691,28.18359,1.3325327634811401,36.46046829223633,36.0,161.12048,0.4090909090909091,"left_hip_roll_joint,left_knee_joint,left_ankle_pitch_joint,right_hip_pitch_joint,right_hip_roll_joint,right_hip_yaw_joint,right_knee_joint,right_ankle_pitch_joint,waist_roll_joint",0.0,0.0,2700.1947021484375,right_hip_yaw_link,1612.5824,1.0712199211120605,1.4400273561477661,36.46046829223633,-26.731863021850586,36.0,-36.0,-161.12048,-0.2024231,False,0.0069166515
208,4.16,0.08727805316448212,-0.30224645137786865,0.52307534,26.8978,1.0321303606033325,34.636470794677734,36.0,98.44612,0.4090909090909091,"left_hip_pitch_joint,left_hip_roll_joint,left_hip_yaw_joint,left_knee_joint,right_hip_pitch_joint,right_hip_roll_joint,right_ankle_pitch_joint,waist_roll_joint,waist_yaw_joint",0.0,0.0,1970.20458984375,torso_link,1970.2046,0.7514541745185852,1.4671826362609863,-34.636470794677734,1.844268560409546,-36.0,-0.2024231,77.75159,-88.10323,False,0.012082716
209,4.18,0.08382143825292587,-0.13422787189483643,1.4941506,33.680794,1.4073858261108398,36.31779479980469,36.0,172.55121,0.36363636363636365,"left_hip_roll_joint,left_knee_joint,left_ankle_pitch_joint,right_hip_roll_joint,right_hip_yaw_joint,right_knee_joint,right_ankle_pitch_joint,waist_roll_joint",0.0,0.0,0,pelvis,0.0,1.219454288482666,0.8595108985900879,36.31779479980469,-34.60874938964844,36.0,-36.0,-172.55121,69.86956,False,0.016624952
210,4.2,0.08638375997543335,-0.22487950325012207,0.7626818,31.319654,1.0737004280090332,34.07884979248047,36.0,160.36313,0.45454545454545453,"left_hip_pitch_joint,left_hip_roll_joint,left_hip_yaw_joint,left_knee_joint,right_hip_pitch_joint,right_hip_roll_joint,right_knee_joint,right_ankle_pitch_joint,waist_roll_joint,waist_yaw_joint",0.0,0.0,1702.9893798828125,torso_link,1702.9894,0.9933124780654907,1.3467154502868652,-34.07884979248047,29.143356323242188,-36.0,36.0,56.730064,-160.36313,False,0.0064687356
211,4.22,0.07819774746894836,-0.17511343955993652,1.8324285,23.043291,1.4272595643997192,36.381507873535156,36.0,177.64401,0.36363636363636365,"left_hip_roll_joint,left_knee_joint,left_ankle_pitch_joint,right_hip_roll_joint,right_hip_yaw_joint,right_knee_joint,right_ankle_pitch_joint,waist_roll_joint",0.0,0.0,0,pelvis,0.0,1.2807250022888184,0.8931728005409241,36.381507873535156,-33.49271774291992,36.0,-36.0,-177.64401,63.828506,False,0.017964274
212,4.24,0.06630714237689972,-0.18470239639282227,1.3126119,37.85121,1.0612562894821167,36.36930847167969,36.0,172.28705,0.45454545454545453,"left_hip_roll_joint,left_hip_yaw_joint,left_knee_joint,left_ankle_pitch_joint,right_hip_pitch_joint,right_hip_roll_joint,right_knee_joint,right_ankle_pitch_joint,waist_roll_joint,waist_yaw_joint",0.0,0.0,0,pelvis,0.0,1.1395965814590454,1.3897874355316162,-36.36930847167969,31.969411849975586,-36.0,36.0,51.898712,-172.28705,False,0.030338027
213,4.26,0.054335158318281174,-0.134840726852417,1.4852906,29.731302,1.3679128885269165,33.42585754394531,36.0,139.97105,0.4090909090909091,"left_hip_roll_joint,left_knee_joint,left_ankle_pitch_joint,right_hip_roll_joint,right_hip_yaw_joint,right_knee_joint,right_ankle_pitch_joint,waist_roll_joint,waist_yaw_joint",0.0,0.0,1061.043761253357,left_knee_link,539.5344,1.2865567207336426,1.0962289571762085,22.99884033203125,-33.42585754394531,36.0,-36.0,-137.96255,47.38344,False,0.005206958
214,4.28,0.05463024228811264,-0.10618734359741211,1.0915586,28.555246,1.0954748392105103,36.41152572631836,36.0,182.81705,0.36363636363636365,"left_hip_roll_joint,left_hip_yaw_joint,left_knee_joint,left_ankle_pitch_joint,right_hip_pitch_joint,right_hip_roll_joint,right_knee_joint,waist_yaw_joint",0.0,0.0,0,pelvis,0.0,0.8838247060775757,1.530527114868164,-36.41152572631836,31.726350784301758,-36.0,36.0,72.48711,-182.81705,False,0.017507382
215,4.3,0.06632295250892639,-0.11364436149597168,1.7734116,30.213888,1.4020164012908936,36.43776321411133,36.0,182.75551,0.36363636363636365,"left_hip_pitch_joint,left_hip_roll_joint,left_knee_joint,left_ankle_pitch_joint,right_hip_yaw_joint,right_knee_joint,right_ankle_pitch_joint,waist_roll_joint",0.0,0.0,235.3128662109375,right_hip_yaw_link,235.31287,1.3425090312957764,1.2334908246994019,36.43776321411133,-34.3511848449707,36.0,-36.0,-182.75551,39.178474,False,0.009882516
216,4.32,0.08183281868696213,-0.22725319862365723,1.0623833,22.727879,1.2106906175613403,30.80015754699707,36.0,178.46222,0.45454545454545453,"left_hip_pitch_joint,left_hip_roll_joint,left_hip_yaw_joint,left_knee_joint,left_ankle_pitch_joint,right_hip_pitch_joint,right_knee_joint,right_ankle_pitch_joint,waist_roll_joint,waist_yaw_joint",0.0,0.0,0,pelvis,0.0,1.1135187149047852,1.6457428932189941,-25.494932174682617,27.20232582092285,-36.0,36.0,21.361809,-178.46222,False,0.027039088
217,4.34,0.08490889519453049,-0.2306290864944458,1.6303223,16.964283,1.102520227432251,35.3979606628418,36.0,162.49808,0.22727272727272727,"left_hip_roll_joint,left_ankle_pitch_joint,right_hip_pitch_joint,right_hip_yaw_joint,right_knee_joint",0.0,0.0,1744.6390380859375,torso_link,1744.639,1.2652757167816162,1.3223414421081543,31.744840621948242,-34.08725357055664,21.361809,-36.0,-162.49808,31.278633,False,-0.0010447949
218,4.36,0.08255502581596375,-0.14463448524475098,1.1807045,22.380184,1.2980022430419922,36.04948425292969,36.0,204.19174,0.4090909090909091,"left_hip_roll_joint,left_hip_yaw_joint,left_knee_joint,left_ankle_pitch_joint,right_hip_pitch_joint,right_hip_roll_joint,right_hip_yaw_joint,right_ankle_pitch_joint,waist_yaw_joint",0.0,0.0,0,pelvis,0.0,1.0939029455184937,1.733054518699646,-32.08838653564453,33.450523376464844,-36.0,31.278633,42.711433,-204.19174,False,0.014744047
219,4.38,0.09136328846216202,-0.14640891551971436,1.0291402,24.41032,1.0393919944763184,36.27427673339844,36.0,191.97418,0.4090909090909091,"left_hip_pitch_joint,left_hip_roll_joint,left_hip_yaw_joint,left_knee_joint,left_ankle_pitch_joint,right_hip_roll_joint,right_hip_yaw_joint,right_knee_joint,right_ankle_pitch_joint",0.0,0.0,0,pelvis,0.0,1.4638733863830566,1.431178331375122,36.27427673339844,-34.298492431640625,36.0,-36.0,-191.97418,23.20539,False,-0.0015283506
220,4.4,0.0912710577249527,-0.22956514358520508,1.686421,23.890553,1.3140467405319214,36.23544692993164,36.0,198.04718,0.36363636363636365,"left_hip_pitch_joint,left_hip_roll_joint,left_hip_yaw_joint,left_knee_joint,left_ankle_pitch_joint,right_hip_yaw_joint,right_ankle_pitch_joint,waist_yaw_joint",0.0,0.0,0,pelvis,0.0,1.2782894372940063,1.7490990161895752,-36.23544692993164,30.974477767944336,-36.0,23.20539,40.401703,-198.04718,False,0.015349786
221,4.42,0.09238438308238983,-0.21751189231872559,1.3110367,27.035673,1.1858781576156616,36.3740348815918,36.0,203.99236,0.45454545454545453,"left_hip_pitch_joint,left_hip_roll_joint,left_hip_yaw_joint,left_knee_joint,left_ankle_pitch_joint,right_hip_roll_joint,right_hip_yaw_joint,right_knee_joint,right_ankle_pitch_joint,waist_roll_joint",0.0,0.0,0,pelvis,0.0,1.6103595495224,1.3810806274414062,36.3740348815918,-34.902469635009766,36.0,-36.0,-203.99236,29.025146,False,0.00013396703
222,4.44,0.08485350757837296,-0.24490225315093994,0.8599398,18.695423,1.280234456062317,24.556438446044922,36.0,176.08807,0.36363636363636365,"left_hip_pitch_joint,left_hip_roll_joint,left_hip_yaw_joint,left_knee_joint,left_ankle_pitch_joint,right_hip_yaw_joint,right_ankle_pitch_joint,waist_yaw_joint",0.0,0.0,0,pelvis,0.0,1.4308315515518188,1.7152867317199707,-23.501781463623047,24.556438446044922,-36.0,29.025146,-10.00267,-176.08807,False,0.03326165
223,4.46,0.07692345231771469,-0.22440862655639648,1.1804991,23.13477,0.9286476373672485,35.49806213378906,36.0,113.4406,0.18181818181818182,"left_ankle_pitch_joint,right_hip_roll_joint,right_hip_yaw_joint,right_knee_joint",0.0,0.0,66.78059387207031,right_hip_yaw_link,66.780594,1.117841124534607,1.3636999130249023,-7.750156879425049,-35.49806213378906,-10.00267,-36.0,-32.218307,32.202377,False,0.010747738
224,4.48,0.0857696533203125,-0.22733640670776367,1.2566148,22.497663,1.2502946853637695,36.601966857910156,36.0,199.25656,0.2727272727272727,"left_hip_roll_joint,left_hip_yaw_joint,left_ankle_pitch_joint,right_hip_roll_joint,right_ankle_pitch_joint,waist_yaw_joint",0.0,0.0,0,pelvis,0.0,0.41336628794670105,1.6853469610214233,-36.601966857910156,33.07766342163086,-32.218307,32.202377,110.69511,-199.25656,False,0.017266657
225,4.5,0.09818525612354279,-0.20248854160308838,0.780565,27.502594,0.9773030281066895,36.55698013305664,36.0,146.54385,0.36363636363636365,"left_hip_roll_joint,left_hip_yaw_joint,left_knee_joint,left_ankle_pitch_joint,right_hip_roll_joint,right_hip_yaw_joint,right_knee_joint,right_ankle_pitch_joint",0.0,0.0,0,pelvis,0.0,0.8853927850723267,1.4123553037643433,36.55698013305664,-33.619911193847656,36.0,-36.0,-146.54385,22.675491,False,0.0037558898
226,4.5200000000000005,0.08999058604240417,-0.3086988925933838,1.7229713,25.925434,1.2060829401016235,36.69617462158203,36.0,175.0925,0.3181818181818182,"left_hip_pitch_joint,left_hip_roll_joint,left_hip_yaw_joint,left_knee_joint,left_ankle_pitch_joint,right_ankle_pitch_joint,waist_yaw_joint",0.0,0.0,0,pelvis,0.0,0.4507662057876587,1.6411352157592773,-36.69617462158203,26.201953887939453,-36.0,22.675491,107.98573,-175.0925,False,0.024222406
227,4.54,0.09544795006513596,-0.2767847776412964,1.402209,27.663553,1.056159257888794,36.51793670654297,36.0,156.63184,0.36363636363636365,"left_hip_pitch_joint,left_hip_yaw_joint,left_knee_joint,left_ankle_pitch_joint,right_hip_yaw_joint,right_knee_joint,right_ankle_pitch_joint,waist_roll_joint",0.0,0.0,0,pelvis,0.0,1.0129566192626953,1.2551524639129639,36.51793670654297,-33.4666862487793,36.0,-36.0,-156.63184,34.792038,False,0.014066331
228,4.5600000000000005,0.09973679482936859,-0.36717140674591064,0.66282094,19.06,1.1604615449905396,31.784687042236328,36.0,166.31241,0.45454545454545453,"left_hip_pitch_joint,left_hip_roll_joint,left_hip_yaw_joint,left_knee_joint,left_ankle_pitch_joint,right_hip_yaw_joint,right_knee_joint,right_ankle_pitch_joint,waist_roll_joint,waist_yaw_joint",0.0,0.0,0,pelvis,0.0,0.6008646488189697,1.5955138206481934,-31.784687042236328,24.49182891845703,-36.0,34.792038,81.2434,-166.31241,False,0.010885924
229,4.58,0.09401629865169525,-0.26230156421661377,1.5795346,17.932608,1.1294280290603638,36.23955154418945,36.0,154.7481,0.3181818181818182,"left_hip_roll_joint,left_knee_joint,left_ankle_pitch_joint,right_hip_roll_joint,right_hip_yaw_joint,right_knee_joint,right_ankle_pitch_joint",0.0,0.0,0,pelvis,0.0,0.999849259853363,1.1801279783248901,36.23955154418945,-33.67270278930664,36.0,-36.0,-154.7481,41.412056,False,0.019552063
230,4.6000000000000005,0.09848286211490631,-0.31296229362487793,1.0541955,22.266306,1.2339448928833008,36.27881622314453,36.0,204.547,0.4090909090909091,"left_hip_roll_joint,left_hip_yaw_joint,left_knee_joint,left_ankle_pitch_joint,right_hip_pitch_joint,right_hip_roll_joint,right_hip_yaw_joint,right_knee_joint,waist_yaw_joint",0.0,0.0,0,pelvis,0.0,0.837344229221344,1.6689971685409546,-36.27881622314453,35.277137756347656,-36.0,36.0,75.80742,-204.547,False,0.012858372
231,4.62,0.08379226922988892,-0.1793806552886963,1.6615028,14.964598,1.1754580736160278,36.41743469238281,36.0,159.01465,0.3181818181818182,"left_hip_roll_joint,left_knee_joint,left_ankle_pitch_joint,right_hip_pitch_joint,right_hip_yaw_joint,right_knee_joint,right_ankle_pitch_joint",0.0,0.0,996.5984191894531,right_knee_link,345.04993,1.0465108156204224,1.3801333904266357,36.41743469238281,-32.41577911376953,36.0,-36.0,-159.01465,21.640846,False,0.012678204
232,4.64,0.088043212890625,-0.1946096420288086,1.4328519,23.044893,1.3131613731384277,35.77498245239258,36.0,206.8967,0.2727272727272727,"left_hip_roll_joint,left_hip_yaw_joint,left_knee_joint,left_ankle_pitch_joint,right_hip_pitch_joint,waist_yaw_joint",0.0,0.0,0,pelvis,0.0,0.9427276849746704,1.7482136487960815,-34.574005126953125,33.947933197021484,-36.0,21.640846,62.262314,-206.8967,False,0.026513673
233,4.66,0.07173537462949753,-0.10221374034881592,1.4257537,15.393346,1.1836580038070679,35.71662139892578,36.0,141.83174,0.45454545454545453,"left_hip_pitch_joint,left_hip_roll_joint,left_knee_joint,left_ankle_pitch_joint,right_hip_pitch_joint,right_hip_roll_joint,right_hip_yaw_joint,right_knee_joint,right_ankle_pitch_joint,waist_yaw_joint",0.0,0.0,312.51143646240234,right_hip_yaw_link,208.34096,1.0077292919158936,1.4016977548599243,31.377120971679688,-34.60237503051758,36.0,-36.0,-140.7912,26.475494,False,0.017149834
234,4.68,0.08511579781770706,-0.17288267612457275,1.9698997,28.002615,1.34253990650177,36.247581481933594,36.0,210.77083,0.3181818181818182,"left_hip_roll_joint,left_hip_yaw_joint,left_knee_joint,left_ankle_pitch_joint,right_hip_pitch_joint,right_hip_roll_joint,waist_yaw_joint",0.0,0.0,0,pelvis,0.0,0.8385257124900818,1.7775921821594238,-36.247581481933594,34.45587921142578,-36.0,26.475494,75.6192,-210.77083,False,0.026125137
235,4.7,0.07153245806694031,-0.10843563079833984,1.7265732,20.52728,1.211235761642456,35.9971809387207,36.0,144.66852,0.45454545454545453,"left_hip_pitch_joint,left_hip_roll_joint,left_knee_joint,left_ankle_pitch_joint,right_hip_pitch_joint,right_hip_roll_joint,right_hip_yaw_joint,right_knee_joint,right_ankle_pitch_joint,waist_yaw_joint",0.0,0.0,0,pelvis,0.0,0.9046825766563416,1.4527840614318848,32.29988479614258,-34.87779998779297,36.0,-36.0,-135.31575,23.214859,False,0.001865305
236,4.72,0.0744222030043602,-0.15649664402008057,1.7165296,31.635015,1.3647432327270508,36.4310188293457,36.0,208.19678,0.4090909090909091,"left_hip_pitch_joint,left_hip_roll_joint,left_hip_yaw_joint,left_knee_joint,left_ankle_pitch_joint,right_hip_pitch_joint,waist_yaw_joint,left_shoulder_pitch_joint,right_shoulder_roll_joint",0.0,0.0,0,pelvis,0.0,0.6393169164657593,1.7997955083847046,-36.4310188293457,33.00577163696289,-36.0,23.214859,92.10622,-208.19678,False,0.004146112
237,4.74,0.07121995091438293,-0.1071927547454834,1.1964574,21.595076,1.2032471895217896,36.49897384643555,36.0,151.62567,0.4090909090909091,"left_hip_roll_joint,left_knee_joint,left_ankle_pitch_joint,right_hip_pitch_joint,right_hip_roll_joint,right_hip_yaw_joint,right_knee_joint,right_ankle_pitch_joint,waist_yaw_joint",0.0,0.0,0,pelvis,0.0,0.951090931892395,1.4814839363098145,36.49897384643555,-34.88011932373047,36.0,-36.0,-151.62567,20.925827,False,-0.008720094
238,4.76,0.07575980573892593,-0.09221780300140381,1.6966726,31.007172,1.3286718130111694,36.483951568603516,36.0,200.60245,0.3181818181818182,"left_hip_roll_joint,left_hip_yaw_joint,left_knee_joint,left_ankle_pitch_joint,right_hip_pitch_joint,right_ankle_pitch_joint,waist_yaw_joint",0.0,0.0,0,pelvis,0.0,0.6620866060256958,1.7637240886688232,-36.483951568603516,31.436235427856445,-36.0,20.925827,90.443436,-200.60245,False,-0.010065123
239,4.78,0.07440739870071411,-0.1080549955368042,1.148671,17.154303,1.1945160627365112,36.55830764770508,36.0,151.10873,0.36363636363636365,"left_knee_joint,left_ankle_pitch_joint,right_hip_roll_joint,right_hip_yaw_joint,right_knee_joint,right_ankle_pitch_joint,waist_roll_joint,waist_yaw_joint",9.682348,0.0,280.8865661621094,torso_link,280.88657,0.9424038529396057,1.3553135395050049,36.55830764770508,-34.19143295288086,36.0,-36.0,-151.10873,28.953392,False,-0.026156023
240,4.8,0.07831040024757385,-0.058068037033081055,1.2855335,29.810278,1.3148802518844604,35.046417236328125,36.0,202.23422,0.22727272727272727,"left_hip_roll_joint,left_hip_yaw_joint,left_knee_joint,left_ankle_pitch_joint,waist_yaw_joint",196.81134,0.0,196.81134033203125,left_knee_link,196.81134,0.6537298560142517,1.7499325275421143,-35.046417236328125,32.347930908203125,-36.0,28.953392,86.79937,-202.23422,False,-0.033503264
241,4.82,0.07717207074165344,-0.09467756748199463,1.2790918,19.23454,1.1723077297210693,36.38566970825195,36.0,159.79147,0.4090909090909091,"left_knee_joint,left_ankle_pitch_joint,right_hip_pitch_joint,right_hip_roll_joint,right_hip_yaw_joint,right_knee_joint,right_ankle_pitch_joint,waist_roll_joint,waist_yaw_joint",0.0,0.0,0,pelvis,0.0,1.057412028312683,1.3930262327194214,36.38566970825195,-35.63864517211914,36.0,-36.0,-159.79147,30.278023,False,-0.047058284
242,4.84,0.08751756697893143,-0.04708075523376465,1.963918,27.414516,1.3364214897155762,36.19756317138672,36.0,210.81018,0.4090909090909091,"left_hip_roll_joint,left_hip_yaw_joint,left_knee_joint,left_ankle_pitch_joint,right_hip_roll_joint,right_hip_yaw_joint,right_ankle_pitch_joint,waist_yaw_joint,right_shoulder_roll_joint",356.58508,0.0,0,left_ankle_roll_link,356.58508,0.8404903411865234,1.77147376537323,-36.19756317138672,34.63215255737305,-36.0,30.278023,75.311966,-210.81018,False,-0.046567135
243,4.86,0.10463884472846985,-0.20114779472351074,0.9563906,24.930555,1.2152459621429443,36.36550521850586,36.0,175.52716,0.3181818181818182,"left_knee_joint,right_hip_pitch_joint,right_hip_roll_joint,right_hip_yaw_joint,right_knee_joint,right_ankle_pitch_joint,waist_yaw_joint",0.0,0.0,0,pelvis,0.0,1.2548644542694092,1.461134433746338,36.36550521850586,-34.77204895019531,36.0,-36.0,-175.52716,22.229576,False,-0.05726316
244,4.88,0.0966636911034584,-0.10656023025512695,1.6905286,25.883638,1.1089859008789062,36.441768646240234,36.0,143.78586,0.36363636363636365,"left_hip_roll_joint,left_hip_yaw_joint,left_knee_joint,left_ankle_pitch_joint,right_hip_yaw_joint,right_ankle_pitch_joint,waist_roll_joint,waist_yaw_joint",0.0,0.0,0,pelvis,0.0,0.9921616911888123,1.54403817653656,-36.441768646240234,18.35566520690918,-36.0,22.229576,63.910873,-143.78586,False,-0.051398467
245,4.9,0.10081341117620468,-0.1950751543045044,1.7083716,22.564121,1.1992398500442505,36.19279479980469,36.0,188.15512,0.4090909090909091,"left_hip_pitch_joint,left_knee_joint,left_ankle_pitch_joint,right_hip_roll_joint,right_hip_yaw_joint,right_knee_joint,right_ankle_pitch_joint,waist_roll_joint,waist_yaw_joint",0.0,0.0,1613.0147705078125,torso_link,1613.0148,1.419190526008606,1.0795800685882568,36.19279479980469,-33.002967834472656,36.0,-36.0,-188.15512,47.44668,False,-0.069221064
246,4.92,0.09770224243402481,-0.1072012186050415,1.7609773,26.863152,0.9908223152160645,36.424495697021484,36.0,178.34558,0.4090909090909091,"left_hip_roll_joint,left_hip_yaw_joint,left_knee_joint,left_ankle_pitch_joint,right_hip_roll_joint,right_hip_yaw_joint,right_knee_joint,right_ankle_pitch_joint,waist_yaw_joint",0.0,0.0,0,pelvis,0.0,1.1949653625488281,1.4258745908737183,-36.424495697021484,33.0265998840332,-36.0,36.0,47.634766,-178.34558,False,-0.05893748
247,4.94,0.09344621002674103,-0.167816162109375,1.7519313,22.980074,1.175104022026062,36.38731002807617,36.0,201.42503,0.36363636363636365,"left_hip_pitch_joint,left_knee_joint,left_ankle_pitch_joint,right_hip_roll_joint,right_hip_yaw_joint,right_knee_joint,right_ankle_pitch_joint,waist_yaw_joint",0.0,0.0,0,pelvis,0.0,1.5777702331542969,1.1347215175628662,36.38731002807617,-32.232078552246094,36.0,-36.0,-201.42503,40.722694,False,-0.07012118
248,4.96,0.08530423045158386,-0.085296630859375,1.8923953,25.718987,1.0771211385726929,36.376426696777344,36.0,186.91699,0.45454545454545453,"left_hip_roll_joint,left_hip_yaw_joint,left_knee_joint,left_ankle_pitch_joint,right_hip_roll_joint,right_hip_yaw_joint,right_knee_joint,right_ankle_pitch_joint,waist_yaw_joint,right_shoulder_roll_joint",0.0,0.0,0,pelvis,0.0,1.3873215913772583,1.5121734142303467,-36.376426696777344,33.58243179321289,-36.0,36.0,32.102066,-186.91699,False,-0.06501713
249,4.98,0.07984469830989838,-0.1311028003692627,1.5197897,23.796412,1.255089282989502,36.257137298583984,36.0,209.17856,0.3181818181818182,"left_hip_pitch_joint,left_ankle_pitch_joint,right_hip_roll_joint,right_hip_yaw_joint,right_knee_joint,right_ankle_pitch_joint,waist_yaw_joint",674.76495,0.0,674.7649536132812,left_ankle_roll_link,674.76495,1.6795706748962402,1.2710477113723755,36.257137298583984,-30.11534309387207,32.102066,-36.0,-209.17856,23.466393,False,-0.0748809
250,5.0,0.07002834975719452,-0.0576176643371582,2.1905313,20.747124,1.0495867729187012,36.46015548706055,36.0,149.28928,0.3181818181818182,"left_hip_roll_joint,left_hip_yaw_joint,left_knee_joint,left_ankle_pitch_joint,right_hip_roll_joint,right_hip_yaw_joint,waist_yaw_joint",0.0,0.0,680.1494140625,left_hip_yaw_link,680.1494,1.4740681648254395,1.4260129928588867,-36.46015548706055,23.33747673034668,-36.0,23.466393,25.41352,-149.28928,False,-0.07290583
