frame,t,rz,pgz,roll,pitch,yaw,lv_norm,av_norm,dof_pos_err_max,dof_vel_max,tau_max,tau_sat,saturated_joints,L_fz,R_fz,non_foot_cf_sum,top_cf_name,top_cf_val,bz_min,bz_min_name
0,0.0,0.4103291630744934,0.9999562098754664,0.5191866882168289,-0.13400297060810903,0.2983123238854296,0.0,0.0,0.0,0.0,0.0,0.0,,0.0,0.0,0,pelvis,0.0,0.03364689,right_ankle_roll_link
1,0.02,0.40812188386917114,0.9999562098754664,0.5191866572824018,-0.13400296258059602,0.29831227938837074,0.192132,0.068791136,1.4901161193847656e-08,1.3132964372634888,0.0,0.0,,0.0,22.089802,0,right_ankle_roll_link,22.089802,0.0314397,right_ankle_roll_link
2,0.04,0.4049766957759857,0.9999411636279371,0.6146661833737179,0.09212180392209439,-0.01658448182172184,0.19256696,0.8649175,0.10911369323730469,8.730700492858887,2.6265929,0.0,,44.63033,45.403786,0,right_ankle_roll_link,45.403786,0.030998332,left_ankle_roll_link
3,0.06,0.4117897152900696,0.9931631805828071,-0.4124551489022258,-6.691023516659748,5.022563044354817,1.246548,7.539623,0.43510654298006557,23.53168487548828,36.0,0.045454545454545456,right_knee_joint,0.0,0.0,0,pelvis,0.0,0.033806738,left_ankle_roll_link
4,0.08,0.41368353366851807,0.99932799781516,1.8629385010808215,-0.970769164819914,2.535875994859967,1.8098245,10.58137,0.4367498680949211,35.99932098388672,36.0,0.2727272727272727,"left_hip_pitch_joint,left_knee_joint,right_hip_pitch_joint,right_hip_yaw_joint,right_knee_joint,right_ankle_roll_joint",31.469212,31.469212,0,left_ankle_roll_link,31.469212,0.04566297,left_ankle_roll_link
5,0.1,0.41828078031539917,0.9946243081579048,-3.03762757334951,-5.111133081839147,5.552807183888236,1.5109051,12.062176,0.3702360577881336,36.338680267333984,36.0,0.45454545454545453,"left_hip_pitch_joint,left_hip_roll_joint,left_hip_yaw_joint,left_knee_joint,left_ankle_pitch_joint,right_hip_pitch_joint,right_hip_yaw_joint,right_knee_joint,right_ankle_pitch_joint,right_ankle_roll_joint",56.09219,56.09219,0,left_ankle_roll_link,56.09219,0.036828876,left_ankle_roll_link
6,0.12,0.4159533977508545,0.9950451033171569,5.6591407095846336,0.7312325739467731,1.846940291986645,1.6267092,19.934082,0.4719096049666405,36.07030487060547,36.0,0.5,"left_hip_pitch_joint,left_hip_roll_joint,left_hip_yaw_joint,left_knee_joint,left_ankle_pitch_joint,left_ankle_roll_joint,right_hip_pitch_joint,right_hip_yaw_joint,right_knee_joint,right_ankle_pitch_joint,right_ankle_roll_joint",0.0,0.0,0,pelvis,0.0,0.05291094,right_ankle_roll_link
7,0.14,0.4165390133857727,0.9989708523263292,0.27807223887011445,-2.584738371701584,7.4834399544915735,1.2328149,20.465256,0.3057128041982651,36.08530807495117,36.0,0.5909090909090909,"left_hip_pitch_joint,left_hip_roll_joint,left_hip_yaw_joint,left_knee_joint,left_ankle_pitch_joint,left_ankle_roll_joint,right_hip_pitch_joint,right_hip_roll_joint,right_hip_yaw_joint,right_knee_joint,right_ankle_pitch_joint,right_ankle_roll_joint,waist_roll_joint",0.0,0.0,0,pelvis,0.0,0.043053538,left_ankle_roll_link
8,0.16,0.410038560628891,0.9948682600788187,2.4438885847237954,5.269357388434987,6.523459995941211,1.8761678,19.44034,0.5630204007029533,36.05024719238281,36.0,0.6363636363636364,"left_hip_pitch_joint,left_hip_roll_joint,left_hip_yaw_joint,left_knee_joint,left_ankle_pitch_joint,left_ankle_roll_joint,right_hip_pitch_joint,right_hip_roll_joint,right_hip_yaw_joint,right_knee_joint,right_ankle_pitch_joint,right_ankle_roll_joint,waist_roll_joint,waist_yaw_joint",0.0,0.0,0,pelvis,0.0,0.054786276,left_ankle_roll_link
9,0.18,0.40491795539855957,0.998100591103064,-1.1737549091821682,3.331453983921714,15.3684461650822,1.1050407,19.64449,0.3266954943537712,36.09419250488281,36.0,0.6363636363636364,"left_hip_pitch_joint,left_hip_roll_joint,left_hip_yaw_joint,left_knee_joint,left_ankle_pitch_joint,left_ankle_roll_joint,right_hip_pitch_joint,right_hip_roll_joint,right_hip_yaw_joint,right_knee_joint,right_ankle_pitch_joint,right_ankle_roll_joint,waist_roll_joint,waist_yaw_joint",162.3221,9.873475,0,left_ankle_roll_link,162.3221,0.036278613,left_ankle_roll_link
10,0.2,0.3965401351451874,0.9788555105128152,1.3470909469780918,11.727288482067193,15.560093474063327,1.991868,18.559027,0.8144986554980278,36.05004119873047,36.0,0.5454545454545454,"left_hip_roll_joint,left_hip_yaw_joint,left_knee_joint,left_ankle_pitch_joint,right_hip_pitch_joint,right_hip_roll_joint,right_hip_yaw_joint,right_knee_joint,right_ankle_pitch_joint,right_ankle_roll_joint,waist_roll_joint,waist_yaw_joint",0.0,0.0,0,pelvis,0.0,0.053063877,left_ankle_roll_link
11,0.22,0.38946181535720825,0.9780596062175303,-2.077876914185804,11.84593242237778,27.768739500142573,0.7489165,20.943014,0.9331427738070488,35.97085952758789,36.0,0.6363636363636364,"left_hip_pitch_joint,left_hip_roll_joint,left_hip_yaw_joint,left_knee_joint,left_ankle_pitch_joint,left_ankle_roll_joint,right_hip_pitch_joint,right_hip_roll_joint,right_hip_yaw_joint,right_knee_joint,right_ankle_pitch_joint,right_ankle_roll_joint,waist_roll_joint,waist_yaw_joint",271.78717,159.50096,0,left_ankle_roll_link,271.78717,0.03466147,left_ankle_roll_link
12,0.24,0.38883140683174133,0.9465476033422457,13.214650135275695,13.51875220378724,16.686829599214168,0.67182744,21.511223,0.915420500561595,38.93989562988281,36.0,0.45454545454545453,"left_hip_pitch_joint,left_hip_roll_joint,left_knee_joint,right_hip_pitch_joint,right_hip_yaw_joint,right_knee_joint,right_ankle_pitch_joint,right_ankle_roll_joint,waist_roll_joint,waist_yaw_joint",0.0,0.0,0,pelvis,0.0,0.049449626,left_ankle_roll_link
13,0.26,0.3888804316520691,0.9882908786990132,7.219317997657328,5.0042216902822965,26.6311057973814,1.2323138,21.036024,0.7895982190966606,36.02136993408203,36.0,0.5454545454545454,"left_hip_pitch_joint,left_hip_roll_joint,left_knee_joint,left_ankle_pitch_joint,right_hip_pitch_joint,right_hip_roll_joint,right_hip_yaw_joint,right_knee_joint,right_ankle_pitch_joint,right_ankle_roll_joint,waist_roll_joint,waist_yaw_joint",489.54654,0.0,0,left_ankle_roll_link,489.54654,0.03455343,left_ankle_roll_link
14,0.28,0.39586490392684937,0.960632692213831,13.607378945532998,8.744656373876024,15.962679493457536,1.0886091,21.771814,0.9630607049912214,36.64933776855469,36.0,0.5454545454545454,"left_hip_pitch_joint,left_hip_roll_joint,left_hip_yaw_joint,left_knee_joint,left_ankle_pitch_joint,right_hip_pitch_joint,right_hip_yaw_joint,right_knee_joint,right_ankle_pitch_joint,right_ankle_roll_joint,waist_roll_joint,waist_yaw_joint",0.0,0.0,0,pelvis,0.0,0.065504774,left_ankle_roll_link
15,0.3,0.4003962576389313,0.993128846392406,6.665789030953858,-0.8577160777486765,30.167447302552937,1.0805099,17.052723,0.77926304936409,36.05195236206055,36.0,0.5909090909090909,"left_hip_pitch_joint,left_hip_roll_joint,left_hip_yaw_joint,left_knee_joint,left_ankle_pitch_joint,left_ankle_roll_joint,right_hip_pitch_joint,right_hip_roll_joint,right_hip_yaw_joint,right_knee_joint,right_ankle_roll_joint,waist_roll_joint,waist_yaw_joint",0.0,0.0,0,pelvis,0.0,0.06952431,right_ankle_roll_link
16,0.32,0.3995438814163208,0.9919803485324556,3.628852382294208,6.293560309347281,11.384044879785701,2.1690023,23.239563,1.0097528975456953,36.122413635253906,36.0,0.36363636363636365,"left_hip_yaw_joint,left_ankle_pitch_joint,right_hip_pitch_joint,right_hip_yaw_joint,right_knee_joint,right_ankle_pitch_joint,right_ankle_roll_joint,waist_yaw_joint",0.0,0.0,0,pelvis,0.0,0.06326291,left_ankle_roll_link
17,0.34,0.39839667081832886,0.9948568514653582,5.800132052987303,-0.3948461066451294,24.987159497721912,1.2232525,24.176151,0.573053328320384,36.003326416015625,36.0,0.5454545454545454,"left_hip_pitch_joint,left_hip_roll_joint,left_hip_yaw_joint,left_ankle_pitch_joint,left_ankle_roll_joint,right_hip_pitch_joint,right_hip_roll_joint,right_hip_yaw_joint,right_knee_joint,right_ankle_pitch_joint,right_ankle_roll_joint,waist_yaw_joint",0.0,493.076,0,right_ankle_roll_link,493.076,0.038311705,right_ankle_roll_link
18,0.36,0.38814544677734375,0.9834341302661254,8.75984706770225,5.7084386330781545,5.805710939669331,2.3487148,24.60722,1.0787059348076582,36.720455169677734,36.0,0.5454545454545454,"left_hip_pitch_joint,left_hip_roll_joint,left_hip_yaw_joint,left_knee_joint,left_ankle_pitch_joint,right_hip_pitch_joint,right_hip_roll_joint,right_hip_yaw_joint,right_knee_joint,right_ankle_pitch_joint,waist_yaw_joint,left_shoulder_pitch_joint",0.0,0.0,0,pelvis,0.0,0.073258564,right_ankle_roll_link
19,0.38,0.3788117468357086,0.9838884451895493,9.516662423774143,3.9553525758107804,13.700512871682138,0.45108074,18.442917,1.0225354433059692,36.004127502441406,36.0,0.5454545454545454,"left_hip_pitch_joint,left_hip_roll_joint,left_hip_yaw_joint,left_knee_joint,left_ankle_pitch_joint,left_ankle_roll_joint,right_hip_pitch_joint,right_hip_roll_joint,right_hip_yaw_joint,right_knee_joint,right_ankle_pitch_joint,waist_yaw_joint",0.0,0.0,0,pelvis,0.0,0.055934265,right_ankle_roll_link
20,0.4,0.3694726228713989,0.9808082284889023,10.702862054289142,3.4640325327756014,-3.376728240045521,1.4942515,23.251738,1.1116205733269453,35.96546173095703,36.0,0.36363636363636365,"left_hip_roll_joint,left_hip_yaw_joint,left_knee_joint,left_ankle_pitch_joint,right_hip_roll_joint,right_ankle_pitch_joint,right_ankle_roll_joint,waist_yaw_joint",0.0,40.88977,0,right_ankle_roll_link,40.88977,0.043194488,right_ankle_roll_link
21,0.42,0.3611735999584198,0.9843980210817087,8.7379243008726,-5.153545480211727,-1.1790847272387315,1.6271055,17.10199,0.9499111175537109,36.63456344604492,36.0,0.5454545454545454,"left_hip_pitch_joint,left_hip_roll_joint,left_hip_yaw_joint,left_knee_joint,left_ankle_pitch_joint,left_ankle_roll_joint,right_hip_roll_joint,right_hip_yaw_joint,right_knee_joint,right_ankle_pitch_joint,right_ankle_roll_joint,waist_yaw_joint",17.690744,440.0913,0,right_ankle_roll_link,440.0913,0.030996948,right_ankle_roll_link
22,0.44,0.36465609073638916,0.9737360976821215,4.97653099142623,-12.198705878024573,3.2055330397343913,0.59861606,6.535934,0.8091799020767212,36.15094757080078,36.0,0.36363636363636365,"left_hip_pitch_joint,left_hip_yaw_joint,left_knee_joint,left_ankle_pitch_joint,right_knee_joint,right_ankle_pitch_joint,waist_yaw_joint,left_shoulder_pitch_joint",246.09135,246.09135,0,left_ankle_roll_link,246.09135,0.031381413,right_ankle_roll_link
23,0.46,0.38916531205177307,0.9060872390864485,1.1380360094302127,-25.005665563995443,12.893505575366985,2.547985,19.680426,0.9376352950930595,36.28794479370117,36.0,0.22727272727272727,"left_hip_pitch_joint,left_hip_yaw_joint,left_knee_joint,right_hip_pitch_joint,right_knee_joint",0.0,174.38376,0,right_ankle_roll_link,174.38376,0.031131227,right_ankle_roll_link
24,0.48,0.4026814103126526,0.8552366694361994,16.70122903962199,-26.759714696665032,-10.083287743489691,1.192804,21.705648,0.9474786520004272,36.10141372680664,36.0,0.36363636363636365,"left_hip_pitch_joint,left_hip_yaw_joint,left_knee_joint,left_ankle_pitch_joint,right_hip_pitch_joint,right_hip_yaw_joint,right_knee_joint,waist_yaw_joint",0.0,0.0,0,pelvis,0.0,0.062144943,right_ankle_roll_link
25,0.5,0.4297410845756531,0.7655642257504645,16.694372491146613,-36.94125292302191,-1.2114329871159628,1.8297926,18.092058,0.8059579059481621,36.02948760986328,36.0,0.5454545454545454,"left_hip_roll_joint,left_hip_yaw_joint,left_knee_joint,left_ankle_pitch_joint,left_ankle_roll_joint,right_hip_pitch_joint,right_hip_roll_joint,right_hip_yaw_joint,right_knee_joint,right_ankle_pitch_joint,right_ankle_roll_joint,waist_yaw_joint",0.0,0.0,0,pelvis,0.0,0.052410036,right_ankle_roll_link
26,0.52,0.42742300033569336,0.8060779189197999,15.34940354776538,-33.29088890537938,-17.634916928676066,1.5853232,24.62527,1.0217365026474,36.07434844970703,36.0,0.5,"left_hip_pitch_joint,left_hip_yaw_joint,left_knee_joint,left_ankle_pitch_joint,right_hip_pitch_joint,right_hip_roll_joint,right_hip_yaw_joint,right_knee_joint,right_ankle_pitch_joint,right_ankle_roll_joint,waist_yaw_joint",0.0,0.0,0,pelvis,0.0,0.10103923,right_ankle_roll_link
27,0.54,0.4439827799797058,0.7112251567206992,13.43041245552966,-43.01105598062386,-6.673145120466701,1.7645328,24.495419,0.8176584169268608,36.01870346069336,36.0,0.6363636363636364,"left_hip_pitch_joint,left_hip_roll_joint,left_hip_yaw_joint,left_knee_joint,left_ankle_pitch_joint,left_ankle_roll_joint,right_hip_pitch_joint,right_hip_roll_joint,right_hip_yaw_joint,right_knee_joint,right_ankle_pitch_joint,right_ankle_roll_joint,waist_roll_joint,waist_yaw_joint",0.0,0.0,0,pelvis,0.0,0.08816828,right_ankle_roll_link
28,0.56,0.43401145935058594,0.732610094147617,22.54600852666848,-37.5110855142895,-28.67532084654989,1.7583227,26.102741,1.146430253982544,36.13092803955078,36.0,0.5909090909090909,"left_hip_pitch_joint,left_hip_roll_joint,left_hip_yaw_joint,left_knee_joint,left_ankle_pitch_joint,right_hip_pitch_joint,right_hip_roll_joint,right_hip_yaw_joint,right_knee_joint,right_ankle_pitch_joint,right_ankle_roll_joint,waist_roll_joint,waist_yaw_joint",0.0,0.0,0,pelvis,0.0,0.11412077,left_ankle_roll_link
29,0.58,0.43806010484695435,0.6599961792825506,15.459314858850304,-46.78238614031303,-18.561989595130623,1.3172964,22.613749,0.8286128044128418,36.043418884277344,36.0,0.5454545454545454,"left_hip_yaw_joint,left_knee_joint,left_ankle_pitch_joint,left_ankle_roll_joint,right_hip_pitch_joint,right_hip_roll_joint,right_hip_yaw_joint,right_knee_joint,right_ankle_pitch_joint,right_ankle_roll_joint,waist_roll_joint,waist_yaw_joint",0.0,0.0,0,pelvis,0.0,0.10460541,left_ankle_roll_link
30,0.6,0.41390204429626465,0.6648341745792066,30.777131845430297,-39.30227708656175,-36.93392974044673,2.5127583,23.397766,1.2658288478851318,36.056968688964844,36.0,0.45454545454545453,"left_hip_pitch_joint,left_hip_yaw_joint,left_knee_joint,left_ankle_pitch_joint,right_hip_pitch_joint,right_hip_yaw_joint,right_knee_joint,right_ankle_pitch_joint,right_ankle_roll_joint,waist_yaw_joint",0.0,0.0,0,pelvis,0.0,0.111364245,left_ankle_roll_link
31,0.62,0.4063904881477356,0.624019206600106,21.498276914458085,-47.88048427728761,-24.549314439613166,0.92196375,25.83893,0.8639629166573286,36.03778839111328,36.0,0.5909090909090909,"left_hip_pitch_joint,left_hip_roll_joint,left_hip_yaw_joint,left_knee_joint,left_ankle_pitch_joint,left_ankle_roll_joint,right_hip_pitch_joint,right_hip_roll_joint,right_hip_yaw_joint,right_knee_joint,right_ankle_pitch_joint,right_ankle_roll_joint,waist_yaw_joint",0.0,0.0,0,pelvis,0.0,0.09398131,left_ankle_roll_link
32,0.64,0.37386229634284973,0.5709842422514089,37.29868313394351,-44.12858162292121,-31.04663857134692,3.2028654,26.368914,1.255639672279358,36.121238708496094,36.0,0.4090909090909091,"left_hip_pitch_joint,left_hip_roll_joint,left_hip_yaw_joint,left_knee_joint,left_ankle_pitch_joint,right_knee_joint,right_ankle_pitch_joint,right_ankle_roll_joint,waist_yaw_joint",0.0,0.0,0,pelvis,0.0,0.10201211,left_ankle_roll_link
33,0.66,0.3573967218399048,0.603049995961205,18.395161932161916,-50.54116584209851,-21.169983788713502,0.50110704,31.18649,0.8552684467285872,35.36752700805664,36.0,0.6363636363636364,"left_hip_pitch_joint,left_hip_roll_joint,left_hip_yaw_joint,left_knee_joint,left_ankle_pitch_joint,left_ankle_roll_joint,right_hip_pitch_joint,right_hip_roll_joint,right_hip_yaw_joint,right_knee_joint,right_ankle_pitch_joint,right_ankle_roll_joint,waist_roll_joint,waist_yaw_joint",0.0,0.0,0,pelvis,0.0,0.079343185,left_ankle_roll_link
34,0.68,0.32039445638656616,0.5690671098081737,31.763900305427207,-47.985863266792,-27.796860008933344,3.5105047,30.593996,1.2247886657714844,35.91329574584961,36.0,0.5454545454545454,"left_hip_pitch_joint,left_hip_roll_joint,left_hip_yaw_joint,left_knee_joint,left_ankle_pitch_joint,right_hip_pitch_joint,right_knee_joint,right_ankle_pitch_joint,right_ankle_roll_joint,waist_roll_joint,waist_yaw_joint,left_shoulder_pitch_joint",0.0,0.0,0,pelvis,0.0,0.06837616,left_ankle_roll_link
35,0.7000000000000001,0.2866983413696289,0.5711691507360341,18.391222202772916,-52.9930234100063,-12.17853930077183,0.5278101,28.439137,0.9455366414040327,35.73381423950195,36.0,0.6363636363636364,"left_hip_pitch_joint,left_hip_roll_joint,left_hip_yaw_joint,left_knee_joint,left_ankle_pitch_joint,left_ankle_roll_joint,right_hip_pitch_joint,right_hip_yaw_joint,right_knee_joint,right_ankle_pitch_joint,right_ankle_roll_joint,waist_roll_joint,waist_yaw_joint,left_shoulder_roll_joint",0.0,0.0,0,pelvis,0.0,0.05036845,left_ankle_roll_link
36,0.72,0.28010284900665283,0.341581234679488,58.468180427317016,-49.22018446393926,-46.88596044566395,1.2073277,30.436396,1.416915325447917,31.888689041137695,36.0,0.5,"left_hip_roll_joint,left_hip_yaw_joint,left_knee_joint,left_ankle_pitch_joint,right_hip_roll_joint,right_knee_joint,right_ankle_pitch_joint,right_ankle_roll_joint,waist_roll_joint,waist_yaw_joint,left_shoulder_pitch_joint",343.74475,0.0,0,left_ankle_roll_link,343.74475,0.032813005,left_ankle_roll_link
37,0.74,0.2603932321071625,0.374631403391005,33.01883948447923,-63.46193264877995,-31.87118811531198,1.0974097,33.043697,1.0026910305023193,35.837867736816406,36.0,0.5454545454545454,"left_hip_pitch_joint,left_hip_roll_joint,left_hip_yaw_joint,left_knee_joint,left_ankle_pitch_joint,right_hip_pitch_joint,right_hip_roll_joint,right_hip_yaw_joint,right_knee_joint,right_ankle_pitch_joint,right_ankle_roll_joint,waist_yaw_joint",41.05087,0.0,0,left_ankle_roll_link,41.05087,0.044095084,left_ankle_roll_link
38,0.76,0.26147013902664185,0.16014681191551317,73.54597780786699,-55.570024831560715,-72.4557934627373,1.8641452,31.862108,1.4531629364937544,35.57065963745117,36.0,0.5454545454545454,"left_hip_pitch_joint,left_hip_roll_joint,left_hip_yaw_joint,left_knee_joint,left_ankle_pitch_joint,left_ankle_roll_joint,right_hip_roll_joint,right_knee_joint,right_ankle_pitch_joint,right_ankle_roll_joint,waist_roll_joint,waist_yaw_joint",0.0,0.0,0,pelvis,0.0,0.04190903,left_ankle_roll_link
39,0.78,0.24751797318458557,0.0724131573383201,73.72152952859692,-75.02867266615462,-75.12773622439188,1.3081751,28.981487,1.2597426176071167,36.05591583251953,36.0,0.5909090909090909,"left_hip_pitch_joint,left_hip_roll_joint,left_hip_yaw_joint,left_knee_joint,left_ankle_pitch_joint,right_hip_roll_joint,right_hip_yaw_joint,right_knee_joint,right_ankle_pitch_joint,right_ankle_roll_joint,waist_roll_joint,waist_yaw_joint,left_shoulder_roll_joint",0.0,0.0,0,pelvis,0.0,0.069099724,left_ankle_roll_link
40,0.8,0.2603952884674072,-0.15877594794733518,109.13558012155701,-61.02936644057599,-120.26490198872236,1.5161484,27.26688,1.3703769724816084,34.532203674316406,36.0,0.4090909090909091,"left_hip_roll_joint,left_hip_yaw_joint,left_knee_joint,left_ankle_pitch_joint,left_ankle_roll_joint,right_hip_roll_joint,right_ankle_pitch_joint,right_ankle_roll_joint,waist_yaw_joint",0.0,0.0,0,pelvis,0.0,0.07956118,left_ankle_roll_link
41,0.8200000000000001,0.23774132132530212,-0.27542121296326805,153.05420692552372,-72.00321543694655,-161.061128563864,2.5539122,23.854805,1.1585501730442047,36.05645751953125,36.0,0.5,"left_hip_pitch_joint,left_hip_yaw_joint,left_knee_joint,left_ankle_pitch_joint,right_hip_pitch_joint,right_hip_roll_joint,right_hip_yaw_joint,right_knee_joint,right_ankle_pitch_joint,right_ankle_roll_joint,waist_yaw_joint",0.0,0.0,0,pelvis,0.0,0.08937257,right_shoulder_roll_link
42,0.84,0.2103419303894043,-0.3273588988822864,127.60459640778261,-57.55630535244157,-147.65984290304883,1.5676713,22.10145,1.363076714798808,36.15689468383789,36.0,0.5454545454545454,"left_hip_pitch_joint,left_hip_roll_joint,left_hip_yaw_joint,left_knee_joint,left_ankle_pitch_joint,left_ankle_roll_joint,right_hip_roll_joint,right_knee_joint,right_ankle_pitch_joint,right_ankle_roll_joint,waist_roll_joint,waist_yaw_joint",0.0,0.0,0,pelvis,0.0,0.057579245,right_shoulder_roll_link
43,0.86,0.1614035815000534,-0.3536407445912406,152.21731827777012,-66.43932049477145,-172.93891419294619,3.0995805,16.471273,1.1687455475330353,36.068321228027344,36.0,0.5909090909090909,"left_hip_pitch_joint,left_hip_roll_joint,left_hip_yaw_joint,left_knee_joint,left_ankle_pitch_joint,right_hip_pitch_joint,right_hip_roll_joint,right_hip_yaw_joint,right_knee_joint,right_ankle_pitch_joint,right_ankle_roll_joint,waist_roll_joint,waist_yaw_joint",0.0,0.0,0,pelvis,0.0,-0.010392468,right_shoulder_roll_link
44,0.88,0.1610163152217865,-0.34265752423929263,122.17705269612767,-49.95095463885084,-151.47977961299537,0.953703,24.240015,1.2813649456948042,36.16804885864258,36.0,0.5,"left_hip_pitch_joint,left_hip_roll_joint,left_hip_yaw_joint,left_knee_joint,left_ankle_pitch_joint,left_ankle_roll_joint,right_hip_pitch_joint,right_hip_roll_joint,right_ankle_pitch_joint,right_ankle_roll_joint,waist_yaw_joint",0.0,0.0,0,pelvis,0.0,-0.014656929,right_shoulder_roll_link
45,0.9,0.14237123727798462,-0.2719578371699569,127.59268143571754,-63.525422260325584,-160.82611428827457,1.5774707,16.872967,1.2881888449192047,36.07195281982422,36.0,0.5909090909090909,"left_hip_pitch_joint,left_hip_roll_joint,left_hip_yaw_joint,left_knee_joint,left_ankle_pitch_joint,right_hip_pitch_joint,right_hip_roll_joint,right_hip_yaw_joint,right_knee_joint,right_ankle_pitch_joint,right_ankle_roll_joint,waist_roll_joint,waist_yaw_joint",0.0,0.0,0,pelvis,0.0,-0.01937973,right_shoulder_roll_link
46,0.92,0.14564232528209686,-0.232146595495774,109.5269276137187,-46.010216048938645,-144.62119847747678,1.899359,19.336937,1.3055374901741743,36.334102630615234,36.0,0.5454545454545454,"left_hip_pitch_joint,left_hip_roll_joint,left_hip_yaw_joint,left_knee_joint,left_ankle_pitch_joint,left_ankle_roll_joint,right_hip_pitch_joint,right_hip_roll_joint,right_knee_joint,right_ankle_pitch_joint,right_ankle_roll_joint,waist_yaw_joint",0.0,0.0,0,pelvis,0.0,-0.009536734,right_shoulder_roll_link
47,0.9400000000000001,0.12474294006824493,-0.22427558097149536,117.17964594905773,-60.594299940456686,-147.93877007400863,1.9757984,21.432766,1.4096738398075104,36.03068161010742,36.0,0.5454545454545454,"left_hip_pitch_joint,left_hip_roll_joint,left_hip_yaw_joint,left_knee_joint,left_ankle_pitch_joint,right_hip_pitch_joint,right_hip_roll_joint,right_hip_yaw_joint,right_knee_joint,right_ankle_pitch_joint,right_ankle_roll_joint,waist_yaw_joint",0.0,0.0,0,pelvis,0.0,-0.02213042,right_shoulder_roll_link
48,0.96,0.12551942467689514,-0.13552912538143058,100.62071298082407,-42.663577201911764,-140.63534933267755,2.0608742,32.97891,1.1293387692421675,36.429542541503906,36.0,0.5,"left_hip_pitch_joint,left_hip_roll_joint,left_hip_yaw_joint,left_knee_joint,left_ankle_pitch_joint,left_ankle_roll_joint,right_hip_pitch_joint,right_hip_roll_joint,right_ankle_pitch_joint,right_ankle_roll_joint,waist_yaw_joint",0.0,0.0,0,pelvis,0.0,-0.012203817,right_shoulder_roll_link
49,0.98,0.0959235280752182,-0.11649095907425866,101.68637861583724,-54.892723733929756,-135.9006176317561,2.65681,27.130424,1.5046664774417877,36.0786247253418,36.0,0.5909090909090909,"left_hip_pitch_joint,left_hip_roll_joint,left_hip_yaw_joint,left_knee_joint,left_ankle_pitch_joint,right_hip_pitch_joint,right_hip_roll_joint,right_hip_yaw_joint,right_knee_joint,right_ankle_pitch_joint,right_ankle_roll_joint,waist_roll_joint,waist_yaw_joint",0.0,0.0,0,pelvis,0.0,-0.02548704,right_shoulder_roll_link
50,1.0,0.08510575443506241,-0.09610702629977919,97.19201172402731,-39.85584671576628,-132.37143801606354,1.9682165,32.407032,1.1881660502403975,36.57606887817383,36.0,0.6363636363636364,"left_hip_pitch_joint,left_hip_roll_joint,left_hip_yaw_joint,left_knee_joint,left_ankle_pitch_joint,left_ankle_roll_joint,right_hip_pitch_joint,right_hip_roll_joint,right_hip_yaw_joint,right_knee_joint,right_ankle_pitch_joint,right_ankle_roll_joint,waist_roll_joint,waist_yaw_joint",0.0,0.0,0,pelvis,0.0,-0.025335424,right_elbow_link
51,1.02,0.05858654901385307,0.045099519578991165,85.70598845589662,-52.962706346675446,-124.7854327171231,1.5798472,24.13044,1.5138693153858185,36.123294830322266,36.0,0.5,"left_hip_pitch_joint,left_hip_roll_joint,left_hip_yaw_joint,left_ankle_pitch_joint,right_hip_pitch_joint,right_hip_roll_joint,right_hip_yaw_joint,right_knee_joint,right_ankle_pitch_joint,right_ankle_roll_joint,waist_yaw_joint",0.0,0.0,614.2073364257812,right_hip_yaw_link,307.10367,-0.03519196,right_elbow_link
52,1.04,0.055843599140644073,0.026088741698778395,88.08007695413731,-38.857807914093065,-122.82594343822059,1.7119621,26.011065,1.2648792564868927,32.394248962402344,36.0,0.5,"left_hip_pitch_joint,left_hip_roll_joint,left_hip_yaw_joint,left_knee_joint,left_ankle_pitch_joint,left_ankle_roll_joint,right_hip_pitch_joint,right_hip_yaw_joint,right_ankle_pitch_joint,right_ankle_roll_joint,waist_yaw_joint",0.0,0.0,1104.6346435546875,right_hip_yaw_link,1104.6346,-0.035774775,right_elbow_link
53,1.06,0.08712013810873032,0.03740531923747481,87.09864050075177,-42.35432407428865,-130.091507005871,1.3781005,13.611482,1.0304044783115387,36.122596740722656,36.0,0.36363636363636365,"left_ankle_pitch_joint,right_hip_roll_joint,right_hip_yaw_joint,right_knee_joint,right_ankle_pitch_joint,right_ankle_roll_joint,waist_yaw_joint,right_shoulder_pitch_joint",0.0,0.0,0,pelvis,0.0,-0.03278284,right_elbow_link
54,1.08,0.10237707942724228,-0.04730535781301626,92.92048626947155,-21.803101865105415,-131.8728224367677,0.8592446,22.510267,1.1058082859963179,36.07691955566406,36.0,0.3181818181818182,"left_knee_joint,left_ankle_pitch_joint,left_ankle_roll_joint,right_hip_yaw_joint,right_knee_joint,right_ankle_roll_joint,waist_yaw_joint",0.0,0.0,0,pelvis,0.0,-0.027558215,right_elbow_link
55,1.1,0.10576576739549637,0.11296886693080621,81.88931400419277,-36.802032576318496,-131.6198453194842,0.93269324,22.475225,0.9208238422870636,36.704166412353516,36.0,0.5,"left_hip_pitch_joint,left_hip_yaw_joint,left_knee_joint,left_ankle_pitch_joint,right_hip_pitch_joint,right_hip_roll_joint,right_hip_yaw_joint,right_knee_joint,right_ankle_pitch_joint,right_ankle_roll_joint,waist_yaw_joint",0.0,0.0,0,pelvis,0.0,-0.028979506,right_elbow_link
56,1.12,0.10956360399723053,0.0411432151468385,87.5327556798747,-17.108964302032756,-131.95945851144396,1.2517285,19.626074,1.1675095837563276,36.04804611206055,36.0,0.5454545454545454,"left_hip_pitch_joint,left_hip_roll_joint,left_hip_yaw_joint,left_knee_joint,left_ankle_pitch_joint,left_ankle_roll_joint,right_hip_pitch_joint,right_hip_yaw_joint,right_knee_joint,right_ankle_pitch_joint,waist_roll_joint,waist_yaw_joint",0.0,415.7454,0,right_ankle_roll_link,415.7454,-0.019697843,right_elbow_link
57,1.1400000000000001,0.1068238615989685,0.08153505436365271,84.3703320667936,-33.78219510538795,-131.43069700682514,0.65744716,19.951933,0.9757947027683258,36.033294677734375,36.0,0.5,"left_hip_pitch_joint,left_hip_roll_joint,left_hip_yaw_joint,left_knee_joint,left_ankle_pitch_joint,right_hip_roll_joint,right_hip_yaw_joint,right_knee_joint,right_ankle_pitch_joint,right_ankle_roll_joint,waist_yaw_joint",0.0,0.0,0,pelvis,0.0,-0.031042736,right_elbow_link
58,1.16,0.10559779405593872,-0.12507198973094802,97.339176978638,-11.736811033460388,-129.18203859523496,1.4153934,25.882994,1.160611180588603,36.134796142578125,36.0,0.5,"left_hip_pitch_joint,left_hip_roll_joint,left_hip_yaw_joint,left_knee_joint,left_ankle_pitch_joint,left_ankle_roll_joint,right_hip_roll_joint,right_hip_yaw_joint,right_knee_joint,right_ankle_pitch_joint,waist_yaw_joint",0.0,0.0,0,pelvis,0.0,-0.036986694,right_elbow_link
59,1.18,0.09652410447597504,0.0001961928323321871,89.98767576183802,-24.20186045475413,-131.00662277889091,0.6449327,19.342539,1.0634330809116364,36.05842208862305,36.0,0.5454545454545454,"left_hip_roll_joint,left_hip_yaw_joint,left_knee_joint,left_ankle_pitch_joint,right_hip_pitch_joint,right_hip_roll_joint,right_hip_yaw_joint,right_knee_joint,right_ankle_pitch_joint,right_ankle_roll_joint,waist_roll_joint,waist_yaw_joint",0.0,0.0,0,pelvis,0.0,-0.059801396,right_elbow_link
60,1.2,0.09835010766983032,-0.26179051807698706,105.17951025522076,-1.158594364695356,-130.33812965325134,0.90073353,32.74438,1.2297179978340864,36.10197067260742,36.0,0.5454545454545454,"left_hip_pitch_joint,left_hip_roll_joint,left_hip_yaw_joint,left_knee_joint,left_ankle_pitch_joint,left_ankle_roll_joint,right_hip_pitch_joint,right_hip_yaw_joint,right_knee_joint,right_ankle_pitch_joint,waist_roll_joint,waist_yaw_joint",0.0,0.0,429.7736511230469,right_hip_yaw_link,214.88683,-0.06431615,right_elbow_link
61,1.22,0.10322098433971405,-0.1970973826290816,101.53630195222681,-9.754673891307279,-131.9127580510059,1.0546186,16.278265,1.1826793253421783,36.03987121582031,36.0,0.5,"left_hip_pitch_joint,left_hip_yaw_joint,left_knee_joint,left_ankle_pitch_joint,right_hip_roll_joint,right_hip_yaw_joint,right_knee_joint,right_ankle_pitch_joint,right_ankle_roll_joint,waist_roll_joint,waist_yaw_joint",0.0,0.0,0,pelvis,0.0,-0.07824596,right_elbow_link
62,1.24,0.1040477454662323,-0.3195296557601992,109.47596242565949,16.591558311447514,-130.5169904242947,1.1182721,29.717157,1.308858660981059,36.17326354980469,36.0,0.5,"left_hip_pitch_joint,left_hip_roll_joint,left_hip_yaw_joint,left_knee_joint,left_ankle_pitch_joint,left_ankle_roll_joint,right_hip_roll_joint,right_hip_yaw_joint,right_knee_joint,right_ankle_pitch_joint,waist_yaw_joint",0.0,0.0,0,pelvis,0.0,-0.06558454,right_elbow_link
63,1.26,0.10536825656890869,-0.12827750324329656,97.45296722061161,8.529873389324814,-129.97016052413449,1.4868151,17.659224,1.361748605966568,35.670066833496094,36.0,0.45454545454545453,"left_hip_pitch_joint,left_hip_roll_joint,left_hip_yaw_joint,left_knee_joint,left_ankle_pitch_joint,right_hip_roll_joint,right_hip_yaw_joint,right_knee_joint,right_ankle_roll_joint,waist_yaw_joint",0.0,285.34644,285.346435546875,right_hip_yaw_link,285.34644,-0.0732825,right_elbow_link
64,1.28,0.11382587254047394,-0.3134708148373093,112.2856145369692,34.24776259708921,-123.53667969311576,0.85894656,37.911617,1.30585971288383,36.09697341918945,36.0,0.5909090909090909,"left_hip_pitch_joint,left_hip_roll_joint,left_hip_yaw_joint,left_knee_joint,left_ankle_pitch_joint,left_ankle_roll_joint,right_hip_pitch_joint,right_hip_yaw_joint,right_knee_joint,right_ankle_pitch_joint,waist_roll_joint,waist_yaw_joint,right_shoulder_roll_joint",0.0,0.0,725.3013916015625,torso_link,725.3014,-0.07716097,right_shoulder_roll_link
65,1.3,0.12086940556764603,-0.2105429302193471,104.59806469881654,33.34599406025005,-125.92046681270823,1.6031435,15.203804,1.4581283628940582,36.08578872680664,36.0,0.5,"left_hip_yaw_joint,left_knee_joint,left_ankle_pitch_joint,right_hip_roll_joint,right_hip_yaw_joint,right_knee_joint,right_ankle_pitch_joint,right_ankle_roll_joint,waist_roll_joint,waist_yaw_joint,right_shoulder_pitch_joint",0.0,0.0,0,pelvis,0.0,-0.049401704,right_shoulder_roll_link
66,1.32,0.12069667875766754,-0.2866563169591956,124.10247672044196,59.2515059436906,-115.20792635216081,1.1505035,37.496864,1.3804883044213057,36.010276794433594,36.0,0.5454545454545454,"left_hip_pitch_joint,left_hip_roll_joint,left_hip_yaw_joint,left_knee_joint,left_ankle_pitch_joint,left_ankle_roll_joint,right_hip_yaw_joint,right_knee_joint,right_ankle_pitch_joint,waist_roll_joint,waist_yaw_joint,right_shoulder_roll_joint",0.0,0.0,0,pelvis,0.0,-0.047409818,right_shoulder_roll_link
67,1.34,0.12467657774686813,-0.269029682176928,120.31908646724091,57.79657111736804,-117.42184606562097,1.7288862,13.903164,1.503438025712967,36.072364807128906,36.0,0.4090909090909091,"left_hip_yaw_joint,left_knee_joint,left_ankle_pitch_joint,right_hip_roll_joint,right_hip_yaw_joint,right_knee_joint,right_ankle_roll_joint,waist_roll_joint,waist_yaw_joint",0.0,0.0,0,pelvis,0.0,-0.014972118,right_shoulder_roll_link
68,1.36,0.11492323875427246,-0.2458518200731561,172.82703051943545,75.65311415449892,-68.2287758219758,1.6636511,33.17339,1.4639671128243208,35.98504638671875,36.0,0.5454545454545454,"left_hip_pitch_joint,left_hip_roll_joint,left_hip_yaw_joint,left_knee_joint,left_ankle_pitch_joint,left_ankle_roll_joint,right_hip_roll_joint,right_hip_yaw_joint,right_knee_joint,right_ankle_pitch_joint,waist_yaw_joint,right_shoulder_roll_joint",0.0,0.0,0,pelvis,0.0,-0.019475745,right_shoulder_roll_link
69,1.3800000000000001,0.09696009010076523,-0.20258290662076917,176.69845557190078,78.29221783391606,-63.18106592283732,1.7017767,13.749502,1.2985593378543854,33.92742156982422,36.0,0.36363636363636365,"left_hip_pitch_joint,left_hip_roll_joint,left_ankle_pitch_joint,right_hip_roll_joint,right_hip_yaw_joint,right_knee_joint,right_ankle_roll_joint,waist_yaw_joint",0.0,262.46326,0,right_ankle_roll_link,262.46326,0.01737706,right_shoulder_roll_link
70,1.4000000000000001,0.07738993316888809,-0.17675821528121283,-115.14075097098325,65.41422260489375,6.238517541531472,1.4650279,24.626484,1.460090784355998,36.12672424316406,36.0,0.45454545454545453,"left_hip_roll_joint,left_hip_yaw_joint,left_knee_joint,left_ankle_pitch_joint,left_ankle_roll_joint,right_hip_roll_joint,right_knee_joint,right_ankle_roll_joint,waist_yaw_joint,right_shoulder_roll_joint",0.0,0.0,0,pelvis,0.0,0.010805175,right_shoulder_roll_link
71,1.42,0.08628130704164505,-0.24052340278458928,-142.75207697188085,72.4128629888709,-25.138896613465207,2.0178428,21.25111,1.2984348833560944,36.0258903503418,36.0,0.5,"left_hip_pitch_joint,left_hip_roll_joint,left_hip_yaw_joint,left_knee_joint,left_ankle_pitch_joint,right_hip_roll_joint,right_hip_yaw_joint,right_knee_joint,right_ankle_pitch_joint,right_ankle_roll_joint,waist_yaw_joint",0.0,0.0,173.1441192626953,torso_link,173.14412,0.015507782,left_shoulder_roll_link
72,1.44,0.07802756875753403,-0.12018724028492223,-102.83792514149201,57.254277115303594,5.76541075831236,1.1254289,22.727114,1.4414868634194136,35.15644836425781,36.0,0.5454545454545454,"left_hip_pitch_joint,left_hip_roll_joint,left_hip_yaw_joint,left_knee_joint,left_ankle_pitch_joint,left_ankle_roll_joint,right_hip_pitch_joint,right_hip_roll_joint,right_knee_joint,right_ankle_pitch_joint,right_ankle_roll_joint,waist_yaw_joint",0.0,0.0,1588.582763671875,left_hip_yaw_link,1059.0552,0.024222964,left_hip_roll_link
73,1.46,0.0929044559597969,-0.2171720202905263,-131.38377966410118,70.82212781566551,-20.909682191832808,2.224396,18.15399,1.4010711014270782,34.119049072265625,36.0,0.5,"left_hip_pitch_joint,left_hip_roll_joint,left_knee_joint,left_ankle_pitch_joint,right_hip_pitch_joint,right_hip_roll_joint,right_hip_yaw_joint,right_knee_joint,right_ankle_pitch_joint,right_ankle_roll_joint,waist_yaw_joint",759.6715,0.0,365.3233642578125,left_ankle_roll_link,759.6715,0.017241625,left_shoulder_roll_link
74,1.48,0.08528906852006912,-0.14634606343060774,-107.26135673806724,60.449239722836225,-4.512856051113805,1.1727648,19.059696,1.4730712454766035,36.08625411987305,36.0,0.5909090909090909,"left_hip_pitch_joint,left_hip_roll_joint,left_hip_yaw_joint,left_knee_joint,left_ankle_pitch_joint,left_ankle_roll_joint,right_hip_pitch_joint,right_hip_roll_joint,right_knee_joint,right_ankle_pitch_joint,right_ankle_roll_joint,waist_yaw_joint,right_shoulder_roll_joint",0.0,0.0,0,pelvis,0.0,0.02360587,right_shoulder_roll_link
75,1.5,0.09405922144651413,-0.2488044746964082,-154.82164041194932,74.04238944522925,-48.013351930379564,2.7300727,27.910465,1.326827198266983,36.25823211669922,36.0,0.45454545454545453,"left_hip_pitch_joint,left_hip_yaw_joint,left_knee_joint,right_hip_pitch_joint,right_hip_roll_joint,right_hip_yaw_joint,right_knee_joint,right_ankle_pitch_joint,right_ankle_roll_joint,waist_yaw_joint",0.0,0.0,0,pelvis,0.0,0.027033614,right_shoulder_roll_link
76,1.52,0.08318450301885605,-0.1984260138884526,-125.09607475085049,69.8109317853045,-21.80550564801214,1.6859826,24.185802,1.4194889348000288,36.130531311035156,36.0,0.6363636363636364,"left_hip_pitch_joint,left_hip_roll_joint,left_hip_yaw_joint,left_knee_joint,left_ankle_pitch_joint,left_ankle_roll_joint,right_hip_pitch_joint,right_hip_roll_joint,right_knee_joint,right_ankle_pitch_joint,right_ankle_roll_joint,waist_roll_joint,waist_yaw_joint,right_shoulder_roll_joint",0.0,0.0,0,pelvis,0.0,0.004648,right_shoulder_roll_link
77,1.54,0.07964734733104706,-0.15565279611526428,-149.35451201937497,79.57661969726847,-47.894330052924495,2.1058264,21.810799,1.1657903492450714,35.807308197021484,36.0,0.45454545454545453,"left_hip_pitch_joint,left_ankle_pitch_joint,right_hip_pitch_joint,right_hip_roll_joint,right_hip_yaw_joint,right_knee_joint,right_ankle_pitch_joint,right_ankle_roll_joint,waist_yaw_joint,left_shoulder_roll_joint",0.0,0.0,468.80535888671875,right_knee_link,468.80536,0.032016367,right_shoulder_roll_link
78,1.56,0.06082778424024582,-0.0811603695851435,-114.1777581645404,78.57058975618251,-11.104872363002883,1.8263565,13.579217,1.2614478152245283,36.248565673828125,36.0,0.5454545454545454,"left_hip_pitch_joint,left_hip_roll_joint,left_hip_yaw_joint,left_knee_joint,left_ankle_pitch_joint,left_ankle_roll_joint,right_hip_pitch_joint,right_hip_roll_joint,right_knee_joint,right_ankle_pitch_joint,right_ankle_roll_joint,waist_yaw_joint",0.0,0.0,0,pelvis,0.0,0.01675601,right_shoulder_roll_link
79,1.58,0.06900203227996826,-0.09513652894402647,114.17103779986257,76.56480764928435,-153.83141043035138,1.602214,27.211763,1.1983019411563873,36.305728912353516,36.0,0.5454545454545454,"left_hip_pitch_joint,left_hip_roll_joint,left_hip_yaw_joint,left_knee_joint,left_ankle_pitch_joint,right_hip_pitch_joint,right_hip_roll_joint,right_hip_yaw_joint,right_knee_joint,right_ankle_pitch_joint,right_ankle_roll_joint,waist_yaw_joint",0.0,0.0,265.80072021484375,right_knee_link,265.80072,0.0134798065,right_elbow_link
80,1.6,0.04822130128741264,-0.02243812097778175,139.16439061333307,88.30049908493146,-129.5871104892098,2.115302,18.029818,1.1977900546044111,36.201656341552734,36.0,0.5454545454545454,"left_hip_pitch_joint,left_hip_roll_joint,left_hip_yaw_joint,left_knee_joint,left_ankle_pitch_joint,left_ankle_roll_joint,right_hip_pitch_joint,right_hip_roll_joint,right_knee_joint,right_ankle_pitch_joint,right_ankle_roll_joint,waist_yaw_joint",0.0,0.0,469.0045471191406,torso_link,469.00455,-0.009976226,right_shoulder_roll_link
81,1.62,0.05266609042882919,-0.06281884207960964,98.85451558722231,65.91380149549498,-176.447467818429,1.5298185,24.096344,1.3061605989933014,36.232757568359375,36.0,0.5454545454545454,"left_hip_pitch_joint,left_hip_roll_joint,left_hip_yaw_joint,left_knee_joint,left_ankle_pitch_joint,right_hip_pitch_joint,right_hip_roll_joint,right_hip_yaw_joint,right_knee_joint,right_ankle_pitch_joint,right_ankle_roll_joint,waist_yaw_joint",0.0,0.0,179.91244506835938,right_hip_yaw_link,179.91245,-0.02181387,right_elbow_link
82,1.6400000000000001,0.04433223977684975,0.0015857698030856682,88.9797750143382,84.89023885514001,170.04557179476595,0.8671544,23.215458,1.2109693568199873,35.94691467285156,36.0,0.5,"left_hip_pitch_joint,left_hip_roll_joint,left_hip_yaw_joint,left_knee_joint,left_ankle_pitch_joint,left_ankle_roll_joint,right_hip_yaw_joint,right_knee_joint,right_ankle_pitch_joint,right_ankle_roll_joint,waist_yaw_joint",0.0,0.0,1895.4359130859375,torso_link,1895.4359,-0.016219761,right_shoulder_roll_link
83,1.6600000000000001,0.057953841984272,-0.08455907574725252,102.88939758270737,67.7239402712389,175.68854214451576,1.923731,23.688019,1.0980234444141388,35.44221115112305,36.0,0.5,"left_hip_pitch_joint,left_hip_roll_joint,left_hip_yaw_joint,left_ankle_pitch_joint,right_hip_pitch_joint,right_hip_roll_joint,right_hip_yaw_joint,right_knee_joint,right_ankle_pitch_joint,right_ankle_roll_joint,waist_yaw_joint",0.0,0.0,0,pelvis,0.0,-0.014238298,right_elbow_link
84,1.68,0.05526094138622284,-0.0009598862758384286,91.14882118783227,87.25583244320964,161.69809979416615,0.93296623,21.74363,1.1726916115731,36.368221282958984,36.0,0.5454545454545454,"left_hip_pitch_joint,left_hip_roll_joint,left_hip_yaw_joint,left_knee_joint,left_ankle_pitch_joint,left_ankle_roll_joint,right_hip_roll_joint,right_hip_yaw_joint,right_knee_joint,right_ankle_pitch_joint,right_ankle_roll_joint,waist_yaw_joint",0.0,0.0,0,pelvis,0.0,0.00031259377,right_shoulder_roll_link
85,1.7,0.07295101135969162,-0.0654798959512064,100.85713096175009,69.65757259032249,174.09190262017248,2.497887,20.670536,1.0751868411898613,35.48889923095703,36.0,0.5454545454545454,"left_hip_pitch_joint,left_hip_roll_joint,left_hip_yaw_joint,left_knee_joint,left_ankle_pitch_joint,right_hip_pitch_joint,right_hip_roll_joint,right_hip_yaw_joint,right_knee_joint,right_ankle_pitch_joint,right_ankle_roll_joint,waist_yaw_joint",0.0,0.0,312.7774353027344,left_knee_link,312.77744,0.0019722953,right_elbow_link
86,1.72,0.07462035119533539,-0.08657353866230011,151.42071686458496,84.34223815657774,-141.50355249001527,1.2179056,20.147564,1.1616779565811157,36.427616119384766,36.0,0.6363636363636364,"left_hip_pitch_joint,left_hip_roll_joint,left_hip_yaw_joint,left_knee_joint,left_ankle_pitch_joint,left_ankle_roll_joint,right_hip_pitch_joint,right_hip_roll_joint,right_hip_yaw_joint,right_knee_joint,right_ankle_pitch_joint,right_ankle_roll_joint,waist_yaw_joint,right_shoulder_roll_joint",0.0,0.0,0,pelvis,0.0,-0.0013997387,right_shoulder_roll_link
87,1.74,0.08675728738307953,-0.15669765686972426,114.44527657386043,67.74941896874263,178.6153981746025,2.3022196,20.904465,1.2129031345248222,36.349552154541016,36.0,0.5454545454545454,"left_hip_pitch_joint,left_hip_roll_joint,left_hip_yaw_joint,left_knee_joint,left_ankle_pitch_joint,right_hip_pitch_joint,right_hip_roll_joint,right_hip_yaw_joint,right_knee_joint,right_ankle_pitch_joint,right_ankle_roll_joint,waist_yaw_joint",0.0,0.0,0,pelvis,0.0,0.0068963915,right_elbow_link
88,1.76,0.08082148432731628,-0.15344510451937055,148.89566773202296,79.67621497868096,-152.48148841447815,1.3634161,23.107777,1.1046364586800337,36.27477264404297,36.0,0.5909090909090909,"left_hip_pitch_joint,left_hip_roll_joint,left_hip_yaw_joint,left_knee_joint,left_ankle_pitch_joint,left_ankle_roll_joint,right_hip_pitch_joint,right_hip_roll_joint,right_hip_yaw_joint,right_ankle_pitch_joint,right_ankle_roll_joint,waist_yaw_joint,right_shoulder_roll_joint",0.0,0.0,0,pelvis,0.0,-0.013298148,right_shoulder_roll_link
89,1.78,0.08015206456184387,-0.1405716534307615,122.4081402747573,74.79422496900408,175.99378574036004,1.9614486,10.036932,1.0253937542438507,31.978151321411133,36.0,0.5,"left_hip_pitch_joint,left_hip_roll_joint,left_knee_joint,left_ankle_pitch_joint,right_hip_pitch_joint,right_hip_roll_joint,right_hip_yaw_joint,right_knee_joint,right_ankle_pitch_joint,right_ankle_roll_joint,waist_yaw_joint",0.0,0.0,0,pelvis,0.0,0.0113635585,right_elbow_link
90,1.8,0.0834394246339798,-0.16485663582998633,-140.30646332019302,77.62862190697652,-85.96628783629913,1.0335336,20.944025,1.2541734259575605,36.17558670043945,36.0,0.5454545454545454,"left_hip_pitch_joint,left_hip_roll_joint,left_hip_yaw_joint,left_knee_joint,left_ankle_pitch_joint,left_ankle_roll_joint,right_hip_roll_joint,right_hip_yaw_joint,right_knee_joint,right_ankle_pitch_joint,right_ankle_roll_joint,waist_yaw_joint",0.0,0.0,0,pelvis,0.0,0.0043154024,right_shoulder_roll_link
91,1.82,0.07418882846832275,-0.12334211382331262,121.77925941668724,76.45542822417411,179.72697610807003,1.5969942,20.87688,1.0956380665302277,36.315330505371094,36.0,0.5,"left_hip_pitch_joint,left_hip_roll_joint,left_hip_yaw_joint,left_knee_joint,left_ankle_pitch_joint,right_hip_roll_joint,right_hip_yaw_joint,right_knee_joint,right_ankle_pitch_joint,right_ankle_roll_joint,waist_yaw_joint",0.0,0.0,0,pelvis,0.0,0.02085634,right_shoulder_roll_link
92,1.84,0.0711836963891983,-0.14984514731413867,-125.81509973946427,75.16296800775797,-76.31558984269441,0.9239002,28.265749,1.3211956303566694,36.12521743774414,36.0,0.5454545454545454,"left_hip_pitch_joint,left_hip_roll_joint,left_hip_yaw_joint,left_knee_joint,left_ankle_pitch_joint,left_ankle_roll_joint,right_hip_roll_joint,right_hip_yaw_joint,right_knee_joint,right_ankle_pitch_joint,right_ankle_roll_joint,waist_yaw_joint",0.0,0.0,351.30865478515625,right_knee_link,351.30865,0.0058741607,right_shoulder_roll_link
93,1.86,0.0680060088634491,-0.13197440274350924,165.1704151152937,82.15338923794285,-143.1645502397985,1.6894283,18.407705,1.1812832653522491,35.50556182861328,36.0,0.5,"left_hip_pitch_joint,left_hip_roll_joint,left_hip_yaw_joint,left_knee_joint,left_ankle_pitch_joint,right_hip_roll_joint,right_hip_yaw_joint,right_knee_joint,right_ankle_pitch_joint,right_ankle_roll_joint,waist_yaw_joint",0.0,0.0,179.76507568359375,left_knee_link,179.76508,0.029591033,left_knee_link
94,1.8800000000000001,0.0744662657380104,-0.18272551897775635,-114.92193724314427,64.30163238529722,-70.18948382346494,1.1682276,30.159035,1.3651289027184248,35.58100891113281,36.0,0.5,"left_hip_roll_joint,left_hip_yaw_joint,left_knee_joint,left_ankle_pitch_joint,left_ankle_roll_joint,right_hip_pitch_joint,right_hip_roll_joint,right_knee_joint,right_ankle_pitch_joint,right_ankle_roll_joint,waist_yaw_joint",0.0,0.0,62.504764795303345,left_hip_yaw_link,59.780426,0.018992279,right_shoulder_roll_link
95,1.9000000000000001,0.08235190808773041,-0.21506048715396453,-149.80128457987897,75.59169435569083,-101.67889739698927,1.6611813,22.616161,1.3013059198856354,36.205848693847656,36.0,0.5454545454545454,"left_hip_roll_joint,left_hip_yaw_joint,left_knee_joint,left_ankle_pitch_joint,right_hip_pitch_joint,right_hip_roll_joint,right_hip_yaw_joint,right_knee_joint,right_ankle_pitch_joint,right_ankle_roll_joint,waist_yaw_joint,left_shoulder_roll_joint",0.0,0.0,0,pelvis,0.0,0.010491798,left_shoulder_roll_link
96,1.92,0.07072187960147858,-0.12276714810833234,-104.88208978489118,61.44463383192065,-61.492028324870276,1.5850664,16.28681,1.3448406737297773,34.254974365234375,36.0,0.5454545454545454,"left_hip_pitch_joint,left_hip_roll_joint,left_hip_yaw_joint,left_knee_joint,left_ankle_pitch_joint,left_ankle_roll_joint,right_hip_roll_joint,right_knee_joint,right_ankle_pitch_joint,right_ankle_roll_joint,waist_roll_joint,waist_yaw_joint",0.0,0.0,1803.1444091796875,left_hip_yaw_link,1803.1444,0.02601755,left_hip_roll_link
97,1.94,0.08097216486930847,-0.1310473888025232,-130.30084208670914,78.31048954986294,-92.59144666625741,1.6917303,23.771917,1.2288083136081696,35.90491485595703,36.0,0.45454545454545453,"left_hip_pitch_joint,left_hip_roll_joint,left_ankle_pitch_joint,right_hip_roll_joint,right_hip_yaw_joint,right_knee_joint,right_ankle_pitch_joint,right_ankle_roll_joint,waist_yaw_joint,left_shoulder_roll_joint",0.0,0.0,143.2781982421875,right_knee_link,143.2782,0.021895126,left_shoulder_roll_link
98,1.96,0.060630686581134796,-0.020129776542043842,-92.65831015154606,64.2769082431167,-55.317298120169916,1.9484761,22.50796,1.2596973460167646,36.26874542236328,36.0,0.5454545454545454,"left_hip_pitch_joint,left_hip_roll_joint,left_hip_yaw_joint,left_knee_joint,left_ankle_pitch_joint,left_ankle_roll_joint,right_hip_pitch_joint,right_hip_roll_joint,right_knee_joint,right_ankle_pitch_joint,waist_yaw_joint,right_shoulder_roll_joint",0.0,0.0,0,pelvis,0.0,0.023779958,left_hip_roll_link
99,1.98,0.060353346168994904,-0.030071495446364338,-103.590206182821,82.647303357852,-71.78830015578785,1.7078127,25.762886,1.2503327429294586,36.28145217895508,36.0,0.5454545454545454,"left_hip_pitch_joint,left_hip_roll_joint,left_hip_yaw_joint,left_knee_joint,left_ankle_pitch_joint,right_hip_pitch_joint,right_hip_roll_joint,right_hip_yaw_joint,right_knee_joint,right_ankle_pitch_joint,right_ankle_roll_joint,waist_yaw_joint",0.0,0.0,0,pelvis,0.0,0.026041832,left_shoulder_roll_link
100,2.0,0.04730979725718498,0.012912371992468863,-87.62880179119041,71.81453021182546,-56.31817031828244,0.90189993,11.847358,1.2511967718601227,32.942771911621094,36.0,0.5454545454545454,"left_hip_pitch_joint,left_hip_roll_joint,left_hip_yaw_joint,left_knee_joint,left_ankle_pitch_joint,left_ankle_roll_joint,right_hip_pitch_joint,right_hip_roll_joint,right_hip_yaw_joint,right_ankle_pitch_joint,right_ankle_roll_joint,waist_yaw_joint",0.0,0.0,760.1597290039062,left_hip_yaw_link,380.07986,0.017985933,left_hip_roll_link
101,2.02,0.05592713877558708,-0.03358509045841096,-97.93267416237148,75.9154115739601,-69.73176017231484,1.3633296,15.157001,0.9156069438904524,36.196895599365234,36.0,0.5,"left_hip_pitch_joint,left_hip_yaw_joint,left_knee_joint,left_ankle_pitch_joint,right_hip_pitch_joint,right_hip_roll_joint,right_hip_yaw_joint,right_knee_joint,right_ankle_pitch_joint,right_ankle_roll_joint,waist_yaw_joint",0.0,0.0,934.7913208007812,left_hip_yaw_link,467.39566,0.022420764,left_shoulder_roll_link
102,2.04,0.06361786276102066,-0.08725541054306696,-102.71154442156964,66.63802778812487,-74.28034251744907,0.54748863,13.722204,1.3775902073830366,35.94096374511719,36.0,0.5,"left_hip_pitch_joint,left_knee_joint,left_ankle_pitch_joint,left_ankle_roll_joint,right_hip_pitch_joint,right_hip_roll_joint,right_hip_yaw_joint,right_knee_joint,right_ankle_pitch_joint,right_ankle_roll_joint,waist_yaw_joint",0.0,0.0,0,pelvis,0.0,0.026476465,left_hip_roll_link
103,2.06,0.07171028852462769,-0.16156565989245486,-123.7273886646293,73.08319651561638,-94.57527076832542,1.3151851,16.822618,1.0114958565682173,35.745147705078125,36.0,0.4090909090909091,"left_hip_pitch_joint,left_knee_joint,left_ankle_pitch_joint,right_hip_roll_joint,right_hip_yaw_joint,right_knee_joint,right_ankle_pitch_joint,right_ankle_roll_joint,waist_yaw_joint",0.0,0.0,715.79443359375,torso_link,715.79443,0.007950867,left_shoulder_roll_link
104,2.08,0.06340814381837845,-0.08781741285866396,-102.05618513957934,65.1376997443147,-75.50111725404241,1.3585963,17.211641,1.3954584877938032,36.46538543701172,36.0,0.3181818181818182,"left_ankle_pitch_joint,left_ankle_roll_joint,right_hip_pitch_joint,right_knee_joint,right_ankle_pitch_joint,right_ankle_roll_joint,waist_yaw_joint",0.0,0.0,0,pelvis,0.0,0.032351438,left_hip_pitch_link
105,2.1,0.0771431103348732,-0.1263286493552318,-176.0622763976348,82.72523853121896,-147.65083762368212,1.3444687,26.194704,0.9553597252815962,36.34238815307617,36.0,0.5,"left_hip_pitch_joint,left_hip_yaw_joint,left_knee_joint,left_ankle_pitch_joint,right_hip_pitch_joint,right_hip_roll_joint,right_hip_yaw_joint,right_knee_joint,right_ankle_pitch_joint,right_ankle_roll_joint,waist_yaw_joint",0.0,344.55585,324.3639831542969,right_ankle_roll_link,344.55585,0.03843263,right_knee_link
106,2.12,0.058257631957530975,-0.032036417060546274,-101.37607218797727,80.65278013607067,-83.2900724734905,1.4473258,20.63482,1.400943187996745,36.469993591308594,36.0,0.4090909090909091,"left_hip_pitch_joint,left_hip_yaw_joint,left_knee_joint,left_ankle_pitch_joint,left_ankle_roll_joint,right_hip_pitch_joint,right_knee_joint,right_ankle_roll_joint,waist_yaw_joint",0.0,0.0,0,pelvis,0.0,0.018888924,right_shoulder_roll_link
107,2.14,0.06442262977361679,-0.10334339446707164,111.13353617660758,73.34350412929996,127.11641342162656,1.4246736,24.001709,0.889701871201396,36.33556365966797,36.0,0.5454545454545454,"left_hip_pitch_joint,left_hip_roll_joint,left_hip_yaw_joint,left_knee_joint,left_ankle_pitch_joint,right_hip_pitch_joint,right_hip_roll_joint,right_hip_yaw_joint,right_knee_joint,right_ankle_roll_joint,waist_roll_joint,waist_yaw_joint",0.0,0.0,0,pelvis,0.0,0.004498601,right_elbow_link
108,2.16,0.04854815453290939,-0.02698466929258503,118.53801364145329,86.76203820550722,129.96646797737165,1.0802177,15.730052,1.3062827866524458,36.35322570800781,36.0,0.45454545454545453,"left_hip_pitch_joint,left_hip_yaw_joint,left_knee_joint,left_ankle_pitch_joint,left_ankle_roll_joint,right_knee_joint,right_ankle_pitch_joint,right_ankle_roll_joint,waist_roll_joint,waist_yaw_joint",0.0,0.0,94.14627838134766,torso_link,94.14628,-0.01033029,right_shoulder_roll_link
109,2.18,0.06566864997148514,-0.10235895829750241,104.77895712624122,66.34272502568503,112.6169570710481,1.6307831,17.954414,0.8972243349999189,36.31999206542969,36.0,0.45454545454545453,"left_hip_pitch_joint,left_hip_yaw_joint,left_knee_joint,left_ankle_pitch_joint,right_hip_pitch_joint,right_hip_yaw_joint,right_knee_joint,right_ankle_pitch_joint,right_ankle_roll_joint,waist_yaw_joint",0.0,0.0,503.5302429199219,right_knee_link,359.10623,-0.019886374,right_elbow_link
110,2.2,0.06676530092954636,-0.07135037332637495,112.50322508171172,79.25591161149404,123.41493915928841,0.97523284,15.211751,1.1558527033776045,39.59379196166992,36.0,0.5,"left_hip_pitch_joint,left_hip_roll_joint,left_hip_yaw_joint,left_knee_joint,left_ankle_pitch_joint,left_ankle_roll_joint,right_hip_roll_joint,right_knee_joint,right_ankle_pitch_joint,right_ankle_roll_joint,waist_yaw_joint",0.0,0.0,57.94116973876953,right_knee_link,57.94117,-0.023407219,right_shoulder_roll_link
111,2.22,0.07320751249790192,-0.09158505283146745,101.0857734359837,61.554970186050475,112.94375159008263,1.0237925,19.729422,0.7959986925125122,36.004154205322266,36.0,0.5,"left_hip_pitch_joint,left_hip_roll_joint,left_hip_yaw_joint,left_knee_joint,left_ankle_pitch_joint,right_hip_roll_joint,right_hip_yaw_joint,right_knee_joint,right_ankle_pitch_joint,right_ankle_roll_joint,waist_yaw_joint",0.0,0.0,0,pelvis,0.0,-0.026724137,right_elbow_link
112,2.24,0.08705248683691025,-0.16708329558551305,149.66461429441915,78.83769877829415,157.4921514068325,1.0813406,21.706085,1.250470519065857,36.11557388305664,36.0,0.5454545454545454,"left_hip_pitch_joint,left_hip_roll_joint,left_hip_yaw_joint,left_knee_joint,left_ankle_pitch_joint,left_ankle_roll_joint,right_hip_pitch_joint,right_hip_roll_joint,right_hip_yaw_joint,right_knee_joint,right_ankle_pitch_joint,waist_yaw_joint",0.0,0.0,120.31948399543762,left_knee_link,59.117973,-0.027170513,right_shoulder_roll_link
113,2.2600000000000002,0.08603696525096893,-0.15172141691151708,114.43626396398457,68.48407558030156,128.10138747250255,0.66673565,17.623281,1.0184468030929565,36.076133728027344,36.0,0.5454545454545454,"left_hip_pitch_joint,left_hip_roll_joint,left_hip_yaw_joint,left_knee_joint,left_ankle_pitch_joint,right_hip_pitch_joint,right_hip_roll_joint,right_hip_yaw_joint,right_knee_joint,right_ankle_pitch_joint,right_ankle_roll_joint,waist_yaw_joint",0.0,0.0,0,pelvis,0.0,-0.0026426539,right_elbow_link
114,2.2800000000000002,0.08610040694475174,-0.1719614741281692,-166.93964437580962,79.83242982997574,-155.1236648538343,1.0027746,25.063887,1.3901845216751099,36.0745849609375,36.0,0.5,"left_hip_pitch_joint,left_hip_roll_joint,left_hip_yaw_joint,left_knee_joint,left_ankle_pitch_joint,left_ankle_roll_joint,right_hip_pitch_joint,right_hip_roll_joint,right_knee_joint,right_ankle_pitch_joint,waist_yaw_joint",305.011,0.0,579.06591796875,torso_link,579.0659,-0.015056495,right_shoulder_roll_link
115,2.3000000000000003,0.07522744685411453,-0.14950094500761346,139.03374432648866,78.58062297559106,153.6844504230909,0.73917854,16.283323,1.221484661102295,36.112945556640625,36.0,0.5,"left_hip_pitch_joint,left_hip_roll_joint,left_hip_yaw_joint,left_ankle_pitch_joint,right_hip_pitch_joint,right_hip_roll_joint,right_hip_yaw_joint,right_knee_joint,right_ankle_pitch_joint,right_ankle_roll_joint,waist_yaw_joint",0.0,0.0,0,pelvis,0.0,0.01751899,right_shoulder_roll_link
116,2.32,0.07207616418600082,-0.15582819878738308,-134.0907650525997,77.05849074305078,-113.90674610839794,0.7704997,24.00164,1.2397766765207052,36.1211051940918,36.0,0.36363636363636365,"left_hip_pitch_joint,left_hip_yaw_joint,left_knee_joint,left_ankle_pitch_joint,left_ankle_roll_joint,right_hip_roll_joint,right_ankle_pitch_joint,waist_yaw_joint",0.0,0.0,287.29791259765625,left_hip_yaw_link,143.64896,0.006469596,right_shoulder_roll_link
117,2.34,0.06996457278728485,-0.16731767465743275,166.00679395442455,80.07059752725186,-173.74093258324413,0.7821499,21.897823,1.066107576712966,36.148651123046875,36.0,0.5454545454545454,"left_hip_pitch_joint,left_hip_roll_joint,left_hip_yaw_joint,left_ankle_pitch_joint,right_hip_pitch_joint,right_hip_roll_joint,right_hip_yaw_joint,right_knee_joint,right_ankle_pitch_joint,right_ankle_roll_joint,waist_roll_joint,waist_yaw_joint",0.0,0.0,0,pelvis,0.0,0.023592377,left_shoulder_roll_link
118,2.36,0.08564037084579468,-0.1931738418803559,-125.52369688536099,70.58166424766337,-111.6636670103613,1.6165029,19.903355,1.0855308771133423,36.34270477294922,36.0,0.5454545454545454,"left_hip_pitch_joint,left_hip_yaw_joint,left_knee_joint,left_ankle_pitch_joint,left_ankle_roll_joint,right_hip_pitch_joint,right_hip_roll_joint,right_hip_yaw_joint,right_knee_joint,right_ankle_pitch_joint,waist_roll_joint,waist_yaw_joint",0.0,0.0,517.1015014648438,left_knee_link,517.1015,0.018347403,right_shoulder_roll_link
119,2.38,0.1034936010837555,-0.2807203272673644,-172.5979416060997,73.5559081817584,-157.29975560889818,0.5142573,21.375586,0.9292840417474508,36.1284065246582,36.0,0.5454545454545454,"left_hip_pitch_joint,left_hip_roll_joint,left_hip_yaw_joint,left_knee_joint,left_ankle_pitch_joint,right_hip_pitch_joint,right_hip_roll_joint,right_hip_yaw_joint,right_knee_joint,right_ankle_pitch_joint,right_ankle_roll_joint,waist_yaw_joint",270.24625,0.0,0,left_ankle_roll_link,270.24625,0.003716318,left_shoulder_roll_link
120,2.4,0.10750947892665863,-0.2256555671748406,-132.02763812879815,70.30233760833292,-125.31201013026873,0.3656905,17.924543,1.1315620224922895,36.12772750854492,36.0,0.45454545454545453,"left_hip_pitch_joint,left_hip_roll_joint,left_hip_yaw_joint,left_knee_joint,left_ankle_pitch_joint,right_hip_roll_joint,right_hip_yaw_joint,right_knee_joint,right_ankle_pitch_joint,waist_yaw_joint",0.0,0.0,0,pelvis,0.0,0.03178665,left_shoulder_roll_link
121,2.42,0.10185623168945312,-0.2301380763746934,157.98350812787754,75.62653227041554,160.90664514480275,1.2632599,23.882154,0.7621582746505737,36.02528381347656,36.0,0.5454545454545454,"left_hip_pitch_joint,left_hip_roll_joint,left_hip_yaw_joint,left_knee_joint,left_ankle_pitch_joint,right_hip_pitch_joint,right_hip_roll_joint,right_hip_yaw_joint,right_knee_joint,right_ankle_pitch_joint,right_ankle_roll_joint,waist_yaw_joint",0.0,0.0,0,pelvis,0.0,0.025123574,left_shoulder_roll_link
122,2.44,0.1002681702375412,-0.20440713784254072,-136.18506885341966,73.54404366983803,-129.97457033510543,0.76478344,17.190083,1.2229456901550293,34.560420989990234,36.0,0.5,"left_hip_pitch_joint,left_hip_roll_joint,left_hip_yaw_joint,left_ankle_pitch_joint,left_ankle_roll_joint,right_hip_pitch_joint,right_hip_roll_joint,right_hip_yaw_joint,right_knee_joint,right_ankle_pitch_joint,waist_yaw_joint",0.0,0.0,0,pelvis,0.0,0.04339905,left_shoulder_roll_link
123,2.46,0.10715632140636444,-0.23219249221673044,157.80707878849893,75.47689177660902,159.56287753451463,1.0091188,19.76697,0.9211574792861938,36.66798400878906,36.0,0.5454545454545454,"left_hip_pitch_joint,left_hip_roll_joint,left_hip_yaw_joint,left_knee_joint,left_ankle_pitch_joint,right_hip_pitch_joint,right_hip_roll_joint,right_hip_yaw_joint,right_knee_joint,right_ankle_pitch_joint,right_ankle_roll_joint,waist_yaw_joint",0.0,0.0,0,pelvis,0.0,0.020786162,left_shoulder_roll_link
124,2.48,0.10136651247739792,-0.22406436964982568,-126.67171913328184,67.96495991627191,-123.30058096695271,0.68794525,24.65044,1.3430349826812744,36.4238166809082,36.0,0.5,"left_hip_pitch_joint,left_hip_roll_joint,left_hip_yaw_joint,left_knee_joint,left_ankle_pitch_joint,left_ankle_roll_joint,right_hip_pitch_joint,right_hip_roll_joint,right_knee_joint,right_ankle_pitch_joint,waist_yaw_joint",0.0,0.0,0,pelvis,0.0,0.027273804,left_shoulder_roll_link
125,2.5,0.1033318042755127,-0.2637543215746112,-177.71355588652665,74.69456386316398,-175.47819590829943,0.8253361,21.919756,1.1271480321884155,40.72935485839844,36.0,0.5454545454545454,"left_hip_pitch_joint,left_hip_roll_joint,left_hip_yaw_joint,left_knee_joint,left_ankle_pitch_joint,right_hip_pitch_joint,right_hip_roll_joint,right_hip_yaw_joint,right_knee_joint,right_ankle_pitch_joint,right_ankle_roll_joint,waist_yaw_joint",169.72581,0.0,128.45298767089844,left_ankle_roll_link,169.72581,-0.0055907276,left_shoulder_roll_link
126,2.52,0.09725745767354965,-0.21939568163980994,-121.70360158828349,65.32445089437027,-122.69102479812425,0.8839753,21.399498,1.4522722959518433,36.0304069519043,36.0,0.36363636363636365,"left_hip_pitch_joint,left_hip_roll_joint,left_hip_yaw_joint,left_knee_joint,right_hip_pitch_joint,right_hip_roll_joint,right_ankle_pitch_joint,waist_yaw_joint",80.282135,0.0,0,left_ankle_roll_link,80.282135,0.015685506,left_shoulder_roll_link
127,2.54,0.10288786888122559,-0.264472091847761,178.0263938059182,74.6550994619053,178.4257993652783,1.0022743,24.399925,1.2398102283477783,36.7750358581543,36.0,0.5454545454545454,"left_hip_pitch_joint,left_hip_roll_joint,left_hip_yaw_joint,left_knee_joint,left_ankle_pitch_joint,right_hip_pitch_joint,right_hip_roll_joint,right_hip_yaw_joint,right_knee_joint,right_ankle_pitch_joint,right_ankle_roll_joint,waist_yaw_joint",0.0,0.0,0,pelvis,0.0,-0.003623614,left_shoulder_roll_link
128,2.56,0.08555491268634796,-0.19045055269096522,-127.4451654711592,71.7453532554722,-127.72304106899573,1.1096196,20.657196,1.3107821941375732,36.484249114990234,36.0,0.4090909090909091,"left_hip_pitch_joint,left_hip_roll_joint,left_hip_yaw_joint,left_knee_joint,left_ankle_pitch_joint,left_ankle_roll_joint,right_hip_roll_joint,right_ankle_pitch_joint,waist_yaw_joint",0.0,0.0,0,pelvis,0.0,0.02642634,left_shoulder_roll_link
129,2.58,0.08195780217647552,-0.19978266065889994,142.3146929836535,75.37752132131072,142.680181841665,0.78907704,23.662178,0.865454912185669,36.759212493896484,36.0,0.5,"left_hip_pitch_joint,left_hip_roll_joint,left_hip_yaw_joint,left_knee_joint,left_ankle_pitch_joint,right_hip_roll_joint,right_hip_yaw_joint,right_knee_joint,right_ankle_pitch_joint,right_ankle_roll_joint,waist_yaw_joint",0.0,0.0,0,pelvis,0.0,0.012881346,left_shoulder_roll_link
130,2.6,0.07314686477184296,-0.1720401340542963,-151.66240945395498,78.72819056638671,-151.01222442866268,1.139197,18.150522,1.3202060740441084,32.06561279296875,36.0,0.5,"left_hip_pitch_joint,left_hip_roll_joint,left_hip_yaw_joint,left_knee_joint,left_ankle_pitch_joint,left_ankle_roll_joint,right_hip_pitch_joint,right_hip_roll_joint,right_knee_joint,right_ankle_pitch_joint,waist_yaw_joint",299.68478,0.0,1724.849931716919,right_knee_link,1404.1483,0.015121408,right_shoulder_roll_link
131,2.62,0.07409459352493286,-0.17515562358388737,123.46673590155028,71.48062571268567,126.42227274528452,0.8968105,20.831278,0.9299722909927368,34.11444854736328,36.0,0.45454545454545453,"left_hip_pitch_joint,left_hip_roll_joint,left_hip_yaw_joint,left_knee_joint,right_hip_roll_joint,right_hip_yaw_joint,right_knee_joint,right_ankle_pitch_joint,right_ankle_roll_joint,waist_yaw_joint",0.0,0.0,498.348388671875,left_knee_link,498.3484,0.026411287,left_shoulder_roll_link
132,2.64,0.07474478334188461,-0.17597123894331612,-170.89549563153454,79.73409978881402,-165.33515643863848,1.3844767,21.945263,1.3122844696044922,35.779296875,36.0,0.45454545454545453,"left_hip_pitch_joint,left_hip_roll_joint,left_hip_yaw_joint,left_knee_joint,left_ankle_pitch_joint,right_hip_pitch_joint,right_hip_roll_joint,right_knee_joint,right_ankle_pitch_joint,waist_yaw_joint",367.64294,0.0,169.291015625,left_ankle_roll_link,367.64294,0.01248068,right_shoulder_roll_link
133,2.66,0.07781272381544113,-0.184071358989363,124.5732564422985,71.07214115585147,132.2131078554898,0.68897,20.289738,1.0868380069732666,36.6251220703125,36.0,0.5454545454545454,"left_hip_pitch_joint,left_hip_roll_joint,left_hip_yaw_joint,left_knee_joint,left_ankle_pitch_joint,right_hip_pitch_joint,right_hip_roll_joint,right_hip_yaw_joint,right_knee_joint,right_ankle_pitch_joint,right_ankle_roll_joint,waist_yaw_joint",0.0,0.0,0,pelvis,0.0,0.02636421,left_shoulder_roll_link
134,2.68,0.0737655982375145,-0.17586826610755235,-177.6940542807449,79.86252471092074,-165.4218956867968,1.3906072,18.54392,1.4255871772766113,36.08660888671875,36.0,0.4090909090909091,"left_hip_pitch_joint,left_hip_roll_joint,left_hip_yaw_joint,left_knee_joint,left_ankle_pitch_joint,right_hip_pitch_joint,right_hip_roll_joint,right_ankle_pitch_joint,waist_yaw_joint",0.0,0.0,168.06910705566406,torso_link,168.0691,0.013788732,right_shoulder_roll_link
135,2.7,0.07383771985769272,-0.21032035794340143,129.4237819654435,70.65920748011776,137.2764156476966,0.4102146,20.585987,1.2836437225341797,36.049896240234375,36.0,0.5909090909090909,"left_hip_pitch_joint,left_hip_roll_joint,left_hip_yaw_joint,left_knee_joint,left_ankle_pitch_joint,left_ankle_roll_joint,right_hip_pitch_joint,right_hip_roll_joint,right_hip_yaw_joint,right_knee_joint,right_ankle_pitch_joint,right_ankle_roll_joint,waist_yaw_joint",0.0,0.0,593.7152099609375,torso_link,593.7152,0.020190842,left_shoulder_roll_link
136,2.72,0.07198627293109894,-0.1674796865442909,169.184186517975,80.18266974011563,-172.57544457737794,1.0382073,24.271517,1.1680886205285788,36.081058502197266,36.0,0.45454545454545453,"left_hip_pitch_joint,left_hip_roll_joint,left_hip_yaw_joint,left_knee_joint,left_ankle_pitch_joint,right_hip_pitch_joint,right_hip_roll_joint,right_ankle_pitch_joint,waist_roll_joint,waist_yaw_joint",0.0,0.0,222.3911590576172,torso_link,222.39116,0.014198968,right_shoulder_roll_link
137,2.74,0.06870593130588531,-0.16279570114322883,129.67014744138118,75.22526545394786,142.45585085822069,0.80477995,19.275064,0.9292664583772421,36.55101776123047,36.0,0.6363636363636364,"left_hip_pitch_joint,left_hip_roll_joint,left_hip_yaw_joint,left_knee_joint,left_ankle_pitch_joint,left_ankle_roll_joint,right_hip_pitch_joint,right_hip_roll_joint,right_hip_yaw_joint,right_knee_joint,right_ankle_pitch_joint,right_ankle_roll_joint,waist_roll_joint,waist_yaw_joint",0.0,0.0,0,pelvis,0.0,0.026728379,left_shoulder_roll_link
138,2.7600000000000002,0.0706864520907402,-0.15839940763216065,179.62584589084437,80.88583958392132,-155.91860428627083,1.191811,20.29789,1.4090462382882833,36.083492279052734,36.0,0.45454545454545453,"left_hip_pitch_joint,left_hip_yaw_joint,left_knee_joint,left_ankle_pitch_joint,right_hip_pitch_joint,right_hip_roll_joint,right_knee_joint,right_ankle_pitch_joint,waist_roll_joint,waist_yaw_joint",0.0,0.0,418.15704345703125,torso_link,418.15704,0.012027836,right_shoulder_roll_link
139,2.7800000000000002,0.0636032298207283,-0.12286541459514,125.52041168168707,77.791267266358,144.20209166730808,1.2325442,25.269949,1.2151733096688986,36.08171081542969,36.0,0.6363636363636364,"left_hip_pitch_joint,left_hip_roll_joint,left_hip_yaw_joint,left_knee_joint,left_ankle_pitch_joint,left_ankle_roll_joint,right_hip_pitch_joint,right_hip_roll_joint,right_hip_yaw_joint,right_knee_joint,right_ankle_pitch_joint,right_ankle_roll_joint,waist_roll_joint,waist_yaw_joint",0.0,0.0,0,pelvis,0.0,0.023934774,right_elbow_link
140,2.8000000000000003,0.06995115429162979,-0.1565523565494904,170.41607215115155,80.8646104442096,-168.51465619877538,1.399598,16.168516,1.3329972680658102,36.07281494140625,36.0,0.4090909090909091,"left_hip_pitch_joint,left_hip_yaw_joint,left_ankle_pitch_joint,right_hip_pitch_joint,right_hip_roll_joint,right_knee_joint,right_ankle_pitch_joint,waist_roll_joint,waist_yaw_joint",0.0,0.0,685.3397827148438,torso_link,685.3398,0.011779753,right_shoulder_roll_link
141,2.82,0.07210047543048859,-0.19410328171752633,132.01606195262343,73.14250354435089,147.34586381542294,0.97286,16.184183,1.0390533860772848,37.75373077392578,36.0,0.5454545454545454,"left_hip_pitch_joint,left_hip_roll_joint,left_hip_yaw_joint,left_ankle_pitch_joint,left_ankle_roll_joint,right_hip_pitch_joint,right_hip_roll_joint,right_hip_yaw_joint,right_knee_joint,right_ankle_pitch_joint,right_ankle_roll_joint,waist_yaw_joint",0.0,0.0,0,pelvis,0.0,0.021431327,right_elbow_link
142,2.84,0.07420511543750763,-0.16511326407261073,-164.86714810959893,80.15144741466361,-151.41398269414927,0.7582839,19.82993,1.2192893028259277,36.09208679199219,36.0,0.36363636363636365,"left_hip_pitch_joint,left_hip_yaw_joint,left_knee_joint,left_ankle_pitch_joint,right_hip_roll_joint,right_knee_joint,right_ankle_pitch_joint,waist_yaw_joint",0.0,0.0,230.0475616455078,right_knee_link,230.04756,0.015954651,right_shoulder_roll_link
143,2.86,0.0743853896856308,-0.22903399365577393,134.65162585832547,70.98042293352817,143.3666619675168,1.1384194,24.520256,0.9362949132919312,36.07866287231445,36.0,0.5909090909090909,"left_hip_pitch_joint,left_hip_roll_joint,left_hip_yaw_joint,left_knee_joint,left_ankle_pitch_joint,left_ankle_roll_joint,right_hip_pitch_joint,right_hip_roll_joint,right_hip_yaw_joint,right_knee_joint,right_ankle_pitch_joint,right_ankle_roll_joint,waist_yaw_joint",0.0,0.0,136.1759796142578,torso_link,136.17598,0.020556621,left_shoulder_roll_link
144,2.88,0.07075776159763336,-0.15913575825334902,-151.9522976885359,79.61210481431992,-138.06918211168409,0.6127307,22.78552,1.3372217416763306,36.09044647216797,36.0,0.45454545454545453,"left_hip_pitch_joint,left_hip_roll_joint,left_hip_yaw_joint,left_ankle_pitch_joint,right_hip_pitch_joint,right_hip_roll_joint,right_hip_yaw_joint,right_knee_joint,right_ankle_pitch_joint,waist_yaw_joint",0.0,0.0,0,pelvis,0.0,0.017567651,right_shoulder_roll_link
145,2.9,0.07706864923238754,-0.1853565906319088,144.48502481360174,76.8370539431544,156.2416952182727,0.78299296,20.430555,1.2106527090072632,36.4536247253418,36.0,0.5454545454545454,"left_hip_pitch_joint,left_hip_roll_joint,left_hip_yaw_joint,left_knee_joint,left_ankle_pitch_joint,left_ankle_roll_joint,right_hip_roll_joint,right_hip_yaw_joint,right_knee_joint,right_ankle_pitch_joint,right_ankle_roll_joint,waist_yaw_joint",0.0,0.0,0,pelvis,0.0,0.012990078,left_shoulder_roll_link
146,2.92,0.06572701781988144,-0.16114929173930115,-127.81377849282073,74.76108695922505,-111.74812510801928,0.9124074,23.824133,1.2422986030578613,36.241214752197266,36.0,0.36363636363636365,"left_hip_pitch_joint,left_hip_roll_joint,left_hip_yaw_joint,left_knee_joint,left_ankle_pitch_joint,right_hip_roll_joint,right_ankle_pitch_joint,waist_yaw_joint",0.0,0.0,0,pelvis,0.0,0.021704607,left_shoulder_roll_link
147,2.94,0.07709162682294846,-0.1784410264722358,163.24633378702123,79.26010228724337,-179.46689776431833,0.6454007,17.990448,0.7888493221253157,34.84099578857422,36.0,0.5454545454545454,"left_hip_pitch_joint,left_hip_roll_joint,left_hip_yaw_joint,left_knee_joint,left_ankle_pitch_joint,left_ankle_roll_joint,right_hip_roll_joint,right_hip_yaw_joint,right_knee_joint,right_ankle_pitch_joint,right_ankle_roll_joint,waist_yaw_joint",0.0,0.0,1719.787353515625,left_knee_link,1719.7874,0.01027021,left_shoulder_roll_link
148,2.96,0.08331367373466492,-0.20428034787768468,-132.22479683357776,72.30378447442445,-109.43386339644367,1.5150547,21.828722,1.1683174651116133,37.849185943603516,36.0,0.4090909090909091,"left_hip_pitch_joint,left_hip_roll_joint,left_hip_yaw_joint,left_knee_joint,left_ankle_pitch_joint,right_hip_roll_joint,right_knee_joint,right_ankle_pitch_joint,waist_yaw_joint",282.39417,0.0,0,left_ankle_roll_link,282.39417,0.016643278,left_elbow_link
149,2.98,0.09457148611545563,-0.23092042270892676,-166.61263371573585,76.2685721685789,-141.58630597981752,0.4272408,14.697793,0.8875846862792969,36.54945373535156,36.0,0.5454545454545454,"left_hip_pitch_joint,left_hip_roll_joint,left_hip_yaw_joint,left_knee_joint,left_ankle_pitch_joint,left_ankle_roll_joint,right_hip_roll_joint,right_hip_yaw_joint,right_knee_joint,right_ankle_pitch_joint,right_ankle_roll_joint,waist_yaw_joint",0.0,0.0,0,pelvis,0.0,-0.0018994231,left_shoulder_roll_link
150,3.0,0.09721361100673676,-0.22297810933148554,-125.70846760248388,67.54028920051117,-90.33461777269679,1.8022805,19.150454,1.2138200998306274,36.094261169433594,36.0,0.4090909090909091,"left_hip_pitch_joint,left_hip_roll_joint,left_hip_yaw_joint,left_knee_joint,left_ankle_pitch_joint,right_hip_roll_joint,right_knee_joint,right_ankle_pitch_joint,waist_yaw_joint",0.0,0.0,0,pelvis,0.0,0.016518388,left_shoulder_roll_link
151,3.02,0.10875637829303741,-0.25230040742231097,-148.8632970850601,72.8565197635331,-112.7752768965111,0.47784865,12.016429,1.141072154045105,36.09284973144531,36.0,0.5454545454545454,"left_hip_pitch_joint,left_hip_roll_joint,left_hip_yaw_joint,left_knee_joint,left_ankle_pitch_joint,left_ankle_roll_joint,right_hip_roll_joint,right_hip_yaw_joint,right_knee_joint,right_ankle_pitch_joint,right_ankle_roll_joint,waist_yaw_joint",0.0,0.0,0,pelvis,0.0,-0.0076284,left_shoulder_roll_link
152,3.04,0.08198613673448563,-0.189293440622869,-133.60942607985214,74.07118650453879,-76.42744578931907,1.7172137,34.734047,1.2000061925500631,37.30568313598633,36.0,0.4090909090909091,"left_hip_pitch_joint,left_hip_roll_joint,left_hip_yaw_joint,left_knee_joint,left_ankle_pitch_joint,right_hip_roll_joint,right_ankle_pitch_joint,waist_roll_joint,waist_yaw_joint",202.72165,0.0,0,left_ankle_roll_link,202.72165,0.010787449,left_shoulder_roll_link
153,3.06,0.07906614989042282,-0.18070955302312086,158.0842160066835,78.7677906708851,-139.79993190194867,1.163683,18.751133,0.9455885346978903,36.21174240112305,36.0,0.5454545454545454,"left_hip_pitch_joint,left_hip_roll_joint,left_hip_yaw_joint,left_ankle_pitch_joint,left_ankle_roll_joint,right_hip_pitch_joint,right_hip_roll_joint,right_hip_yaw_joint,right_knee_joint,right_ankle_pitch_joint,right_ankle_roll_joint,waist_roll_joint",76.406715,0.0,76.4067153930664,left_ankle_roll_link,76.406715,0.0029693544,left_shoulder_roll_link
154,3.08,0.058130934834480286,-0.09152397989551453,168.42718021644683,84.63954606050567,-108.48293488468109,1.9750271,35.295773,1.2669701036065817,36.56288528442383,36.0,0.45454545454545453,"left_hip_pitch_joint,left_hip_yaw_joint,left_ankle_pitch_joint,right_hip_pitch_joint,right_hip_roll_joint,right_hip_yaw_joint,right_knee_joint,right_ankle_pitch_joint,waist_roll_joint,waist_yaw_joint",0.0,0.0,0,pelvis,0.0,0.016663149,left_elbow_link
155,3.1,0.04737032949924469,-0.08824739714240337,105.57867198898585,70.81658469780457,-165.740018743114,0.41171557,19.028917,0.9628465827554464,36.13338851928711,36.0,0.6363636363636364,"left_hip_pitch_joint,left_hip_roll_joint,left_hip_yaw_joint,left_knee_joint,left_ankle_pitch_joint,left_ankle_roll_joint,right_hip_pitch_joint,right_hip_roll_joint,right_hip_yaw_joint,right_knee_joint,right_ankle_pitch_joint,right_ankle_roll_joint,waist_roll_joint,waist_yaw_joint",0.0,0.0,0,pelvis,0.0,0.02260256,right_hip_roll_link
156,3.12,0.03723561391234398,-0.005178976811402336,92.78377132358038,83.87856992303607,-159.8982309453071,2.3326368,34.81342,1.2535681184381247,36.75357437133789,36.0,0.5,"left_hip_pitch_joint,left_hip_yaw_joint,left_knee_joint,left_ankle_pitch_joint,right_hip_pitch_joint,right_hip_roll_joint,right_hip_yaw_joint,right_knee_joint,right_ankle_pitch_joint,waist_roll_joint,waist_yaw_joint",0.0,0.0,0,pelvis,0.0,0.017390676,right_elbow_link
157,3.14,0.042497724294662476,-0.02793067968789842,96.29607849889196,75.24490508430998,-146.31007301645616,1.5570539,16.511528,1.079350059852004,36.02204513549805,36.0,0.5909090909090909,"left_hip_pitch_joint,left_hip_roll_joint,left_hip_yaw_joint,left_knee_joint,left_ankle_pitch_joint,left_ankle_roll_joint,right_hip_pitch_joint,right_hip_yaw_joint,right_knee_joint,right_ankle_pitch_joint,right_ankle_roll_joint,waist_roll_joint,waist_yaw_joint",0.0,205.4938,205.49380493164062,right_hip_yaw_link,205.4938,0.010942325,right_elbow_link
158,3.16,0.05122779309749603,-0.06342595124471728,141.7725423059223,85.36892217911262,-93.61263935422929,1.8999442,24.46123,1.1563431303948164,36.07493591308594,36.0,0.5,"left_hip_pitch_joint,left_hip_yaw_joint,left_knee_joint,left_ankle_pitch_joint,right_hip_pitch_joint,right_hip_roll_joint,right_hip_yaw_joint,right_knee_joint,right_ankle_pitch_joint,waist_roll_joint,waist_yaw_joint",0.0,0.0,0,pelvis,0.0,0.02703175,left_elbow_link
159,3.18,0.06189131364226341,-0.10598856156716074,111.8046809825834,73.42069745036228,-111.10503516250675,1.0618349,17.821522,0.7773516830056906,36.7754020690918,36.0,0.5454545454545454,"left_hip_pitch_joint,left_hip_roll_joint,left_hip_yaw_joint,left_knee_joint,left_ankle_pitch_joint,left_ankle_roll_joint,right_hip_pitch_joint,right_hip_yaw_joint,right_knee_joint,right_ankle_pitch_joint,right_ankle_roll_joint,waist_yaw_joint",82.0173,0.0,0,left_ankle_roll_link,82.0173,0.024841841,left_shoulder_roll_link
160,3.2,0.05574025586247444,-0.12388312632484144,157.29809980775704,82.28257660763845,-73.07374514410641,2.30292,19.431614,1.0318132918328047,36.7340087890625,36.0,0.4090909090909091,"left_hip_pitch_joint,left_hip_yaw_joint,left_knee_joint,left_ankle_pitch_joint,right_hip_pitch_joint,right_hip_yaw_joint,right_knee_joint,right_ankle_pitch_joint,waist_yaw_joint",0.0,0.0,0,pelvis,0.0,0.022087734,right_shoulder_roll_link
161,3.22,0.07029897719621658,-0.12439176823679254,109.23910255094194,67.82084955934046,-98.7913600122581,1.8097522,32.84785,0.7191299721598625,36.741756439208984,36.0,0.5454545454545454,"left_hip_pitch_joint,left_hip_yaw_joint,left_knee_joint,left_ankle_pitch_joint,left_ankle_roll_joint,right_hip_pitch_joint,right_hip_roll_joint,right_hip_yaw_joint,right_knee_joint,right_ankle_pitch_joint,right_ankle_roll_joint,waist_yaw_joint",0.0,0.0,137.5755615234375,pelvis,68.78778,0.013530282,left_shoulder_roll_link
162,3.24,0.06948189437389374,-0.13650752862751325,120.36017513375654,74.331005087539,-88.93296080350231,1.5631162,15.297693,0.6373229306191206,36.46289825439453,36.0,0.5454545454545454,"left_hip_pitch_joint,left_hip_yaw_joint,left_knee_joint,left_ankle_pitch_joint,right_hip_pitch_joint,right_hip_roll_joint,right_hip_yaw_joint,right_knee_joint,right_ankle_pitch_joint,waist_roll_joint,waist_yaw_joint,right_shoulder_pitch_joint",0.0,0.0,0,pelvis,0.0,0.02537676,right_shoulder_roll_link
163,3.2600000000000002,0.09196560829877853,-0.13566054144558848,104.42910656890378,57.014703636325656,-87.60257984959811,0.9866689,21.08177,0.7840170785784721,36.4229736328125,36.0,0.5909090909090909,"left_hip_pitch_joint,left_hip_roll_joint,left_hip_yaw_joint,left_knee_joint,left_ankle_pitch_joint,left_ankle_roll_joint,right_hip_pitch_joint,right_hip_roll_joint,right_hip_yaw_joint,right_knee_joint,right_ankle_pitch_joint,right_ankle_roll_joint,waist_yaw_joint",0.0,0.0,0,pelvis,0.0,0.028460791,left_shoulder_roll_link
164,3.2800000000000002,0.07301438599824905,-0.14049235512059655,111.80217118144911,67.7731467229735,-76.10346879982652,1.9122794,16.808308,0.7102063894271851,36.3127555847168,36.0,0.4090909090909091,"left_hip_pitch_joint,left_hip_roll_joint,left_hip_yaw_joint,left_knee_joint,left_ankle_pitch_joint,right_hip_yaw_joint,right_knee_joint,right_ankle_pitch_joint,waist_yaw_joint",0.0,0.0,0,pelvis,0.0,0.013889337,right_shoulder_roll_link
165,3.3000000000000003,0.06913316994905472,-0.12939404339947602,101.62446743450381,50.0464827529214,-74.489671454502,0.6617387,24.30027,0.8919341489672661,36.56881332397461,36.0,0.5,"left_hip_pitch_joint,left_hip_roll_joint,left_hip_yaw_joint,left_knee_joint,left_ankle_pitch_joint,left_ankle_roll_joint,right_hip_pitch_joint,right_hip_yaw_joint,right_ankle_pitch_joint,right_ankle_roll_joint,waist_yaw_joint",0.0,0.0,0,pelvis,0.0,0.010659665,right_elbow_link
166,3.3200000000000003,0.07320722937583923,-0.21432977673584475,121.86048402471198,66.04361572526668,-51.04995895367011,1.2355952,22.921896,0.7168422937393188,36.27001953125,36.0,0.45454545454545453,"left_hip_pitch_joint,left_hip_roll_joint,left_hip_yaw_joint,left_knee_joint,left_ankle_pitch_joint,right_hip_pitch_joint,right_hip_yaw_joint,right_knee_joint,right_ankle_pitch_joint,waist_yaw_joint",231.80054,0.0,946.0439195632935,torso_link,640.9003,0.007501834,right_shoulder_roll_link
167,3.34,0.06315676122903824,-0.12526175864022804,101.36366348835871,50.525756038570734,-56.416413613699206,1.1794796,26.878561,1.0813422948122025,34.61175537109375,36.0,0.45454545454545453,"left_hip_pitch_joint,left_hip_roll_joint,left_hip_yaw_joint,left_knee_joint,right_hip_pitch_joint,right_hip_yaw_joint,right_knee_joint,right_ankle_pitch_joint,right_ankle_roll_joint,waist_roll_joint",0.0,0.0,864.995361328125,left_knee_link,529.90137,0.013908938,right_hip_roll_link
168,3.36,0.07956679910421371,-0.25987923705736593,127.33278071870912,64.62568000615032,-34.35862171954201,1.3700813,23.237406,0.8445458691567183,36.40785598754883,36.0,0.5909090909090909,"left_hip_pitch_joint,left_hip_roll_joint,left_hip_yaw_joint,left_knee_joint,left_ankle_pitch_joint,right_hip_pitch_joint,right_hip_roll_joint,right_hip_yaw_joint,right_knee_joint,right_ankle_pitch_joint,waist_roll_joint,waist_yaw_joint,right_shoulder_roll_joint",0.0,0.0,0,pelvis,0.0,0.0138301365,right_shoulder_roll_link
169,3.38,0.09252674132585526,-0.23812521673091447,111.08683106625908,48.55818414766231,-37.68112555288393,1.1713208,25.16544,1.2039943486452103,36.52143478393555,36.0,0.45454545454545453,"left_hip_roll_joint,left_hip_yaw_joint,left_knee_joint,left_ankle_pitch_joint,left_ankle_roll_joint,right_hip_pitch_joint,right_hip_yaw_joint,right_knee_joint,right_ankle_pitch_joint,right_ankle_roll_joint",0.0,0.0,0,pelvis,0.0,0.012891861,left_shoulder_roll_link
170,3.4,0.10646006464958191,-0.3509939586699691,139.39055588970893,62.46161549425599,-11.710525408857492,1.4339339,23.137028,0.9529480617493391,36.09033203125,36.0,0.5,"left_hip_pitch_joint,left_hip_roll_joint,left_hip_yaw_joint,left_knee_joint,left_ankle_pitch_joint,right_hip_pitch_joint,right_hip_roll_joint,right_knee_joint,right_ankle_pitch_joint,waist_roll_joint,waist_yaw_joint",0.0,0.0,0,pelvis,0.0,0.013050845,right_shoulder_roll_link
171,3.42,0.11721421033143997,-0.33947430034975623,119.62462313496317,46.62611503063088,-23.9292018983119,1.1785911,26.689829,1.3379115611314774,36.467620849609375,36.0,0.5,"left_hip_roll_joint,left_hip_yaw_joint,left_knee_joint,left_ankle_pitch_joint,left_ankle_roll_joint,right_hip_pitch_joint,right_hip_roll_joint,right_hip_yaw_joint,right_knee_joint,right_ankle_pitch_joint,right_ankle_roll_joint",0.0,0.0,0,pelvis,0.0,0.0071595665,left_shoulder_roll_link
172,3.44,0.11938023567199707,-0.4136898517566241,139.21485449101758,56.88184452877996,-7.685927276976531,1.1117858,19.5367,1.080317571759224,36.259124755859375,36.0,0.5,"left_hip_pitch_joint,left_hip_roll_joint,left_hip_yaw_joint,left_knee_joint,left_ankle_pitch_joint,right_hip_pitch_joint,right_hip_roll_joint,right_knee_joint,right_ankle_pitch_joint,waist_roll_joint,waist_yaw_joint",0.0,0.0,0,pelvis,0.0,0.008438127,right_shoulder_roll_link
173,3.46,0.12362545728683472,-0.4337814833349398,123.99515972849886,39.12012293907274,-16.250483078601096,0.83073837,23.18046,1.4774542599916458,36.07372283935547,36.0,0.5,"left_hip_roll_joint,left_hip_yaw_joint,left_knee_joint,left_ankle_pitch_joint,left_ankle_roll_joint,right_hip_roll_joint,right_hip_yaw_joint,right_knee_joint,right_ankle_pitch_joint,right_ankle_roll_joint,waist_roll_joint",0.0,0.0,0,pelvis,0.0,0.012152623,right_shoulder_roll_link
174,3.48,0.1293417364358902,-0.46328373510573506,139.77722707985365,52.64454398643027,0.3624313989699559,1.662011,22.672403,1.3279654532670975,38.585693359375,36.0,0.5454545454545454,"left_hip_pitch_joint,left_hip_roll_joint,left_hip_yaw_joint,left_knee_joint,left_ankle_pitch_joint,right_hip_pitch_joint,right_hip_roll_joint,right_hip_yaw_joint,right_knee_joint,right_ankle_pitch_joint,waist_roll_joint,waist_yaw_joint",0.0,0.0,201.01246643066406,torso_link,201.01247,0.001052713,right_shoulder_roll_link
175,3.5,0.14153127372264862,-0.5329770816563895,134.47947325968883,40.47531504671162,-13.630219497041702,1.1077541,23.496738,1.167506292462349,36.02550506591797,36.0,0.45454545454545453,"left_hip_pitch_joint,left_hip_roll_joint,left_knee_joint,left_ankle_pitch_joint,left_ankle_roll_joint,right_hip_roll_joint,right_hip_yaw_joint,right_knee_joint,right_ankle_pitch_joint,right_ankle_roll_joint",0.0,0.0,0,pelvis,0.0,0.011271134,left_shoulder_roll_link
176,3.52,0.14151744544506073,-0.4253605878348026,136.39737120550535,54.02718850922405,2.9430097067472683,0.93890315,30.672848,1.4573616981506348,36.3061637878418,36.0,0.5,"left_hip_pitch_joint,left_hip_roll_joint,left_hip_yaw_joint,left_knee_joint,left_ankle_pitch_joint,right_hip_pitch_joint,right_hip_roll_joint,right_hip_yaw_joint,right_knee_joint,right_ankle_pitch_joint,waist_yaw_joint",0.0,0.0,0,pelvis,0.0,0.008318109,left_shoulder_roll_link
177,3.54,0.13263541460037231,-0.41228313444146103,134.66843181987346,54.09378161826127,-11.286467389255787,1.1664777,25.735235,1.2208505868911743,36.083587646484375,36.0,0.5454545454545454,"left_hip_roll_joint,left_hip_yaw_joint,left_knee_joint,left_ankle_pitch_joint,left_ankle_roll_joint,right_hip_roll_joint,right_hip_yaw_joint,right_knee_joint,right_ankle_pitch_joint,right_ankle_roll_joint,waist_roll_joint,waist_yaw_joint",0.0,0.0,0,pelvis,0.0,-0.0037702285,left_shoulder_roll_link
178,3.56,0.13189655542373657,-0.31114436850682425,126.65375760002483,58.58729560281196,-2.6171638700571704,0.4619866,21.56857,1.401323914527893,32.334346771240234,36.0,0.45454545454545453,"left_hip_roll_joint,left_hip_yaw_joint,left_knee_joint,left_ankle_pitch_joint,right_hip_pitch_joint,right_hip_roll_joint,right_hip_yaw_joint,right_ankle_pitch_joint,waist_roll_joint,waist_yaw_joint",0.0,0.0,0,pelvis,0.0,0.009474127,left_shoulder_roll_link
179,3.58,0.13144810497760773,-0.40885174724129714,146.2499753838598,60.54614070862085,3.8064699552978607,0.21723503,18.187565,1.0757328271865845,36.24482727050781,36.0,0.45454545454545453,"left_hip_roll_joint,left_hip_yaw_joint,left_knee_joint,left_ankle_pitch_joint,left_ankle_roll_joint,right_hip_yaw_joint,right_knee_joint,right_ankle_pitch_joint,right_ankle_roll_joint,waist_yaw_joint",0.0,0.0,413.21435546875,torso_link,413.21436,-0.0055056456,left_shoulder_roll_link
180,3.6,0.14290226995944977,-0.4100233180579256,162.3035752164955,64.50772691515635,37.37667508621211,1.0474875,31.868784,1.2623748779296875,36.041259765625,36.0,0.5,"left_hip_pitch_joint,left_hip_roll_joint,left_hip_yaw_joint,left_knee_joint,left_ankle_pitch_joint,right_hip_pitch_joint,right_hip_roll_joint,right_hip_yaw_joint,right_ankle_pitch_joint,waist_roll_joint,waist_yaw_joint",0.0,0.0,0,pelvis,0.0,0.011715036,left_shoulder_roll_link
181,3.62,0.11475569009780884,-0.29600161972499706,143.76711779032658,68.47145080863396,14.426899424649239,1.926272,18.223528,0.6711556911468506,36.135711669921875,36.0,0.6363636363636364,"left_hip_pitch_joint,left_hip_roll_joint,left_hip_yaw_joint,left_knee_joint,left_ankle_pitch_joint,left_ankle_roll_joint,right_hip_pitch_joint,right_hip_roll_joint,right_hip_yaw_joint,right_knee_joint,right_ankle_pitch_joint,right_ankle_roll_joint,waist_roll_joint,waist_yaw_joint",0.0,0.0,0,pelvis,0.0,0.002997227,left_shoulder_roll_link
182,3.64,0.1289227306842804,-0.35197130028022805,-156.0181375558882,67.34219460936468,87.63143748375842,1.8266517,33.473873,1.1951227188110352,36.14500427246094,36.0,0.5,"left_hip_pitch_joint,left_hip_roll_joint,left_hip_yaw_joint,left_knee_joint,left_ankle_pitch_joint,right_hip_pitch_joint,right_hip_yaw_joint,right_knee_joint,right_ankle_pitch_joint,waist_roll_joint,waist_yaw_joint",0.0,0.0,0,pelvis,0.0,0.010148521,left_shoulder_roll_link
183,3.66,0.11458070576190948,-0.27299426399362403,-145.81391290631313,70.73029523191917,89.49024010620737,1.8909022,20.42502,0.8937194347381592,36.84357833862305,36.0,0.6363636363636364,"left_hip_pitch_joint,left_hip_roll_joint,left_hip_yaw_joint,left_knee_joint,left_ankle_pitch_joint,left_ankle_roll_joint,right_hip_pitch_joint,right_hip_roll_joint,right_hip_yaw_joint,right_knee_joint,right_ankle_pitch_joint,right_ankle_roll_joint,waist_roll_joint,waist_yaw_joint",292.4846,292.4846,0,left_ankle_roll_link,292.4846,-0.021037247,left_shoulder_roll_link
184,3.68,0.12342062592506409,-0.24544509487886046,-116.2938119267882,56.35234986514686,121.29855376066396,1.8614637,26.047441,1.317621111869812,36.089359283447266,36.0,0.45454545454545453,"left_hip_pitch_joint,left_hip_roll_joint,left_hip_yaw_joint,left_knee_joint,right_hip_pitch_joint,right_hip_roll_joint,right_hip_yaw_joint,right_ankle_pitch_joint,waist_roll_joint,waist_yaw_joint",122.03143,122.03143,0,left_ankle_roll_link,122.03143,-0.009867845,left_shoulder_roll_link
185,3.7,0.11104150861501694,-0.21598732723431624,-115.05198079133133,59.33102324121502,126.28443503178754,1.8302047,17.607769,1.048423171043396,36.51467514038086,36.0,0.5454545454545454,"left_hip_pitch_joint,left_hip_roll_joint,left_hip_yaw_joint,left_knee_joint,left_ankle_roll_joint,right_hip_pitch_joint,right_hip_roll_joint,right_hip_yaw_joint,right_knee_joint,right_ankle_pitch_joint,right_ankle_roll_joint,waist_yaw_joint",0.0,0.0,1389.15966796875,torso_link,1389.1597,-0.03514137,left_shoulder_roll_link
186,3.72,0.11358118057250977,-0.185351750082015,-105.80542609730608,47.116397406846374,137.2553997109752,1.7513436,21.255192,1.349317193031311,37.069297790527344,36.0,0.4090909090909091,"left_hip_pitch_joint,left_hip_roll_joint,left_hip_yaw_joint,left_knee_joint,left_ankle_pitch_joint,right_hip_pitch_joint,right_hip_yaw_joint,right_ankle_pitch_joint,waist_yaw_joint",0.0,0.0,0,pelvis,0.0,-0.02376036,left_shoulder_roll_link
187,3.74,0.09217307716608047,-0.12156558507058435,-102.07430681984178,54.46833508890028,140.24290873521156,2.1619136,18.470846,0.9394196271896362,36.704586029052734,36.0,0.5454545454545454,"left_hip_pitch_joint,left_hip_roll_joint,left_hip_yaw_joint,left_knee_joint,left_ankle_pitch_joint,left_ankle_roll_joint,right_hip_pitch_joint,right_hip_roll_joint,right_hip_yaw_joint,right_knee_joint,right_ankle_pitch_joint,waist_yaw_joint",9.846303,0.0,132.9671630859375,torso_link,132.96716,-0.042953152,left_shoulder_roll_link
188,3.7600000000000002,0.09370116144418716,-0.08567596684738987,-96.57082598140327,41.52117748935068,143.43267021888536,2.4318016,20.074972,1.3560492992401123,34.914371490478516,36.0,0.5909090909090909,"left_hip_pitch_joint,left_hip_roll_joint,left_hip_yaw_joint,left_knee_joint,left_ankle_pitch_joint,left_ankle_roll_joint,right_hip_pitch_joint,right_hip_roll_joint,right_hip_yaw_joint,right_knee_joint,right_ankle_pitch_joint,waist_yaw_joint,left_shoulder_pitch_joint",0.0,0.0,931.0224113464355,left_knee_link,554.9043,-0.026699694,left_shoulder_roll_link
189,3.7800000000000002,0.09813600033521652,-0.16969534479043347,-104.83866996585472,48.50013551596261,140.6136429628323,1.3656327,18.467846,1.022110104560852,36.847633361816406,36.0,0.5454545454545454,"left_hip_pitch_joint,left_hip_yaw_joint,left_knee_joint,left_ankle_pitch_joint,left_ankle_roll_joint,right_hip_pitch_joint,right_hip_roll_joint,right_hip_yaw_joint,right_knee_joint,right_ankle_pitch_joint,right_ankle_roll_joint,waist_yaw_joint",0.0,0.0,0,pelvis,0.0,-0.04619669,left_shoulder_roll_link
190,3.8000000000000003,0.10145431011915207,-0.03273022482685839,-92.420795172922,39.204495281560455,139.24486552995913,1.9686198,17.61404,1.4152358770370483,36.81038284301758,36.0,0.45454545454545453,"left_hip_pitch_joint,left_hip_yaw_joint,left_knee_joint,left_ankle_pitch_joint,left_ankle_roll_joint,right_hip_yaw_joint,right_knee_joint,right_ankle_pitch_joint,waist_yaw_joint,left_shoulder_pitch_joint",0.0,0.0,0,pelvis,0.0,-0.036640078,left_shoulder_roll_link
191,3.8200000000000003,0.09185925871133804,-0.20882803679413797,-107.51978722269816,46.076296097917094,140.22004987210119,2.1758232,26.605663,0.9757710695266724,36.00838088989258,36.0,0.5909090909090909,"left_hip_pitch_joint,left_hip_roll_joint,left_hip_yaw_joint,left_knee_joint,left_ankle_pitch_joint,left_ankle_roll_joint,right_hip_pitch_joint,right_hip_roll_joint,right_hip_yaw_joint,right_knee_joint,right_ankle_pitch_joint,right_ankle_roll_joint,waist_yaw_joint",0.0,0.0,0,pelvis,0.0,-0.050679013,left_shoulder_roll_link
192,3.84,0.08421690762042999,-0.10323458862078105,-97.55077136886388,38.22162847754249,139.44219575173247,2.4481864,17.404497,1.37937331199646,36.360294342041016,36.0,0.5454545454545454,"left_hip_pitch_joint,left_hip_yaw_joint,left_knee_joint,left_ankle_pitch_joint,left_ankle_roll_joint,right_hip_pitch_joint,right_hip_yaw_joint,right_knee_joint,right_ankle_pitch_joint,waist_roll_joint,waist_yaw_joint,left_shoulder_pitch_joint",0.0,0.0,7002.678955078125,left_hip_yaw_link,4668.4526,-0.052473128,left_elbow_link
193,3.86,0.08925977349281311,-0.24794029296062092,-113.05302070464057,50.71525645189402,137.76432751395535,1.3575335,19.13168,0.9425826072692871,36.137176513671875,36.0,0.6363636363636364,"left_hip_pitch_joint,left_hip_roll_joint,left_knee_joint,left_ankle_pitch_joint,left_ankle_roll_joint,right_hip_pitch_joint,right_hip_roll_joint,right_hip_yaw_joint,right_knee_joint,right_ankle_pitch_joint,right_ankle_roll_joint,waist_roll_joint,waist_yaw_joint,left_shoulder_roll_joint",0.0,0.0,0,pelvis,0.0,-0.05920919,left_shoulder_roll_link
194,3.88,0.10424420982599258,-0.2183222677674692,-106.74164622959903,40.71932316771211,140.90168767259124,2.3633676,18.818499,1.1673184633255005,36.35951614379883,36.0,0.4090909090909091,"left_hip_pitch_joint,left_hip_yaw_joint,left_knee_joint,left_ankle_pitch_joint,left_ankle_roll_joint,right_hip_yaw_joint,right_ankle_pitch_joint,waist_yaw_joint,left_shoulder_pitch_joint",0.0,0.0,0,pelvis,0.0,-0.045864146,left_shoulder_roll_link
195,3.9,0.11459466814994812,-0.311653702561566,-121.11872288717093,52.91281992443262,136.3844296069233,1.1955194,26.45905,0.7724832594394684,36.08203887939453,36.0,0.5909090909090909,"left_hip_pitch_joint,left_hip_yaw_joint,left_knee_joint,left_ankle_pitch_joint,left_ankle_roll_joint,right_hip_pitch_joint,right_hip_roll_joint,right_hip_yaw_joint,right_knee_joint,right_ankle_pitch_joint,right_ankle_roll_joint,waist_yaw_joint,left_shoulder_roll_joint",0.0,0.0,112.05963134765625,torso_link,112.05963,-0.05939708,left_shoulder_roll_link
196,3.92,0.11015959084033966,-0.10268803396520987,-98.2169921502547,44.070237442697305,146.08268445713034,1.5526104,30.17911,1.1620880365371704,36.00882339477539,36.0,0.5,"left_hip_pitch_joint,left_hip_roll_joint,left_hip_yaw_joint,left_ankle_pitch_joint,left_ankle_roll_joint,right_hip_yaw_joint,right_knee_joint,right_ankle_pitch_joint,waist_roll_joint,waist_yaw_joint,left_shoulder_pitch_joint",0.0,0.0,0,pelvis,0.0,-0.037675295,left_shoulder_roll_link
197,3.94,0.11790864169597626,-0.2761135080232009,-123.64831440634364,60.11135573591079,129.3505337161922,1.09319,32.652203,0.7105349600315094,36.060325622558594,36.0,0.6818181818181818,"left_hip_pitch_joint,left_hip_roll_joint,left_hip_yaw_joint,left_knee_joint,left_ankle_pitch_joint,left_ankle_roll_joint,right_hip_pitch_joint,right_hip_roll_joint,right_hip_yaw_joint,right_knee_joint,right_ankle_pitch_joint,right_ankle_roll_joint,waist_roll_joint,waist_yaw_joint,left_shoulder_roll_joint",0.0,0.0,0,pelvis,0.0,-0.05283855,left_shoulder_roll_link
198,3.96,0.09453898668289185,-0.1596826768441506,-104.50358479346589,50.38637356157251,148.15625362104254,1.8098202,22.670603,1.0847408771514893,36.02052688598633,36.0,0.5,"left_hip_pitch_joint,left_hip_roll_joint,left_hip_yaw_joint,left_knee_joint,left_ankle_pitch_joint,left_ankle_roll_joint,right_hip_yaw_joint,right_knee_joint,right_ankle_pitch_joint,waist_roll_joint,waist_yaw_joint",0.0,0.0,0,pelvis,0.0,-0.029098356,left_shoulder_roll_link
199,3.98,0.08301112055778503,-0.14700117845902838,-116.25438396730621,70.59077310495184,137.23629203850155,1.189155,26.88046,0.8178004026412964,35.628543853759766,36.0,0.5454545454545454,"left_hip_pitch_joint,left_hip_roll_joint,left_hip_yaw_joint,left_knee_joint,left_ankle_pitch_joint,left_ankle_roll_joint,right_hip_roll_joint,right_hip_yaw_joint,right_knee_joint,right_ankle_pitch_joint,right_ankle_roll_joint,waist_yaw_joint",0.0,0.0,1747.07568359375,torso_link,1747.0757,-0.03919641,left_shoulder_roll_link
200,4.0,0.06682640314102173,-0.07713474800630316,-99.11925187539684,60.877002807682,156.01113153405416,1.794058,15.6116,1.2008973360061646,36.07843017578125,36.0,0.4090909090909091,"left_hip_yaw_joint,left_knee_joint,left_ankle_pitch_joint,left_ankle_roll_joint,right_hip_roll_joint,right_hip_yaw_joint,right_knee_joint,right_ankle_pitch_joint,waist_yaw_joint",0.0,0.0,0,pelvis,0.0,-0.01409474,left_elbow_link
201,4.0200000000000005,0.0720696896314621,-0.09056240917900737,-121.86198645856656,80.12141375986766,128.93637691487672,1.3330697,25.68391,1.099900484085083,36.07179641723633,36.0,0.5454545454545454,"left_hip_pitch_joint,left_hip_roll_joint,left_hip_yaw_joint,left_knee_joint,left_ankle_pitch_joint,left_ankle_roll_joint,right_hip_roll_joint,right_hip_yaw_joint,right_knee_joint,right_ankle_pitch_joint,right_ankle_roll_joint,waist_yaw_joint",0.0,0.0,0,pelvis,0.0,-0.021708354,left_shoulder_roll_link
202,4.04,0.0480848103761673,-0.04278846974217032,-98.10421040854416,72.3308283679575,157.81907431082195,2.107137,18.672192,1.1046400349587202,36.11250686645508,36.0,0.45454545454545453,"left_hip_pitch_joint,left_hip_roll_joint,left_hip_yaw_joint,left_knee_joint,left_ankle_pitch_joint,left_ankle_roll_joint,right_hip_pitch_joint,right_hip_roll_joint,right_ankle_pitch_joint,waist_yaw_joint",0.0,0.0,0,pelvis,0.0,-0.006475799,left_elbow_link
203,4.0600000000000005,0.052851028740406036,-0.05574650613846899,110.89950713447945,81.00950687797506,1.6179404786617269,1.6149409,30.594698,0.9261375591158867,36.044620513916016,36.0,0.5454545454545454,"left_hip_pitch_joint,left_hip_roll_joint,left_hip_yaw_joint,left_knee_joint,left_ankle_pitch_joint,left_ankle_roll_joint,right_hip_pitch_joint,right_hip_roll_joint,right_hip_yaw_joint,right_ankle_pitch_joint,right_ankle_roll_joint,waist_yaw_joint",0.0,0.0,157.82625579833984,torso_link,80.15007,-0.002242921,left_shoulder_roll_link
204,4.08,0.08352433145046234,-0.20279049753345824,-169.8622153693303,78.11156940335758,78.80430987514578,1.2947481,15.50216,1.2386589329689741,36.1186637878418,36.0,0.5,"left_hip_pitch_joint,left_hip_roll_joint,left_hip_yaw_joint,left_knee_joint,left_ankle_pitch_joint,left_ankle_roll_joint,right_hip_roll_joint,right_hip_yaw_joint,right_knee_joint,right_ankle_pitch_joint,waist_yaw_joint",0.0,0.0,0,pelvis,0.0,0.010560706,left_elbow_link
205,4.1,0.09326276183128357,-0.22399731710827986,120.40594216962491,63.731725651459726,11.67905208841711,1.2545508,27.158405,1.0615879222750664,36.07986068725586,36.0,0.5454545454545454,"left_hip_roll_joint,left_hip_yaw_joint,left_knee_joint,left_ankle_pitch_joint,left_ankle_roll_joint,right_hip_pitch_joint,right_hip_roll_joint,right_hip_yaw_joint,right_knee_joint,right_ankle_pitch_joint,right_ankle_roll_joint,waist_yaw_joint",0.0,0.0,0,pelvis,0.0,0.01089696,left_shoulder_roll_link
206,4.12,0.09770193696022034,-0.27164394960830585,147.68017040081537,71.24978688209936,32.55966757173347,1.2508345,17.040573,1.3237552922219038,36.14812469482422,36.0,0.45454545454545453,"left_hip_roll_joint,left_hip_yaw_joint,left_knee_joint,left_ankle_pitch_joint,left_ankle_roll_joint,right_hip_pitch_joint,right_hip_roll_joint,right_knee_joint,right_ankle_pitch_joint,waist_yaw_joint",0.0,0.0,0,pelvis,0.0,0.005283354,right_shoulder_roll_link
207,4.14,0.09859450906515121,-0.2137923255505143,110.13912708361795,51.61472657835272,1.2184855714149927,1.3775449,29.858181,1.1883412525057793,36.1478157043457,36.0,0.5454545454545454,"left_hip_roll_joint,left_hip_yaw_joint,left_knee_joint,left_ankle_pitch_joint,left_ankle_roll_joint,right_hip_pitch_joint,right_hip_roll_joint,right_hip_yaw_joint,right_knee_joint,right_ankle_pitch_joint,right_ankle_roll_joint,waist_yaw_joint",0.0,32.621,32.62099838256836,right_knee_link,32.621,0.014280076,right_shoulder_roll_link
208,4.16,0.09691300243139267,-0.25478018019013327,129.08658702894306,66.16547634641867,14.576539299721928,1.5083597,27.333368,1.3736030142754316,36.15718078613281,36.0,0.5,"left_hip_roll_joint,left_hip_yaw_joint,left_knee_joint,left_ankle_pitch_joint,left_ankle_roll_joint,right_hip_pitch_joint,right_hip_roll_joint,right_knee_joint,right_ankle_pitch_joint,waist_roll_joint,waist_yaw_joint",0.0,2.813207,2.813206911087036,right_ankle_roll_link,2.813207,-0.0043233465,right_shoulder_roll_link
209,4.18,0.0930865928530693,-0.17294378450393033,107.39289205313929,54.65085241551315,-2.455910546703418,1.2775636,23.382624,1.285175196826458,36.119529724121094,36.0,0.5909090909090909,"left_hip_roll_joint,left_hip_yaw_joint,left_knee_joint,left_ankle_pitch_joint,left_ankle_roll_joint,right_hip_pitch_joint,right_hip_roll_joint,right_hip_yaw_joint,right_knee_joint,right_ankle_pitch_joint,right_ankle_roll_joint,waist_roll_joint,waist_yaw_joint",0.0,0.0,0,pelvis,0.0,0.029444277,right_shoulder_roll_link
210,4.2,0.09069669246673584,-0.20695709215719127,128.33791287775776,70.51004382507631,13.665085370982709,1.5390266,27.597057,1.2435083668679,36.180362701416016,36.0,0.4090909090909091,"left_hip_roll_joint,left_hip_yaw_joint,left_knee_joint,left_ankle_pitch_joint,left_ankle_roll_joint,right_hip_pitch_joint,right_knee_joint,right_ankle_pitch_joint,waist_yaw_joint",0.0,0.0,0,pelvis,0.0,0.013175832,right_shoulder_roll_link
211,4.22,0.07185757160186768,-0.11703386731538679,104.60167904920246,62.33896735243688,-7.352526227191987,1.8144478,22.147783,1.3463802263140678,36.13533401489258,36.0,0.5454545454545454,"left_hip_roll_joint,left_knee_joint,left_ankle_pitch_joint,left_ankle_roll_joint,right_hip_pitch_joint,right_hip_roll_joint,right_hip_yaw_joint,right_knee_joint,right_ankle_pitch_joint,right_ankle_roll_joint,waist_roll_joint,waist_yaw_joint",0.0,0.0,0,pelvis,0.0,0.026157573,right_hip_roll_link
212,4.24,0.07170228660106659,-0.1555968653881994,142.63535217845256,78.71023042697657,27.6923423454874,1.6078595,25.909311,1.242169976234436,36.212223052978516,36.0,0.5,"left_hip_pitch_joint,left_hip_roll_joint,left_hip_yaw_joint,left_knee_joint,left_ankle_pitch_joint,left_ankle_roll_joint,right_hip_pitch_joint,right_knee_joint,right_ankle_pitch_joint,waist_yaw_joint,left_shoulder_pitch_joint",0.0,0.0,0,pelvis,0.0,0.021012181,right_shoulder_roll_link
213,4.26,0.05662764236330986,-0.11899595059402834,113.09164110243194,72.33781266873035,-0.7366846093899155,0.811808,8.977366,1.2433084174990654,33.84309768676758,36.0,0.5454545454545454,"left_hip_pitch_joint,left_hip_roll_joint,left_ankle_pitch_joint,left_ankle_roll_joint,right_hip_pitch_joint,right_hip_roll_joint,right_hip_yaw_joint,right_knee_joint,right_ankle_pitch_joint,right_ankle_roll_joint,waist_yaw_joint,left_shoulder_roll_joint",0.0,0.0,1375.67041015625,right_hip_yaw_link,1375.6704,0.018217996,left_shoulder_roll_link
214,4.28,0.0755157545208931,-0.16447362485340022,156.3257522818366,79.65431984505702,37.63110385262127,1.7059875,14.699112,1.1841857433319092,36.148765563964844,36.0,0.4090909090909091,"left_hip_yaw_joint,left_knee_joint,left_ankle_pitch_joint,left_ankle_roll_joint,right_hip_pitch_joint,right_hip_yaw_joint,right_knee_joint,right_ankle_pitch_joint,waist_yaw_joint",0.0,0.0,337.42791748046875,right_knee_link,337.42792,0.025755126,right_shoulder_roll_link
215,4.3,0.082736074924469,-0.19078363213650285,118.55099059058152,66.47318671742232,0.18725301889331888,2.1663532,16.542099,1.33994971960783,36.10085678100586,36.0,0.5909090909090909,"left_hip_pitch_joint,left_hip_yaw_joint,left_knee_joint,left_ankle_pitch_joint,left_ankle_roll_joint,right_hip_pitch_joint,right_hip_roll_joint,right_hip_yaw_joint,right_knee_joint,right_ankle_pitch_joint,right_ankle_roll_joint,waist_roll_joint,waist_yaw_joint",0.0,0.0,0,pelvis,0.0,0.04003448,left_shoulder_roll_link
216,4.32,0.10796960443258286,-0.26201329807863694,177.92351865927597,74.80022865608083,53.73461908954876,1.9115283,24.41752,1.281345248222351,36.654842376708984,36.0,0.5454545454545454,"left_hip_roll_joint,left_hip_yaw_joint,left_knee_joint,left_ankle_pitch_joint,left_ankle_roll_joint,right_hip_pitch_joint,right_hip_roll_joint,right_hip_yaw_joint,right_knee_joint,right_ankle_pitch_joint,waist_yaw_joint,left_shoulder_pitch_joint",442.8354,0.0,0,left_ankle_roll_link,442.8354,0.01870697,right_shoulder_roll_link
217,4.34,0.10634427517652512,-0.25953298571702277,139.51680656004268,70.04859792863076,20.95140892110104,1.7186238,11.442431,1.4558771774172783,32.34172821044922,36.0,0.45454545454545453,"left_hip_pitch_joint,left_hip_roll_joint,left_knee_joint,right_hip_pitch_joint,right_hip_roll_joint,right_hip_yaw_joint,right_knee_joint,right_ankle_pitch_joint,right_ankle_roll_joint,waist_yaw_joint",0.0,0.0,0,pelvis,0.0,0.027521672,left_shoulder_roll_link
218,4.36,0.13008812069892883,-0.3591156727838012,-148.99201484209482,65.22905079740241,94.83454309267496,1.7759495,25.05978,1.4011057615280151,36.0174446105957,36.0,0.45454545454545453,"left_hip_pitch_joint,left_hip_roll_joint,left_hip_yaw_joint,left_knee_joint,right_hip_pitch_joint,right_hip_yaw_joint,right_knee_joint,right_ankle_pitch_joint,waist_roll_joint,waist_yaw_joint",0.0,0.0,0,pelvis,0.0,0.022051407,right_shoulder_roll_link
219,4.38,0.12925636768341064,-0.37496297973080495,174.16773664754928,67.85736636425254,67.03953986380859,1.6209564,20.707659,1.4256142303347588,35.31977462768555,36.0,0.5909090909090909,"left_hip_pitch_joint,left_hip_roll_joint,left_hip_yaw_joint,left_knee_joint,left_ankle_pitch_joint,left_ankle_roll_joint,right_hip_pitch_joint,right_hip_roll_joint,right_hip_yaw_joint,right_knee_joint,right_ankle_pitch_joint,right_ankle_roll_joint,waist_yaw_joint",0.0,0.0,0,pelvis,0.0,-0.006536722,left_shoulder_roll_link
220,4.4,0.1412699967622757,-0.38142451917873643,-136.787236931405,58.442917004410525,108.14565300211763,1.7661014,25.54717,1.513237714767456,35.999759674072266,36.0,0.5,"left_hip_roll_joint,left_hip_yaw_joint,left_knee_joint,left_ankle_pitch_joint,right_hip_pitch_joint,right_hip_roll_joint,right_hip_yaw_joint,right_knee_joint,right_ankle_pitch_joint,waist_roll_joint,waist_yaw_joint",0.0,0.0,0,pelvis,0.0,0.009289321,left_shoulder_roll_link
221,4.42,0.13829706609249115,-0.4029767683825014,-158.388187623187,64.31343342528578,95.23545765793615,1.4454132,20.373592,1.4455563947558403,35.66101837158203,36.0,0.5909090909090909,"left_hip_pitch_joint,left_hip_roll_joint,left_knee_joint,left_ankle_pitch_joint,left_ankle_roll_joint,right_hip_pitch_joint,right_hip_roll_joint,right_hip_yaw_joint,right_knee_joint,right_ankle_pitch_joint,right_ankle_roll_joint,waist_roll_joint,waist_yaw_joint",0.0,0.0,698.1878051757812,torso_link,698.1878,-0.021440867,left_shoulder_roll_link
222,4.44,0.1349983811378479,-0.3230181754908088,-121.96501774685193,52.3991016037721,129.5896361082491,1.5821342,23.256235,1.3166581392288208,35.9584846496582,36.0,0.4090909090909091,"left_hip_roll_joint,left_hip_yaw_joint,left_knee_joint,left_ankle_pitch_joint,right_hip_roll_joint,right_hip_yaw_joint,right_ankle_pitch_joint,waist_roll_joint,waist_yaw_joint",0.0,0.0,0,pelvis,0.0,-0.002241917,left_shoulder_roll_link
223,4.46,0.14287659525871277,-0.4008300445512134,-148.4496903629315,61.94244244604066,111.63860575309681,0.96593565,22.424427,1.446448676288128,35.71029281616211,36.0,0.5,"left_hip_roll_joint,left_knee_joint,left_ankle_pitch_joint,left_ankle_roll_joint,right_hip_pitch_joint,right_hip_roll_joint,right_hip_yaw_joint,right_knee_joint,right_ankle_pitch_joint,right_ankle_roll_joint,waist_yaw_joint",0.0,0.0,0,pelvis,0.0,-0.03026695,left_shoulder_roll_link
224,4.48,0.12862886488437653,-0.27838897356947,-115.53486722594846,49.77256033638298,141.44410267891348,2.1102536,21.969454,1.1680259704589844,35.41737747192383,36.0,0.5,"left_hip_pitch_joint,left_hip_roll_joint,left_hip_yaw_joint,left_knee_joint,left_ankle_pitch_joint,right_hip_roll_joint,right_hip_yaw_joint,right_knee_joint,right_ankle_pitch_joint,waist_roll_joint,waist_yaw_joint",0.0,0.0,0,pelvis,0.0,-0.012200158,left_shoulder_roll_link
225,4.5,0.13276712596416473,-0.33010011123227656,-135.18564001834497,62.268604637008764,120.9307871347,1.3645803,24.084362,1.4777611419558525,35.596092224121094,36.0,0.5,"left_hip_pitch_joint,left_hip_roll_joint,left_knee_joint,left_ankle_pitch_joint,left_ankle_roll_joint,right_hip_roll_joint,right_hip_yaw_joint,right_knee_joint,right_ankle_pitch_joint,right_ankle_roll_joint,waist_yaw_joint",0.0,0.0,391.8297424316406,torso_link,391.82974,-0.037807398,left_shoulder_roll_link
226,4.5200000000000005,0.10906475782394409,-0.15028006904586988,-104.30029930586132,52.52527424383846,151.51745661037003,2.2172232,24.08349,1.1156207621097565,35.50812911987305,36.0,0.45454545454545453,"left_hip_pitch_joint,left_hip_roll_joint,left_hip_yaw_joint,left_knee_joint,left_ankle_pitch_joint,right_hip_pitch_joint,right_hip_roll_joint,right_hip_yaw_joint,right_ankle_pitch_joint,waist_yaw_joint",0.0,0.0,0,pelvis,0.0,-0.0067099556,left_shoulder_roll_link
227,4.54,0.10242416709661484,-0.16539317336276582,-121.94805134885617,71.78616083880529,133.7366384596342,1.760365,28.648695,1.473239690065384,35.92367172241211,36.0,0.5454545454545454,"left_hip_pitch_joint,left_hip_roll_joint,left_knee_joint,left_ankle_pitch_joint,left_ankle_roll_joint,right_hip_pitch_joint,right_hip_roll_joint,right_hip_yaw_joint,right_knee_joint,right_ankle_pitch_joint,right_ankle_roll_joint,waist_yaw_joint",0.0,0.0,0,pelvis,0.0,-0.019744368,left_shoulder_roll_link
228,4.5600000000000005,0.07634961605072021,-0.04121365617703532,-95.37238578317583,63.88443056208882,156.89000720310537,2.0679805,21.710194,1.254548341035843,35.38886260986328,36.0,0.5,"left_hip_pitch_joint,left_hip_roll_joint,left_hip_yaw_joint,left_knee_joint,left_ankle_pitch_joint,right_hip_pitch_joint,right_hip_roll_joint,right_hip_yaw_joint,right_knee_joint,right_ankle_pitch_joint,waist_yaw_joint",0.0,0.0,0,pelvis,0.0,0.0073979646,left_elbow_link
229,4.58,0.059671130031347275,-0.05735048389554187,-145.921129422504,86.02948235028663,108.28260708416582,1.7063935,28.843483,1.459650307893753,35.31219482421875,36.0,0.45454545454545453,"left_hip_pitch_joint,left_ankle_pitch_joint,left_ankle_roll_joint,right_hip_pitch_joint,right_hip_roll_joint,right_hip_yaw_joint,right_knee_joint,right_ankle_pitch_joint,right_ankle_roll_joint,waist_yaw_joint",0.0,0.0,0,pelvis,0.0,-0.0061711716,left_shoulder_roll_link
230,4.6000000000000005,0.0335274264216423,0.0027918416230008347,-89.15830197311209,79.0441370564598,163.82496993746915,0.55290794,1.3535206,1.1477914154529572,31.320356369018555,36.0,0.36363636363636365,"left_hip_roll_joint,left_hip_yaw_joint,left_knee_joint,left_ankle_pitch_joint,right_hip_yaw_joint,right_knee_joint,right_ankle_pitch_joint,waist_yaw_joint",0.0,0.0,4057.136474609375,pelvis,4057.1365,0.0006221384,left_elbow_link
231,4.62,0.034216925501823425,0.001580056540985808,88.40979904575586,86.73605033588603,-16.248968342479223,1.1768981,16.079086,0.8464464228600264,37.54383850097656,36.0,0.3181818181818182,"left_ankle_pitch_joint,left_ankle_roll_joint,right_hip_roll_joint,right_hip_yaw_joint,right_knee_joint,right_ankle_pitch_joint,right_ankle_roll_joint",0.0,0.0,1339.62841796875,right_hip_yaw_link,669.8142,0.011054086,left_shoulder_roll_link
232,4.64,0.08103707432746887,-0.17450029374602316,116.04842649247166,66.58570755147629,5.001865834775564,2.6443574,20.774479,1.002259373664856,36.042762756347656,36.0,0.3181818181818182,"left_hip_roll_joint,left_hip_yaw_joint,left_knee_joint,left_ankle_pitch_joint,right_knee_joint,right_ankle_pitch_joint,waist_yaw_joint",0.0,0.0,183.49363708496094,right_hip_yaw_link,183.49364,0.03138426,right_knee_link
233,4.66,0.09148132055997849,-0.19042590469516263,148.2399962512484,77.05815021323419,39.44940938289372,1.435621,23.436178,0.949130654335022,36.35675048828125,36.0,0.5454545454545454,"left_hip_pitch_joint,left_hip_roll_joint,left_hip_yaw_joint,left_knee_joint,left_ankle_pitch_joint,left_ankle_roll_joint,right_hip_pitch_joint,right_hip_roll_joint,right_hip_yaw_joint,right_knee_joint,right_ankle_pitch_joint,right_ankle_roll_joint",0.0,0.0,0,pelvis,0.0,0.017753571,right_shoulder_roll_link
234,4.68,0.11920831352472305,-0.27384922157314584,121.21016663818683,58.09691791183714,12.566147071459612,2.3226364,29.491537,0.978495717048645,36.33633804321289,36.0,0.45454545454545453,"left_hip_pitch_joint,left_hip_roll_joint,left_hip_yaw_joint,left_knee_joint,left_ankle_pitch_joint,right_hip_pitch_joint,right_hip_roll_joint,right_hip_yaw_joint,right_ankle_pitch_joint,waist_yaw_joint",0.0,0.0,0,pelvis,0.0,-0.009776497,right_shoulder_roll_link
235,4.7,0.13450974225997925,-0.3602982691012713,130.9738948401386,56.66908121482447,21.361577292396376,0.9604253,14.106014,0.8147751092910767,36.112892150878906,36.0,0.5909090909090909,"left_hip_pitch_joint,left_hip_roll_joint,left_hip_yaw_joint,left_knee_joint,left_ankle_pitch_joint,left_ankle_roll_joint,right_hip_pitch_joint,right_hip_yaw_joint,right_knee_joint,right_ankle_pitch_joint,right_ankle_roll_joint,waist_yaw_joint,left_shoulder_roll_joint",0.0,0.0,1364.737548828125,torso_link,1364.7375,-0.031075068,right_shoulder_roll_link
236,4.72,0.1420224905014038,-0.3881861084667264,122.41698550080025,43.603979807685924,4.728762977572615,0.6462499,15.24305,0.7726318836212158,27.211898803710938,36.0,0.45454545454545453,"left_hip_roll_joint,left_hip_yaw_joint,left_knee_joint,left_ankle_pitch_joint,right_hip_pitch_joint,right_hip_roll_joint,right_hip_yaw_joint,right_knee_joint,right_ankle_pitch_joint,waist_yaw_joint",0.0,0.0,0,pelvis,0.0,-0.04685793,right_shoulder_roll_link
237,4.74,0.12932871282100677,-0.29722894883714446,117.90975830777676,50.58035175237438,2.2953200290550035,1.9499471,17.233995,0.7443385403603315,36.5455207824707,36.0,0.45454545454545453,"left_hip_pitch_joint,left_hip_roll_joint,left_hip_yaw_joint,left_knee_joint,left_ankle_pitch_joint,left_ankle_roll_joint,right_hip_yaw_joint,right_knee_joint,right_ankle_pitch_joint,right_ankle_roll_joint",0.0,0.0,0,pelvis,0.0,-0.039859105,right_shoulder_roll_link
238,4.76,0.13661295175552368,-0.32161867752706996,113.26626224092549,35.49016080717827,-4.877580508648157,1.5486801,19.953491,0.8334376811981201,36.585845947265625,36.0,0.5,"left_hip_pitch_joint,left_hip_roll_joint,left_hip_yaw_joint,left_knee_joint,left_ankle_pitch_joint,right_hip_pitch_joint,right_hip_roll_joint,right_hip_yaw_joint,right_knee_joint,right_ankle_pitch_joint,left_shoulder_pitch_joint",0.0,0.0,0,pelvis,0.0,-0.048195347,right_shoulder_roll_link
239,4.78,0.13247281312942505,-0.3683505977709647,118.24588147785302,38.89190280197357,-3.9074917512955785,1.5963564,16.382603,0.7661231756210327,36.516937255859375,36.0,0.5,"left_hip_pitch_joint,left_hip_roll_joint,left_hip_yaw_joint,left_knee_joint,left_ankle_pitch_joint,left_ankle_roll_joint,right_hip_pitch_joint,right_hip_yaw_joint,right_knee_joint,right_ankle_pitch_joint,right_ankle_roll_joint",0.0,0.0,0,pelvis,0.0,-0.05298479,right_shoulder_roll_link
240,4.8,0.14306356012821198,-0.3390562476936694,112.04722257850344,25.410430447351537,-7.025616647283977,1.7389802,19.906551,0.9233416318893433,36.544551849365234,36.0,0.45454545454545453,"left_hip_pitch_joint,left_hip_roll_joint,left_hip_yaw_joint,left_knee_joint,left_ankle_pitch_joint,right_hip_pitch_joint,right_hip_yaw_joint,right_knee_joint,right_ankle_pitch_joint,left_shoulder_pitch_joint",0.0,0.0,0,pelvis,0.0,-0.061168768,right_shoulder_roll_link
241,4.82,0.1495630145072937,-0.45302789661794485,122.48949026257253,32.49909066858947,-1.728369684000099,0.77901,26.391033,0.9590349197387695,36.5924186706543,36.0,0.5,"left_hip_pitch_joint,left_hip_roll_joint,left_hip_yaw_joint,left_knee_joint,left_ankle_pitch_joint,left_ankle_roll_joint,right_hip_pitch_joint,right_hip_yaw_joint,right_knee_joint,right_ankle_pitch_joint,right_ankle_roll_joint",0.0,0.0,142.48150634765625,torso_link,142.4815,-0.06383738,right_shoulder_roll_link
242,4.84,0.14662756025791168,-0.23439839784815675,104.45523524945331,20.114411841131307,-12.076938590929647,1.2117058,38.355545,0.8811339065432549,36.53498458862305,36.0,0.45454545454545453,"left_hip_roll_joint,left_hip_yaw_joint,left_knee_joint,left_ankle_pitch_joint,right_hip_pitch_joint,right_hip_roll_joint,right_hip_yaw_joint,right_ankle_pitch_joint,waist_roll_joint,waist_yaw_joint",0.0,0.0,0,pelvis,0.0,-0.062260184,right_shoulder_roll_link
243,4.86,0.14025522768497467,-0.35239024870372937,113.3734489530752,27.345390981856767,-6.977074333803083,1.2566568,34.40705,0.8790188580751419,36.5661506652832,36.0,0.6363636363636364,"left_hip_pitch_joint,left_hip_roll_joint,left_hip_yaw_joint,left_knee_joint,left_ankle_pitch_joint,left_ankle_roll_joint,right_hip_pitch_joint,right_hip_roll_joint,right_hip_yaw_joint,right_knee_joint,right_ankle_pitch_joint,right_ankle_roll_joint,waist_roll_joint,waist_yaw_joint",0.0,0.0,0,pelvis,0.0,-0.0687151,right_shoulder_roll_link
244,4.88,0.13939900696277618,-0.33495228973627444,110.90581964161464,20.168809589986093,-17.533688111085972,0.7831198,19.857368,1.048857681453228,33.13310623168945,36.0,0.5,"left_hip_pitch_joint,left_hip_roll_joint,left_hip_yaw_joint,left_knee_joint,left_ankle_pitch_joint,right_hip_roll_joint,right_hip_yaw_joint,right_knee_joint,right_ankle_pitch_joint,waist_roll_joint,waist_yaw_joint",0.0,0.0,0,pelvis,0.0,-0.06904152,right_shoulder_roll_link
245,4.9,0.11699289083480835,-0.297556195770462,111.63816276038375,36.20143112991699,-17.721193703915965,1.0892524,30.825294,0.8295045346021652,36.51083755493164,36.0,0.5454545454545454,"left_hip_pitch_joint,left_hip_roll_joint,left_hip_yaw_joint,left_knee_joint,left_ankle_pitch_joint,left_ankle_roll_joint,right_hip_pitch_joint,right_hip_roll_joint,right_knee_joint,right_ankle_pitch_joint,right_ankle_roll_joint,waist_roll_joint",0.0,0.0,427.36639404296875,torso_link,427.3664,-0.061444923,right_shoulder_roll_link
246,4.92,0.11991094052791595,-0.2117561685724776,103.1344655831337,21.2712719892755,-21.5195994436056,1.3774877,37.67506,1.2744700834155083,36.488609313964844,36.0,0.5,"left_hip_roll_joint,left_hip_yaw_joint,left_knee_joint,left_ankle_pitch_joint,right_hip_pitch_joint,right_hip_roll_joint,right_hip_yaw_joint,right_knee_joint,right_ankle_pitch_joint,waist_roll_joint,waist_yaw_joint",0.0,0.0,0,pelvis,0.0,-0.054141615,right_shoulder_roll_link
247,4.94,0.12038298696279526,-0.2380367696812602,105.63272100181432,27.95061740171003,-10.79481986549667,1.5631087,33.007133,1.0853567123413086,36.433753967285156,36.0,0.6363636363636364,"left_hip_pitch_joint,left_hip_roll_joint,left_hip_yaw_joint,left_knee_joint,left_ankle_pitch_joint,left_ankle_roll_joint,right_hip_pitch_joint,right_hip_roll_joint,right_hip_yaw_joint,right_knee_joint,right_ankle_pitch_joint,right_ankle_roll_joint,waist_roll_joint,waist_yaw_joint",0.0,0.0,0,pelvis,0.0,-0.058860924,right_shoulder_roll_link
248,4.96,0.11811995506286621,-0.29986965048038994,108.31354564121898,17.380977764179256,-20.929332776636198,1.7899632,12.955343,1.475776545703411,33.721229553222656,36.0,0.45454545454545453,"left_hip_pitch_joint,left_hip_roll_joint,left_knee_joint,left_ankle_pitch_joint,right_hip_pitch_joint,right_hip_yaw_joint,right_knee_joint,right_ankle_pitch_joint,waist_roll_joint,waist_yaw_joint",0.0,0.0,0,pelvis,0.0,-0.053471312,right_shoulder_roll_link
249,4.98,0.12345567345619202,-0.39096798692339974,123.10539379320764,44.28941106674669,-8.356158470812552,1.2013102,31.258972,1.210135579109192,33.38935470581055,36.0,0.5454545454545454,"left_hip_roll_joint,left_hip_yaw_joint,left_knee_joint,left_ankle_pitch_joint,left_ankle_roll_joint,right_hip_pitch_joint,right_hip_roll_joint,right_hip_yaw_joint,right_knee_joint,right_ankle_pitch_joint,right_ankle_roll_joint,waist_yaw_joint",0.0,0.0,0,pelvis,0.0,-0.054775026,right_shoulder_roll_link
250,5.0,0.11393705755472183,-0.17077498583872774,101.75357953684247,33.03336596194101,-20.312288530378865,1.9090341,30.302858,1.51924716681242,36.4716682434082,36.0,0.5,"left_hip_pitch_joint,left_hip_roll_joint,left_knee_joint,left_ankle_pitch_joint,right_hip_pitch_joint,right_hip_roll_joint,right_hip_yaw_joint,right_knee_joint,right_ankle_pitch_joint,waist_roll_joint,waist_yaw_joint",0.0,0.0,0,pelvis,0.0,-0.037997544,right_shoulder_roll_link
