frame,t,rz,pgz,roll,pitch,yaw,lv_norm,av_norm,dof_pos_err_max,dof_vel_max,tau_max,tau_sat,saturated_joints,L_fz,R_fz,non_foot_cf_sum,top_cf_name,top_cf_val,bz_min,bz_min_name
0,0.0,0.4103291630744934,0.9999562098754664,0.5191866882168289,-0.13400297060810903,0.2983123238854296,0.0,0.0,0.0,0.0,0.0,0.0,,0.0,0.0,0,pelvis,0.0,0.03364689,right_ankle_roll_link
1,0.02,0.40812188386917114,0.9999562098754664,0.5191866572824018,-0.13400296258059602,0.29831227938837074,0.192132,0.068791136,1.4901161193847656e-08,1.3132964372634888,0.0,0.0,,11.044901,11.044901,0,left_ankle_roll_link,11.044901,0.0314397,right_ankle_roll_link
2,0.04,0.404883474111557,0.9999229207044454,0.7006442782596195,0.12319722085810685,-0.14215876733760585,0.20410639,1.0624461,0.13523197174072266,11.402775764465332,3.9398894,0.0,,43.06802,61.368465,0,right_ankle_roll_link,61.368465,0.030998694,left_ankle_roll_link
3,0.06,0.41283148527145386,0.991130102323336,-0.6764340419415182,-7.607084824897999,7.5994444373943555,1.2237631,11.140027,0.4376014322042465,28.17281723022461,36.0,0.13636363636363635,"left_knee_joint,right_knee_joint,right_ankle_pitch_joint",0.0,0.0,0,pelvis,0.0,0.034428027,left_ankle_roll_link
4,0.08,0.4164849519729614,0.9969297899464445,1.8669482402604753,-4.0851617196229455,-7.038852986924304,1.2544435,19.36617,0.5500351265072823,36.203983306884766,36.0,0.2727272727272727,"left_hip_pitch_joint,left_knee_joint,right_hip_pitch_joint,right_hip_yaw_joint,right_knee_joint,right_ankle_roll_joint",101.51039,101.51039,0,left_ankle_roll_link,101.51039,0.049957722,right_ankle_roll_link
5,0.1,0.42789334058761597,0.9786350932136931,7.296197006504465,-9.381827354428507,4.519593079437567,2.070098,16.529898,0.40223497338593006,36.608585357666016,36.0,0.45454545454545453,"left_hip_pitch_joint,left_hip_roll_joint,left_hip_yaw_joint,left_knee_joint,left_ankle_pitch_joint,right_hip_pitch_joint,right_hip_yaw_joint,right_knee_joint,right_ankle_roll_joint,waist_yaw_joint",0.0,115.4973,0,right_ankle_roll_link,115.4973,0.041705687,right_ankle_roll_link
6,0.12,0.43103528022766113,0.9940881836019244,1.4088166197885337,-6.0725343042881725,-4.913226048054658,1.0892967,19.406712,0.5419735983014107,36.791412353515625,36.0,0.5454545454545454,"left_hip_pitch_joint,left_hip_roll_joint,left_hip_yaw_joint,left_knee_joint,left_ankle_pitch_joint,right_hip_pitch_joint,right_hip_roll_joint,right_hip_yaw_joint,right_knee_joint,right_ankle_pitch_joint,right_ankle_roll_joint,waist_yaw_joint",0.0,0.0,0,pelvis,0.0,0.06694534,right_ankle_roll_link
7,0.14,0.4377499520778656,0.9642922545240146,6.591238981466949,-13.901946021073428,10.952506956435048,1.6487738,25.643156,0.3729627672582865,36.81538772583008,36.0,0.6363636363636364,"left_hip_pitch_joint,left_hip_roll_joint,left_hip_yaw_joint,left_knee_joint,left_ankle_pitch_joint,left_ankle_roll_joint,right_hip_pitch_joint,right_hip_roll_joint,right_hip_yaw_joint,right_knee_joint,right_ankle_pitch_joint,right_ankle_roll_joint,waist_roll_joint,waist_yaw_joint",0.0,0.0,0,pelvis,0.0,0.049554855,right_ankle_roll_link
8,0.16,0.4306555986404419,0.9630948785712341,12.324817965436633,-9.662085719284137,2.0565739917309838,1.3004831,14.834118,0.4994310811161995,36.86262130737305,36.0,0.5909090909090909,"left_hip_pitch_joint,left_hip_roll_joint,left_hip_yaw_joint,left_knee_joint,left_ankle_pitch_joint,right_hip_pitch_joint,right_hip_roll_joint,right_hip_yaw_joint,right_knee_joint,right_ankle_pitch_joint,right_ankle_roll_joint,waist_roll_joint,waist_yaw_joint",0.0,0.0,0,pelvis,0.0,0.05522887,right_ankle_roll_link
9,0.18,0.4322853982448578,0.9125068179742666,14.681927869059079,-19.385282930364976,17.148856718087867,2.0711243,26.280334,0.5908230487257242,36.29431915283203,36.0,0.6363636363636364,"left_hip_pitch_joint,left_hip_roll_joint,left_hip_yaw_joint,left_knee_joint,left_ankle_pitch_joint,left_ankle_roll_joint,right_hip_pitch_joint,right_hip_roll_joint,right_hip_yaw_joint,right_knee_joint,right_ankle_pitch_joint,right_ankle_roll_joint,waist_roll_joint,waist_yaw_joint",54.16705,1125.4435,0,right_ankle_roll_link,1125.4435,0.034862727,right_ankle_roll_link
10,0.2,0.42268404364585876,0.8992481927262079,17.34794747719432,-19.59222668343122,14.39768638860902,1.4116338,11.101931,0.6965310573577881,38.19779968261719,36.0,0.5454545454545454,"left_hip_pitch_joint,left_hip_roll_joint,left_hip_yaw_joint,left_knee_joint,left_ankle_pitch_joint,right_hip_pitch_joint,right_hip_roll_joint,right_hip_yaw_joint,right_knee_joint,right_ankle_roll_joint,waist_roll_joint,waist_yaw_joint",1187.702,1187.702,0,left_ankle_roll_link,1187.702,0.065754384,right_ankle_roll_link
11,0.22,0.4312734603881836,0.712822439660334,24.311065517759534,-38.53907158886339,30.24078283936175,2.33479,34.62022,0.6305464450269938,36.85831069946289,36.0,0.5909090909090909,"left_hip_pitch_joint,left_hip_roll_joint,left_hip_yaw_joint,left_knee_joint,left_ankle_pitch_joint,left_ankle_roll_joint,right_hip_pitch_joint,right_hip_roll_joint,right_hip_yaw_joint,right_knee_joint,right_ankle_pitch_joint,waist_roll_joint,waist_yaw_joint",0.0,263.4604,0,right_ankle_roll_link,263.4604,0.05596344,right_ankle_roll_link
12,0.24,0.4210822284221649,0.6601285999799114,33.93539771627931,-37.28289066262597,19.89114749601239,1.4630495,17.62148,0.510392852127552,36.816043853759766,36.0,0.5909090909090909,"left_hip_pitch_joint,left_hip_roll_joint,left_hip_yaw_joint,left_knee_joint,left_ankle_pitch_joint,right_hip_pitch_joint,right_hip_roll_joint,right_hip_yaw_joint,right_knee_joint,right_ankle_pitch_joint,right_ankle_roll_joint,waist_roll_joint,waist_yaw_joint",0.0,0.0,0,pelvis,0.0,0.06413664,right_ankle_roll_link
13,0.26,0.4234519302845001,0.3658562116789863,47.021088401991385,-57.54349305803828,29.59996775636447,2.522314,29.82872,0.6846996489912271,37.07610321044922,36.0,0.5909090909090909,"left_hip_pitch_joint,left_hip_roll_joint,left_hip_yaw_joint,left_knee_joint,left_ankle_pitch_joint,left_ankle_roll_joint,right_hip_pitch_joint,right_hip_roll_joint,right_hip_yaw_joint,right_knee_joint,right_ankle_pitch_joint,waist_roll_joint,waist_yaw_joint",0.0,0.0,0,pelvis,0.0,0.07511626,right_ankle_roll_link
14,0.28,0.39230769872665405,0.31629107558940284,53.59576224832005,-57.79537817049821,18.813772545853805,2.5547962,15.37359,0.593020049855113,36.64202117919922,36.0,0.5909090909090909,"left_hip_pitch_joint,left_hip_roll_joint,left_hip_yaw_joint,left_knee_joint,left_ankle_pitch_joint,right_hip_pitch_joint,right_hip_roll_joint,right_hip_yaw_joint,right_knee_joint,right_ankle_pitch_joint,right_ankle_roll_joint,waist_roll_joint,waist_yaw_joint",0.0,0.0,0,pelvis,0.0,0.13175575,right_ankle_roll_link
15,0.3,0.3862518072128296,0.06895529512773635,74.68724616800323,-74.8642471510808,9.834986955464915,2.3551784,30.68888,0.6289260601624846,37.0023078918457,36.0,0.5909090909090909,"left_hip_pitch_joint,left_hip_roll_joint,left_hip_yaw_joint,left_knee_joint,left_ankle_pitch_joint,left_ankle_roll_joint,right_hip_pitch_joint,right_hip_roll_joint,right_hip_yaw_joint,right_ankle_pitch_joint,right_ankle_roll_joint,waist_roll_joint,waist_yaw_joint",0.0,0.0,0,pelvis,0.0,0.20175427,right_ankle_roll_link
16,0.32,0.3362666666507721,-0.008301968627707268,91.62414740176185,-72.96766205440458,-2.485443917387006,3.418011,10.910674,0.6880193036049604,36.72182083129883,36.0,0.5454545454545454,"left_hip_pitch_joint,left_hip_roll_joint,left_hip_yaw_joint,left_knee_joint,left_ankle_pitch_joint,right_hip_pitch_joint,right_hip_roll_joint,right_hip_yaw_joint,right_knee_joint,right_ankle_pitch_joint,right_ankle_roll_joint,waist_roll_joint",0.0,0.0,0,pelvis,0.0,0.28202507,right_ankle_roll_link
17,0.34,0.32241013646125793,-0.2467901783359281,-179.18899153211788,-75.71088879334911,-78.40347106612988,2.7617462,31.757923,0.8958512162789702,36.61915588378906,36.0,0.6363636363636364,"left_hip_pitch_joint,left_hip_roll_joint,left_hip_yaw_joint,left_knee_joint,left_ankle_pitch_joint,left_ankle_roll_joint,right_hip_pitch_joint,right_hip_roll_joint,right_hip_yaw_joint,right_knee_joint,right_ankle_pitch_joint,right_ankle_roll_joint,waist_roll_joint,waist_yaw_joint",0.0,0.0,0,pelvis,0.0,0.21774152,left_shoulder_roll_link
18,0.36,0.2726905047893524,-0.3546283269928665,-162.3473992151004,-68.15163859627533,-91.89502355036116,3.8115852,12.845849,0.7562578599900007,36.699031829833984,36.0,0.5454545454545454,"left_hip_pitch_joint,left_hip_roll_joint,left_hip_yaw_joint,left_knee_joint,left_ankle_pitch_joint,right_hip_pitch_joint,right_hip_roll_joint,right_hip_yaw_joint,right_knee_joint,right_ankle_pitch_joint,right_ankle_roll_joint,waist_roll_joint",0.0,0.0,0,pelvis,0.0,0.10805554,left_shoulder_roll_link
19,0.38,0.2521228790283203,-0.4960225244686427,-138.38840030776288,-48.43804828566567,-102.6843256660801,2.362981,16.63765,1.0980796432122588,36.73578643798828,36.0,0.6363636363636364,"left_hip_pitch_joint,left_hip_roll_joint,left_hip_yaw_joint,left_knee_joint,left_ankle_pitch_joint,left_ankle_roll_joint,right_hip_pitch_joint,right_hip_roll_joint,right_hip_yaw_joint,right_knee_joint,right_ankle_pitch_joint,right_ankle_roll_joint,waist_roll_joint,waist_yaw_joint",0.0,0.0,0,pelvis,0.0,0.03318705,left_shoulder_roll_link
20,0.4,0.20754662156105042,-0.6180999654566008,-150.58986576039516,-44.80244230014521,-101.49418060538662,2.3289285,19.021114,0.7672921698540449,36.70917510986328,36.0,0.5454545454545454,"left_hip_pitch_joint,left_hip_roll_joint,left_hip_yaw_joint,left_knee_joint,left_ankle_pitch_joint,right_hip_pitch_joint,right_hip_roll_joint,right_hip_yaw_joint,right_knee_joint,right_ankle_pitch_joint,right_ankle_roll_joint,waist_yaw_joint",0.0,0.0,241.6785430908203,torso_link,241.67854,-0.034551956,left_shoulder_roll_link
21,0.42,0.20606400072574615,-0.5368070483873808,-133.56869009073824,-38.84390324891973,-111.84753093283327,0.7395279,25.676653,1.0837767934426665,36.99750518798828,36.0,0.5909090909090909,"left_hip_pitch_joint,left_hip_roll_joint,left_hip_yaw_joint,left_knee_joint,left_ankle_pitch_joint,left_ankle_roll_joint,right_hip_pitch_joint,right_hip_roll_joint,right_hip_yaw_joint,right_knee_joint,right_ankle_pitch_joint,right_ankle_roll_joint,waist_roll_joint",0.0,0.0,0,pelvis,0.0,-0.01063654,left_shoulder_roll_link
22,0.44,0.1862422674894333,-0.5060225993575216,-131.43778762646178,-40.127814501457095,-118.75535746389798,2.2176247,17.229918,0.9342145537957549,36.61842346191406,36.0,0.5909090909090909,"left_hip_pitch_joint,left_hip_roll_joint,left_hip_yaw_joint,left_knee_joint,left_ankle_pitch_joint,right_hip_pitch_joint,right_hip_roll_joint,right_hip_yaw_joint,right_knee_joint,right_ankle_pitch_joint,right_ankle_roll_joint,waist_roll_joint,waist_yaw_joint",0.0,0.0,0,pelvis,0.0,-0.021403167,left_shoulder_roll_link
23,0.46,0.17894624173641205,-0.37637816825271386,-116.42569675923508,-32.250447766046854,-122.36960799206098,0.6007167,24.659367,1.3843286847695708,36.961097717285156,36.0,0.5909090909090909,"left_hip_pitch_joint,left_hip_roll_joint,left_hip_yaw_joint,left_knee_joint,left_ankle_pitch_joint,left_ankle_roll_joint,right_hip_pitch_joint,right_hip_roll_joint,right_hip_yaw_joint,right_knee_joint,right_ankle_pitch_joint,right_ankle_roll_joint,waist_roll_joint",0.0,0.0,0,pelvis,0.0,-0.016407924,left_shoulder_roll_link
24,0.48,0.1549067348241806,-0.3796196725982899,-116.7435506039157,-32.47740967879291,-128.5940555181618,2.3176148,19.914337,1.207714638672769,36.65379333496094,36.0,0.5909090909090909,"left_hip_pitch_joint,left_hip_roll_joint,left_hip_yaw_joint,left_knee_joint,left_ankle_pitch_joint,right_hip_pitch_joint,right_hip_roll_joint,right_hip_yaw_joint,right_knee_joint,right_ankle_pitch_joint,right_ankle_roll_joint,waist_roll_joint,waist_yaw_joint",0.0,0.0,300.1144104003906,torso_link,300.1144,-0.026671676,left_shoulder_roll_link
25,0.5,0.14407482743263245,-0.2002438056104925,-103.45182327813977,-30.59446762005955,-130.60888630323745,0.7949222,26.849195,1.5083424663171172,39.26316833496094,36.0,0.5454545454545454,"left_hip_pitch_joint,left_hip_roll_joint,left_hip_yaw_joint,left_knee_joint,left_ankle_pitch_joint,left_ankle_roll_joint,right_hip_pitch_joint,right_hip_yaw_joint,right_knee_joint,right_ankle_pitch_joint,right_ankle_roll_joint,waist_roll_joint",0.0,0.0,0,pelvis,0.0,-0.0141927805,left_shoulder_roll_link
26,0.52,0.12283369898796082,-0.2877654603930324,-108.69728166307878,-26.146058532228526,-138.23464617115243,2.2159772,18.033646,1.1419227933511138,36.546417236328125,36.0,0.5909090909090909,"left_hip_pitch_joint,left_hip_roll_joint,left_hip_yaw_joint,left_knee_joint,left_ankle_pitch_joint,right_hip_pitch_joint,right_hip_roll_joint,right_hip_yaw_joint,right_knee_joint,right_ankle_pitch_joint,right_ankle_roll_joint,waist_roll_joint,waist_yaw_joint",0.0,0.0,0,pelvis,0.0,-0.023365002,left_shoulder_roll_link
27,0.54,0.10897975414991379,-0.02300949162810184,-91.38848858642723,-18.272456599647825,-137.54701276039037,0.581129,17.378857,1.5494277095422149,37.35409164428711,36.0,0.5909090909090909,"left_hip_pitch_joint,left_hip_roll_joint,left_hip_yaw_joint,left_knee_joint,left_ankle_pitch_joint,left_ankle_roll_joint,right_hip_pitch_joint,right_hip_yaw_joint,right_knee_joint,right_ankle_pitch_joint,right_ankle_roll_joint,waist_roll_joint,waist_yaw_joint",0.0,0.0,0,pelvis,0.0,-0.021861615,left_shoulder_yaw_link
28,0.56,0.08975697308778763,-0.15255961672141893,-99.1247089401964,-15.843239953225565,-141.22688851941035,1.8505353,8.4157095,1.0669968938454986,37.633907318115234,36.0,0.6363636363636364,"left_hip_pitch_joint,left_hip_roll_joint,left_hip_yaw_joint,left_knee_joint,left_ankle_pitch_joint,left_ankle_roll_joint,right_hip_pitch_joint,right_hip_roll_joint,right_hip_yaw_joint,right_knee_joint,right_ankle_pitch_joint,right_ankle_roll_joint,waist_roll_joint,waist_yaw_joint",0.0,0.0,0,pelvis,0.0,-0.022429433,left_shoulder_yaw_link
29,0.58,0.08798711746931076,0.05721463219271605,-86.6357993186675,-12.842690225802999,-134.1030620006536,1.8297894,18.790598,1.3149547195062041,36.57963562011719,36.0,0.5909090909090909,"left_hip_pitch_joint,left_hip_roll_joint,left_hip_yaw_joint,left_knee_joint,left_ankle_pitch_joint,left_ankle_roll_joint,right_hip_pitch_joint,right_hip_yaw_joint,right_knee_joint,right_ankle_pitch_joint,right_ankle_roll_joint,waist_roll_joint,waist_yaw_joint",0.0,0.0,147.04571533203125,left_hip_yaw_link,147.04572,-0.03151405,left_elbow_link
30,0.6,0.10445483028888702,-0.15892315710932792,-99.66826905451589,-18.86383424688329,-129.46116788979265,1.5550449,8.826238,0.7948946570977569,38.63088607788086,36.0,0.5454545454545454,"left_hip_pitch_joint,left_hip_roll_joint,left_hip_yaw_joint,left_knee_joint,left_ankle_pitch_joint,right_hip_pitch_joint,right_hip_roll_joint,right_hip_yaw_joint,right_knee_joint,right_ankle_pitch_joint,right_ankle_roll_joint,waist_roll_joint",0.0,0.0,0,pelvis,0.0,-0.019598704,left_elbow_link
31,0.62,0.1168251559138298,0.07006548800555201,-85.89230840230638,-12.002075744469964,-117.11864281580377,1.7215922,29.017344,1.2495561456307769,36.85021209716797,36.0,0.5454545454545454,"left_hip_pitch_joint,left_hip_roll_joint,left_hip_yaw_joint,left_knee_joint,left_ankle_pitch_joint,left_ankle_roll_joint,right_hip_pitch_joint,right_hip_yaw_joint,right_knee_joint,right_ankle_pitch_joint,right_ankle_roll_joint,waist_yaw_joint",0.0,0.0,0,pelvis,0.0,-0.007767477,left_shoulder_yaw_link
32,0.64,0.11844918876886368,-0.014226967485983621,-90.85618303209857,-17.804689033950282,-111.16287527575174,1.7404532,17.78817,1.0045533990487456,36.60882568359375,36.0,0.5909090909090909,"left_hip_pitch_joint,left_hip_roll_joint,left_hip_yaw_joint,left_knee_joint,left_ankle_pitch_joint,right_hip_pitch_joint,right_hip_roll_joint,right_hip_yaw_joint,right_knee_joint,right_ankle_pitch_joint,right_ankle_roll_joint,waist_roll_joint,waist_yaw_joint",0.0,0.0,0,pelvis,0.0,-0.006003981,left_shoulder_roll_link
33,0.66,0.12178197503089905,0.13735318575606215,-81.76329915473728,-16.514233269840908,-99.36993742993643,1.003699,14.23372,1.3174901818856597,36.212093353271484,36.0,0.6363636363636364,"left_hip_pitch_joint,left_hip_roll_joint,left_hip_yaw_joint,left_knee_joint,left_ankle_pitch_joint,left_ankle_roll_joint,right_hip_pitch_joint,right_hip_roll_joint,right_hip_yaw_joint,right_knee_joint,right_ankle_pitch_joint,right_ankle_roll_joint,waist_roll_joint,waist_yaw_joint",0.0,0.0,0,pelvis,0.0,0.00265469,left_shoulder_roll_link
34,0.68,0.11033478379249573,-0.09888760207118708,-96.04575341936601,-20.132034431270657,-93.99411820154705,2.0906281,17.455019,0.8807566380128264,36.63810348510742,36.0,0.5454545454545454,"left_hip_pitch_joint,left_hip_roll_joint,left_hip_yaw_joint,left_knee_joint,left_ankle_pitch_joint,right_hip_pitch_joint,right_hip_roll_joint,right_hip_yaw_joint,right_knee_joint,right_ankle_pitch_joint,right_ankle_roll_joint,waist_yaw_joint",0.0,0.0,0,pelvis,0.0,0.0011414208,left_shoulder_yaw_link
35,0.7000000000000001,0.10458086431026459,0.09294908723367534,-84.52929674756756,-12.85008106029589,-80.88196146553439,1.1376169,29.564564,1.3225251054391265,36.827423095703125,36.0,0.5909090909090909,"left_hip_pitch_joint,left_hip_roll_joint,left_hip_yaw_joint,left_knee_joint,left_ankle_pitch_joint,left_ankle_roll_joint,right_hip_pitch_joint,right_hip_roll_joint,right_hip_yaw_joint,right_knee_joint,right_ankle_pitch_joint,right_ankle_roll_joint,waist_roll_joint",0.0,0.0,0,pelvis,0.0,-0.017108046,left_elbow_link
36,0.72,0.094984270632267,0.012050590593387867,-89.27416799322378,-17.959259576843106,-73.08333091074078,2.2674572,17.92222,1.1106725549325347,36.76512908935547,36.0,0.5909090909090909,"left_hip_pitch_joint,left_hip_roll_joint,left_hip_yaw_joint,left_knee_joint,left_ankle_pitch_joint,right_hip_pitch_joint,right_hip_roll_joint,right_hip_yaw_joint,right_knee_joint,right_ankle_pitch_joint,right_ankle_roll_joint,waist_roll_joint,waist_yaw_joint",0.0,0.0,0,pelvis,0.0,-0.013078903,left_shoulder_yaw_link
37,0.74,0.0995376855134964,0.014127566100704314,-89.16604295546837,-13.916393733364957,-60.95874635498348,1.6048261,16.2668,1.181351981125772,36.13481903076172,36.0,0.5454545454545454,"left_hip_pitch_joint,left_hip_yaw_joint,left_knee_joint,left_ankle_pitch_joint,left_ankle_roll_joint,right_hip_pitch_joint,right_hip_roll_joint,right_hip_yaw_joint,right_knee_joint,right_ankle_pitch_joint,right_ankle_roll_joint,waist_roll_joint",0.0,0.0,443.1763610839844,left_hip_yaw_link,443.17636,-0.022913938,left_elbow_link
38,0.76,0.11036471277475357,-0.21668142790870526,-103.68667624218592,-23.6852417083553,-52.24172808346566,2.1061845,15.584722,0.6908611273393035,36.783451080322266,36.0,0.5909090909090909,"left_hip_pitch_joint,left_hip_roll_joint,left_hip_yaw_joint,left_knee_joint,left_ankle_pitch_joint,right_hip_pitch_joint,right_hip_roll_joint,right_hip_yaw_joint,right_knee_joint,right_ankle_pitch_joint,right_ankle_roll_joint,waist_roll_joint,waist_yaw_joint",0.0,0.0,0,pelvis,0.0,-0.03427045,left_shoulder_roll_link
39,0.78,0.11731798201799393,-0.189136997712954,-101.01088710710603,-7.999442024086226,-43.6261159543022,1.383222,23.485155,0.960361978970468,36.44334411621094,36.0,0.5,"left_hip_yaw_joint,left_knee_joint,left_ankle_pitch_joint,left_ankle_roll_joint,right_hip_pitch_joint,right_hip_roll_joint,right_hip_yaw_joint,right_knee_joint,right_ankle_pitch_joint,waist_roll_joint,waist_yaw_joint",0.0,0.0,0,pelvis,0.0,-0.04405777,left_shoulder_roll_link
40,0.8,0.11969847232103348,-0.27801015805502205,-106.83031831292304,-16.222495614686917,-36.58252129607564,2.1280951,15.43804,0.6965360259637237,36.16769027709961,36.0,0.5909090909090909,"left_hip_pitch_joint,left_hip_roll_joint,left_hip_yaw_joint,left_knee_joint,left_ankle_pitch_joint,right_hip_pitch_joint,right_hip_roll_joint,right_hip_yaw_joint,right_knee_joint,right_ankle_pitch_joint,right_ankle_roll_joint,waist_roll_joint,waist_yaw_joint",0.0,0.0,0,pelvis,0.0,-0.06569818,left_shoulder_roll_link
41,0.8200000000000001,0.11783570051193237,-0.12621093642017378,-97.25519186150157,2.0130604213497816,-39.033394123791126,1.7712369,25.704441,1.112469277344644,36.035648345947266,36.0,0.5454545454545454,"left_hip_yaw_joint,left_knee_joint,left_ankle_pitch_joint,left_ankle_roll_joint,right_hip_pitch_joint,right_hip_roll_joint,right_hip_yaw_joint,right_knee_joint,right_ankle_pitch_joint,right_ankle_roll_joint,waist_roll_joint,waist_yaw_joint",0.0,0.0,0,pelvis,0.0,-0.060284667,left_shoulder_roll_link
42,0.84,0.11486810445785522,-0.19018308990296795,-100.96471697461318,-0.8586630605843997,-40.580032376965356,2.7757633,18.779972,0.9138298248872161,36.687744140625,36.0,0.5454545454545454,"left_hip_roll_joint,left_hip_yaw_joint,left_knee_joint,left_ankle_pitch_joint,right_hip_pitch_joint,right_hip_roll_joint,right_hip_yaw_joint,right_knee_joint,right_ankle_pitch_joint,right_ankle_roll_joint,waist_roll_joint,waist_yaw_joint",0.0,0.0,0,pelvis,0.0,-0.06811354,left_shoulder_roll_link
43,0.86,0.10952534526586533,-0.06652448611272632,-93.92167986150872,13.423010203890243,-39.13289245181684,0.6382667,24.304558,1.2908606147393584,36.7796745300293,36.0,0.6363636363636364,"left_hip_pitch_joint,left_hip_roll_joint,left_hip_yaw_joint,left_knee_joint,left_ankle_pitch_joint,left_ankle_roll_joint,right_hip_pitch_joint,right_hip_roll_joint,right_hip_yaw_joint,right_knee_joint,right_ankle_pitch_joint,right_ankle_roll_joint,waist_roll_joint,waist_yaw_joint",0.0,0.0,0,pelvis,0.0,-0.07153079,left_shoulder_roll_link
44,0.88,0.10039651393890381,-0.24565403411848052,-104.44925251938055,10.10203455897752,-38.75539668176094,3.0841978,21.081646,0.9695606445893645,36.67456817626953,36.0,0.5909090909090909,"left_hip_pitch_joint,left_hip_roll_joint,left_hip_yaw_joint,left_knee_joint,left_ankle_pitch_joint,right_hip_pitch_joint,right_hip_roll_joint,right_hip_yaw_joint,right_knee_joint,right_ankle_pitch_joint,right_ankle_roll_joint,waist_roll_joint,waist_yaw_joint",0.0,0.0,0,pelvis,0.0,-0.07631489,left_shoulder_roll_link
45,0.9,0.08861147612333298,-0.1730049484482663,-100.93931496507071,24.264236656445096,-35.990161617727665,0.7615092,11.32555,1.3193235015496612,36.06315994262695,36.0,0.6363636363636364,"left_hip_pitch_joint,left_hip_roll_joint,left_hip_yaw_joint,left_knee_joint,left_ankle_pitch_joint,left_ankle_roll_joint,right_hip_pitch_joint,right_hip_roll_joint,right_hip_yaw_joint,right_knee_joint,right_ankle_pitch_joint,right_ankle_roll_joint,waist_roll_joint,waist_yaw_joint",0.0,0.0,1714.694580078125,left_hip_yaw_link,857.3473,-0.076740354,left_shoulder_roll_link
46,0.92,0.10187140107154846,-0.3449316172191317,-111.40263562175016,19.05137819748979,-32.922739463088206,1.6124295,7.7055254,0.9642565464600921,35.87332534790039,36.0,0.5454545454545454,"left_hip_pitch_joint,left_hip_roll_joint,left_hip_yaw_joint,left_knee_joint,left_ankle_pitch_joint,right_hip_pitch_joint,right_hip_roll_joint,right_hip_yaw_joint,right_knee_joint,right_ankle_pitch_joint,right_ankle_roll_joint,waist_yaw_joint",0.0,0.0,0,pelvis,0.0,-0.0730597,left_elbow_link
47,0.9400000000000001,0.11224798858165741,-0.23089565800939482,-105.57843129662236,30.709970219873814,-29.23019711226094,0.8146781,18.965487,1.1954214191064239,36.09856033325195,36.0,0.5454545454545454,"left_hip_pitch_joint,left_hip_roll_joint,left_hip_yaw_joint,left_knee_joint,left_ankle_pitch_joint,left_ankle_roll_joint,right_hip_pitch_joint,right_hip_yaw_joint,right_knee_joint,right_ankle_pitch_joint,right_ankle_roll_joint,waist_yaw_joint",0.0,0.0,0,pelvis,0.0,-0.08270926,left_shoulder_roll_link
48,0.96,0.12902776896953583,-0.34441476225640066,-111.57294114128436,20.493693603524395,-25.292265257339526,1.6473056,17.94765,0.7733963346108794,36.141578674316406,36.0,0.5909090909090909,"left_hip_pitch_joint,left_hip_roll_joint,left_hip_yaw_joint,left_knee_joint,left_ankle_pitch_joint,right_hip_pitch_joint,right_hip_roll_joint,right_hip_yaw_joint,right_knee_joint,right_ankle_pitch_joint,right_ankle_roll_joint,waist_roll_joint,waist_yaw_joint",0.0,0.0,0,pelvis,0.0,-0.08065103,left_shoulder_roll_link
49,0.98,0.13170167803764343,-0.20030058113048455,-104.53261977741077,37.038672237907214,-26.655087775335684,1.0780363,30.778368,1.196032009087503,36.20304489135742,36.0,0.5909090909090909,"left_hip_pitch_joint,left_hip_roll_joint,left_hip_yaw_joint,left_knee_joint,left_ankle_pitch_joint,left_ankle_roll_joint,right_hip_pitch_joint,right_hip_roll_joint,right_hip_yaw_joint,right_knee_joint,right_ankle_pitch_joint,right_ankle_roll_joint,waist_roll_joint",0.0,0.0,0,pelvis,0.0,-0.0754851,left_shoulder_roll_link
50,1.0,0.13692308962345123,-0.2257046397382627,-106.36570522931174,36.77118100898946,-24.980493818968657,0.979034,9.830265,0.8834602450951934,37.05092239379883,36.0,0.5909090909090909,"left_hip_pitch_joint,left_hip_roll_joint,left_hip_yaw_joint,left_knee_joint,left_ankle_pitch_joint,right_hip_pitch_joint,right_hip_roll_joint,right_hip_yaw_joint,right_knee_joint,right_ankle_pitch_joint,right_ankle_roll_joint,waist_roll_joint,waist_yaw_joint",0.0,0.0,0,pelvis,0.0,-0.045745663,left_shoulder_roll_link
51,1.02,0.12371110171079636,-0.059517651063721644,-96.36354803921373,57.5213521964501,-25.240867760381782,0.9634817,23.807104,1.3386108493432403,36.13862609863281,36.0,0.5909090909090909,"left_hip_pitch_joint,left_hip_roll_joint,left_hip_yaw_joint,left_knee_joint,left_ankle_pitch_joint,left_ankle_roll_joint,right_hip_pitch_joint,right_hip_roll_joint,right_hip_yaw_joint,right_knee_joint,right_ankle_pitch_joint,right_ankle_roll_joint,waist_roll_joint",0.0,0.0,0,pelvis,0.0,-0.02492075,left_shoulder_roll_link
52,1.04,0.11823007464408875,-0.016836625776457836,-91.70874167955472,55.62323433117119,-18.300072075846973,0.8788567,13.3731985,1.1138745164498687,70.98631286621094,36.0,0.5909090909090909,"left_hip_pitch_joint,left_hip_roll_joint,left_hip_yaw_joint,left_knee_joint,left_ankle_pitch_joint,right_hip_pitch_joint,right_hip_roll_joint,right_hip_yaw_joint,right_knee_joint,right_ankle_pitch_joint,right_ankle_roll_joint,waist_roll_joint,waist_yaw_joint",707.8906,0.0,0,left_ankle_roll_link,707.8906,-0.00011334568,left_elbow_link
53,1.06,0.1132250651717186,0.027547954083900095,-86.56315032668961,62.64333411963151,-14.306227897221644,1.1204519,8.398045,1.56013139244169,36.772361755371094,36.0,0.5,"left_hip_roll_joint,left_hip_yaw_joint,left_knee_joint,left_ankle_roll_joint,right_hip_pitch_joint,right_hip_yaw_joint,right_knee_joint,right_ankle_pitch_joint,right_ankle_roll_joint,waist_roll_joint,waist_yaw_joint",121.57711,0.0,0,left_ankle_roll_link,121.57711,-0.018103084,left_shoulder_roll_link
54,1.08,0.1302662342786789,-0.22501702052922212,-113.8206389037775,56.14138610824866,-17.78047605191925,1.4835489,24.449148,1.0818335628136992,36.30075454711914,36.0,0.5454545454545454,"left_hip_pitch_joint,left_hip_roll_joint,left_hip_yaw_joint,left_knee_joint,left_ankle_pitch_joint,right_hip_pitch_joint,right_hip_roll_joint,right_hip_yaw_joint,right_knee_joint,right_ankle_pitch_joint,right_ankle_roll_joint,waist_yaw_joint",0.0,0.0,0,pelvis,0.0,-0.03665015,left_shoulder_roll_link
55,1.1,0.11711962521076202,-0.15941202497448614,-110.08158921981399,62.33677717221202,-15.901710907622157,1.0888739,20.727877,1.3967412328347564,36.6230583190918,36.0,0.5454545454545454,"left_hip_pitch_joint,left_hip_roll_joint,left_hip_yaw_joint,left_knee_joint,left_ankle_pitch_joint,left_ankle_roll_joint,right_hip_pitch_joint,right_hip_yaw_joint,right_knee_joint,right_ankle_pitch_joint,right_ankle_roll_joint,waist_roll_joint",0.0,0.0,0,pelvis,0.0,-0.061658494,left_shoulder_roll_link
56,1.12,0.11846654117107391,-0.29669824210239426,-122.95571885041537,56.947291717475444,-12.555402478841575,1.9034904,26.189491,1.1032390212640166,36.27924346923828,36.0,0.5909090909090909,"left_hip_pitch_joint,left_hip_roll_joint,left_hip_yaw_joint,left_knee_joint,left_ankle_pitch_joint,right_hip_pitch_joint,right_hip_roll_joint,right_hip_yaw_joint,right_knee_joint,right_ankle_pitch_joint,right_ankle_roll_joint,waist_roll_joint,waist_yaw_joint",0.0,0.0,0,pelvis,0.0,-0.067043215,left_shoulder_roll_link
57,1.1400000000000001,0.10882757604122162,-0.21026878229131007,-120.68560798572517,65.66773753986287,-11.340879552636597,1.5804427,21.511621,1.459411702118814,36.499996185302734,36.0,0.5454545454545454,"left_hip_pitch_joint,left_hip_roll_joint,left_hip_yaw_joint,left_knee_joint,left_ankle_pitch_joint,left_ankle_roll_joint,right_hip_pitch_joint,right_hip_yaw_joint,right_knee_joint,right_ankle_pitch_joint,right_ankle_roll_joint,waist_roll_joint",0.0,0.0,0,pelvis,0.0,-0.06787664,left_shoulder_roll_link
58,1.16,0.09998321533203125,-0.2483454070772737,-119.31850807981901,59.52417410925185,3.710927988691632,1.0403056,26.529547,1.2378425216302276,36.18024826049805,36.0,0.5909090909090909,"left_hip_pitch_joint,left_hip_roll_joint,left_hip_yaw_joint,left_knee_joint,left_ankle_pitch_joint,right_hip_roll_joint,right_hip_yaw_joint,right_knee_joint,right_ankle_pitch_joint,right_ankle_roll_joint,waist_roll_joint,waist_yaw_joint,left_shoulder_pitch_joint",0.0,0.0,191.61883544921875,torso_link,191.61884,-0.05456861,left_shoulder_roll_link
59,1.18,0.11197422444820404,-0.2264104868112966,-133.15510988240985,70.66920159837274,-15.779377674654691,1.1296045,8.251884,1.5599536513909698,36.10892105102539,36.0,0.5454545454545454,"left_hip_pitch_joint,left_hip_roll_joint,left_hip_yaw_joint,left_ankle_pitch_joint,left_ankle_roll_joint,right_hip_pitch_joint,right_hip_yaw_joint,right_knee_joint,right_ankle_pitch_joint,right_ankle_roll_joint,waist_roll_joint,waist_yaw_joint",0.0,0.0,0,pelvis,0.0,-0.060565934,left_shoulder_roll_link
60,1.2,0.12497908622026443,-0.36084333881197894,-131.78955708033777,57.21526208779761,0.9242259673944843,0.45176446,21.6892,0.9641592651605606,36.37006378173828,36.0,0.5,"left_hip_pitch_joint,left_hip_roll_joint,left_hip_yaw_joint,left_ankle_pitch_joint,right_hip_pitch_joint,right_hip_roll_joint,right_hip_yaw_joint,right_knee_joint,right_ankle_pitch_joint,right_ankle_roll_joint,waist_yaw_joint",0.0,0.0,177.6234893798828,torso_link,177.62349,-0.055168297,left_shoulder_roll_link
61,1.22,0.13182614743709564,-0.3145473630649249,-154.72279520344492,69.64392400922517,-30.863864836205796,1.103222,22.396544,1.5102008506655693,36.23698425292969,36.0,0.5454545454545454,"left_hip_roll_joint,left_hip_yaw_joint,left_knee_joint,left_ankle_pitch_joint,left_ankle_roll_joint,right_hip_pitch_joint,right_hip_roll_joint,right_hip_yaw_joint,right_knee_joint,right_ankle_pitch_joint,right_ankle_roll_joint,waist_roll_joint",0.0,0.0,0,pelvis,0.0,-0.0629417,left_shoulder_roll_link
62,1.24,0.13387346267700195,-0.34106321298148146,-149.99767026486518,66.80665620783157,-19.769072548286854,0.18497446,19.37144,1.2052851533517241,36.19640350341797,36.0,0.5454545454545454,"left_hip_pitch_joint,left_hip_roll_joint,left_hip_yaw_joint,left_knee_joint,left_ankle_pitch_joint,right_hip_roll_joint,right_hip_yaw_joint,right_knee_joint,right_ankle_pitch_joint,right_ankle_roll_joint,waist_roll_joint,waist_yaw_joint",0.0,0.0,131.26058959960938,torso_link,131.26059,-0.048977353,left_shoulder_roll_link
63,1.26,0.12480240315198898,-0.2893799648292745,-162.5863569045956,72.3453420024641,-34.82021615305792,1.2362102,16.72319,1.5509271547198296,33.36286926269531,36.0,0.5,"left_hip_roll_joint,left_hip_yaw_joint,left_knee_joint,left_ankle_pitch_joint,left_ankle_roll_joint,right_hip_pitch_joint,right_hip_yaw_joint,right_knee_joint,right_ankle_pitch_joint,right_ankle_roll_joint,waist_roll_joint",0.0,0.0,0,pelvis,0.0,-0.056773007,left_shoulder_roll_link
64,1.28,0.12393871694803238,-0.3052917094505716,-137.18903274755962,65.4078467708467,-2.4911821061824,0.44930834,18.79343,1.0413355976343155,36.184600830078125,36.0,0.5454545454545454,"left_hip_roll_joint,left_hip_yaw_joint,left_knee_joint,left_ankle_pitch_joint,right_hip_roll_joint,right_hip_yaw_joint,right_knee_joint,right_ankle_pitch_joint,right_ankle_roll_joint,waist_roll_joint,waist_yaw_joint,left_shoulder_pitch_joint",0.0,0.0,41.9755744934082,torso_link,41.975574,-0.048623633,left_shoulder_roll_link
65,1.3,0.11070210486650467,-0.22754012153930603,-160.55051240021567,76.03605723306805,-31.013321953663173,1.7965115,21.74821,1.4686658307909966,36.21184158325195,36.0,0.5909090909090909,"left_hip_pitch_joint,left_hip_roll_joint,left_hip_yaw_joint,left_knee_joint,left_ankle_pitch_joint,left_ankle_roll_joint,right_hip_pitch_joint,right_hip_roll_joint,right_hip_yaw_joint,right_knee_joint,right_ankle_pitch_joint,right_ankle_roll_joint,waist_roll_joint",0.0,0.0,0,pelvis,0.0,-0.052511916,left_shoulder_roll_link
66,1.32,0.09854644536972046,-0.19340882661280334,-131.4635202439028,73.01659223661319,2.37392260003203,0.20741813,18.203522,1.1122961193323135,36.46982955932617,36.0,0.5909090909090909,"left_hip_pitch_joint,left_hip_roll_joint,left_hip_yaw_joint,left_knee_joint,left_ankle_pitch_joint,right_hip_pitch_joint,right_hip_roll_joint,right_hip_yaw_joint,right_knee_joint,right_ankle_pitch_joint,right_ankle_roll_joint,waist_roll_joint,waist_yaw_joint",0.0,0.0,0,pelvis,0.0,-0.03614691,left_shoulder_roll_link
67,1.34,0.09918562322854996,-0.19920354368282744,156.98419856665217,77.50040026254261,-72.69365895443407,0.9095662,19.315796,1.55109154433012,33.47502517700195,36.0,0.45454545454545453,"left_hip_roll_joint,left_knee_joint,left_ankle_pitch_joint,left_ankle_roll_joint,right_hip_pitch_joint,right_hip_yaw_joint,right_knee_joint,right_ankle_pitch_joint,right_ankle_roll_joint,waist_roll_joint",0.0,0.0,0,pelvis,0.0,-0.04112714,left_shoulder_roll_link
68,1.36,0.08348149806261063,-0.14309620594514882,-150.83237009466316,80.56803050737781,-16.029939162054553,0.81226134,20.78222,1.1298094606027007,36.16254806518555,36.0,0.5,"left_hip_roll_joint,left_hip_yaw_joint,left_knee_joint,left_ankle_pitch_joint,right_hip_roll_joint,right_hip_yaw_joint,right_knee_joint,right_ankle_pitch_joint,right_ankle_roll_joint,waist_roll_joint,waist_yaw_joint",0.0,0.0,0,pelvis,0.0,-0.023587532,left_elbow_link
69,1.3800000000000001,0.08391816169023514,-0.15489750351387244,127.49194730197344,75.25641937614488,-100.74017236500086,0.96895164,21.833914,1.402747504413128,36.03382110595703,36.0,0.5909090909090909,"left_hip_pitch_joint,left_hip_roll_joint,left_hip_yaw_joint,left_knee_joint,left_ankle_pitch_joint,left_ankle_roll_joint,right_hip_pitch_joint,right_hip_yaw_joint,right_knee_joint,right_ankle_pitch_joint,right_ankle_roll_joint,waist_roll_joint,waist_yaw_joint",0.0,259.948,227.32034301757812,right_ankle_roll_link,259.948,-0.026029684,left_shoulder_roll_link
70,1.4000000000000001,0.08168435096740723,-0.15025124493417508,-163.40820176180026,80.9800109619278,-31.623827349081598,0.4435607,24.337536,1.1709193801507354,36.02688980102539,36.0,0.5909090909090909,"left_hip_pitch_joint,left_hip_roll_joint,left_hip_yaw_joint,left_knee_joint,left_ankle_pitch_joint,right_hip_pitch_joint,right_hip_roll_joint,right_hip_yaw_joint,right_knee_joint,right_ankle_pitch_joint,right_ankle_roll_joint,waist_roll_joint,waist_yaw_joint",0.0,0.0,0,pelvis,0.0,-0.019603342,left_elbow_link
71,1.42,0.07584728300571442,-0.10990078150568827,160.02010869483695,83.28453265633972,-62.683122112084554,0.30926278,13.4183445,1.264970414340496,36.060890197753906,36.0,0.4090909090909091,"left_hip_roll_joint,left_knee_joint,left_ankle_pitch_joint,left_ankle_roll_joint,right_hip_pitch_joint,right_hip_yaw_joint,right_knee_joint,right_ankle_roll_joint,waist_yaw_joint",0.0,0.0,169.06204986572266,left_knee_link,57.481598,-0.02626179,left_shoulder_roll_link
72,1.44,0.06894299387931824,-0.09901537620123735,-107.65205899297544,70.94176416910463,35.43396083498414,0.49093038,23.780943,0.6712233042344451,35.86629104614258,36.0,0.5,"left_hip_roll_joint,left_hip_yaw_joint,left_knee_joint,left_ankle_pitch_joint,right_hip_pitch_joint,right_hip_roll_joint,right_hip_yaw_joint,right_knee_joint,right_ankle_pitch_joint,right_ankle_roll_joint,waist_yaw_joint",0.0,0.0,0,pelvis,0.0,-0.032465167,left_elbow_link
73,1.46,0.07354053109884262,-0.08898402403119832,-160.83107135338926,84.59430458449317,-24.70948695537587,0.7082474,23.658487,1.247403733432293,36.103294372558594,36.0,0.5909090909090909,"left_hip_pitch_joint,left_hip_roll_joint,left_hip_yaw_joint,left_knee_joint,left_ankle_pitch_joint,left_ankle_roll_joint,right_hip_pitch_joint,right_hip_roll_joint,right_hip_yaw_joint,right_knee_joint,right_ankle_pitch_joint,right_ankle_roll_joint,waist_yaw_joint",0.0,0.0,0,pelvis,0.0,-0.03784059,left_shoulder_roll_link
74,1.48,0.06783128529787064,-0.08004734977677153,-102.75008065015228,68.73391187667991,36.563085734010194,0.7894482,27.103199,0.8108081147074699,35.57098388671875,36.0,0.5909090909090909,"left_hip_pitch_joint,left_hip_roll_joint,left_hip_yaw_joint,left_knee_joint,left_ankle_pitch_joint,right_hip_pitch_joint,right_hip_roll_joint,right_hip_yaw_joint,right_knee_joint,right_ankle_pitch_joint,right_ankle_roll_joint,waist_roll_joint,waist_yaw_joint",0.0,0.0,372.83782958984375,left_hip_yaw_link,125.78638,-0.047054723,left_elbow_link
75,1.5,0.07105565071105957,-0.07362970955990278,-141.10358524441338,84.57140132650899,-7.989134806274885,0.80144924,25.65367,1.3595384284853935,36.088539123535156,36.0,0.5909090909090909,"left_hip_pitch_joint,left_hip_roll_joint,left_hip_yaw_joint,left_knee_joint,left_ankle_pitch_joint,left_ankle_roll_joint,right_hip_pitch_joint,right_hip_roll_joint,right_hip_yaw_joint,right_knee_joint,right_ankle_pitch_joint,right_ankle_roll_joint,waist_yaw_joint",0.0,0.0,0,pelvis,0.0,-0.040699482,left_elbow_link
76,1.52,0.0679054781794548,-0.07176557798034411,-103.22082334808037,71.71214026292918,34.035600093534356,0.5517572,26.23027,1.0005911514163017,35.96757888793945,36.0,0.5909090909090909,"left_hip_pitch_joint,left_hip_roll_joint,left_hip_yaw_joint,left_knee_joint,left_ankle_pitch_joint,right_hip_pitch_joint,right_hip_roll_joint,right_hip_yaw_joint,right_knee_joint,right_ankle_pitch_joint,right_ankle_roll_joint,waist_roll_joint,waist_yaw_joint",0.0,0.0,0,pelvis,0.0,-0.044975236,left_elbow_link
77,1.54,0.0752410888671875,-0.1092519062560342,168.24900227701374,83.59301230453555,-60.13038139314893,1.1342734,26.265985,1.4663772508502007,36.08218765258789,36.0,0.5909090909090909,"left_hip_pitch_joint,left_hip_roll_joint,left_hip_yaw_joint,left_knee_joint,left_ankle_pitch_joint,left_ankle_roll_joint,right_hip_pitch_joint,right_hip_roll_joint,right_hip_yaw_joint,right_knee_joint,right_ankle_pitch_joint,right_ankle_roll_joint,waist_yaw_joint",0.0,0.0,0,pelvis,0.0,-0.03159201,left_elbow_link
78,1.56,0.07961560040712357,-0.14075650195504075,-130.44037379924276,77.4672430333356,4.64835961582854,0.22438252,22.205572,1.2519550248980522,36.082069396972656,36.0,0.5909090909090909,"left_hip_pitch_joint,left_hip_roll_joint,left_hip_yaw_joint,left_knee_joint,left_ankle_pitch_joint,right_hip_pitch_joint,right_hip_roll_joint,right_hip_yaw_joint,right_knee_joint,right_ankle_pitch_joint,right_ankle_roll_joint,waist_roll_joint,waist_yaw_joint",480.003,0.0,1009.7956237792969,torso_link,513.1961,-0.031770974,left_elbow_link
79,1.58,0.062220796942710876,-0.0618434316123313,-137.03188019352166,85.15162288046457,-4.212565915538581,0.9114747,19.812813,1.0763740465044975,36.1156005859375,36.0,0.4090909090909091,"left_hip_roll_joint,left_ankle_pitch_joint,left_ankle_roll_joint,right_hip_pitch_joint,right_hip_yaw_joint,right_knee_joint,right_ankle_pitch_joint,right_ankle_roll_joint,waist_yaw_joint",0.0,0.0,26.9611177444458,left_knee_link,13.671732,-0.022458896,left_elbow_link
80,1.6,0.06709399819374084,-0.1068363955362912,-112.09978714138173,73.50256538897376,32.4853638423966,0.99775463,27.062603,0.6254651229828596,35.969905853271484,36.0,0.5454545454545454,"left_hip_roll_joint,left_hip_yaw_joint,left_knee_joint,left_ankle_pitch_joint,right_hip_pitch_joint,right_hip_roll_joint,right_hip_yaw_joint,right_knee_joint,right_ankle_pitch_joint,right_ankle_roll_joint,waist_roll_joint,waist_yaw_joint",0.0,0.0,813.1218872070312,left_knee_link,497.79962,-0.036133997,left_elbow_link
81,1.62,0.07139694690704346,-0.10264436235191887,153.71868791219234,83.42649956597364,-69.05337351040282,0.61278844,28.258291,0.9733491465449333,36.0244140625,36.0,0.6363636363636364,"left_hip_roll_joint,left_hip_yaw_joint,left_knee_joint,left_ankle_pitch_joint,left_ankle_roll_joint,right_hip_pitch_joint,right_hip_roll_joint,right_hip_yaw_joint,right_knee_joint,right_ankle_pitch_joint,right_ankle_roll_joint,waist_roll_joint,waist_yaw_joint,left_shoulder_pitch_joint",0.0,0.0,0,pelvis,0.0,-0.015614763,left_elbow_link
82,1.6400000000000001,0.09699421375989914,-0.21909707679833845,-162.19612878486154,76.69593908800968,-15.546112595448644,1.5614759,28.030218,0.651778606697917,36.14216995239258,36.0,0.5454545454545454,"left_hip_roll_joint,left_hip_yaw_joint,left_knee_joint,left_ankle_pitch_joint,right_hip_pitch_joint,right_hip_roll_joint,right_hip_yaw_joint,right_knee_joint,right_ankle_pitch_joint,right_ankle_roll_joint,waist_roll_joint,waist_yaw_joint",0.0,0.0,0,pelvis,0.0,-0.011060439,left_elbow_link
83,1.6600000000000001,0.09571055322885513,-0.23176211633978028,141.15963201023527,72.68937043022582,-79.423313099433,0.98018414,27.95989,0.9774734899401665,36.03124237060547,36.0,0.6818181818181818,"left_hip_pitch_joint,left_hip_roll_joint,left_hip_yaw_joint,left_knee_joint,left_ankle_pitch_joint,left_ankle_roll_joint,right_hip_pitch_joint,right_hip_roll_joint,right_hip_yaw_joint,right_knee_joint,right_ankle_pitch_joint,right_ankle_roll_joint,waist_roll_joint,waist_yaw_joint,left_shoulder_pitch_joint",0.0,0.0,25.906267166137695,torso_link,25.906267,-0.007855145,left_shoulder_roll_link
84,1.68,0.11285032331943512,-0.31733431892554664,-174.1123837823739,71.39649867930952,-26.240861583449668,1.2665453,29.403357,0.7511188313364983,36.06379699707031,36.0,0.5909090909090909,"left_hip_pitch_joint,left_hip_roll_joint,left_hip_yaw_joint,left_knee_joint,left_ankle_pitch_joint,right_hip_pitch_joint,right_hip_roll_joint,right_hip_yaw_joint,right_knee_joint,right_ankle_pitch_joint,right_ankle_roll_joint,waist_roll_joint,waist_yaw_joint",0.0,0.0,0,pelvis,0.0,0.004475124,left_shoulder_roll_link
85,1.7,0.1059693992137909,-0.28330749131532684,144.8895709275948,69.73744798137045,-73.8726507321404,1.0055823,28.995146,1.2152409479022026,36.11101150512695,36.0,0.6363636363636364,"left_hip_pitch_joint,left_hip_roll_joint,left_hip_yaw_joint,left_knee_joint,left_ankle_pitch_joint,left_ankle_roll_joint,right_hip_pitch_joint,right_hip_roll_joint,right_hip_yaw_joint,right_knee_joint,right_ankle_pitch_joint,right_ankle_roll_joint,waist_roll_joint,waist_yaw_joint",0.0,0.0,165.2526092529297,torso_link,165.25261,-0.0016097445,left_shoulder_roll_link
86,1.72,0.12037844210863113,-0.3515073159458173,-176.82471516031023,69.38736011676447,-28.791869535181174,1.3119668,27.479982,1.1055637523531914,36.01226043701172,36.0,0.5454545454545454,"left_hip_pitch_joint,left_hip_roll_joint,left_hip_yaw_joint,left_ankle_pitch_joint,right_hip_pitch_joint,right_hip_roll_joint,right_hip_yaw_joint,right_knee_joint,right_ankle_pitch_joint,right_ankle_roll_joint,waist_roll_joint,waist_yaw_joint",0.0,0.0,0,pelvis,0.0,0.015689736,left_shoulder_roll_link
87,1.74,0.11352603137493134,-0.33245965132074673,163.74914221833552,69.73908501664133,-58.814176617392384,1.3581985,26.347145,1.0524743720889091,36.06684875488281,36.0,0.5,"left_hip_pitch_joint,left_hip_roll_joint,left_ankle_pitch_joint,left_ankle_roll_joint,right_hip_pitch_joint,right_hip_roll_joint,right_hip_yaw_joint,right_ankle_pitch_joint,right_ankle_roll_joint,waist_roll_joint,waist_yaw_joint",0.0,0.0,0,pelvis,0.0,0.0024832394,left_shoulder_roll_link
88,1.76,0.11559988558292389,-0.3222138335097231,-145.67787518856147,67.03643281893447,-7.448925517456478,0.9752697,21.59036,0.782665578648448,35.801429748535156,36.0,0.5,"left_hip_roll_joint,left_hip_yaw_joint,left_knee_joint,left_ankle_pitch_joint,right_hip_pitch_joint,right_hip_roll_joint,right_hip_yaw_joint,right_ankle_pitch_joint,right_ankle_roll_joint,waist_roll_joint,waist_yaw_joint",0.0,0.0,0,pelvis,0.0,0.0107529815,left_shoulder_roll_link
89,1.78,0.11366020143032074,-0.319876320511435,-178.58441169958894,71.33868333487882,-48.167629279110294,0.9540026,21.37426,0.9239298030734062,36.061222076416016,36.0,0.5454545454545454,"left_hip_pitch_joint,left_hip_roll_joint,left_hip_yaw_joint,left_knee_joint,left_ankle_pitch_joint,left_ankle_roll_joint,right_hip_pitch_joint,right_hip_roll_joint,right_hip_yaw_joint,right_ankle_pitch_joint,right_ankle_roll_joint,waist_yaw_joint",0.0,0.0,0,pelvis,0.0,0.0030284263,left_shoulder_roll_link
90,1.8,0.10682862997055054,-0.23990162991596264,-143.7299552928937,72.68907863719045,-13.683273284204937,0.39193648,11.991443,0.8117130678147078,36.73702621459961,36.0,0.5454545454545454,"left_hip_roll_joint,left_hip_yaw_joint,left_knee_joint,left_ankle_pitch_joint,right_hip_pitch_joint,right_hip_roll_joint,right_hip_yaw_joint,right_knee_joint,right_ankle_pitch_joint,right_ankle_roll_joint,waist_roll_joint,waist_yaw_joint",0.0,0.0,0,pelvis,0.0,0.034611613,right_shoulder_roll_link
91,1.82,0.10549011826515198,-0.2492258144253725,143.74722497529507,71.99779396372647,-92.2173435743894,1.4022495,18.365414,1.0751994773745537,36.04169464111328,36.0,0.5909090909090909,"left_hip_pitch_joint,left_hip_roll_joint,left_hip_yaw_joint,left_knee_joint,left_ankle_pitch_joint,left_ankle_roll_joint,right_hip_pitch_joint,right_hip_roll_joint,right_hip_yaw_joint,right_knee_joint,right_ankle_pitch_joint,right_ankle_roll_joint,waist_yaw_joint",0.0,0.0,0,pelvis,0.0,0.03429412,left_shoulder_roll_link
92,1.84,0.10025425255298615,-0.22180572125736298,172.94314509357994,77.0853924106747,-67.44263350481869,0.7627732,11.625254,0.8594127576798201,36.02264404296875,36.0,0.5454545454545454,"left_hip_pitch_joint,left_hip_roll_joint,left_hip_yaw_joint,left_knee_joint,left_ankle_pitch_joint,right_hip_pitch_joint,right_hip_roll_joint,right_hip_yaw_joint,right_knee_joint,right_ankle_pitch_joint,right_ankle_roll_joint,waist_yaw_joint",0.0,0.0,0,pelvis,0.0,0.014327124,right_shoulder_roll_link
93,1.86,0.08407361060380936,-0.1784488098769561,124.40945406766816,71.59203066399745,-122.87810287174855,1.0373094,19.291456,1.1415731832385063,37.045902252197266,36.0,0.5,"left_hip_roll_joint,left_hip_yaw_joint,left_knee_joint,left_ankle_pitch_joint,left_ankle_roll_joint,right_hip_pitch_joint,right_hip_yaw_joint,right_knee_joint,right_ankle_pitch_joint,right_ankle_roll_joint,waist_yaw_joint",0.0,98.02572,98.02571868896484,right_knee_link,98.02572,0.025608214,right_shoulder_roll_link
94,1.8800000000000001,0.07378746569156647,-0.15399738100090055,-163.08196667043404,80.73716819241831,-53.399863730940595,0.71957386,23.689785,1.012263617478311,35.454532623291016,36.0,0.5,"left_hip_roll_joint,left_hip_yaw_joint,left_knee_joint,left_ankle_pitch_joint,right_hip_pitch_joint,right_hip_roll_joint,right_hip_yaw_joint,right_knee_joint,right_ankle_pitch_joint,right_ankle_roll_joint,waist_yaw_joint",0.0,207.16382,70.73678588867188,right_ankle_roll_link,207.16382,0.0038450025,right_shoulder_roll_link
95,1.9000000000000001,0.08201220631599426,-0.18979771977345372,135.46797908551943,74.55885356619027,-107.79712933986768,0.80809706,22.318157,1.3268984481692314,36.050811767578125,36.0,0.5,"left_hip_pitch_joint,left_hip_roll_joint,left_hip_yaw_joint,left_knee_joint,left_ankle_pitch_joint,left_ankle_roll_joint,right_hip_pitch_joint,right_hip_yaw_joint,right_knee_joint,right_ankle_pitch_joint,waist_yaw_joint",0.0,0.0,302.146484375,left_knee_link,302.14648,0.018341389,right_shoulder_roll_link
96,1.92,0.08949942886829376,-0.24632911939638724,-155.62148707943993,74.30942311747853,-40.43264026562572,0.84518033,20.2102,0.8927490636706352,35.97312927246094,36.0,0.5454545454545454,"left_hip_pitch_joint,left_hip_roll_joint,left_hip_yaw_joint,left_knee_joint,left_ankle_pitch_joint,right_hip_pitch_joint,right_hip_roll_joint,right_hip_yaw_joint,right_knee_joint,right_ankle_pitch_joint,right_ankle_roll_joint,waist_yaw_joint",0.0,0.0,0,pelvis,0.0,0.010880357,right_shoulder_roll_link
97,1.94,0.09932930767536163,-0.2606384153401251,139.58312286416685,69.9805565117608,-112.54186518416962,0.8937229,25.511547,1.4956722185015678,36.041873931884766,36.0,0.5,"left_hip_pitch_joint,left_hip_roll_joint,left_hip_yaw_joint,left_knee_joint,left_ankle_pitch_joint,left_ankle_roll_joint,right_hip_pitch_joint,right_hip_roll_joint,right_hip_yaw_joint,right_ankle_pitch_joint,waist_yaw_joint",0.0,0.0,0,pelvis,0.0,0.023080366,left_shoulder_roll_link
98,1.96,0.10698958486318588,-0.29257516534245553,-161.4316651685076,72.02259584968014,-56.020434310721576,0.90619713,23.338772,1.0802131816744804,35.91830062866211,36.0,0.5454545454545454,"left_hip_pitch_joint,left_hip_roll_joint,left_hip_yaw_joint,left_knee_joint,left_ankle_pitch_joint,right_hip_pitch_joint,right_hip_roll_joint,right_hip_yaw_joint,right_knee_joint,right_ankle_pitch_joint,right_ankle_roll_joint,waist_yaw_joint",0.0,0.0,0,pelvis,0.0,0.0033667348,right_shoulder_roll_link
99,1.98,0.1226520985364914,-0.36765738506943535,153.68131088080113,65.78412221401405,-103.97124524658516,1.2442418,15.656189,1.5488749668002129,36.171627044677734,36.0,0.5,"left_hip_pitch_joint,left_hip_roll_joint,left_hip_yaw_joint,left_knee_joint,left_ankle_pitch_joint,left_ankle_roll_joint,right_hip_roll_joint,right_hip_yaw_joint,right_knee_joint,right_ankle_pitch_joint,waist_yaw_joint",0.0,0.0,0,pelvis,0.0,0.018817918,left_shoulder_roll_link
100,2.0,0.10381080210208893,-0.2751683904380773,-161.02081026578924,73.08292824020035,-61.26995746411411,1.7185422,21.274643,1.1152253448963165,36.012939453125,36.0,0.5454545454545454,"left_hip_pitch_joint,left_hip_roll_joint,left_hip_yaw_joint,left_knee_joint,left_ankle_pitch_joint,right_hip_pitch_joint,right_hip_roll_joint,right_hip_yaw_joint,right_knee_joint,right_ankle_pitch_joint,right_ankle_roll_joint,waist_yaw_joint",0.0,0.0,0,pelvis,0.0,0.007871119,right_shoulder_roll_link
101,2.02,0.10959137231111526,-0.3083645187723647,140.15589595850102,66.32012003428478,-117.81798303969023,1.4218899,19.962418,1.5551017820835114,36.08734893798828,36.0,0.5454545454545454,"left_hip_pitch_joint,left_hip_roll_joint,left_hip_yaw_joint,left_knee_joint,left_ankle_pitch_joint,left_ankle_roll_joint,right_hip_pitch_joint,right_hip_roll_joint,right_hip_yaw_joint,right_knee_joint,right_ankle_pitch_joint,waist_yaw_joint",0.0,0.0,1483.854736328125,left_knee_link,1483.8547,0.020309547,left_shoulder_roll_link
102,2.04,0.09350571036338806,-0.24957729708832233,170.90956725526743,75.35957811386788,-99.8130511608541,1.2392205,19.086397,1.2638403475284576,35.679725646972656,36.0,0.5909090909090909,"left_hip_pitch_joint,left_hip_roll_joint,left_hip_yaw_joint,left_knee_joint,left_ankle_pitch_joint,right_hip_pitch_joint,right_hip_roll_joint,right_hip_yaw_joint,right_knee_joint,right_ankle_pitch_joint,right_ankle_roll_joint,waist_roll_joint,waist_yaw_joint",0.0,0.0,0,pelvis,0.0,0.005455846,right_shoulder_roll_link
103,2.06,0.11012688279151917,-0.2868751189484673,130.39208738245844,63.72381286406395,-135.15993852366748,2.0684845,26.062698,1.3822612687945366,36.04227066040039,36.0,0.4090909090909091,"left_hip_pitch_joint,left_hip_roll_joint,left_ankle_pitch_joint,left_ankle_roll_joint,right_hip_pitch_joint,right_hip_yaw_joint,right_knee_joint,right_ankle_pitch_joint,waist_yaw_joint",0.0,0.0,0,pelvis,0.0,0.029365677,right_shoulder_roll_link
104,2.08,0.10568942874670029,-0.2879795866325612,150.0602462746849,70.58984309639204,-126.55109333563222,1.4067119,21.91621,0.8842402622103691,35.716617584228516,36.0,0.5454545454545454,"left_hip_pitch_joint,left_hip_roll_joint,left_hip_yaw_joint,left_knee_joint,left_ankle_pitch_joint,right_hip_pitch_joint,right_hip_yaw_joint,right_knee_joint,right_ankle_pitch_joint,right_ankle_roll_joint,waist_roll_joint,waist_yaw_joint",0.0,0.0,0,pelvis,0.0,0.010167278,right_shoulder_roll_link
105,2.1,0.12199082970619202,-0.27725557258578704,117.69454764443066,53.3761390689141,-151.0950370062363,2.165478,31.717825,1.4258772060275078,36.048587799072266,36.0,0.5909090909090909,"left_hip_pitch_joint,left_hip_roll_joint,left_hip_yaw_joint,left_knee_joint,left_ankle_pitch_joint,left_ankle_roll_joint,right_hip_pitch_joint,right_hip_roll_joint,right_hip_yaw_joint,right_knee_joint,right_ankle_pitch_joint,waist_roll_joint,waist_yaw_joint",0.0,0.0,0,pelvis,0.0,0.018695684,right_shoulder_roll_link
106,2.12,0.134011372923851,-0.4163639730201769,133.26971758057837,52.59494906722257,-152.27347292694486,0.87167364,28.995811,1.0205588266253471,34.849639892578125,36.0,0.5909090909090909,"left_hip_pitch_joint,left_hip_roll_joint,left_hip_yaw_joint,left_knee_joint,left_ankle_pitch_joint,right_hip_pitch_joint,right_hip_roll_joint,right_hip_yaw_joint,right_knee_joint,right_ankle_pitch_joint,right_ankle_roll_joint,waist_roll_joint,waist_yaw_joint",0.0,0.0,288.288330078125,torso_link,288.28833,-0.01041536,right_shoulder_roll_link
107,2.14,0.1027965098619461,-0.13398536140221218,102.03011717033073,49.995753532002226,-176.87923466647874,1.9105669,33.081314,1.451140396296978,35.67613983154297,36.0,0.5909090909090909,"left_hip_pitch_joint,left_hip_roll_joint,left_hip_yaw_joint,left_knee_joint,left_ankle_pitch_joint,left_ankle_roll_joint,right_hip_pitch_joint,right_hip_roll_joint,right_hip_yaw_joint,right_knee_joint,right_ankle_pitch_joint,waist_roll_joint,waist_yaw_joint",0.0,0.0,0,pelvis,0.0,0.028863959,right_shoulder_roll_link
108,2.16,0.0886329635977745,-0.06735597315491759,102.11781052932565,71.28496317285507,-178.14046492935861,0.59515816,29.173954,1.055878035724163,35.896453857421875,36.0,0.5,"left_hip_yaw_joint,left_knee_joint,left_ankle_pitch_joint,right_hip_pitch_joint,right_hip_roll_joint,right_hip_yaw_joint,right_knee_joint,right_ankle_pitch_joint,right_ankle_roll_joint,waist_roll_joint,waist_yaw_joint",0.0,0.0,0,pelvis,0.0,0.03447736,right_shoulder_roll_link
109,2.18,0.08161524683237076,0.06864363323604117,83.4308477530513,53.12870373559072,166.77293728894387,1.303602,27.11886,1.552408330142498,34.92454528808594,36.0,0.5,"left_hip_roll_joint,left_hip_yaw_joint,left_knee_joint,left_ankle_pitch_joint,left_ankle_roll_joint,right_hip_pitch_joint,right_hip_roll_joint,right_hip_yaw_joint,right_ankle_pitch_joint,waist_roll_joint,waist_yaw_joint",0.0,0.0,513.9097900390625,left_knee_link,513.9098,0.03321474,right_hip_roll_link
110,2.2,0.09489404410123825,-0.0646235689824568,100.87309289147115,69.96546202788763,170.31260799312557,0.3545469,29.189102,1.0110927745699883,36.00413131713867,36.0,0.5454545454545454,"left_hip_roll_joint,left_hip_yaw_joint,left_knee_joint,left_ankle_pitch_joint,right_hip_pitch_joint,right_hip_roll_joint,right_hip_yaw_joint,right_knee_joint,right_ankle_pitch_joint,right_ankle_roll_joint,waist_roll_joint,waist_yaw_joint",0.0,0.0,166.7452392578125,right_knee_link,86.73362,0.040649705,right_knee_link
111,2.22,0.0984661653637886,-0.0012758805488957137,90.12353300947706,53.71757445481148,163.67267711006832,1.4209646,24.765142,1.5245335027575493,36.49822235107422,36.0,0.5454545454545454,"left_hip_pitch_joint,left_hip_yaw_joint,left_knee_joint,left_ankle_pitch_joint,left_ankle_roll_joint,right_hip_pitch_joint,right_hip_roll_joint,right_hip_yaw_joint,right_knee_joint,right_ankle_pitch_joint,waist_roll_joint,waist_yaw_joint",0.0,0.0,0,pelvis,0.0,0.053227242,right_hip_yaw_link
112,2.24,0.10679290443658829,-0.08960698022034563,105.72571525896548,70.69398894258256,171.08943489626458,1.108327,26.55561,1.0558688566088676,35.728759765625,36.0,0.5454545454545454,"left_hip_pitch_joint,left_hip_yaw_joint,left_knee_joint,left_ankle_pitch_joint,right_hip_pitch_joint,right_hip_roll_joint,right_hip_yaw_joint,right_knee_joint,right_ankle_pitch_joint,right_ankle_roll_joint,waist_roll_joint,waist_yaw_joint",0.0,0.0,0,pelvis,0.0,0.05253818,right_knee_link
113,2.2600000000000002,0.10199055075645447,0.014497229265927558,88.50619077161389,56.21270467871516,160.32684818070413,1.372134,26.985956,1.4651045724749565,36.043033599853516,36.0,0.5454545454545454,"left_hip_pitch_joint,left_knee_joint,left_ankle_pitch_joint,left_ankle_roll_joint,right_hip_pitch_joint,right_hip_roll_joint,right_hip_yaw_joint,right_knee_joint,right_ankle_pitch_joint,waist_roll_joint,waist_yaw_joint,right_shoulder_pitch_joint",0.0,0.0,0,pelvis,0.0,0.04867359,right_knee_link
114,2.2800000000000002,0.10355331003665924,-0.07034003623660112,102.24485813483851,70.63093622196654,161.57142707361348,1.4994818,28.366543,1.1924424981698394,36.90376663208008,36.0,0.5909090909090909,"left_hip_pitch_joint,left_hip_yaw_joint,left_knee_joint,left_ankle_pitch_joint,right_hip_pitch_joint,right_hip_roll_joint,right_hip_yaw_joint,right_knee_joint,right_ankle_pitch_joint,right_ankle_roll_joint,waist_roll_joint,waist_yaw_joint,right_shoulder_roll_joint",0.0,0.0,0,pelvis,0.0,0.04275442,right_knee_link
115,2.3000000000000003,0.08942779898643494,0.044975591889807376,83.55356399096868,66.38512868559647,151.7724675013993,1.2252351,25.290007,1.1431585848331451,36.11524200439453,36.0,0.5909090909090909,"left_hip_pitch_joint,left_hip_roll_joint,left_knee_joint,left_ankle_pitch_joint,left_ankle_roll_joint,right_hip_pitch_joint,right_hip_roll_joint,right_hip_yaw_joint,right_knee_joint,right_ankle_pitch_joint,waist_roll_joint,waist_yaw_joint,right_shoulder_pitch_joint",0.0,0.0,0,pelvis,0.0,0.053912573,right_knee_link
116,2.32,0.07293499261140823,0.032446713698242036,72.05005349225547,83.95653554421314,125.00709756169523,1.8947926,30.373232,1.4209687327966094,36.04685974121094,36.0,0.5909090909090909,"left_hip_pitch_joint,left_hip_roll_joint,left_hip_yaw_joint,left_knee_joint,left_ankle_pitch_joint,right_hip_pitch_joint,right_hip_roll_joint,right_hip_yaw_joint,right_knee_joint,right_ankle_pitch_joint,right_ankle_roll_joint,waist_roll_joint,waist_yaw_joint",0.0,0.0,0,pelvis,0.0,0.05742649,right_knee_link
117,2.34,0.06520601361989975,0.05583768893236929,76.75547185420069,75.89388115229204,137.2557015345258,1.2670772,26.167456,1.291842132806778,36.08131408691406,36.0,0.5909090909090909,"left_hip_pitch_joint,left_hip_roll_joint,left_hip_yaw_joint,left_knee_joint,left_ankle_pitch_joint,left_ankle_roll_joint,right_hip_roll_joint,right_hip_yaw_joint,right_knee_joint,right_ankle_pitch_joint,waist_roll_joint,waist_yaw_joint,right_shoulder_pitch_joint",0.0,0.0,0,pelvis,0.0,0.043565236,right_knee_link
118,2.36,0.041767846792936325,0.0850236583923003,-48.66201609268846,82.60406811554446,2.0341461183062384,2.136923,28.910662,1.5249622678384185,36.06549072265625,36.0,0.5,"left_hip_pitch_joint,left_hip_roll_joint,left_hip_yaw_joint,left_knee_joint,left_ankle_pitch_joint,right_hip_pitch_joint,right_hip_yaw_joint,right_ankle_pitch_joint,right_ankle_roll_joint,waist_roll_joint,waist_yaw_joint",0.0,0.0,0,pelvis,0.0,0.034826364,left_hip_roll_link
119,2.38,0.028219999745488167,0.1023768431197638,37.904013078233774,82.544915482514,98.31903547360373,0.8430852,22.885942,1.3531886637210846,34.41409683227539,36.0,0.6363636363636364,"left_hip_pitch_joint,left_hip_roll_joint,left_hip_yaw_joint,left_knee_joint,left_ankle_pitch_joint,left_ankle_roll_joint,right_hip_pitch_joint,right_hip_roll_joint,right_hip_yaw_joint,right_knee_joint,right_ankle_pitch_joint,waist_roll_joint,waist_yaw_joint,right_shoulder_pitch_joint",0.0,0.0,1467.3583984375,pelvis,1467.3584,0.023593917,right_hip_pitch_link
120,2.4,0.029569320380687714,0.022468939889215278,-72.8972395735727,85.61814910974533,-17.839928607820482,0.29986987,15.256651,1.1819837903603911,35.98723220825195,36.0,0.45454545454545453,"left_hip_yaw_joint,left_knee_joint,left_ankle_pitch_joint,right_hip_pitch_joint,right_hip_yaw_joint,right_knee_joint,right_ankle_pitch_joint,right_ankle_roll_joint,waist_roll_joint,waist_yaw_joint",0.0,0.0,709.7938842773438,pelvis,354.89694,0.02361333,left_hip_pitch_link
121,2.42,0.03560376167297363,0.009460886308060523,87.90008189838139,75.03697682489046,151.88165004381887,0.8816506,24.354235,1.2498734295368195,35.8519287109375,36.0,0.4090909090909091,"left_hip_roll_joint,left_ankle_pitch_joint,left_ankle_roll_joint,right_hip_pitch_joint,right_hip_roll_joint,right_hip_yaw_joint,right_knee_joint,right_ankle_pitch_joint,waist_yaw_joint",0.0,0.0,1076.203857421875,pelvis,1076.2039,0.017047036,right_hip_pitch_link
122,2.44,0.046663738787174225,-0.06531755263387318,-154.13785519361602,85.8373693309074,-104.42300276947068,0.34852296,31.247871,1.0078111505135894,35.835052490234375,36.0,0.5454545454545454,"left_hip_pitch_joint,left_hip_roll_joint,left_hip_yaw_joint,left_knee_joint,left_ankle_pitch_joint,right_hip_pitch_joint,right_hip_roll_joint,right_hip_yaw_joint,right_knee_joint,right_ankle_pitch_joint,right_ankle_roll_joint,waist_yaw_joint",0.0,0.0,0,pelvis,0.0,0.01911135,right_shoulder_roll_link
123,2.46,0.05926203727722168,-0.08827093717753387,103.43687070898225,67.67462293066556,155.98680082646555,1.0709808,28.383474,1.360976129770279,36.07872009277344,36.0,0.5909090909090909,"left_hip_pitch_joint,left_hip_roll_joint,left_hip_yaw_joint,left_knee_joint,left_ankle_pitch_joint,left_ankle_roll_joint,right_hip_pitch_joint,right_hip_roll_joint,right_hip_yaw_joint,right_knee_joint,right_ankle_pitch_joint,waist_roll_joint,waist_yaw_joint",0.0,0.0,0,pelvis,0.0,0.023658674,left_knee_link
124,2.48,0.06309090554714203,-0.10430148181588272,144.75367695683204,82.66250331239934,-170.71974694918262,0.604819,27.955462,1.0231204330921173,35.67853546142578,36.0,0.5454545454545454,"left_hip_pitch_joint,left_hip_yaw_joint,left_knee_joint,left_ankle_pitch_joint,right_hip_pitch_joint,right_hip_roll_joint,right_hip_yaw_joint,right_knee_joint,right_ankle_pitch_joint,right_ankle_roll_joint,waist_roll_joint,waist_yaw_joint",0.0,0.0,0,pelvis,0.0,0.01396185,right_shoulder_roll_link
125,2.5,0.0691259577870369,-0.13080740511534872,108.41238096211465,65.53491090322038,160.04562696484822,1.1771847,23.927282,1.4381692707538605,36.60428237915039,36.0,0.5,"left_hip_pitch_joint,left_hip_yaw_joint,left_knee_joint,left_ankle_pitch_joint,left_ankle_roll_joint,right_hip_roll_joint,right_hip_yaw_joint,right_knee_joint,right_ankle_pitch_joint,waist_roll_joint,waist_yaw_joint",0.0,0.0,65.07791900634766,left_knee_link,65.07792,0.019230463,left_knee_link
126,2.52,0.07375122606754303,-0.16400634295960437,145.20752052792096,78.4800092794481,-166.46026154023397,0.8915813,15.99454,1.113928109407425,36.016056060791016,36.0,0.5454545454545454,"left_hip_pitch_joint,left_hip_yaw_joint,left_knee_joint,left_ankle_pitch_joint,right_hip_pitch_joint,right_hip_roll_joint,right_hip_yaw_joint,right_knee_joint,right_ankle_pitch_joint,right_ankle_roll_joint,waist_roll_joint,waist_yaw_joint",0.0,0.0,19.26306915283203,torso_link,19.26307,0.0041574147,right_shoulder_roll_link
127,2.54,0.07400967180728912,-0.14340264029505478,105.78483361036864,58.185798927576556,159.2952983633525,1.4487908,24.669937,1.4714851677417755,36.2851676940918,36.0,0.6363636363636364,"left_hip_pitch_joint,left_hip_roll_joint,left_hip_yaw_joint,left_knee_joint,left_ankle_pitch_joint,left_ankle_roll_joint,right_hip_pitch_joint,right_hip_roll_joint,right_hip_yaw_joint,right_knee_joint,right_ankle_pitch_joint,waist_roll_joint,waist_yaw_joint,left_shoulder_roll_joint",0.0,0.0,0,pelvis,0.0,0.018003212,right_shoulder_roll_link
128,2.56,0.07890664041042328,-0.18485029678105924,127.5451027413085,72.34177472420413,175.23832767219358,0.9961826,16.319717,1.1934340298175812,36.088661193847656,36.0,0.5909090909090909,"left_hip_pitch_joint,left_hip_roll_joint,left_hip_yaw_joint,left_knee_joint,left_ankle_pitch_joint,right_hip_pitch_joint,right_hip_roll_joint,right_hip_yaw_joint,right_knee_joint,right_ankle_pitch_joint,right_ankle_roll_joint,waist_roll_joint,waist_yaw_joint",0.0,0.0,0,pelvis,0.0,-0.002811132,right_shoulder_roll_link
129,2.58,0.0699714869260788,-0.09539407822726975,98.7451423523019,51.13928935678888,153.71571442033064,1.7338096,24.975925,1.5136570036411285,36.76971435546875,36.0,0.5,"left_hip_roll_joint,left_hip_yaw_joint,left_ankle_pitch_joint,left_ankle_roll_joint,right_hip_pitch_joint,right_hip_roll_joint,right_hip_yaw_joint,right_knee_joint,right_ankle_pitch_joint,waist_roll_joint,waist_yaw_joint",0.0,0.0,0,pelvis,0.0,0.013374923,right_shoulder_roll_link
130,2.6,0.07518075406551361,-0.14166840871404718,110.80797731488859,66.49685797362282,163.10054656049994,0.8521404,20.520266,1.2476218491792679,36.56342315673828,36.0,0.6363636363636364,"left_hip_pitch_joint,left_hip_roll_joint,left_hip_yaw_joint,left_knee_joint,left_ankle_pitch_joint,right_hip_pitch_joint,right_hip_roll_joint,right_hip_yaw_joint,right_knee_joint,right_ankle_pitch_joint,right_ankle_roll_joint,waist_roll_joint,waist_yaw_joint,right_shoulder_roll_joint",0.0,0.0,0,pelvis,0.0,-0.010258842,right_shoulder_roll_link
131,2.62,0.06256061047315598,-0.055822137078122225,94.73024708951128,47.39640850982123,145.41594925065743,1.5575056,10.838286,1.4326459467411041,26.408069610595703,36.0,0.5454545454545454,"left_hip_pitch_joint,left_hip_roll_joint,left_hip_yaw_joint,left_knee_joint,left_ankle_pitch_joint,left_ankle_roll_joint,right_hip_roll_joint,right_hip_yaw_joint,right_knee_joint,right_ankle_pitch_joint,waist_roll_joint,waist_yaw_joint",0.0,0.0,2826.158203125,right_hip_yaw_link,1471.3245,0.0132341385,right_elbow_link
132,2.64,0.05629744753241539,-0.006113611457815082,90.91915017931518,67.59742641200678,140.63527908269495,0.802812,25.651342,1.4350085109472275,36.03544998168945,36.0,0.5,"left_hip_pitch_joint,left_hip_roll_joint,left_hip_yaw_joint,left_knee_joint,left_ankle_pitch_joint,right_hip_pitch_joint,right_hip_roll_joint,right_hip_yaw_joint,right_knee_joint,right_ankle_pitch_joint,waist_yaw_joint",0.0,0.0,0,pelvis,0.0,-0.001219796,right_shoulder_roll_link
133,2.66,0.07217548787593842,0.002814703039088595,89.75584940938639,48.658970278805384,145.9792593669645,1.3457447,23.112453,1.5182385742664337,36.89519119262695,36.0,0.5,"left_hip_pitch_joint,left_hip_roll_joint,left_hip_yaw_joint,left_knee_joint,left_ankle_pitch_joint,left_ankle_roll_joint,right_hip_pitch_joint,right_hip_roll_joint,right_hip_yaw_joint,right_ankle_pitch_joint,waist_yaw_joint",0.0,0.0,0,pelvis,0.0,0.005249834,right_shoulder_roll_link
134,2.68,0.0832548439502716,-0.124715535678249,106.13958212266786,63.342755898129504,161.30184968079823,1.165409,26.768084,1.255468636751175,36.12870788574219,36.0,0.5454545454545454,"left_hip_pitch_joint,left_hip_roll_joint,left_hip_yaw_joint,left_knee_joint,left_ankle_pitch_joint,right_hip_pitch_joint,right_hip_roll_joint,right_hip_yaw_joint,right_knee_joint,right_ankle_pitch_joint,right_ankle_roll_joint,waist_yaw_joint",0.0,0.0,0,pelvis,0.0,-0.015040295,right_shoulder_roll_link
135,2.7,0.08310377597808838,-0.14144374110298874,101.28389764794457,43.708352796171724,146.42827114866267,1.7805831,25.351128,1.5436857044696808,36.389198303222656,36.0,0.5909090909090909,"left_hip_roll_joint,left_hip_yaw_joint,left_knee_joint,left_ankle_pitch_joint,left_ankle_roll_joint,right_hip_pitch_joint,right_hip_roll_joint,right_hip_yaw_joint,right_knee_joint,right_ankle_pitch_joint,waist_roll_joint,waist_yaw_joint,left_shoulder_roll_joint",0.0,0.0,0,pelvis,0.0,0.015865464,right_shoulder_roll_link
136,2.72,0.07770870625972748,-0.03629984452542345,93.57621032273458,54.41212473220731,149.25369315344022,0.84857184,27.61861,1.5068258345127106,36.06864547729492,36.0,0.5,"left_hip_roll_joint,left_hip_yaw_joint,left_knee_joint,left_ankle_pitch_joint,right_hip_pitch_joint,right_hip_roll_joint,right_hip_yaw_joint,right_knee_joint,right_ankle_pitch_joint,right_ankle_roll_joint,waist_yaw_joint",0.0,0.0,0,pelvis,0.0,-0.0097321905,right_shoulder_roll_link
137,2.74,0.04887596145272255,-0.09712481521904626,99.79457610265365,55.184758477133684,135.73212253126945,0.18953921,11.964102,1.5331029742956161,31.947681427001953,36.0,0.4090909090909091,"left_hip_roll_joint,left_knee_joint,left_ankle_pitch_joint,left_ankle_roll_joint,right_hip_roll_joint,right_hip_yaw_joint,right_knee_joint,right_ankle_pitch_joint,waist_yaw_joint",0.0,0.0,5761.80517578125,pelvis,5761.805,0.007800784,right_hip_pitch_link
138,2.7600000000000002,0.059727538377046585,0.037706066561575824,85.49236660923869,61.32958867708321,142.25842997375835,1.0650395,12.750241,1.0431192368268967,36.11151885986328,36.0,0.5454545454545454,"left_hip_pitch_joint,left_hip_roll_joint,left_hip_yaw_joint,left_knee_joint,left_ankle_pitch_joint,right_hip_pitch_joint,right_hip_yaw_joint,right_knee_joint,right_ankle_pitch_joint,right_ankle_roll_joint,waist_roll_joint,waist_yaw_joint",0.0,0.0,0,pelvis,0.0,0.014211809,right_shoulder_roll_link
139,2.7800000000000002,0.07378623634576797,-0.11473655484088674,99.71911255344459,47.18403002788309,150.72553495246916,1.9827756,19.566383,1.2796399518847466,36.164306640625,36.0,0.5909090909090909,"left_hip_pitch_joint,left_hip_roll_joint,left_hip_yaw_joint,left_knee_joint,left_ankle_pitch_joint,left_ankle_roll_joint,right_hip_pitch_joint,right_hip_roll_joint,right_hip_yaw_joint,right_knee_joint,right_ankle_pitch_joint,waist_yaw_joint,left_shoulder_pitch_joint",0.0,0.0,0,pelvis,0.0,0.024932541,right_elbow_link
140,2.8000000000000003,0.08019265532493591,-0.13950997254031883,104.8387950629433,56.99259777802611,166.60296106764292,0.8867808,22.791792,0.9087482616305351,36.014892578125,36.0,0.4090909090909091,"left_hip_yaw_joint,left_knee_joint,left_ankle_pitch_joint,right_hip_yaw_joint,right_knee_joint,right_ankle_pitch_joint,right_ankle_roll_joint,waist_roll_joint,waist_yaw_joint",0.0,0.0,0,pelvis,0.0,0.0016448013,right_shoulder_roll_link
141,2.82,0.07498583197593689,-0.26668970087598076,110.7782366225835,41.25656602916805,158.96621566205062,1.1796659,29.942997,1.4935294315218925,36.32156753540039,36.0,0.5,"left_hip_roll_joint,left_hip_yaw_joint,left_knee_joint,left_ankle_pitch_joint,left_ankle_roll_joint,right_hip_pitch_joint,right_hip_roll_joint,right_hip_yaw_joint,right_ankle_pitch_joint,waist_roll_joint,waist_yaw_joint",0.0,0.0,0,pelvis,0.0,0.01460655,right_elbow_link
142,2.84,0.09671981632709503,-0.2244044656569475,113.00818029990373,54.96152908512874,175.30903907439279,1.93901,26.200785,1.007091872394085,36.20854568481445,36.0,0.5909090909090909,"left_hip_pitch_joint,left_hip_roll_joint,left_hip_yaw_joint,left_knee_joint,left_ankle_pitch_joint,right_hip_pitch_joint,right_hip_roll_joint,right_hip_yaw_joint,right_knee_joint,right_ankle_pitch_joint,right_ankle_roll_joint,waist_roll_joint,waist_yaw_joint",0.0,0.0,0,pelvis,0.0,0.00011180341,right_shoulder_roll_link
143,2.86,0.08625331521034241,-0.17142785696044172,103.97220014777345,44.76590355342214,164.73543281318592,1.7825371,19.832401,1.5507111474871635,35.037662506103516,36.0,0.5909090909090909,"left_hip_pitch_joint,left_hip_roll_joint,left_hip_yaw_joint,left_knee_joint,left_ankle_pitch_joint,left_ankle_roll_joint,right_hip_pitch_joint,right_hip_roll_joint,right_hip_yaw_joint,right_knee_joint,right_ankle_pitch_joint,waist_roll_joint,waist_yaw_joint",0.0,0.0,0,pelvis,0.0,0.019951023,right_elbow_link
144,2.88,0.09859281778335571,-0.23339813695726264,122.95297489051795,64.59084912618441,-168.39073801367286,1.5410765,26.419247,0.9343937560915947,36.34609603881836,36.0,0.5909090909090909,"left_hip_pitch_joint,left_hip_roll_joint,left_hip_yaw_joint,left_knee_joint,left_ankle_pitch_joint,right_hip_pitch_joint,right_hip_roll_joint,right_hip_yaw_joint,right_knee_joint,right_ankle_pitch_joint,right_ankle_roll_joint,waist_roll_joint,waist_yaw_joint",0.0,0.0,80.24398040771484,torso_link,80.24398,0.010278698,right_shoulder_roll_link
145,2.9,0.07968883961439133,-0.11934849101451483,102.7892268616836,57.37436164114794,173.36149355613685,1.9056743,22.708351,1.457556240260601,36.40115737915039,36.0,0.5454545454545454,"left_hip_pitch_joint,left_hip_yaw_joint,left_knee_joint,left_ankle_pitch_joint,left_ankle_roll_joint,right_hip_pitch_joint,right_hip_roll_joint,right_hip_yaw_joint,right_knee_joint,right_ankle_pitch_joint,waist_roll_joint,waist_yaw_joint",130.46744,130.46744,0,left_ankle_roll_link,130.46744,0.008484222,left_shoulder_roll_link
146,2.92,0.0870208591222763,-0.20586316291181816,135.99497956128795,73.36893873551955,-159.05380639305451,1.5560275,23.494858,0.9048547074198723,36.20183563232422,36.0,0.45454545454545453,"left_hip_pitch_joint,left_hip_roll_joint,left_hip_yaw_joint,left_knee_joint,left_ankle_roll_joint,right_hip_pitch_joint,right_hip_yaw_joint,right_knee_joint,right_ankle_pitch_joint,waist_yaw_joint",192.34853,192.34853,0,left_ankle_roll_link,192.34853,0.027141236,left_elbow_link
147,2.94,0.06319266557693481,-0.11424063050733402,106.2161455394963,65.85289879906381,175.45937526416185,1.3667066,9.27595,1.3456027433276176,30.78438949584961,36.0,0.5454545454545454,"left_hip_pitch_joint,left_hip_roll_joint,left_hip_yaw_joint,left_knee_joint,left_ankle_roll_joint,right_hip_pitch_joint,right_hip_roll_joint,right_hip_yaw_joint,right_knee_joint,right_ankle_pitch_joint,waist_roll_joint,waist_yaw_joint",0.0,0.0,3188.77734375,right_hip_yaw_link,3188.7773,0.00931023,left_shoulder_roll_link
148,2.96,0.09206844121217728,-0.23267125934117416,-175.60127533997505,76.50514531601834,-117.12911210824888,2.0945125,31.157978,0.9154112339019775,35.89560317993164,36.0,0.5454545454545454,"left_hip_pitch_joint,left_hip_roll_joint,left_hip_yaw_joint,left_knee_joint,left_ankle_pitch_joint,left_ankle_roll_joint,right_hip_pitch_joint,right_hip_roll_joint,right_knee_joint,right_ankle_pitch_joint,right_ankle_roll_joint,waist_yaw_joint",0.0,0.0,155.9657745361328,right_knee_link,155.96577,0.015977398,left_elbow_link
149,2.98,0.10033625364303589,-0.2361159117328686,157.3844484379999,75.17993955474748,-130.60631854180295,1.2022955,26.091867,1.1853598281741142,36.26631546020508,36.0,0.6363636363636364,"left_hip_pitch_joint,left_hip_roll_joint,left_hip_yaw_joint,left_knee_joint,left_ankle_pitch_joint,left_ankle_roll_joint,right_hip_pitch_joint,right_hip_roll_joint,right_hip_yaw_joint,right_knee_joint,right_ankle_pitch_joint,waist_roll_joint,waist_yaw_joint,left_shoulder_pitch_joint",0.0,0.0,2.807501792907715,torso_link,2.8075018,-0.008793544,left_shoulder_roll_link
150,3.0,0.135542631149292,-0.3507298838564523,-140.18425158618078,62.83102999650323,-69.69788467420042,2.3431761,29.912226,0.9777032136917114,36.23185729980469,36.0,0.6363636363636364,"left_hip_pitch_joint,left_hip_roll_joint,left_hip_yaw_joint,left_knee_joint,left_ankle_pitch_joint,left_ankle_roll_joint,right_hip_pitch_joint,right_hip_roll_joint,right_hip_yaw_joint,right_knee_joint,right_ankle_pitch_joint,right_ankle_roll_joint,waist_roll_joint,waist_yaw_joint",0.0,0.0,0,pelvis,0.0,0.004363075,left_shoulder_roll_link
151,3.02,0.14057032763957977,-0.34727616747127854,-154.98074943933625,67.46566059168694,-85.09918605977666,1.4619286,17.313988,1.0142404958605766,36.18119812011719,36.0,0.5909090909090909,"left_hip_pitch_joint,left_hip_roll_joint,left_hip_yaw_joint,left_knee_joint,left_ankle_pitch_joint,left_ankle_roll_joint,right_hip_pitch_joint,right_hip_roll_joint,right_hip_yaw_joint,right_knee_joint,right_ankle_pitch_joint,waist_roll_joint,waist_yaw_joint",451.68872,0.0,0,left_ankle_roll_link,451.68872,-0.020933393,left_shoulder_roll_link
152,3.04,0.1548384428024292,-0.32798952419355487,-121.61726828656253,51.270494091741945,-58.38171889007359,1.4726309,27.051983,0.9542484283447266,36.250579833984375,36.0,0.4090909090909091,"left_hip_roll_joint,left_hip_yaw_joint,right_hip_pitch_joint,right_hip_roll_joint,right_hip_yaw_joint,right_knee_joint,right_ankle_pitch_joint,right_ankle_roll_joint,waist_yaw_joint",23.575132,0.0,11.390549659729004,left_ankle_roll_link,23.575132,-0.009160522,left_shoulder_roll_link
153,3.06,0.157340407371521,-0.42432579895245226,-142.85369060907502,57.83633791954844,-67.47420815062962,1.6778038,20.286715,1.0719840452075005,36.2509651184082,36.0,0.5454545454545454,"left_hip_pitch_joint,left_hip_roll_joint,left_hip_yaw_joint,left_knee_joint,left_ankle_roll_joint,right_hip_pitch_joint,right_hip_roll_joint,right_hip_yaw_joint,right_knee_joint,right_ankle_pitch_joint,waist_roll_joint,waist_yaw_joint",0.0,0.0,0,pelvis,0.0,-0.03882698,left_shoulder_roll_link
154,3.08,0.14415819942951202,-0.2428338618700039,-108.90767353054514,41.462848987679315,-42.34805398862054,0.26489738,22.324987,1.112476721405983,30.23659324645996,36.0,0.5909090909090909,"left_hip_roll_joint,left_hip_yaw_joint,left_knee_joint,left_ankle_pitch_joint,left_ankle_roll_joint,right_hip_pitch_joint,right_hip_roll_joint,right_hip_yaw_joint,right_knee_joint,right_ankle_pitch_joint,right_ankle_roll_joint,waist_roll_joint,waist_yaw_joint",0.0,0.0,0,pelvis,0.0,-0.032272466,left_shoulder_roll_link
155,3.1,0.14725632965564728,-0.449329627869254,-134.88821962265746,50.454459432761695,-50.97305231212615,1.4775202,24.315666,1.2049062177538872,36.333473205566406,36.0,0.5909090909090909,"left_hip_pitch_joint,left_hip_roll_joint,left_hip_yaw_joint,left_knee_joint,left_ankle_pitch_joint,left_ankle_roll_joint,right_hip_pitch_joint,right_hip_roll_joint,right_hip_yaw_joint,right_knee_joint,right_ankle_pitch_joint,waist_roll_joint,waist_yaw_joint",0.0,0.0,181.40150451660156,torso_link,181.4015,-0.063571945,left_shoulder_roll_link
156,3.12,0.13745512068271637,-0.3265586193164669,-113.43548189241173,34.806499502394075,-31.44578952499244,1.0544285,32.923546,1.1390279680490494,36.25221633911133,36.0,0.5454545454545454,"left_hip_roll_joint,left_hip_yaw_joint,left_knee_joint,left_ankle_pitch_joint,left_ankle_roll_joint,right_hip_roll_joint,right_hip_yaw_joint,right_knee_joint,right_ankle_pitch_joint,right_ankle_roll_joint,waist_roll_joint,waist_yaw_joint",0.0,0.0,0,pelvis,0.0,-0.047122613,left_shoulder_roll_link
157,3.14,0.12765735387802124,-0.3819000626382678,-122.16309304157636,44.158853905571455,-28.088571387375897,0.64267784,18.865324,1.246681921184063,36.03235626220703,36.0,0.5454545454545454,"left_hip_pitch_joint,left_hip_yaw_joint,left_knee_joint,left_ankle_pitch_joint,left_ankle_roll_joint,right_hip_pitch_joint,right_hip_roll_joint,right_hip_yaw_joint,right_knee_joint,right_ankle_pitch_joint,waist_roll_joint,waist_yaw_joint",0.0,0.0,0,pelvis,0.0,-0.060832568,left_shoulder_roll_link
158,3.16,0.13033433258533478,-0.29249775044096005,-109.74175869387851,30.009969158469172,-16.23297449353125,1.5414442,20.594,1.0552286207675934,36.193580627441406,36.0,0.5,"left_hip_roll_joint,left_hip_yaw_joint,left_knee_joint,left_ankle_pitch_joint,left_ankle_roll_joint,right_hip_roll_joint,right_hip_yaw_joint,right_knee_joint,right_ankle_pitch_joint,right_ankle_roll_joint,waist_yaw_joint",0.0,0.0,0,pelvis,0.0,-0.055707134,left_shoulder_roll_link
159,3.18,0.12819616496562958,-0.3696876833932947,-123.4849022384788,47.92773224527393,-18.70094132137504,0.8692487,27.445107,1.2725053951144218,36.32581329345703,36.0,0.5,"left_hip_roll_joint,left_hip_yaw_joint,left_ankle_pitch_joint,left_ankle_roll_joint,right_hip_pitch_joint,right_hip_roll_joint,right_hip_yaw_joint,right_knee_joint,right_ankle_pitch_joint,waist_roll_joint,waist_yaw_joint",154.78322,0.0,77.02354431152344,left_ankle_roll_link,154.78322,-0.06971562,left_shoulder_roll_link
160,3.2,0.12650315463542938,-0.25147151997572337,-107.36066649945927,32.56584021228409,-1.549785882871186,2.0115557,21.44114,1.0719064753502607,37.488773345947266,36.0,0.6363636363636364,"left_hip_pitch_joint,left_hip_roll_joint,left_hip_yaw_joint,left_knee_joint,left_ankle_pitch_joint,left_ankle_roll_joint,right_hip_pitch_joint,right_hip_roll_joint,right_hip_yaw_joint,right_knee_joint,right_ankle_pitch_joint,right_ankle_roll_joint,waist_roll_joint,waist_yaw_joint",268.44116,0.0,0,left_ankle_roll_link,268.44116,-0.049586423,left_shoulder_roll_link
161,3.22,0.12714940309524536,-0.2616499007075834,-116.8079553752128,54.53871037777731,-8.49226337692496,1.0768639,24.78082,1.3328643143177032,36.22477722167969,36.0,0.5454545454545454,"left_hip_pitch_joint,left_hip_roll_joint,left_hip_yaw_joint,left_knee_joint,left_ankle_pitch_joint,left_ankle_roll_joint,right_hip_pitch_joint,right_hip_roll_joint,right_hip_yaw_joint,right_knee_joint,right_ankle_pitch_joint,waist_yaw_joint",572.0687,0.0,0,left_ankle_roll_link,572.0687,-0.052541573,left_shoulder_roll_link
162,3.24,0.12506312131881714,-0.1733394537742985,-102.76548191305503,38.32738747823303,5.994211311088111,1.795855,22.747814,1.2014781534671783,36.278324127197266,36.0,0.6363636363636364,"left_hip_pitch_joint,left_hip_roll_joint,left_hip_yaw_joint,left_knee_joint,left_ankle_pitch_joint,left_ankle_roll_joint,right_hip_pitch_joint,right_hip_roll_joint,right_hip_yaw_joint,right_knee_joint,right_ankle_pitch_joint,right_ankle_roll_joint,waist_yaw_joint,right_shoulder_roll_joint",0.0,0.0,0,pelvis,0.0,-0.034278825,left_shoulder_roll_link
163,3.2600000000000002,0.11830858886241913,-0.20239885655644407,-112.82848890185367,58.55488929388852,-0.34428221995436026,1.5088593,24.289093,1.4219730198383331,36.24440383911133,36.0,0.5454545454545454,"left_hip_pitch_joint,left_hip_roll_joint,left_hip_yaw_joint,left_knee_joint,left_ankle_pitch_joint,right_hip_pitch_joint,right_hip_roll_joint,right_hip_yaw_joint,right_knee_joint,right_ankle_pitch_joint,waist_roll_joint,waist_yaw_joint",0.0,0.0,0,pelvis,0.0,-0.04515322,left_shoulder_roll_link
164,3.2800000000000002,0.10601695626974106,-0.11068571264964255,-98.24225733619375,39.458204560189145,15.055019013683475,1.7702993,26.824524,1.3671208918094635,36.26980209350586,36.0,0.6818181818181818,"left_hip_pitch_joint,left_hip_roll_joint,left_hip_yaw_joint,left_knee_joint,left_ankle_pitch_joint,left_ankle_roll_joint,right_hip_pitch_joint,right_hip_roll_joint,right_hip_yaw_joint,right_knee_joint,right_ankle_pitch_joint,right_ankle_roll_joint,waist_roll_joint,waist_yaw_joint,right_shoulder_roll_joint",0.0,0.0,0,pelvis,0.0,-0.03414169,left_shoulder_roll_link
165,3.3000000000000003,0.09230612963438034,-0.1470092519185826,-106.31444812211177,58.44378580733529,15.74273271887003,1.2543963,30.542276,1.1812457144260406,36.25670623779297,36.0,0.45454545454545453,"left_hip_pitch_joint,left_hip_yaw_joint,left_ankle_pitch_joint,right_hip_pitch_joint,right_hip_roll_joint,right_hip_yaw_joint,right_knee_joint,right_ankle_pitch_joint,waist_roll_joint,waist_yaw_joint",0.0,0.0,0,pelvis,0.0,-0.05372428,left_shoulder_roll_link
166,3.3200000000000003,0.07577624917030334,0.02855879541250228,-87.78724152882585,42.296901852023026,26.249770265704473,0.99134415,27.644958,1.2871290724724531,35.25888442993164,36.0,0.6363636363636364,"left_hip_roll_joint,left_hip_yaw_joint,left_knee_joint,left_ankle_pitch_joint,left_ankle_roll_joint,right_hip_pitch_joint,right_hip_roll_joint,right_hip_yaw_joint,right_knee_joint,right_ankle_pitch_joint,right_ankle_roll_joint,waist_roll_joint,waist_yaw_joint,right_shoulder_roll_joint",0.0,0.0,0,pelvis,0.0,-0.045372326,left_elbow_link
167,3.34,0.05953168869018555,-0.03811137989061564,-94.94782033464764,63.776160934646256,29.18768363359035,1.6745919,33.94601,1.0929671451449394,36.11272430419922,36.0,0.5454545454545454,"left_hip_pitch_joint,left_hip_roll_joint,left_hip_yaw_joint,left_knee_joint,left_ankle_pitch_joint,right_hip_pitch_joint,right_hip_roll_joint,right_hip_yaw_joint,right_knee_joint,right_ankle_pitch_joint,waist_roll_joint,waist_yaw_joint",0.0,0.0,325.6966247558594,torso_link,325.69662,-0.049856592,left_shoulder_roll_link
168,3.36,0.05931217595934868,-0.021694445401076123,-91.99822109116697,51.524532704398766,34.14857924863295,1.4000674,21.334312,1.4182046931236982,36.3056640625,36.0,0.5909090909090909,"left_hip_yaw_joint,left_knee_joint,left_ankle_pitch_joint,left_ankle_roll_joint,right_hip_pitch_joint,right_hip_roll_joint,right_hip_yaw_joint,right_knee_joint,right_ankle_pitch_joint,right_ankle_roll_joint,waist_roll_joint,waist_yaw_joint,right_shoulder_roll_joint",0.0,0.0,250.6094207763672,left_hip_yaw_link,250.60942,-0.047048554,left_elbow_link
169,3.38,0.06567991524934769,-0.05306419677883101,-100.24288642737385,72.63769776514123,31.21431769038295,1.3259319,34.184143,1.0740803759545088,36.157127380371094,36.0,0.45454545454545453,"left_hip_pitch_joint,left_hip_roll_joint,left_ankle_pitch_joint,right_hip_pitch_joint,right_hip_roll_joint,right_hip_yaw_joint,right_knee_joint,right_ankle_pitch_joint,waist_yaw_joint,left_shoulder_roll_joint",0.0,0.0,0,pelvis,0.0,-0.02641512,left_shoulder_roll_link
170,3.4,0.061007123440504074,-0.00036383936024764196,-90.03961500215905,58.249152912845425,34.28520845081579,1.2079825,29.670908,1.4891046565026045,36.26602554321289,36.0,0.5909090909090909,"left_hip_pitch_joint,left_hip_roll_joint,left_hip_yaw_joint,left_knee_joint,left_ankle_pitch_joint,left_ankle_roll_joint,right_hip_pitch_joint,right_knee_joint,right_ankle_pitch_joint,right_ankle_roll_joint,waist_roll_joint,waist_yaw_joint,right_shoulder_roll_joint",0.0,0.0,73.55856323242188,left_hip_yaw_link,73.55856,-0.024084657,left_elbow_link
171,3.42,0.061457306146621704,-0.014530972730995018,-94.24093550514645,78.66788031587862,32.804344114987344,1.4474367,34.483562,1.2282075881958008,35.50535202026367,36.0,0.45454545454545453,"left_hip_pitch_joint,left_hip_roll_joint,left_knee_joint,left_ankle_pitch_joint,right_hip_yaw_joint,right_knee_joint,right_ankle_pitch_joint,waist_roll_joint,waist_yaw_joint,left_shoulder_roll_joint",0.0,0.0,0,pelvis,0.0,-0.019098902,left_shoulder_roll_link
172,3.44,0.08172392845153809,-0.15781835546957312,-114.9521843285395,68.0312898140173,12.836116768597085,1.3593355,28.780432,1.3510368149727583,35.45551300048828,36.0,0.5909090909090909,"left_hip_yaw_joint,left_knee_joint,left_ankle_pitch_joint,left_ankle_roll_joint,right_hip_pitch_joint,right_hip_roll_joint,right_hip_yaw_joint,right_knee_joint,right_ankle_pitch_joint,right_ankle_roll_joint,waist_roll_joint,waist_yaw_joint,right_shoulder_roll_joint",0.0,0.0,0,pelvis,0.0,-0.017759249,left_elbow_link
173,3.46,0.08468542248010635,-0.14529888917819456,167.0856181729642,81.42698591206607,-56.69860084499769,1.5820178,29.600203,1.0447413846850395,32.142276763916016,36.0,0.5454545454545454,"left_hip_pitch_joint,left_hip_roll_joint,left_hip_yaw_joint,left_ankle_pitch_joint,right_hip_pitch_joint,right_hip_roll_joint,right_hip_yaw_joint,right_knee_joint,right_ankle_pitch_joint,waist_roll_joint,waist_yaw_joint,left_shoulder_roll_joint",0.0,0.0,0,pelvis,0.0,-0.023024287,left_shoulder_roll_link
174,3.48,0.09559875726699829,-0.17835612587869498,-160.7400052979921,79.10962166916178,-31.727082942106524,1.4445355,25.596348,1.1236131489276886,35.60674285888672,36.0,0.6363636363636364,"left_hip_pitch_joint,left_hip_roll_joint,left_hip_yaw_joint,left_knee_joint,left_ankle_pitch_joint,left_ankle_roll_joint,right_hip_pitch_joint,right_hip_roll_joint,right_hip_yaw_joint,right_knee_joint,right_ankle_pitch_joint,right_ankle_roll_joint,waist_yaw_joint,left_shoulder_pitch_joint",0.0,0.0,0,pelvis,0.0,0.019955767,left_shoulder_roll_link
175,3.5,0.09226536750793457,-0.16644320599593954,120.98281619483174,71.13567006777592,-107.20969330065277,1.7396896,33.206604,1.3210765421390533,36.05140686035156,36.0,0.5454545454545454,"left_hip_pitch_joint,left_hip_roll_joint,left_hip_yaw_joint,left_knee_joint,left_ankle_pitch_joint,right_hip_pitch_joint,right_hip_roll_joint,right_hip_yaw_joint,right_knee_joint,right_ankle_pitch_joint,waist_roll_joint,waist_yaw_joint",0.0,0.0,0,pelvis,0.0,0.020811092,left_shoulder_roll_link
176,3.52,0.05041244626045227,-0.031111409086307162,98.6471351330102,78.0576069511366,-135.58807214704362,1.5009668,17.490995,0.890290467068553,36.231075286865234,36.0,0.5909090909090909,"left_hip_pitch_joint,left_hip_roll_joint,left_hip_yaw_joint,left_knee_joint,left_ankle_pitch_joint,left_ankle_roll_joint,right_hip_pitch_joint,right_hip_roll_joint,right_hip_yaw_joint,right_knee_joint,right_ankle_pitch_joint,right_ankle_roll_joint,waist_yaw_joint",0.0,0.0,0,pelvis,0.0,0.03454771,right_hip_pitch_link
177,3.54,0.07558351755142212,-0.15232981750662766,105.23924235660122,54.58242754383618,-121.53744457364883,2.9766676,26.842695,1.1513087674975395,36.334197998046875,36.0,0.45454545454545453,"left_hip_pitch_joint,left_hip_yaw_joint,left_knee_joint,left_ankle_pitch_joint,right_hip_pitch_joint,right_hip_roll_joint,right_hip_yaw_joint,right_knee_joint,right_ankle_pitch_joint,waist_yaw_joint",0.0,0.0,957.0880699157715,right_hip_yaw_link,911.50256,0.021661596,right_hip_roll_link
178,3.56,0.0933169573545456,-0.27892493670302265,130.15521025382233,64.37143857857957,-105.56987753252263,0.73471874,29.175459,0.8947029411792755,36.48086929321289,36.0,0.6818181818181818,"left_hip_pitch_joint,left_hip_roll_joint,left_hip_yaw_joint,left_knee_joint,left_ankle_pitch_joint,left_ankle_roll_joint,right_hip_pitch_joint,right_hip_roll_joint,right_hip_yaw_joint,right_knee_joint,right_ankle_pitch_joint,right_ankle_roll_joint,waist_roll_joint,waist_yaw_joint,right_shoulder_pitch_joint",0.0,0.0,0,pelvis,0.0,-0.0006490573,right_shoulder_roll_link
179,3.58,0.11450295895338058,-0.2318604956010919,113.88684892364034,55.06885978294764,-105.59843230849864,2.464048,33.39423,1.1807188093662262,36.080299377441406,36.0,0.5454545454545454,"left_hip_pitch_joint,left_hip_roll_joint,left_hip_yaw_joint,left_knee_joint,left_ankle_pitch_joint,right_hip_pitch_joint,right_hip_roll_joint,right_hip_yaw_joint,right_knee_joint,right_ankle_pitch_joint,waist_roll_joint,waist_yaw_joint",0.0,0.0,0,pelvis,0.0,0.022175489,right_shoulder_roll_link
180,3.6,0.1208265870809555,-0.31008405497523484,141.92896085313214,66.80356925502274,-80.05018800354492,1.669174,28.322208,0.9878600835800171,36.398887634277344,36.0,0.6363636363636364,"left_hip_pitch_joint,left_hip_roll_joint,left_hip_yaw_joint,left_knee_joint,left_ankle_pitch_joint,left_ankle_roll_joint,right_hip_pitch_joint,right_hip_roll_joint,right_hip_yaw_joint,right_knee_joint,right_ankle_pitch_joint,right_ankle_roll_joint,waist_roll_joint,waist_yaw_joint",0.0,0.0,0,pelvis,0.0,0.007767113,right_shoulder_roll_link
181,3.62,0.11045463383197784,-0.25177700154934257,116.72092253647565,55.947948660492884,-103.01197867934604,1.2793972,20.188637,1.2554247304797173,36.39998245239258,36.0,0.45454545454545453,"left_hip_pitch_joint,left_hip_roll_joint,left_hip_yaw_joint,left_knee_joint,left_ankle_pitch_joint,right_hip_yaw_joint,right_knee_joint,right_ankle_pitch_joint,waist_roll_joint,waist_yaw_joint",0.0,0.0,0,pelvis,0.0,0.030733477,right_shoulder_roll_link
182,3.64,0.11640831083059311,-0.32580116991052144,157.88112322118005,69.40969815700744,-70.49997506896186,1.0050696,23.184275,1.1970864832401276,27.71828842163086,36.0,0.5909090909090909,"left_hip_pitch_joint,left_hip_roll_joint,left_hip_yaw_joint,left_knee_joint,left_ankle_pitch_joint,left_ankle_roll_joint,right_hip_pitch_joint,right_hip_roll_joint,right_hip_yaw_joint,right_knee_joint,right_ankle_pitch_joint,right_ankle_roll_joint,waist_yaw_joint",0.0,0.0,1983.498779296875,right_knee_link,1983.4988,0.004248228,right_shoulder_roll_link
183,3.66,0.09182947129011154,-0.27768645059982333,137.59269293341404,67.90884213608088,-89.86300626158787,1.5847398,10.775707,1.1178840324282646,36.21056365966797,36.0,0.4090909090909091,"left_hip_roll_joint,left_knee_joint,left_ankle_pitch_joint,right_hip_pitch_joint,right_hip_roll_joint,right_hip_yaw_joint,right_knee_joint,right_ankle_pitch_joint,waist_yaw_joint",0.0,0.0,0,pelvis,0.0,0.018612554,left_shoulder_roll_link
184,3.68,0.11055292189121246,-0.3294555320765373,-169.56507340264994,70.42769715277717,-27.33426203240538,1.7058314,21.942564,0.7281832974404097,36.358646392822266,36.0,0.5454545454545454,"left_hip_pitch_joint,left_hip_yaw_joint,left_knee_joint,left_ankle_pitch_joint,left_ankle_roll_joint,right_hip_pitch_joint,right_hip_roll_joint,right_hip_yaw_joint,right_knee_joint,right_ankle_pitch_joint,right_ankle_roll_joint,waist_yaw_joint",0.0,0.0,0,pelvis,0.0,0.013420075,left_shoulder_roll_link
185,3.7,0.1072302758693695,-0.28128428692926377,150.30832768904617,71.10723063915471,-67.31611046872214,1.1670824,17.607418,1.0394685193896294,36.26903533935547,36.0,0.5454545454545454,"left_hip_pitch_joint,left_hip_roll_joint,left_hip_yaw_joint,left_knee_joint,left_ankle_pitch_joint,right_hip_pitch_joint,right_hip_roll_joint,right_hip_yaw_joint,right_knee_joint,right_ankle_pitch_joint,waist_roll_joint,waist_yaw_joint",0.0,0.0,177.3206024169922,torso_link,177.3206,-0.00048765913,left_shoulder_roll_link
186,3.72,0.12366225570440292,-0.3615798113180091,-150.54696775293277,65.46516846556769,-4.977994649254384,1.5695665,20.665634,0.8169727474451065,36.32244110107422,36.0,0.6363636363636364,"left_hip_pitch_joint,left_hip_roll_joint,left_hip_yaw_joint,left_knee_joint,left_ankle_pitch_joint,left_ankle_roll_joint,right_hip_pitch_joint,right_hip_roll_joint,right_hip_yaw_joint,right_knee_joint,right_ankle_pitch_joint,right_ankle_roll_joint,waist_yaw_joint,left_shoulder_pitch_joint",0.0,0.0,0,pelvis,0.0,0.011313993,left_shoulder_roll_link
187,3.74,0.12198226153850555,-0.3355152876186569,178.95924416885507,70.39276868342118,-31.2730152160804,0.9865435,15.122062,1.223681204020977,36.24760818481445,36.0,0.5,"left_hip_pitch_joint,left_hip_roll_joint,left_hip_yaw_joint,left_knee_joint,left_ankle_pitch_joint,right_hip_pitch_joint,right_hip_roll_joint,right_hip_yaw_joint,right_knee_joint,right_ankle_pitch_joint,waist_yaw_joint",0.0,0.0,130.48123168945312,torso_link,130.48123,-0.013742117,left_shoulder_roll_link
188,3.7600000000000002,0.13026854395866394,-0.3516260886298781,-132.3843630835457,58.55883617837039,12.662161136136868,1.7184622,16.9944,1.1199937015771866,36.40278625488281,36.0,0.5909090909090909,"left_hip_pitch_joint,left_hip_roll_joint,left_hip_yaw_joint,left_knee_joint,left_ankle_pitch_joint,left_ankle_roll_joint,right_hip_pitch_joint,right_hip_roll_joint,right_hip_yaw_joint,right_knee_joint,right_ankle_pitch_joint,right_ankle_roll_joint,waist_yaw_joint",0.0,0.0,0,pelvis,0.0,0.0018854737,left_shoulder_roll_link
189,3.7800000000000002,0.14130429923534393,-0.41827282460860893,-158.45948182247017,63.27685656591717,-6.684117473348827,0.98935574,15.838129,1.4180021211504936,36.62908935546875,36.0,0.5,"left_hip_roll_joint,left_hip_yaw_joint,left_knee_joint,left_ankle_pitch_joint,right_hip_pitch_joint,right_hip_roll_joint,right_hip_yaw_joint,right_knee_joint,right_ankle_pitch_joint,waist_roll_joint,waist_yaw_joint",0.0,0.0,124.11766052246094,torso_link,124.11766,-0.029112536,left_shoulder_roll_link
190,3.8000000000000003,0.12867020070552826,-0.3933244390513426,-130.23203138830507,52.484952544118244,24.720732485753814,1.2872779,12.308774,1.0734195858240128,36.142364501953125,36.0,0.6363636363636364,"left_hip_pitch_joint,left_hip_roll_joint,left_hip_yaw_joint,left_knee_joint,left_ankle_pitch_joint,left_ankle_roll_joint,right_hip_roll_joint,right_hip_yaw_joint,right_knee_joint,right_ankle_pitch_joint,right_ankle_roll_joint,waist_roll_joint,waist_yaw_joint,left_shoulder_pitch_joint",196.1693,0.0,207.712064743042,left_ankle_roll_link,196.1693,-0.017909685,left_shoulder_roll_link
191,3.8200000000000003,0.130827397108078,-0.3681578605692235,-158.417949457768,66.67693576423645,-1.001332181512411,0.73778015,20.761484,1.4733201190829277,36.165382385253906,36.0,0.45454545454545453,"left_hip_pitch_joint,left_hip_roll_joint,left_hip_yaw_joint,left_knee_joint,right_hip_pitch_joint,right_hip_roll_joint,right_hip_yaw_joint,right_knee_joint,right_ankle_pitch_joint,waist_yaw_joint",0.0,0.0,94.08126068115234,torso_link,94.08126,-0.033045147,left_shoulder_roll_link
192,3.84,0.1364968717098236,-0.3385136015280408,-127.62867062463718,56.32726956230137,22.922541501807046,1.7085413,12.3703985,1.088376298546791,36.380271911621094,36.0,0.5909090909090909,"left_hip_pitch_joint,left_hip_roll_joint,left_hip_yaw_joint,left_knee_joint,left_ankle_pitch_joint,left_ankle_roll_joint,right_hip_pitch_joint,right_hip_roll_joint,right_hip_yaw_joint,right_knee_joint,right_ankle_pitch_joint,right_ankle_roll_joint,waist_yaw_joint",0.0,0.0,0,pelvis,0.0,-0.014274498,left_shoulder_roll_link
193,3.86,0.13993431627750397,-0.3812553286658815,-160.50895762035097,66.14446428254139,-6.737932164738194,0.4652407,21.107498,1.5281519815325737,36.16824722290039,36.0,0.5909090909090909,"left_hip_pitch_joint,left_hip_roll_joint,left_hip_yaw_joint,left_knee_joint,left_ankle_pitch_joint,left_ankle_roll_joint,right_hip_pitch_joint,right_hip_roll_joint,right_hip_yaw_joint,right_knee_joint,right_ankle_pitch_joint,waist_roll_joint,waist_yaw_joint",0.0,0.0,0,pelvis,0.0,-0.028746853,left_shoulder_roll_link
194,3.88,0.13626298308372498,-0.28892436427584123,-124.79560699337588,59.58187598398827,23.466201004064246,1.2320104,9.660835,1.1584865003824234,36.21253204345703,36.0,0.5909090909090909,"left_hip_pitch_joint,left_hip_roll_joint,left_hip_yaw_joint,left_knee_joint,left_ankle_pitch_joint,left_ankle_roll_joint,right_hip_pitch_joint,right_hip_roll_joint,right_hip_yaw_joint,right_knee_joint,right_ankle_pitch_joint,right_ankle_roll_joint,waist_yaw_joint",0.0,0.0,0,pelvis,0.0,-0.0034302883,left_shoulder_roll_link
195,3.9,0.13475564122200012,-0.35229280495005355,-165.14903768998414,68.62518759214696,-10.949081598915777,0.6334303,15.467856,1.5460607931017876,35.78816223144531,36.0,0.5,"left_hip_pitch_joint,left_hip_roll_joint,left_knee_joint,left_ankle_pitch_joint,left_ankle_roll_joint,right_hip_pitch_joint,right_hip_roll_joint,right_hip_yaw_joint,right_knee_joint,right_ankle_pitch_joint,waist_yaw_joint",0.0,0.0,0,pelvis,0.0,-0.024617769,left_shoulder_roll_link
196,3.92,0.12093167752027512,-0.28892598188237617,-133.56248006045368,65.21260483759518,21.109050559517154,1.0536036,10.461706,0.9677430540323257,35.96293640136719,36.0,0.5454545454545454,"left_hip_pitch_joint,left_hip_roll_joint,left_hip_yaw_joint,left_knee_joint,left_ankle_pitch_joint,left_ankle_roll_joint,right_hip_roll_joint,right_hip_yaw_joint,right_knee_joint,right_ankle_pitch_joint,right_ankle_roll_joint,waist_yaw_joint",0.0,0.0,0,pelvis,0.0,-0.007027475,left_shoulder_roll_link
197,3.94,0.10984452813863754,-0.2776920825732785,173.16750728370337,73.75898114384032,-32.66056830844363,0.4977745,17.06858,1.5507094785571098,34.09751510620117,36.0,0.5454545454545454,"left_hip_pitch_joint,left_hip_roll_joint,left_hip_yaw_joint,left_knee_joint,left_ankle_pitch_joint,left_ankle_roll_joint,right_hip_pitch_joint,right_hip_roll_joint,right_hip_yaw_joint,right_knee_joint,right_ankle_pitch_joint,waist_yaw_joint",0.0,253.48265,230.53733825683594,right_ankle_roll_link,253.48265,-0.014897633,left_shoulder_roll_link
198,3.96,0.09991209208965302,-0.23075008130387475,-137.44794100840392,71.74563591399013,16.5878745098417,0.7652268,10.369335,1.0567191299051046,36.66055679321289,36.0,0.5,"left_hip_pitch_joint,left_hip_roll_joint,left_hip_yaw_joint,left_knee_joint,left_ankle_pitch_joint,left_ankle_roll_joint,right_hip_roll_joint,right_knee_joint,right_ankle_pitch_joint,right_ankle_roll_joint,waist_yaw_joint",0.0,0.0,0,pelvis,0.0,0.0057119625,left_shoulder_roll_link
199,3.98,0.09550599753856659,-0.2390599554875692,162.57851191878945,75.48978276622047,-49.078830177926,0.6534027,19.502981,1.5510283634066582,34.55561065673828,36.0,0.5454545454545454,"left_hip_pitch_joint,left_hip_roll_joint,left_hip_yaw_joint,left_knee_joint,left_ankle_pitch_joint,left_ankle_roll_joint,right_hip_pitch_joint,right_hip_roll_joint,right_hip_yaw_joint,right_knee_joint,right_ankle_pitch_joint,waist_yaw_joint",0.0,9.920655,398.6354579925537,left_knee_link,381.68652,-0.004397694,left_shoulder_roll_link
200,4.0,0.08226007223129272,-0.17477909047897144,-144.88341309131457,77.66242187168915,4.950224696630464,0.6403478,12.084147,1.1423084195703268,36.76102828979492,36.0,0.5454545454545454,"left_hip_pitch_joint,left_hip_roll_joint,left_hip_yaw_joint,left_knee_joint,left_ankle_pitch_joint,left_ankle_roll_joint,right_hip_roll_joint,right_knee_joint,right_ankle_pitch_joint,right_ankle_roll_joint,waist_roll_joint,waist_yaw_joint",0.0,0.0,0,pelvis,0.0,0.021624882,left_shoulder_roll_link
201,4.0200000000000005,0.08707308024168015,-0.22790365341981023,153.70156866187384,75.27292626844921,-68.65588798195365,1.0287046,20.219301,1.550626389682293,36.08308410644531,36.0,0.5454545454545454,"left_hip_pitch_joint,left_hip_roll_joint,left_hip_yaw_joint,left_knee_joint,left_ankle_pitch_joint,left_ankle_roll_joint,right_hip_roll_joint,right_hip_yaw_joint,right_knee_joint,right_ankle_pitch_joint,waist_roll_joint,waist_yaw_joint",0.0,0.0,1480.6099853515625,torso_link,1480.61,0.005011877,left_shoulder_roll_link
202,4.04,0.0786575973033905,-0.17156420246497506,-153.1307433637473,78.91137985589184,-14.90036899874983,0.52408904,14.230788,1.1289027016609907,36.19985580444336,36.0,0.5909090909090909,"left_hip_pitch_joint,left_hip_roll_joint,left_hip_yaw_joint,left_knee_joint,left_ankle_pitch_joint,left_ankle_roll_joint,right_hip_roll_joint,right_hip_yaw_joint,right_knee_joint,right_ankle_pitch_joint,right_ankle_roll_joint,waist_roll_joint,waist_yaw_joint",0.0,0.0,0,pelvis,0.0,0.029991178,right_shoulder_roll_link
203,4.0600000000000005,0.09182311594486237,-0.2598107608692004,152.3407728884804,72.94249728833152,-82.79592752398499,1.3796674,16.453087,1.5496365949511528,57.37525177001953,36.0,0.5909090909090909,"left_hip_pitch_joint,left_hip_roll_joint,left_hip_yaw_joint,left_knee_joint,left_ankle_pitch_joint,left_ankle_roll_joint,right_hip_pitch_joint,right_hip_roll_joint,right_hip_yaw_joint,right_knee_joint,right_ankle_pitch_joint,waist_roll_joint,waist_yaw_joint",0.0,836.1009,0,right_ankle_roll_link,836.1009,0.017212205,left_shoulder_roll_link
204,4.08,0.09092003107070923,-0.23649381839029537,162.3204099405916,75.62792564915237,-74.46525700127387,0.8913822,4.088735,1.123684398829937,36.041221618652344,36.0,0.6363636363636364,"left_hip_pitch_joint,left_hip_roll_joint,left_hip_yaw_joint,left_knee_joint,left_ankle_pitch_joint,left_ankle_roll_joint,right_hip_pitch_joint,right_hip_roll_joint,right_hip_yaw_joint,right_knee_joint,right_ankle_pitch_joint,right_ankle_roll_joint,waist_roll_joint,waist_yaw_joint",0.0,0.0,0,pelvis,0.0,0.0056021586,right_shoulder_roll_link
205,4.1,0.1244451105594635,-0.3812622173427158,139.6618858949193,59.98757757387806,-113.5712603562378,1.9636203,24.473993,1.5488530322909355,61.10601806640625,36.0,0.45454545454545453,"left_hip_pitch_joint,left_hip_roll_joint,left_knee_joint,left_ankle_pitch_joint,left_ankle_roll_joint,right_hip_pitch_joint,right_hip_yaw_joint,right_knee_joint,right_ankle_pitch_joint,waist_yaw_joint",0.0,626.0108,0,right_ankle_roll_link,626.0108,0.012565667,right_shoulder_roll_link
206,4.12,0.1381467878818512,-0.39603554727662527,142.85940505521432,60.210805217651384,-119.96725308933661,0.8364545,6.5656357,1.1723512336611748,35.90465545654297,36.0,0.5,"left_hip_pitch_joint,left_hip_roll_joint,left_hip_yaw_joint,left_knee_joint,left_ankle_pitch_joint,left_ankle_roll_joint,right_hip_roll_joint,right_hip_yaw_joint,right_ankle_pitch_joint,right_ankle_roll_joint,waist_yaw_joint",0.0,0.0,0,pelvis,0.0,-0.01789409,right_shoulder_roll_link
207,4.14,0.17624026536941528,-0.477800451011845,131.49231624249737,43.84744047937705,-143.46760044786248,2.245695,22.015144,1.5487757846713066,36.187400817871094,36.0,0.4090909090909091,"left_hip_roll_joint,left_knee_joint,left_ankle_pitch_joint,left_ankle_roll_joint,right_hip_pitch_joint,right_hip_yaw_joint,right_knee_joint,right_ankle_pitch_joint,waist_yaw_joint",0.0,0.0,0,pelvis,0.0,-0.006584203,right_shoulder_roll_link
208,4.16,0.19117432832717896,-0.5459677723524212,139.5005207652308,44.11126904961368,-151.04153967473093,0.8454523,11.3001,1.1705958396196365,35.7036247253418,36.0,0.5454545454545454,"left_hip_pitch_joint,left_hip_roll_joint,left_hip_yaw_joint,left_knee_joint,left_ankle_pitch_joint,left_ankle_roll_joint,right_hip_roll_joint,right_hip_yaw_joint,right_knee_joint,right_ankle_pitch_joint,right_ankle_roll_joint,waist_yaw_joint",0.0,0.0,0,pelvis,0.0,-0.024243101,right_shoulder_roll_link
209,4.18,0.20037992298603058,-0.6445517624227151,144.68209902534159,37.820682465944266,-175.27323859508775,0.5562351,24.876156,1.3248059367761016,36.304588317871094,36.0,0.5,"left_hip_pitch_joint,left_hip_roll_joint,left_hip_yaw_joint,left_knee_joint,left_ankle_pitch_joint,left_ankle_roll_joint,right_hip_pitch_joint,right_hip_yaw_joint,right_knee_joint,right_ankle_pitch_joint,waist_yaw_joint",0.0,0.0,0,pelvis,0.0,-0.009010103,right_shoulder_roll_link
210,4.2,0.20181575417518616,-0.5641678984512541,140.8267663954828,43.30327975909309,178.57021636823464,1.0931722,7.043087,1.0400636475533247,35.39613723754883,36.0,0.6363636363636364,"left_hip_pitch_joint,left_hip_roll_joint,left_hip_yaw_joint,left_knee_joint,left_ankle_pitch_joint,left_ankle_roll_joint,right_hip_pitch_joint,right_hip_roll_joint,right_hip_yaw_joint,right_knee_joint,right_ankle_pitch_joint,right_ankle_roll_joint,waist_roll_joint,waist_yaw_joint",0.0,0.0,0,pelvis,0.0,-0.017087802,right_shoulder_roll_link
211,4.22,0.20776836574077606,-0.6571759479829677,142.67890901149394,34.27172352200298,149.1399699871445,0.9760204,24.044935,1.2453472539782524,36.10554885864258,36.0,0.45454545454545453,"left_hip_roll_joint,left_knee_joint,left_ankle_pitch_joint,left_ankle_roll_joint,right_hip_pitch_joint,right_hip_roll_joint,right_hip_yaw_joint,right_knee_joint,right_ankle_pitch_joint,waist_yaw_joint",0.0,0.0,0,pelvis,0.0,0.005251011,right_shoulder_roll_link
212,4.24,0.1895279437303543,-0.5002127327623569,135.89249654477285,45.84187922488715,134.73469277702264,0.77888894,14.681217,0.975154547020793,35.394805908203125,36.0,0.5909090909090909,"left_hip_pitch_joint,left_hip_roll_joint,left_hip_yaw_joint,left_knee_joint,left_ankle_pitch_joint,left_ankle_roll_joint,right_hip_pitch_joint,right_hip_roll_joint,right_hip_yaw_joint,right_knee_joint,right_ankle_pitch_joint,right_ankle_roll_joint,waist_yaw_joint",0.0,0.0,0,pelvis,0.0,0.00858986,right_shoulder_roll_link
213,4.26,0.2032562792301178,-0.6080877048793614,136.27502346239757,32.70636910942618,107.24059567012392,1.9983457,23.666792,1.5130871459841728,36.02504348754883,36.0,0.45454545454545453,"left_hip_pitch_joint,left_hip_roll_joint,left_hip_yaw_joint,left_knee_joint,left_ankle_pitch_joint,left_ankle_roll_joint,right_hip_pitch_joint,right_hip_yaw_joint,right_knee_joint,right_ankle_pitch_joint",0.0,192.68088,0,right_ankle_roll_link,192.68088,0.030592903,right_shoulder_roll_link
214,4.28,0.2034785896539688,-0.5267326749363122,143.38276739030476,48.985357987241876,108.4163711034946,1.0068809,21.099022,1.2287899181246758,36.30459976196289,36.0,0.5454545454545454,"left_hip_pitch_joint,left_hip_roll_joint,left_hip_yaw_joint,left_knee_joint,left_ankle_pitch_joint,left_ankle_roll_joint,right_hip_pitch_joint,right_hip_roll_joint,right_hip_yaw_joint,right_ankle_pitch_joint,right_ankle_roll_joint,waist_yaw_joint",0.0,0.0,0,pelvis,0.0,0.023860674,right_shoulder_roll_link
215,4.3,0.19989092648029327,-0.497206389496597,137.09266759079514,47.24837906346407,85.81053750895384,1.0799885,22.519497,1.2510715648531914,36.05369567871094,36.0,0.45454545454545453,"left_hip_pitch_joint,left_hip_roll_joint,left_knee_joint,left_ankle_pitch_joint,left_ankle_roll_joint,right_hip_pitch_joint,right_hip_yaw_joint,right_knee_joint,right_ankle_pitch_joint,waist_yaw_joint",0.0,0.0,0,pelvis,0.0,0.066600576,right_shoulder_roll_link
216,4.32,0.18134045600891113,-0.360261711943922,158.0564787680326,67.1450087112951,98.98580379666119,1.3695141,23.049662,1.0706605017185211,36.01059341430664,36.0,0.5909090909090909,"left_hip_pitch_joint,left_hip_roll_joint,left_hip_yaw_joint,left_knee_joint,left_ankle_pitch_joint,left_ankle_roll_joint,right_hip_pitch_joint,right_hip_roll_joint,right_hip_yaw_joint,right_knee_joint,right_ankle_pitch_joint,right_ankle_roll_joint,waist_yaw_joint",0.0,0.0,0,pelvis,0.0,0.08129856,left_shoulder_roll_link
217,4.34,0.17042601108551025,-0.3069460484734492,144.19394538831864,67.76059509144821,71.53831050436493,1.4576141,14.83648,1.2751190960407257,36.08497619628906,36.0,0.45454545454545453,"left_hip_roll_joint,left_hip_yaw_joint,left_ankle_pitch_joint,left_ankle_roll_joint,right_hip_pitch_joint,right_hip_roll_joint,right_hip_yaw_joint,right_knee_joint,right_ankle_pitch_joint,waist_yaw_joint",0.0,0.0,0,pelvis,0.0,0.046708122,left_shoulder_roll_link
218,4.36,0.1451708823442459,-0.1574716069717681,-140.70795551538916,78.26004074641322,134.4961123682865,1.492845,24.094036,0.8763195555657148,36.05034637451172,36.0,0.5454545454545454,"left_hip_pitch_joint,left_hip_roll_joint,left_hip_yaw_joint,left_knee_joint,left_ankle_pitch_joint,left_ankle_roll_joint,right_hip_pitch_joint,right_hip_roll_joint,right_hip_yaw_joint,right_knee_joint,right_ankle_roll_joint,waist_yaw_joint",0.0,0.0,0,pelvis,0.0,0.045925822,left_elbow_link
219,4.38,0.12047427892684937,-0.07135905517510288,144.37282034781438,84.96336356232918,49.229749486222495,2.4897735,17.52166,1.148516207933426,36.0772590637207,36.0,0.5454545454545454,"left_hip_pitch_joint,left_hip_roll_joint,left_hip_yaw_joint,left_knee_joint,left_ankle_pitch_joint,left_ankle_roll_joint,right_hip_pitch_joint,right_hip_roll_joint,right_hip_yaw_joint,right_knee_joint,right_ankle_pitch_joint,waist_yaw_joint",0.0,0.0,0,pelvis,0.0,0.034239758,left_elbow_link
220,4.4,0.10338257253170013,-0.014356109355228241,-93.39667891368133,75.97745439149966,161.0889679813549,1.1303732,22.038774,0.8601064961403608,35.71780014038086,36.0,0.5909090909090909,"left_hip_roll_joint,left_hip_yaw_joint,left_knee_joint,left_ankle_pitch_joint,left_ankle_roll_joint,right_hip_pitch_joint,right_hip_roll_joint,right_hip_yaw_joint,right_knee_joint,right_ankle_pitch_joint,right_ankle_roll_joint,waist_yaw_joint,right_shoulder_roll_joint",0.0,0.0,0,pelvis,0.0,0.009481311,left_elbow_link
221,4.42,0.08043729513883591,0.05519151933674493,4.530372726770902,86.82626937710397,-117.23468163687902,2.4412856,24.923065,1.3498835489153862,36.16474533081055,36.0,0.5,"left_hip_pitch_joint,left_hip_roll_joint,left_knee_joint,left_ankle_pitch_joint,left_ankle_roll_joint,right_hip_pitch_joint,right_hip_roll_joint,right_hip_yaw_joint,right_knee_joint,right_ankle_pitch_joint,waist_yaw_joint",175.10219,175.10219,0,left_ankle_roll_link,175.10219,0.008893818,left_elbow_link
222,4.44,0.06668026000261307,0.039030807474786045,-79.03349574536509,78.16046200791317,149.5402196574033,1.2902333,18.667746,1.118490807712078,35.716617584228516,36.0,0.5454545454545454,"left_hip_roll_joint,left_hip_yaw_joint,left_knee_joint,left_ankle_pitch_joint,left_ankle_roll_joint,right_hip_pitch_joint,right_hip_roll_joint,right_hip_yaw_joint,right_knee_joint,right_ankle_pitch_joint,right_ankle_roll_joint,waist_yaw_joint",0.0,0.0,231.11859130859375,left_hip_yaw_link,115.559296,-0.0051014274,left_elbow_link
223,4.46,0.047976359724998474,0.05760912664606366,-60.18863153787346,83.3457125119127,149.55555427238565,1.8872356,26.575388,1.1583940600976348,36.258323669433594,36.0,0.5454545454545454,"left_hip_pitch_joint,left_hip_roll_joint,left_knee_joint,left_ankle_pitch_joint,left_ankle_roll_joint,right_hip_pitch_joint,right_hip_roll_joint,right_hip_yaw_joint,right_knee_joint,right_ankle_pitch_joint,waist_roll_joint,waist_yaw_joint",0.0,0.0,130.19891357421875,left_hip_yaw_link,130.19891,-0.016393319,left_elbow_link
224,4.48,0.04610643535852432,-0.050546313730436054,-101.02743383576981,74.6773179809907,100.43048410065057,0.5919728,13.04452,1.00763538479805,34.55546569824219,36.0,0.5454545454545454,"left_hip_roll_joint,left_hip_yaw_joint,left_knee_joint,left_ankle_pitch_joint,left_ankle_roll_joint,right_hip_pitch_joint,right_hip_roll_joint,right_hip_yaw_joint,right_knee_joint,right_ankle_pitch_joint,right_ankle_roll_joint,waist_yaw_joint",0.0,0.0,375.22581481933594,left_hip_yaw_link,232.74344,-0.04138498,left_elbow_link
225,4.5,0.06830500066280365,-0.10551079206688563,-176.64283442412733,83.9329608095497,8.378934364818415,2.1518946,27.859932,1.3040675222873688,36.00532913208008,36.0,0.4090909090909091,"left_hip_pitch_joint,left_knee_joint,left_ankle_pitch_joint,left_ankle_roll_joint,right_hip_pitch_joint,right_hip_yaw_joint,right_knee_joint,right_ankle_pitch_joint,waist_yaw_joint",0.0,0.0,180.93743896484375,torso_link,180.93744,-0.026670292,left_elbow_link
226,4.5200000000000005,0.09227403253316879,-0.2016370267612726,-172.1393373306411,78.25535638501142,8.827047702361012,0.35818064,8.030021,1.2130042612552643,36.02267074584961,36.0,0.6363636363636364,"left_hip_pitch_joint,left_hip_roll_joint,left_hip_yaw_joint,left_knee_joint,left_ankle_pitch_joint,left_ankle_roll_joint,right_hip_pitch_joint,right_hip_roll_joint,right_hip_yaw_joint,right_knee_joint,right_ankle_pitch_joint,right_ankle_roll_joint,waist_roll_joint,waist_yaw_joint",0.0,0.0,0,pelvis,0.0,-0.009568766,left_elbow_link
227,4.54,0.09618274867534637,-0.21378997581607173,139.58828144515735,73.69304322053058,-60.87130857991296,1.1881903,30.97091,1.2019342994317412,37.54404067993164,36.0,0.45454545454545453,"left_hip_roll_joint,left_hip_yaw_joint,left_ankle_pitch_joint,left_ankle_roll_joint,right_hip_pitch_joint,right_hip_roll_joint,right_hip_yaw_joint,right_knee_joint,right_ankle_pitch_joint,waist_yaw_joint",0.0,265.06064,0,right_ankle_roll_link,265.06064,0.00484486,left_shoulder_roll_link
228,4.5600000000000005,0.1108018308877945,-0.2733040345778832,152.1865516504122,72.00081374447232,-54.84853956482784,0.7680257,5.615843,0.9605849599465728,35.45792770385742,36.0,0.5454545454545454,"left_hip_roll_joint,left_hip_yaw_joint,left_knee_joint,left_ankle_pitch_joint,left_ankle_roll_joint,right_hip_roll_joint,right_hip_yaw_joint,right_knee_joint,right_ankle_pitch_joint,right_ankle_roll_joint,waist_roll_joint,waist_yaw_joint",0.0,0.0,0,pelvis,0.0,0.02132997,left_elbow_link
229,4.58,0.12127996981143951,-0.34652752361144223,138.5532322632631,62.46431426874321,-91.25956454734653,1.0526015,28.66739,1.434596142731607,36.13479232788086,36.0,0.5,"left_hip_roll_joint,left_hip_yaw_joint,left_knee_joint,left_ankle_pitch_joint,left_ankle_roll_joint,right_hip_pitch_joint,right_hip_yaw_joint,right_knee_joint,right_ankle_pitch_joint,waist_roll_joint,waist_yaw_joint",0.0,0.0,0,pelvis,0.0,0.010138849,left_shoulder_roll_link
230,4.6000000000000005,0.12770673632621765,-0.3608546178767611,139.5637052829878,61.698894836862515,-95.76860167020844,0.6988099,5.3576255,1.1659587239846587,36.00757598876953,36.0,0.5909090909090909,"left_hip_roll_joint,left_hip_yaw_joint,left_knee_joint,left_ankle_pitch_joint,left_ankle_roll_joint,right_hip_pitch_joint,right_hip_roll_joint,right_hip_yaw_joint,right_knee_joint,right_ankle_pitch_joint,right_ankle_roll_joint,waist_roll_joint,waist_yaw_joint",0.0,0.0,0,pelvis,0.0,0.019528065,right_shoulder_roll_link
231,4.62,0.12414626777172089,-0.3851458531512577,139.77982073314215,59.7083130543526,-116.05860760457146,0.99833727,28.501226,1.5102244233712554,36.311153411865234,36.0,0.5454545454545454,"left_hip_pitch_joint,left_hip_roll_joint,left_hip_yaw_joint,left_knee_joint,left_ankle_pitch_joint,left_ankle_roll_joint,right_hip_pitch_joint,right_hip_yaw_joint,right_knee_joint,right_ankle_pitch_joint,waist_roll_joint,waist_yaw_joint",0.0,216.72337,0,right_ankle_roll_link,216.72337,0.010416791,left_shoulder_roll_link
232,4.64,0.12135075032711029,-0.3442582593840626,141.55077434114028,63.92318319843759,-115.80758659404967,0.9623645,6.536629,1.1221057986840606,36.036312103271484,36.0,0.5909090909090909,"left_hip_pitch_joint,left_hip_roll_joint,left_hip_yaw_joint,left_knee_joint,left_ankle_pitch_joint,left_ankle_roll_joint,right_hip_roll_joint,right_hip_yaw_joint,right_knee_joint,right_ankle_pitch_joint,right_ankle_roll_joint,waist_roll_joint,waist_yaw_joint",0.0,0.0,0,pelvis,0.0,0.007520564,right_shoulder_roll_link
233,4.66,0.11276540160179138,-0.3260874033132044,137.9141385883214,63.935198616403035,-140.75050339541596,0.9664068,28.551071,1.4867072915658355,36.161231994628906,36.0,0.5454545454545454,"left_hip_pitch_joint,left_hip_roll_joint,left_hip_yaw_joint,left_knee_joint,left_ankle_pitch_joint,left_ankle_roll_joint,right_hip_pitch_joint,right_hip_yaw_joint,right_knee_joint,right_ankle_pitch_joint,waist_roll_joint,waist_yaw_joint",0.0,0.0,0,pelvis,0.0,0.010341039,left_shoulder_roll_link
234,4.68,0.10651610791683197,-0.2787289890817011,143.98146536145305,69.84208398274869,-138.23256431381856,1.0717043,7.832114,1.136473379097879,36.019065856933594,36.0,0.6363636363636364,"left_hip_pitch_joint,left_hip_roll_joint,left_hip_yaw_joint,left_knee_joint,left_ankle_pitch_joint,left_ankle_roll_joint,right_hip_pitch_joint,right_hip_roll_joint,right_hip_yaw_joint,right_knee_joint,right_ankle_pitch_joint,right_ankle_roll_joint,waist_roll_joint,waist_yaw_joint",0.0,0.0,0,pelvis,0.0,0.016937116,right_shoulder_roll_link
235,4.7,0.08598189800977707,-0.21620404223588885,140.07180326018465,73.62412713587969,-162.91847871934934,1.278123,30.86336,1.4802579497918487,36.13105010986328,36.0,0.5,"left_hip_pitch_joint,left_hip_roll_joint,left_knee_joint,left_ankle_pitch_joint,left_ankle_roll_joint,right_hip_pitch_joint,right_hip_yaw_joint,right_knee_joint,right_ankle_pitch_joint,waist_roll_joint,waist_yaw_joint",0.0,127.01341,0,right_ankle_roll_link,127.01341,0.016871238,left_shoulder_roll_link
236,4.72,0.06145987659692764,-0.11638152662610679,-164.96322249927343,83.07861246475782,-113.46063384799312,1.491629,19.16239,1.2644322728738189,36.679988861083984,36.0,0.5454545454545454,"left_hip_roll_joint,left_hip_yaw_joint,left_knee_joint,left_ankle_pitch_joint,left_ankle_roll_joint,right_hip_pitch_joint,right_hip_roll_joint,right_hip_yaw_joint,right_knee_joint,right_ankle_pitch_joint,waist_roll_joint,waist_yaw_joint",0.0,0.0,214.16311645507812,left_knee_link,214.16312,0.02471342,left_elbow_link
237,4.74,0.051877476274967194,-0.09599825247273408,-130.4605610951657,81.49272024509489,-88.75888880234369,0.56053287,22.045944,1.3222329234704375,36.30044174194336,36.0,0.5,"left_hip_pitch_joint,left_hip_roll_joint,left_knee_joint,left_ankle_pitch_joint,left_ankle_roll_joint,right_hip_pitch_joint,right_hip_yaw_joint,right_knee_joint,right_ankle_pitch_joint,waist_roll_joint,waist_yaw_joint",0.0,0.0,219.15027904510498,torso_link,157.41159,0.017186973,left_shoulder_roll_link
238,4.76,0.054026104509830475,-0.1239226070859516,-109.02185516575834,67.65305905488296,-69.37097320549988,1.4308656,12.205982,0.9117555236443877,34.82349395751953,36.0,0.5,"left_hip_roll_joint,left_hip_yaw_joint,left_knee_joint,left_ankle_pitch_joint,left_ankle_roll_joint,right_hip_pitch_joint,right_hip_roll_joint,right_hip_yaw_joint,right_knee_joint,right_ankle_pitch_joint,right_ankle_roll_joint",0.0,0.0,0,pelvis,0.0,0.012055501,left_elbow_link
239,4.78,0.0757523626089096,-0.13168519918008315,-130.17180802510254,78.22097850737212,-106.67677754236894,1.78706,25.285975,1.1786803817376494,36.43524169921875,36.0,0.5454545454545454,"left_hip_pitch_joint,left_hip_roll_joint,left_hip_yaw_joint,left_knee_joint,left_ankle_pitch_joint,left_ankle_roll_joint,right_hip_pitch_joint,right_hip_yaw_joint,right_knee_joint,right_ankle_pitch_joint,waist_yaw_joint,left_shoulder_pitch_joint",0.0,0.0,0,pelvis,0.0,0.021061841,left_shoulder_roll_link
240,4.8,0.09222361445426941,-0.21095017937537364,-119.56873490167769,64.69189562889068,-99.69050514192648,1.3692023,17.159012,0.9219898283481598,35.220245361328125,36.0,0.5909090909090909,"left_hip_pitch_joint,left_hip_roll_joint,left_hip_yaw_joint,left_knee_joint,left_ankle_pitch_joint,left_ankle_roll_joint,right_hip_roll_joint,right_hip_yaw_joint,right_knee_joint,right_ankle_pitch_joint,right_ankle_roll_joint,waist_roll_joint,waist_yaw_joint",0.0,0.0,0,pelvis,0.0,0.021315813,left_elbow_link
241,4.82,0.10403230786323547,-0.23644224998435037,-159.65127994400052,75.39347534528534,-153.4983739085746,1.1697896,32.052044,1.244299203157425,36.188106536865234,36.0,0.5,"left_hip_roll_joint,left_hip_yaw_joint,left_knee_joint,left_ankle_pitch_joint,left_ankle_roll_joint,right_hip_pitch_joint,right_hip_roll_joint,right_hip_yaw_joint,right_knee_joint,right_ankle_pitch_joint,waist_yaw_joint",0.0,0.0,0,pelvis,0.0,0.008243306,left_shoulder_roll_link
242,4.84,0.11172173917293549,-0.28222719624452486,-157.02392162951165,72.14877092532613,-155.4111181097282,1.3444909,12.317536,1.1412805244326591,36.0126953125,36.0,0.5909090909090909,"left_hip_pitch_joint,left_hip_roll_joint,left_hip_yaw_joint,left_knee_joint,left_ankle_pitch_joint,left_ankle_roll_joint,right_hip_roll_joint,right_hip_yaw_joint,right_knee_joint,right_ankle_pitch_joint,right_ankle_roll_joint,waist_roll_joint,waist_yaw_joint",0.0,0.0,0,pelvis,0.0,0.033739515,left_shoulder_roll_link
243,4.86,0.07479298114776611,-0.12385289714350423,-136.19823883305656,80.1189403340651,-152.21007398427997,1.7179211,32.607105,1.182357749901712,35.99960708618164,36.0,0.45454545454545453,"left_hip_roll_joint,left_knee_joint,left_ankle_pitch_joint,left_ankle_roll_joint,right_hip_pitch_joint,right_hip_roll_joint,right_hip_yaw_joint,right_knee_joint,right_ankle_pitch_joint,waist_yaw_joint",0.0,0.0,0,pelvis,0.0,0.026980646,left_shoulder_roll_link
244,4.88,0.04544835537672043,-0.012563077090759656,-92.0505781059457,69.44519578071385,-114.71200851272276,1.4673787,16.549904,0.9983049249276519,34.54838180541992,36.0,0.5454545454545454,"left_hip_pitch_joint,left_hip_roll_joint,left_knee_joint,left_ankle_pitch_joint,left_ankle_roll_joint,right_hip_pitch_joint,right_hip_roll_joint,right_hip_yaw_joint,right_knee_joint,right_ankle_pitch_joint,right_ankle_roll_joint,waist_roll_joint",0.0,0.0,0,pelvis,0.0,0.017762702,left_hip_roll_link
245,4.9,0.04994944855570793,-0.08456142344528672,-156.78128712086385,84.72057474052288,164.5109965112596,1.01434,30.850397,1.3940100288018584,36.673561096191406,36.0,0.5454545454545454,"left_hip_pitch_joint,left_hip_roll_joint,left_hip_yaw_joint,left_knee_joint,left_ankle_pitch_joint,left_ankle_roll_joint,right_hip_pitch_joint,right_hip_yaw_joint,right_knee_joint,right_ankle_pitch_joint,waist_roll_joint,waist_yaw_joint",0.0,0.0,2933.526123046875,torso_link,1465.0278,0.015990935,left_elbow_link
246,4.92,0.044040143489837646,-0.05592941150555619,-109.18850939212116,80.20261041297904,-148.4588458015746,1.0737834,15.279381,1.1398753738030791,34.341453552246094,36.0,0.5909090909090909,"left_hip_pitch_joint,left_hip_roll_joint,left_hip_yaw_joint,left_knee_joint,left_ankle_pitch_joint,left_ankle_roll_joint,right_hip_roll_joint,right_hip_yaw_joint,right_knee_joint,right_ankle_pitch_joint,right_ankle_roll_joint,waist_roll_joint,waist_yaw_joint",0.0,0.0,2418.0327758789062,left_hip_yaw_link,836.86816,0.020111121,left_elbow_link
247,4.94,0.062206655740737915,-0.10563824265186561,178.4325555139676,83.93379188179509,134.98337446224326,1.4700361,24.580587,1.2502988195046782,35.015228271484375,36.0,0.5,"left_hip_pitch_joint,left_hip_roll_joint,left_knee_joint,left_ankle_pitch_joint,left_ankle_roll_joint,right_hip_pitch_joint,right_hip_yaw_joint,right_knee_joint,right_ankle_pitch_joint,waist_roll_joint,waist_yaw_joint",0.0,315.89014,283.98956298828125,right_ankle_roll_link,315.89014,0.027874755,left_shoulder_roll_link
248,4.96,0.06772094964981079,-0.12370282464474203,-126.66820193230294,78.04493585785924,-169.61260153136655,0.9862537,18.3862,0.9385882914066315,35.999176025390625,36.0,0.5,"left_hip_pitch_joint,left_hip_roll_joint,left_hip_yaw_joint,left_knee_joint,left_ankle_pitch_joint,left_ankle_roll_joint,right_hip_roll_joint,right_hip_yaw_joint,right_knee_joint,right_ankle_pitch_joint,waist_yaw_joint",0.0,0.0,0,pelvis,0.0,0.03373468,right_shoulder_roll_link
249,4.98,0.08508312702178955,-0.1559832039075122,134.57082362332272,77.15792052533315,76.17486778702626,1.6255606,32.182186,1.3532257890328765,36.616756439208984,36.0,0.6363636363636364,"left_hip_pitch_joint,left_hip_roll_joint,left_hip_yaw_joint,left_knee_joint,left_ankle_pitch_joint,left_ankle_roll_joint,right_hip_pitch_joint,right_hip_roll_joint,right_hip_yaw_joint,right_knee_joint,right_ankle_pitch_joint,right_ankle_roll_joint,waist_roll_joint,waist_yaw_joint",0.0,0.0,0,pelvis,0.0,0.041878175,right_elbow_link
250,5.0,0.09837935864925385,-0.21191648287123144,152.76011100055976,76.21081241717886,90.35788986987012,1.0042481,15.632465,1.1600969647988677,36.45741653442383,36.0,0.6363636363636364,"left_hip_pitch_joint,left_hip_roll_joint,left_hip_yaw_joint,left_knee_joint,left_ankle_pitch_joint,left_ankle_roll_joint,right_hip_pitch_joint,right_hip_roll_joint,right_hip_yaw_joint,right_knee_joint,right_ankle_pitch_joint,right_ankle_roll_joint,waist_roll_joint,waist_yaw_joint",0.0,0.0,0,pelvis,0.0,0.008073121,right_shoulder_roll_link
