frame,t,rz,pgz,roll,pitch,yaw,lv_norm,av_norm,dof_pos_err_max,dof_vel_max,tau_max,tau_sat,saturated_joints,L_fz,R_fz,non_foot_cf_sum,top_cf_name,top_cf_val,bz_min,bz_min_name
0,0.0,0.4103291630744934,0.9999562098754664,0.5191866882168289,-0.13400297060810903,0.2983123238854296,0.0,0.0,0.0,0.0,0.0,0.0,,0.0,0.0,0,pelvis,0.0,0.03364689,right_ankle_roll_link
1,0.02,0.40812188386917114,0.9999562098754664,0.5191866572824018,-0.13400296258059602,0.29831227938837074,0.192132,0.068791136,1.4901161193847656e-08,1.3132964372634888,0.0,0.0,,11.044901,11.044901,0,left_ankle_roll_link,11.044901,0.0314397,right_ankle_roll_link
2,0.04,0.40477293729782104,0.9998990763650677,0.7994151393323363,0.15353725788979528,-0.26638826605947297,0.21783225,1.2894479,0.16175109148025513,14.199216842651367,5.2531857,0.0,,43.98223,73.0496,0,right_ankle_roll_link,73.0496,0.030999744,left_ankle_roll_link
3,0.06,0.4131457209587097,0.9907566372775766,-0.8229515978855951,-7.75299578938492,10.340126890536522,1.4361972,15.790757,0.4977763909846544,33.95490264892578,36.0,0.18181818181818182,"left_knee_joint,right_hip_pitch_joint,right_knee_joint,right_ankle_pitch_joint",0.0,0.0,0,pelvis,0.0,0.034236386,left_ankle_roll_link
4,0.08,0.41615810990333557,0.9902940806973713,5.767116431441477,-5.5382983167941555,-2.5602355770517367,0.9602557,18.043737,0.641551561653614,36.421783447265625,36.0,0.45454545454545453,"left_hip_pitch_joint,left_hip_yaw_joint,left_knee_joint,right_hip_pitch_joint,right_hip_roll_joint,right_hip_yaw_joint,right_knee_joint,right_ankle_pitch_joint,right_ankle_roll_joint,waist_yaw_joint",0.0,141.55249,0,right_ankle_roll_link,141.55249,0.040018395,right_ankle_roll_link
5,0.1,0.42061641812324524,0.9825773445767199,-2.6304636175148612,-10.386566110789351,14.980970429542959,1.4749914,22.824623,0.48431343026459217,35.770748138427734,36.0,0.5909090909090909,"left_hip_pitch_joint,left_hip_yaw_joint,left_knee_joint,left_ankle_pitch_joint,left_ankle_roll_joint,right_hip_pitch_joint,right_hip_roll_joint,right_hip_yaw_joint,right_knee_joint,right_ankle_pitch_joint,right_ankle_roll_joint,waist_roll_joint,waist_yaw_joint",0.0,0.0,0,pelvis,0.0,0.050625175,right_ankle_roll_link
6,0.12,0.4180181622505188,0.9885139987619453,-4.9709725165305265,-7.139676307746731,2.038883690480489,1.0876095,17.62983,0.6020644009113312,35.06795120239258,36.0,0.5454545454545454,"left_hip_pitch_joint,left_hip_yaw_joint,left_ankle_pitch_joint,left_ankle_roll_joint,right_hip_pitch_joint,right_hip_roll_joint,right_hip_yaw_joint,right_knee_joint,right_ankle_pitch_joint,right_ankle_roll_joint,waist_roll_joint,waist_yaw_joint",0.0,0.0,0,pelvis,0.0,0.05993236,right_ankle_roll_link
7,0.14,0.4158779978752136,0.9781379651743438,4.727615879166057,-11.044955224648021,14.208304604763322,1.530299,14.965327,0.4973027855157852,36.240638732910156,36.0,0.5454545454545454,"left_hip_pitch_joint,left_hip_roll_joint,left_hip_yaw_joint,left_knee_joint,left_ankle_pitch_joint,left_ankle_roll_joint,right_hip_pitch_joint,right_hip_yaw_joint,right_knee_joint,right_ankle_pitch_joint,right_ankle_roll_joint,waist_yaw_joint",0.0,231.26492,0,right_ankle_roll_link,231.26492,0.037311763,right_ankle_roll_link
8,0.16,0.4060930907726288,0.9934391313097829,-4.204761044611487,-5.048672495376734,-1.2002567495190668,1.4533579,18.825941,0.723664790391922,35.67267990112305,36.0,0.5909090909090909,"left_hip_pitch_joint,left_hip_roll_joint,left_hip_yaw_joint,left_knee_joint,left_ankle_pitch_joint,left_ankle_roll_joint,right_hip_pitch_joint,right_hip_roll_joint,right_hip_yaw_joint,right_knee_joint,right_ankle_pitch_joint,right_ankle_roll_joint,waist_yaw_joint",0.0,0.0,0,pelvis,0.0,0.050013725,right_ankle_roll_link
9,0.18,0.40109753608703613,0.9816497386745671,3.4727193271901076,-10.436711288629079,12.563847382678233,1.7436135,19.622776,0.5456890165805817,36.386070251464844,36.0,0.5909090909090909,"left_hip_pitch_joint,left_hip_roll_joint,left_hip_yaw_joint,left_knee_joint,left_ankle_pitch_joint,left_ankle_roll_joint,right_hip_pitch_joint,right_hip_roll_joint,right_hip_yaw_joint,right_knee_joint,right_ankle_pitch_joint,right_ankle_roll_joint,waist_yaw_joint",0.0,222.32764,0,right_ankle_roll_link,222.32764,0.031353842,right_ankle_roll_link
10,0.2,0.39782753586769104,0.9891693858511178,-5.841024304025963,-6.1032797107245464,2.9803946652177937,1.1624081,16.352396,0.827997237443924,36.306182861328125,36.0,0.6363636363636364,"left_hip_pitch_joint,left_hip_roll_joint,left_hip_yaw_joint,left_knee_joint,left_ankle_pitch_joint,left_ankle_roll_joint,right_hip_pitch_joint,right_hip_roll_joint,right_hip_yaw_joint,right_knee_joint,right_ankle_pitch_joint,right_ankle_roll_joint,waist_roll_joint,waist_yaw_joint",0.0,0.0,0,pelvis,0.0,0.058480054,right_ankle_roll_link
11,0.22,0.3963741660118103,0.9752488860155321,4.322720511200492,-12.032070256716398,19.1685012722889,1.6166562,24.168583,0.665513664484024,36.24332809448242,36.0,0.5909090909090909,"left_hip_pitch_joint,left_hip_roll_joint,left_hip_yaw_joint,left_knee_joint,left_ankle_pitch_joint,left_ankle_roll_joint,right_hip_pitch_joint,right_hip_roll_joint,right_hip_yaw_joint,right_knee_joint,right_ankle_pitch_joint,right_ankle_roll_joint,waist_yaw_joint",0.0,324.72638,0,right_ankle_roll_link,324.72638,0.03896239,right_ankle_roll_link
12,0.24,0.3873203992843628,0.9911381942385651,-2.973736911176213,-7.033540078374499,7.476725119400581,1.6813161,23.68842,0.939919501543045,36.32305908203125,36.0,0.5454545454545454,"left_hip_pitch_joint,left_hip_roll_joint,left_hip_yaw_joint,left_knee_joint,left_ankle_pitch_joint,left_ankle_roll_joint,right_hip_pitch_joint,right_hip_roll_joint,right_hip_yaw_joint,right_knee_joint,waist_roll_joint,waist_yaw_joint",0.0,0.0,0,pelvis,0.0,0.06221316,right_ankle_roll_link
13,0.26,0.38198259472846985,0.9811957971146009,2.555521945279479,-10.83500568828527,21.421923399003365,1.6707095,23.278154,0.7502824366092682,40.91582489013672,36.0,0.6363636363636364,"left_hip_pitch_joint,left_hip_roll_joint,left_hip_yaw_joint,left_knee_joint,left_ankle_pitch_joint,left_ankle_roll_joint,right_hip_pitch_joint,right_hip_roll_joint,right_hip_yaw_joint,right_knee_joint,right_ankle_pitch_joint,right_ankle_roll_joint,waist_roll_joint,waist_yaw_joint",0.0,0.0,0,pelvis,0.0,0.047073357,right_ankle_roll_link
14,0.28,0.3684227168560028,0.9904278763687746,-5.582503009358724,-5.6465978723450005,6.087336715481048,2.1081028,27.909348,1.0341425240039825,36.30342483520508,36.0,0.6363636363636364,"left_hip_pitch_joint,left_hip_roll_joint,left_hip_yaw_joint,left_knee_joint,left_ankle_pitch_joint,left_ankle_roll_joint,right_hip_pitch_joint,right_hip_roll_joint,right_hip_yaw_joint,right_knee_joint,right_ankle_pitch_joint,right_ankle_roll_joint,waist_roll_joint,waist_yaw_joint",0.0,132.18126,0,right_ankle_roll_link,132.18126,0.05481995,right_ankle_roll_link
15,0.3,0.3599439263343811,0.9885662023635223,-3.649991353191004,-7.8724145161871615,18.333827970302607,1.940581,23.240673,0.9687308371067047,36.35401153564453,36.0,0.6363636363636364,"left_hip_pitch_joint,left_hip_roll_joint,left_hip_yaw_joint,left_knee_joint,left_ankle_pitch_joint,left_ankle_roll_joint,right_hip_pitch_joint,right_hip_roll_joint,right_hip_yaw_joint,right_knee_joint,right_ankle_pitch_joint,right_ankle_roll_joint,waist_roll_joint,waist_yaw_joint",117.47131,1316.0887,0,right_ankle_roll_link,1316.0887,0.033998784,right_ankle_roll_link
16,0.32,0.3511373698711395,0.9710590779656281,-13.136199431466556,-4.32526098375852,0.7931548816819123,2.1274955,30.665451,1.2660281956195831,36.234317779541016,36.0,0.5454545454545454,"left_hip_pitch_joint,left_hip_roll_joint,left_hip_yaw_joint,left_knee_joint,left_ankle_pitch_joint,left_ankle_roll_joint,right_hip_pitch_joint,right_hip_yaw_joint,right_knee_joint,right_ankle_roll_joint,waist_roll_joint,waist_yaw_joint",0.0,0.0,0,pelvis,0.0,0.059249092,right_ankle_roll_link
17,0.34,0.34758317470550537,0.9750375664784989,-11.175066030251367,-6.341103342530785,18.32470514202964,2.284118,29.082758,1.237184077501297,36.01106643676758,36.0,0.6363636363636364,"left_hip_pitch_joint,left_hip_roll_joint,left_hip_yaw_joint,left_knee_joint,left_ankle_pitch_joint,left_ankle_roll_joint,right_hip_pitch_joint,right_hip_roll_joint,right_hip_yaw_joint,right_knee_joint,right_ankle_pitch_joint,right_ankle_roll_joint,waist_roll_joint,waist_yaw_joint",0.0,414.2418,0,right_ankle_roll_link,414.2418,0.05184321,right_ankle_roll_link
18,0.36,0.34415775537490845,0.9747370447529624,-12.549260301641851,-3.038771782614778,4.947818089165463,2.0502508,27.22966,1.1300499737262726,36.34939193725586,36.0,0.5,"left_hip_pitch_joint,left_hip_roll_joint,left_hip_yaw_joint,left_ankle_pitch_joint,left_ankle_roll_joint,right_hip_pitch_joint,right_hip_yaw_joint,right_knee_joint,right_ankle_pitch_joint,waist_roll_joint,waist_yaw_joint",0.0,0.0,0,pelvis,0.0,0.07258312,left_ankle_roll_link
19,0.38,0.3433014154434204,0.9736730802372476,-13.170946540116326,-0.3806289480960396,21.40522066525297,1.8321465,23.687775,1.1312818825244904,35.839134216308594,36.0,0.5909090909090909,"left_hip_pitch_joint,left_hip_roll_joint,left_hip_yaw_joint,left_knee_joint,left_ankle_pitch_joint,left_ankle_roll_joint,right_hip_pitch_joint,right_hip_roll_joint,right_hip_yaw_joint,right_knee_joint,right_ankle_pitch_joint,waist_roll_joint,waist_yaw_joint",572.1449,545.17737,1548.8499145507812,right_knee_link,818.76294,0.07197489,right_ankle_roll_link
20,0.4,0.35044291615486145,0.9768877709765893,-12.326694647532356,-0.6267200047740485,0.574749696404454,1.6988814,27.677073,0.9849946796894073,36.491546630859375,36.0,0.5,"left_hip_pitch_joint,left_hip_roll_joint,left_hip_yaw_joint,left_knee_joint,right_hip_pitch_joint,right_hip_yaw_joint,right_knee_joint,right_ankle_pitch_joint,right_ankle_roll_joint,waist_roll_joint,waist_yaw_joint",310.33124,130.37245,0,left_ankle_roll_link,310.33124,0.07702969,left_ankle_roll_link
21,0.42,0.3616620600223541,0.990914771248743,-7.715489435467293,0.4616684666088114,12.58270990957284,2.2980297,20.327677,0.6338596343994141,36.18232727050781,36.0,0.5454545454545454,"left_hip_pitch_joint,left_hip_roll_joint,left_hip_yaw_joint,left_knee_joint,left_ankle_roll_joint,right_hip_pitch_joint,right_hip_roll_joint,right_hip_yaw_joint,right_knee_joint,right_ankle_pitch_joint,right_ankle_roll_joint,waist_yaw_joint",0.0,0.0,0,pelvis,0.0,0.068894565,left_ankle_roll_link
22,0.44,0.36524292826652527,0.948472628839734,-18.14999400451255,3.4992653651814996,-6.481665619056164,2.1439362,29.948414,1.0557984113693237,36.23183059692383,36.0,0.5909090909090909,"left_hip_pitch_joint,left_hip_roll_joint,left_hip_yaw_joint,left_knee_joint,left_ankle_pitch_joint,left_ankle_roll_joint,right_hip_pitch_joint,right_hip_roll_joint,right_hip_yaw_joint,right_knee_joint,right_ankle_pitch_joint,waist_roll_joint,waist_yaw_joint",0.0,0.0,0,pelvis,0.0,0.1022505,left_ankle_roll_link
23,0.46,0.36616671085357666,0.9482807296235973,-16.73319194768601,8.023733752939462,5.579886137152539,2.0508523,20.90463,0.9050989151000977,36.216976165771484,36.0,0.6363636363636364,"left_hip_pitch_joint,left_hip_roll_joint,left_hip_yaw_joint,left_knee_joint,left_ankle_pitch_joint,left_ankle_roll_joint,right_hip_pitch_joint,right_hip_roll_joint,right_hip_yaw_joint,right_knee_joint,right_ankle_pitch_joint,right_ankle_roll_joint,waist_roll_joint,waist_yaw_joint",0.0,0.0,0,pelvis,0.0,0.10344971,left_ankle_roll_link
24,0.48,0.364460289478302,0.9240204199618343,-20.23655319775548,9.999174330689424,-15.47670488544724,2.2060368,26.909607,1.2396020889282227,36.19794464111328,36.0,0.5454545454545454,"left_hip_pitch_joint,left_hip_roll_joint,left_hip_yaw_joint,left_knee_joint,left_ankle_pitch_joint,left_ankle_roll_joint,right_hip_pitch_joint,right_hip_roll_joint,right_hip_yaw_joint,right_knee_joint,right_ankle_pitch_joint,waist_yaw_joint",0.0,0.0,0,pelvis,0.0,0.13192931,left_ankle_roll_link
25,0.5,0.3623630404472351,0.8509244223141557,-26.0780396111972,18.67136635797243,-5.021032034383676,2.2782123,22.27403,1.0882118940353394,36.04255294799805,36.0,0.5909090909090909,"left_hip_pitch_joint,left_hip_roll_joint,left_hip_yaw_joint,left_knee_joint,left_ankle_pitch_joint,left_ankle_roll_joint,right_hip_pitch_joint,right_hip_roll_joint,right_hip_yaw_joint,right_knee_joint,right_ankle_pitch_joint,right_ankle_roll_joint,waist_yaw_joint",322.75555,322.75555,0,left_ankle_roll_link,322.75555,0.1160049,left_ankle_roll_link
26,0.52,0.35155636072158813,0.8624055053458051,-25.13840273337104,17.7049819581464,-22.99280047704317,1.7433673,24.14471,1.3273872137069702,36.10416030883789,36.0,0.5,"left_hip_roll_joint,left_hip_yaw_joint,left_knee_joint,left_ankle_pitch_joint,left_ankle_roll_joint,right_hip_roll_joint,right_hip_yaw_joint,right_knee_joint,right_ankle_pitch_joint,waist_roll_joint,waist_yaw_joint",0.0,0.0,0,pelvis,0.0,0.13779612,left_ankle_roll_link
27,0.54,0.3414035737514496,0.7983640289902478,-27.57746664665919,25.750302085936205,-12.207303409696683,2.1512496,22.003098,1.364050269126892,36.18352127075195,36.0,0.6818181818181818,"left_hip_pitch_joint,left_hip_roll_joint,left_hip_yaw_joint,left_knee_joint,left_ankle_pitch_joint,left_ankle_roll_joint,right_hip_pitch_joint,right_hip_roll_joint,right_hip_yaw_joint,right_knee_joint,right_ankle_pitch_joint,right_ankle_roll_joint,waist_roll_joint,waist_yaw_joint,left_shoulder_roll_joint",0.0,0.0,0,pelvis,0.0,0.122495145,left_ankle_roll_link
28,0.56,0.3295676112174988,0.7536443546828067,-37.38417793936234,18.47198973027689,-19.393153267305113,0.9636673,16.020863,1.1244215052574873,36.04669189453125,36.0,0.5454545454545454,"left_hip_roll_joint,left_hip_yaw_joint,left_knee_joint,left_ankle_pitch_joint,left_ankle_roll_joint,right_hip_roll_joint,right_hip_yaw_joint,right_knee_joint,right_ankle_pitch_joint,waist_roll_joint,waist_yaw_joint,left_shoulder_pitch_joint",0.0,0.0,0,pelvis,0.0,0.13935117,left_ankle_roll_link
29,0.58,0.3085932433605194,0.7969915472553577,-30.43866621536572,22.421979288915157,-3.9605550595388155,1.8206062,22.249666,0.857809392735362,36.18790054321289,36.0,0.5909090909090909,"left_hip_pitch_joint,left_hip_roll_joint,left_hip_yaw_joint,left_knee_joint,left_ankle_pitch_joint,left_ankle_roll_joint,right_hip_pitch_joint,right_hip_roll_joint,right_hip_yaw_joint,right_knee_joint,right_ankle_pitch_joint,right_ankle_roll_joint,waist_yaw_joint",0.0,0.0,490.3612976074219,left_knee_link,245.18065,0.10813407,left_ankle_roll_link
30,0.6,0.2946329116821289,0.7004360490908126,-42.060575446589716,19.36449869434912,-18.615572645898204,2.0837126,23.534193,1.3079220335930586,36.21946334838867,36.0,0.5454545454545454,"left_hip_pitch_joint,left_hip_roll_joint,left_hip_yaw_joint,left_knee_joint,left_ankle_pitch_joint,left_ankle_roll_joint,right_hip_pitch_joint,right_hip_roll_joint,right_hip_yaw_joint,right_ankle_pitch_joint,waist_roll_joint,waist_yaw_joint",0.0,0.0,0,pelvis,0.0,0.087127954,left_knee_link
31,0.62,0.26758521795272827,0.7064290183332638,-35.46263150836468,29.85102811428158,-11.080413109801846,2.5409603,23.206345,1.1192783396691084,33.907047271728516,36.0,0.5909090909090909,"left_hip_pitch_joint,left_hip_roll_joint,left_hip_yaw_joint,left_knee_joint,left_ankle_pitch_joint,left_ankle_roll_joint,right_hip_pitch_joint,right_hip_roll_joint,right_hip_yaw_joint,right_knee_joint,right_ankle_pitch_joint,right_ankle_roll_joint,waist_yaw_joint",241.62996,0.0,227.56521606445312,left_ankle_roll_link,241.62996,0.09050721,left_ankle_roll_link
32,0.64,0.252598375082016,0.6077517723890917,-46.79322149933891,27.413864630518315,-22.69232260366685,1.6724492,22.87356,1.299943447113037,36.621246337890625,36.0,0.45454545454545453,"left_hip_roll_joint,left_hip_yaw_joint,left_knee_joint,left_ankle_pitch_joint,left_ankle_roll_joint,right_hip_roll_joint,right_knee_joint,right_ankle_pitch_joint,waist_yaw_joint,left_shoulder_pitch_joint",108.63204,0.0,108.63204193115234,left_knee_link,108.63204,0.04507723,left_knee_link
33,0.66,0.23091626167297363,0.4917478183376147,-49.326112835100275,41.018259732534304,-16.495356607313077,2.9581594,20.748796,1.2703640460968018,36.203922271728516,36.0,0.5909090909090909,"left_hip_pitch_joint,left_hip_roll_joint,left_hip_yaw_joint,left_knee_joint,left_ankle_pitch_joint,left_ankle_roll_joint,right_hip_pitch_joint,right_hip_roll_joint,right_hip_yaw_joint,right_knee_joint,right_ankle_pitch_joint,right_ankle_roll_joint,waist_yaw_joint",0.0,0.0,0,pelvis,0.0,0.07223405,left_knee_link
34,0.68,0.21214154362678528,0.47808244780751963,-56.92180591952277,28.841578200324385,-32.76082272930537,1.3167394,22.191805,1.361029028892517,31.04732322692871,36.0,0.5,"left_hip_roll_joint,left_hip_yaw_joint,left_knee_joint,left_ankle_pitch_joint,left_ankle_roll_joint,right_hip_pitch_joint,right_hip_roll_joint,right_hip_yaw_joint,right_ankle_pitch_joint,waist_yaw_joint,left_shoulder_pitch_joint",1359.7377,0.0,1359.7376708984375,left_knee_link,1359.7377,0.04079923,left_knee_link
35,0.7000000000000001,0.1956501007080078,0.37149041346488154,-60.77477095097351,40.45900098207215,-30.116954452671624,2.9031444,21.055634,1.2026180028915405,36.12489318847656,36.0,0.6363636363636364,"left_hip_pitch_joint,left_hip_yaw_joint,left_knee_joint,left_ankle_pitch_joint,left_ankle_roll_joint,right_hip_pitch_joint,right_hip_roll_joint,right_hip_yaw_joint,right_knee_joint,right_ankle_pitch_joint,right_ankle_roll_joint,waist_roll_joint,waist_yaw_joint,left_shoulder_roll_joint",0.0,0.0,0,pelvis,0.0,0.06465976,left_knee_link
36,0.72,0.19008244574069977,0.29667519383126084,-70.48081666124368,27.386527479335545,-43.07389353065657,2.0760138,27.947649,1.3245113175362349,34.94240951538086,36.0,0.5454545454545454,"left_hip_pitch_joint,left_hip_roll_joint,left_hip_yaw_joint,left_knee_joint,left_ankle_pitch_joint,left_ankle_roll_joint,right_hip_pitch_joint,right_hip_roll_joint,right_knee_joint,right_ankle_pitch_joint,waist_yaw_joint,left_shoulder_pitch_joint",367.91168,0.0,367.91168212890625,left_knee_link,367.91168,0.04073511,left_knee_link
37,0.74,0.18028505146503448,0.07606425929473737,-84.63039756690422,35.62712934097383,-49.736887286155344,2.6981595,18.655865,1.0960775893181562,36.294189453125,36.0,0.6818181818181818,"left_hip_pitch_joint,left_hip_roll_joint,left_hip_yaw_joint,left_knee_joint,left_ankle_pitch_joint,left_ankle_roll_joint,right_hip_pitch_joint,right_hip_roll_joint,right_hip_yaw_joint,right_knee_joint,right_ankle_pitch_joint,right_ankle_roll_joint,waist_roll_joint,waist_yaw_joint,left_shoulder_roll_joint",0.0,0.0,0,pelvis,0.0,0.08283959,left_hip_yaw_link
38,0.76,0.16993041336536407,-0.09820949692093706,-96.08972707224889,22.21742932084675,-51.79629685316522,0.9560743,19.984419,0.9025168418884277,36.03282165527344,36.0,0.5,"left_hip_roll_joint,left_hip_yaw_joint,left_knee_joint,left_ankle_pitch_joint,left_ankle_roll_joint,right_knee_joint,right_ankle_pitch_joint,right_ankle_roll_joint,waist_roll_joint,waist_yaw_joint,left_shoulder_pitch_joint",0.0,0.0,0,pelvis,0.0,0.026644986,left_elbow_link
39,0.78,0.1311691254377365,-0.17387793377881344,-102.13466821325343,34.191660874522185,-48.96375632394441,3.370465,14.892893,0.5585488080978394,36.126068115234375,36.0,0.6363636363636364,"left_hip_pitch_joint,left_hip_roll_joint,left_hip_yaw_joint,left_knee_joint,left_ankle_pitch_joint,left_ankle_roll_joint,right_hip_pitch_joint,right_hip_roll_joint,right_hip_yaw_joint,right_knee_joint,right_ankle_pitch_joint,right_ankle_roll_joint,waist_yaw_joint,left_shoulder_roll_joint",0.0,0.0,0,pelvis,0.0,-0.026845481,left_shoulder_roll_link
40,0.8,0.11546815186738968,-0.27674588646209664,-106.3827863740138,11.1325153746755,-48.65724610757038,2.0855184,26.873255,0.9580633640289307,36.495758056640625,36.0,0.5909090909090909,"left_hip_pitch_joint,left_hip_roll_joint,left_hip_yaw_joint,left_knee_joint,left_ankle_pitch_joint,left_ankle_roll_joint,right_hip_pitch_joint,right_hip_roll_joint,right_hip_yaw_joint,right_knee_joint,right_ankle_pitch_joint,right_ankle_roll_joint,waist_yaw_joint",0.0,0.0,289.10272216796875,torso_link,289.10272,-0.06657596,left_shoulder_roll_link
41,0.8200000000000001,0.10420551151037216,-0.28641686806849975,-107.95103251597219,21.672585672990284,-50.98473044774929,1.4647008,17.95595,0.8396540880203247,36.08754348754883,36.0,0.6363636363636364,"left_hip_pitch_joint,left_hip_roll_joint,left_hip_yaw_joint,left_knee_joint,left_ankle_pitch_joint,left_ankle_roll_joint,right_hip_pitch_joint,right_hip_roll_joint,right_hip_yaw_joint,right_knee_joint,right_ankle_pitch_joint,right_ankle_roll_joint,waist_yaw_joint,left_shoulder_roll_joint",0.0,0.0,307.908203125,torso_link,307.9082,-0.07915461,left_shoulder_roll_link
42,0.84,0.10801292955875397,-0.2056117590114841,-101.86769914088521,-1.1406546481136786,-50.83178835686219,2.4838588,28.420126,1.2059475183486938,36.234703063964844,36.0,0.6363636363636364,"left_hip_pitch_joint,left_hip_roll_joint,left_hip_yaw_joint,left_knee_joint,left_ankle_pitch_joint,left_ankle_roll_joint,right_hip_pitch_joint,right_hip_roll_joint,right_hip_yaw_joint,right_knee_joint,right_ankle_pitch_joint,right_ankle_roll_joint,waist_yaw_joint,left_shoulder_pitch_joint",0.0,0.0,0,pelvis,0.0,-0.08052692,left_elbow_link
43,0.86,0.10131465643644333,-0.2930728888193048,-107.24020274146054,8.565003251708182,-54.731464848791354,1.029824,16.942158,1.1051865816116333,36.054283142089844,36.0,0.6818181818181818,"left_hip_pitch_joint,left_hip_roll_joint,left_hip_yaw_joint,left_knee_joint,left_ankle_pitch_joint,left_ankle_roll_joint,right_hip_pitch_joint,right_hip_roll_joint,right_hip_yaw_joint,right_knee_joint,right_ankle_pitch_joint,right_ankle_roll_joint,waist_roll_joint,waist_yaw_joint,left_shoulder_roll_joint",0.0,0.0,5696.3104248046875,torso_link,3797.5403,-0.077655956,left_shoulder_roll_link
44,0.88,0.09914819896221161,-0.1614222617308645,-99.41732632591835,-9.410576290544999,-53.97857837106329,1.773253,26.153677,0.9898481369018555,36.025367736816406,36.0,0.5,"left_hip_roll_joint,left_hip_yaw_joint,left_knee_joint,left_ankle_pitch_joint,left_ankle_roll_joint,right_hip_roll_joint,right_hip_yaw_joint,right_ankle_pitch_joint,right_ankle_roll_joint,waist_roll_joint,waist_yaw_joint",0.0,0.0,0,pelvis,0.0,-0.08306177,left_elbow_link
45,0.9,0.09249646961688995,-0.2539594453478031,-104.72623254477789,2.496717288776496,-51.91823004150401,1.6021982,18.563538,0.6767000705003738,36.344581604003906,36.0,0.6818181818181818,"left_hip_pitch_joint,left_hip_roll_joint,left_hip_yaw_joint,left_knee_joint,left_ankle_pitch_joint,left_ankle_roll_joint,right_hip_pitch_joint,right_hip_roll_joint,right_hip_yaw_joint,right_knee_joint,right_ankle_pitch_joint,right_ankle_roll_joint,waist_roll_joint,waist_yaw_joint,left_shoulder_roll_joint",0.0,0.0,0,pelvis,0.0,-0.069528185,left_elbow_link
46,0.92,0.08179762959480286,-0.04421994432355136,-92.67626999444208,-18.730221439353137,-53.27525002942423,2.434716,29.90633,0.9731792490929365,36.37718963623047,36.0,0.6818181818181818,"left_hip_pitch_joint,left_hip_roll_joint,left_hip_yaw_joint,left_knee_joint,left_ankle_pitch_joint,left_ankle_roll_joint,right_hip_pitch_joint,right_hip_roll_joint,right_hip_yaw_joint,right_knee_joint,right_ankle_pitch_joint,right_ankle_roll_joint,waist_roll_joint,waist_yaw_joint,left_shoulder_pitch_joint",0.0,0.0,0,pelvis,0.0,-0.085213326,left_elbow_link
47,0.9400000000000001,0.07760117948055267,-0.1398428407168879,-98.16139916330368,-9.912458082581747,-53.852053193950546,1.0749495,21.427217,0.8698584586381912,36.9007568359375,36.0,0.6818181818181818,"left_hip_pitch_joint,left_hip_roll_joint,left_hip_yaw_joint,left_knee_joint,left_ankle_pitch_joint,left_ankle_roll_joint,right_hip_pitch_joint,right_hip_roll_joint,right_hip_yaw_joint,right_knee_joint,right_ankle_pitch_joint,right_ankle_roll_joint,waist_roll_joint,waist_yaw_joint,left_shoulder_roll_joint",0.0,0.0,0,pelvis,0.0,-0.07216124,left_elbow_link
48,0.96,0.07178124785423279,0.03803677728142674,-87.53813389834099,-27.68514305813765,-53.98019487231302,2.0652456,28.705057,1.03043463639915,36.498443603515625,36.0,0.6363636363636364,"left_hip_roll_joint,left_hip_yaw_joint,left_knee_joint,left_ankle_pitch_joint,left_ankle_roll_joint,right_hip_pitch_joint,right_hip_roll_joint,right_hip_yaw_joint,right_knee_joint,right_ankle_pitch_joint,right_ankle_roll_joint,waist_roll_joint,waist_yaw_joint,left_shoulder_pitch_joint",0.0,0.0,0,pelvis,0.0,-0.08520776,left_elbow_link
49,0.98,0.07144951820373535,0.0034596041132530786,-89.78882828052149,-20.170128190135788,-53.754740014290434,0.41422072,19.271141,0.9425047188997269,36.10983657836914,36.0,0.6818181818181818,"left_hip_pitch_joint,left_hip_roll_joint,left_hip_yaw_joint,left_knee_joint,left_ankle_pitch_joint,left_ankle_roll_joint,right_hip_pitch_joint,right_hip_roll_joint,right_hip_yaw_joint,right_knee_joint,right_ankle_pitch_joint,right_ankle_roll_joint,waist_roll_joint,waist_yaw_joint,left_shoulder_roll_joint",0.0,0.0,56.54060363769531,torso_link,56.540604,-0.06713424,left_elbow_link
50,1.0,0.08399559557437897,0.05832597105482751,-86.18380961012194,-28.795292668293232,-45.781453756530404,1.5922973,21.057175,1.1332603972405195,35.921043395996094,36.0,0.5909090909090909,"left_hip_roll_joint,left_hip_yaw_joint,left_knee_joint,left_ankle_pitch_joint,left_ankle_roll_joint,right_hip_roll_joint,right_hip_yaw_joint,right_knee_joint,right_ankle_pitch_joint,right_ankle_roll_joint,waist_roll_joint,waist_yaw_joint,left_shoulder_pitch_joint",0.0,0.0,0,pelvis,0.0,-0.06764801,left_elbow_link
51,1.02,0.0868847444653511,0.0941531818013227,-84.36434031436835,-16.510507784438843,-35.46676663677068,1.1427448,18.802574,0.6459811273962259,36.315093994140625,36.0,0.6363636363636364,"left_hip_roll_joint,left_hip_yaw_joint,left_knee_joint,left_ankle_pitch_joint,left_ankle_roll_joint,right_hip_pitch_joint,right_hip_roll_joint,right_hip_yaw_joint,right_knee_joint,right_ankle_pitch_joint,right_ankle_roll_joint,waist_roll_joint,waist_yaw_joint,left_shoulder_roll_joint",0.0,0.0,0,pelvis,0.0,-0.049546726,left_elbow_link
52,1.04,0.07182075083255768,0.09257138422347333,-83.76784598551595,-31.488772782405565,-37.75633524368266,2.0114586,30.036741,1.097138313576579,35.91016387939453,36.0,0.6363636363636364,"left_hip_pitch_joint,left_hip_roll_joint,left_hip_yaw_joint,left_knee_joint,left_ankle_pitch_joint,left_ankle_roll_joint,right_hip_pitch_joint,right_hip_roll_joint,right_hip_yaw_joint,right_knee_joint,right_ankle_pitch_joint,right_ankle_roll_joint,waist_yaw_joint,left_shoulder_pitch_joint",0.0,0.0,1154.6087646484375,left_hip_yaw_link,577.3044,-0.058341436,left_elbow_link
53,1.06,0.0599629282951355,0.11308062550910902,-82.41363979441654,-31.06982708288677,-32.1844455511985,1.6095909,15.462656,0.7360265534371138,36.256343841552734,36.0,0.6363636363636364,"left_hip_pitch_joint,left_hip_yaw_joint,left_knee_joint,left_ankle_pitch_joint,left_ankle_roll_joint,right_hip_pitch_joint,right_hip_roll_joint,right_hip_yaw_joint,right_knee_joint,right_ankle_pitch_joint,right_ankle_roll_joint,waist_roll_joint,waist_yaw_joint,left_shoulder_roll_joint",0.0,0.0,872.5606994628906,left_hip_yaw_link,460.83414,-0.050473068,left_elbow_link
54,1.08,0.0566580593585968,0.11398126772423423,-78.50354099149435,-55.11810672205055,-34.08657622841273,2.2053165,29.333015,1.127482084557414,36.46722412109375,36.0,0.6363636363636364,"left_hip_pitch_joint,left_hip_roll_joint,left_hip_yaw_joint,left_knee_joint,left_ankle_pitch_joint,left_ankle_roll_joint,right_hip_pitch_joint,right_hip_roll_joint,right_hip_yaw_joint,right_knee_joint,right_ankle_pitch_joint,right_ankle_roll_joint,waist_yaw_joint,left_shoulder_pitch_joint",0.0,0.0,0,pelvis,0.0,-0.045449313,left_elbow_link
55,1.1,0.06229773536324501,0.02843243588452493,-87.31205579114287,-52.678741242346284,-25.07157382335227,1.233237,19.567041,0.9078552722930908,36.035682678222656,36.0,0.6363636363636364,"left_hip_pitch_joint,left_hip_roll_joint,left_hip_yaw_joint,left_knee_joint,left_ankle_pitch_joint,left_ankle_roll_joint,right_hip_pitch_joint,right_hip_roll_joint,right_hip_yaw_joint,right_knee_joint,right_ankle_pitch_joint,right_ankle_roll_joint,waist_yaw_joint,left_shoulder_roll_joint",0.0,0.0,0,pelvis,0.0,-0.030576944,left_elbow_link
56,1.12,0.05188139155507088,0.08682109230093005,-74.12262680827892,-71.49710365484123,-30.822810586984684,2.1563168,31.96497,1.197350887581706,36.41884231567383,36.0,0.6818181818181818,"left_hip_pitch_joint,left_hip_roll_joint,left_hip_yaw_joint,left_knee_joint,left_ankle_pitch_joint,left_ankle_roll_joint,right_hip_pitch_joint,right_hip_roll_joint,right_hip_yaw_joint,right_knee_joint,right_ankle_pitch_joint,right_ankle_roll_joint,waist_roll_joint,waist_yaw_joint,left_shoulder_pitch_joint",0.0,0.0,469.90667724609375,torso_link,469.90668,-0.014694922,left_elbow_link
57,1.1400000000000001,0.059311699122190475,0.08013411246834856,-76.78026364122353,-69.48756675373147,-20.788752682061673,1.3618745,14.781493,1.1186052560806274,34.875762939453125,36.0,0.6818181818181818,"left_hip_pitch_joint,left_hip_roll_joint,left_hip_yaw_joint,left_knee_joint,left_ankle_pitch_joint,left_ankle_roll_joint,right_hip_pitch_joint,right_hip_roll_joint,right_hip_yaw_joint,right_knee_joint,right_ankle_pitch_joint,right_ankle_roll_joint,waist_roll_joint,waist_yaw_joint,left_shoulder_roll_joint",0.0,0.0,0,pelvis,0.0,0.0070857257,left_elbow_link
58,1.16,0.04628591239452362,0.06174781876156743,-48.99390084540791,-84.59992649828861,-47.118591742796625,1.9935664,26.112701,1.1911299508064985,35.56281661987305,36.0,0.5454545454545454,"left_hip_roll_joint,left_hip_yaw_joint,left_knee_joint,left_ankle_pitch_joint,left_ankle_roll_joint,right_hip_pitch_joint,right_hip_roll_joint,right_knee_joint,right_ankle_pitch_joint,right_ankle_roll_joint,waist_yaw_joint,left_shoulder_pitch_joint",0.0,0.0,0,pelvis,0.0,0.03859944,left_elbow_link
59,1.18,0.05589410662651062,0.035406920544005516,-81.11741256880259,-76.7438971429798,-15.300864470263743,1.8978971,24.729904,1.0827189683914185,35.285152435302734,36.0,0.6818181818181818,"left_hip_pitch_joint,left_hip_roll_joint,left_hip_yaw_joint,left_knee_joint,left_ankle_pitch_joint,left_ankle_roll_joint,right_hip_pitch_joint,right_hip_roll_joint,right_hip_yaw_joint,right_knee_joint,right_ankle_pitch_joint,right_ankle_roll_joint,waist_roll_joint,waist_yaw_joint,left_shoulder_roll_joint",0.0,90.0962,0,right_ankle_roll_link,90.0962,0.022509068,right_shoulder_yaw_link
60,1.2,0.05368071049451828,0.030127632411071303,-73.86335996459114,-83.77688397453043,-20.38494087723609,1.3623067,26.417843,1.2839306592941284,36.06369400024414,36.0,0.6363636363636364,"left_hip_pitch_joint,left_hip_roll_joint,left_hip_yaw_joint,left_knee_joint,left_ankle_pitch_joint,left_ankle_roll_joint,right_hip_pitch_joint,right_hip_roll_joint,right_knee_joint,right_ankle_pitch_joint,right_ankle_roll_joint,waist_yaw_joint,left_shoulder_pitch_joint,right_shoulder_roll_joint",0.0,0.0,0,pelvis,0.0,0.01780048,right_elbow_link
61,1.22,0.06377693265676498,0.00946857547145008,-87.88808019060451,-75.1115622193024,-3.227341086929768,1.4227879,16.151094,1.1783474683761597,35.78323745727539,36.0,0.6818181818181818,"left_hip_pitch_joint,left_hip_roll_joint,left_hip_yaw_joint,left_knee_joint,left_ankle_pitch_joint,left_ankle_roll_joint,right_hip_pitch_joint,right_hip_roll_joint,right_hip_yaw_joint,right_knee_joint,right_ankle_pitch_joint,right_ankle_roll_joint,waist_roll_joint,waist_yaw_joint,left_shoulder_roll_joint",0.0,0.0,356.19097900390625,torso_link,356.19098,0.014755817,right_shoulder_yaw_link
62,1.24,0.07457131892442703,-0.054098634645050936,-139.29545241579567,-85.9078850297974,50.81371254924493,1.4384673,20.803398,1.1964807510375977,35.87578582763672,36.0,0.6818181818181818,"left_hip_pitch_joint,left_hip_roll_joint,left_hip_yaw_joint,left_knee_joint,left_ankle_pitch_joint,left_ankle_roll_joint,right_hip_pitch_joint,right_hip_roll_joint,right_knee_joint,right_ankle_pitch_joint,right_ankle_roll_joint,waist_roll_joint,waist_yaw_joint,left_shoulder_pitch_joint,right_shoulder_roll_joint",0.0,0.0,0,pelvis,0.0,0.023117153,right_shoulder_yaw_link
63,1.26,0.11255881935358047,-0.1598488929813886,-116.26883026187667,-68.8277621015979,32.99386647133649,2.6267788,22.656954,1.0353498458862305,36.20851135253906,36.0,0.6818181818181818,"left_hip_pitch_joint,left_hip_roll_joint,left_hip_yaw_joint,left_knee_joint,left_ankle_pitch_joint,left_ankle_roll_joint,right_hip_pitch_joint,right_hip_roll_joint,right_hip_yaw_joint,right_knee_joint,right_ankle_pitch_joint,right_ankle_roll_joint,waist_roll_joint,waist_yaw_joint,left_shoulder_roll_joint",0.0,0.0,0,pelvis,0.0,0.0070312973,right_shoulder_roll_link
64,1.28,0.11259587854146957,-0.19090474933739188,-140.58839974892666,-75.69450474088663,49.548134298286186,1.4617234,18.533842,1.2629050016403198,36.32986831665039,36.0,0.6363636363636364,"left_hip_pitch_joint,left_hip_roll_joint,left_hip_yaw_joint,left_knee_joint,left_ankle_pitch_joint,left_ankle_roll_joint,right_hip_pitch_joint,right_hip_roll_joint,right_hip_yaw_joint,right_knee_joint,right_ankle_pitch_joint,right_ankle_roll_joint,waist_yaw_joint,left_shoulder_pitch_joint",0.0,0.0,0,pelvis,0.0,0.03767835,right_shoulder_roll_link
65,1.3,0.12910571694374084,-0.21742682435007055,-115.21584407002725,-59.31245080256006,29.61359747033023,2.102662,26.613394,1.2486908435821533,35.78962326049805,36.0,0.6363636363636364,"left_hip_pitch_joint,left_hip_roll_joint,left_hip_yaw_joint,left_knee_joint,left_ankle_pitch_joint,left_ankle_roll_joint,right_hip_pitch_joint,right_hip_roll_joint,right_hip_yaw_joint,right_knee_joint,right_ankle_pitch_joint,right_ankle_roll_joint,waist_roll_joint,waist_yaw_joint",0.0,0.0,0,pelvis,0.0,0.025080658,right_shoulder_roll_link
66,1.32,0.12316344678401947,-0.2414200364612853,-124.34343096336659,-64.66343740893518,33.19358367381782,1.7076417,20.15564,1.2200102806091309,35.24986267089844,36.0,0.6363636363636364,"left_hip_pitch_joint,left_hip_roll_joint,left_hip_yaw_joint,left_knee_joint,left_ankle_pitch_joint,left_ankle_roll_joint,right_hip_pitch_joint,right_hip_roll_joint,right_hip_yaw_joint,right_ankle_pitch_joint,right_ankle_roll_joint,waist_roll_joint,waist_yaw_joint,left_shoulder_pitch_joint",0.0,0.0,0,pelvis,0.0,0.038230088,left_shoulder_roll_link
67,1.34,0.1298191100358963,-0.24982811375208058,-111.11279617659173,-46.08649594349231,25.388727618587343,1.4613944,27.924154,0.8048210144042969,36.5452995300293,36.0,0.6363636363636364,"left_hip_pitch_joint,left_hip_roll_joint,left_hip_yaw_joint,left_knee_joint,left_ankle_pitch_joint,left_ankle_roll_joint,right_hip_pitch_joint,right_hip_roll_joint,right_hip_yaw_joint,right_knee_joint,right_ankle_pitch_joint,right_ankle_roll_joint,waist_roll_joint,waist_yaw_joint",0.0,0.0,0,pelvis,0.0,0.034660425,left_shoulder_yaw_link
68,1.36,0.1148388460278511,-0.2519697599594579,-113.71143876460368,-51.20121409782889,23.12042416045066,2.1659734,20.019075,1.1315696239471436,36.601993560791016,36.0,0.6818181818181818,"left_hip_pitch_joint,left_hip_roll_joint,left_hip_yaw_joint,left_knee_joint,left_ankle_pitch_joint,left_ankle_roll_joint,right_hip_pitch_joint,right_hip_roll_joint,right_hip_yaw_joint,right_knee_joint,right_ankle_pitch_joint,right_ankle_roll_joint,waist_roll_joint,waist_yaw_joint,left_shoulder_pitch_joint",0.0,0.0,1531.8858642578125,torso_link,1531.8859,0.008323356,left_shoulder_roll_link
69,1.3800000000000001,0.11110014468431473,-0.18007810086945852,-102.89639644097359,-36.21146858595509,17.520521207915472,0.9526395,18.945747,1.0115889310836792,36.06779861450195,36.0,0.5909090909090909,"left_hip_pitch_joint,left_hip_roll_joint,left_hip_yaw_joint,left_knee_joint,left_ankle_pitch_joint,left_ankle_roll_joint,right_hip_pitch_joint,right_hip_roll_joint,right_hip_yaw_joint,right_knee_joint,right_ankle_pitch_joint,right_ankle_roll_joint,waist_roll_joint",0.0,0.0,0,pelvis,0.0,0.012419102,left_shoulder_yaw_link
70,1.4000000000000001,0.09676694869995117,-0.11879662439009486,-101.04808012271045,-51.68982191439915,13.855381905955824,2.2514737,29.794128,1.2239221408963203,36.03589630126953,36.0,0.5,"left_hip_pitch_joint,left_hip_roll_joint,left_hip_yaw_joint,left_ankle_roll_joint,right_hip_pitch_joint,right_hip_roll_joint,right_knee_joint,right_ankle_pitch_joint,right_ankle_roll_joint,waist_yaw_joint,left_shoulder_pitch_joint",0.0,0.0,0,pelvis,0.0,0.01793759,left_shoulder_roll_link
71,1.42,0.07837498188018799,0.04466903359084817,-86.36873447668769,-45.14778874318829,7.993558846898349,1.5461974,19.349308,0.8662950992584229,36.87653350830078,36.0,0.5909090909090909,"left_hip_pitch_joint,left_hip_roll_joint,left_hip_yaw_joint,left_knee_joint,left_ankle_pitch_joint,left_ankle_roll_joint,right_hip_pitch_joint,right_hip_yaw_joint,right_knee_joint,right_ankle_pitch_joint,right_ankle_roll_joint,waist_yaw_joint,left_shoulder_roll_joint",0.0,0.0,0,pelvis,0.0,0.026420882,left_hip_roll_link
72,1.44,0.04446089267730713,0.09735474722361204,-79.78857371684951,-56.69094419029819,-7.181561993350274,2.5995789,21.301252,1.274137981235981,36.475914001464844,36.0,0.6818181818181818,"left_hip_pitch_joint,left_hip_roll_joint,left_hip_yaw_joint,left_knee_joint,left_ankle_pitch_joint,left_ankle_roll_joint,right_hip_pitch_joint,right_hip_roll_joint,right_hip_yaw_joint,right_knee_joint,right_ankle_pitch_joint,right_ankle_roll_joint,waist_roll_joint,waist_yaw_joint,left_shoulder_pitch_joint",0.0,0.0,0,pelvis,0.0,0.011229232,left_hip_pitch_link
73,1.46,0.049694839864969254,0.13765396947749053,-79.46993814706225,-41.12899068155615,2.598006518479301,2.1371493,22.635088,1.0820909813046455,36.744972229003906,36.0,0.6363636363636364,"left_hip_pitch_joint,left_hip_roll_joint,left_hip_yaw_joint,left_knee_joint,left_ankle_pitch_joint,left_ankle_roll_joint,right_hip_pitch_joint,right_hip_roll_joint,right_hip_yaw_joint,right_knee_joint,right_ankle_pitch_joint,right_ankle_roll_joint,waist_roll_joint,waist_yaw_joint",0.0,0.0,0,pelvis,0.0,-0.007573121,left_hip_roll_link
74,1.48,0.039092838764190674,0.157819344830612,-73.88928853465963,-55.338287691364364,-7.899836685183594,1.6148404,25.082115,1.570410616695881,36.72077560424805,36.0,0.6818181818181818,"left_hip_pitch_joint,left_hip_roll_joint,left_hip_yaw_joint,left_knee_joint,left_ankle_pitch_joint,left_ankle_roll_joint,right_hip_pitch_joint,right_hip_roll_joint,right_hip_yaw_joint,right_knee_joint,right_ankle_pitch_joint,right_ankle_roll_joint,waist_roll_joint,waist_yaw_joint,left_shoulder_pitch_joint",0.0,0.0,1637.9971313476562,left_hip_yaw_link,1113.1167,0.00584953,left_hip_roll_link
75,1.5,0.0505218431353569,0.16603887898557979,-76.66022555701898,-43.97531650580764,3.662852656580122,2.4125245,22.828236,1.34050452709198,36.77418518066406,36.0,0.5909090909090909,"left_hip_pitch_joint,left_hip_roll_joint,left_hip_yaw_joint,left_knee_joint,left_ankle_pitch_joint,left_ankle_roll_joint,right_hip_pitch_joint,right_hip_roll_joint,right_hip_yaw_joint,right_knee_joint,right_ankle_pitch_joint,right_ankle_roll_joint,waist_yaw_joint",0.0,276.8115,0,right_ankle_roll_link,276.8115,-0.0030022338,left_hip_roll_link
76,1.52,0.05168532580137253,0.09994216838051351,-79.95792903090832,-55.0292879829678,1.3740066085239495,0.88931364,20.442432,1.487311489880085,36.38038635253906,36.0,0.6818181818181818,"left_hip_pitch_joint,left_hip_roll_joint,left_hip_yaw_joint,left_knee_joint,left_ankle_pitch_joint,left_ankle_roll_joint,right_hip_pitch_joint,right_hip_roll_joint,right_hip_yaw_joint,right_knee_joint,right_ankle_pitch_joint,right_ankle_roll_joint,waist_roll_joint,waist_yaw_joint,left_shoulder_pitch_joint",0.0,0.0,0,pelvis,0.0,0.016020905,left_hip_roll_link
77,1.54,0.0546107292175293,0.09668887369606516,-82.6519506838158,-40.88771552296872,13.380961406050318,1.7901512,21.324707,1.1339597776532173,36.60380935668945,36.0,0.5909090909090909,"left_hip_pitch_joint,left_hip_roll_joint,left_hip_yaw_joint,left_knee_joint,left_ankle_pitch_joint,left_ankle_roll_joint,right_hip_pitch_joint,right_hip_roll_joint,right_hip_yaw_joint,right_ankle_pitch_joint,right_ankle_roll_joint,waist_roll_joint,waist_yaw_joint",0.0,0.0,0,pelvis,0.0,-0.004604078,left_hip_roll_link
78,1.56,0.04004264250397682,0.09627221866037416,-80.64338796041778,-53.68976585671423,4.712859679060959,1.7793912,19.848007,1.5909075811505318,36.43059158325195,36.0,0.6818181818181818,"left_hip_pitch_joint,left_hip_roll_joint,left_hip_yaw_joint,left_knee_joint,left_ankle_pitch_joint,left_ankle_roll_joint,right_hip_pitch_joint,right_hip_roll_joint,right_hip_yaw_joint,right_knee_joint,right_ankle_pitch_joint,right_ankle_roll_joint,waist_roll_joint,waist_yaw_joint,left_shoulder_pitch_joint",0.0,0.0,0,pelvis,0.0,0.002994839,left_hip_roll_link
79,1.58,0.055995043367147446,0.07821948920425115,-84.40229737866542,-36.6883056771297,19.9236319120231,2.4333837,28.247787,1.022043116390705,36.58876419067383,36.0,0.6363636363636364,"left_hip_pitch_joint,left_hip_roll_joint,left_hip_yaw_joint,left_knee_joint,left_ankle_pitch_joint,left_ankle_roll_joint,right_hip_pitch_joint,right_hip_roll_joint,right_hip_yaw_joint,right_knee_joint,right_ankle_pitch_joint,right_ankle_roll_joint,waist_roll_joint,waist_yaw_joint",0.0,0.0,0,pelvis,0.0,-0.008807671,left_hip_roll_link
80,1.6,0.06156308948993683,0.06442143870498285,-85.01030141369114,-42.21103470512865,19.356345578878987,1.3092045,12.023702,1.5899677351117134,36.450435638427734,36.0,0.6818181818181818,"left_hip_pitch_joint,left_hip_roll_joint,left_hip_yaw_joint,left_knee_joint,left_ankle_pitch_joint,left_ankle_roll_joint,right_hip_pitch_joint,right_hip_roll_joint,right_hip_yaw_joint,right_knee_joint,right_ankle_pitch_joint,right_ankle_roll_joint,waist_roll_joint,waist_yaw_joint,left_shoulder_pitch_joint",0.0,0.0,0,pelvis,0.0,0.008185189,left_hip_roll_link
81,1.62,0.07461812347173691,0.005482675211496257,-89.66864652797693,-18.551435326081066,31.37530657829098,2.4884672,29.397198,0.9718185737729073,36.69940948486328,36.0,0.6363636363636364,"left_hip_pitch_joint,left_hip_roll_joint,left_hip_yaw_joint,left_knee_joint,left_ankle_pitch_joint,left_ankle_roll_joint,right_hip_pitch_joint,right_hip_roll_joint,right_hip_yaw_joint,right_knee_joint,right_ankle_pitch_joint,right_ankle_roll_joint,waist_roll_joint,left_shoulder_roll_joint",0.0,0.0,0,pelvis,0.0,-0.0064554047,left_hip_roll_link
82,1.6400000000000001,0.08772829920053482,0.011993875620845529,-89.22305661478549,-27.807890218924328,32.367691958416486,2.063843,16.262428,1.463411696255207,36.53803253173828,36.0,0.6363636363636364,"left_hip_pitch_joint,left_hip_roll_joint,left_hip_yaw_joint,left_knee_joint,left_ankle_pitch_joint,left_ankle_roll_joint,right_hip_pitch_joint,right_hip_roll_joint,right_hip_yaw_joint,right_knee_joint,right_ankle_pitch_joint,right_ankle_roll_joint,waist_yaw_joint,left_shoulder_pitch_joint",0.0,0.0,0,pelvis,0.0,-0.0063005686,left_elbow_link
83,1.6600000000000001,0.10020563751459122,-0.08618112444901449,-94.9938019946541,-8.09259694064294,40.622686216251516,1.9824866,30.27796,1.0547323301434517,36.099666595458984,36.0,0.6363636363636364,"left_hip_pitch_joint,left_hip_roll_joint,left_hip_yaw_joint,left_knee_joint,left_ankle_pitch_joint,left_ankle_roll_joint,right_hip_pitch_joint,right_hip_roll_joint,right_hip_yaw_joint,right_knee_joint,right_ankle_pitch_joint,right_ankle_roll_joint,waist_yaw_joint,left_shoulder_roll_joint",0.0,0.0,0,pelvis,0.0,-0.011082631,left_elbow_link
84,1.68,0.11543306708335876,0.020288789202368207,-88.81006371988359,-12.31725049006794,45.90567857783413,2.181483,16.238403,1.5752319172024727,36.58455276489258,36.0,0.5909090909090909,"left_hip_roll_joint,left_hip_yaw_joint,left_knee_joint,left_ankle_pitch_joint,left_ankle_roll_joint,right_hip_pitch_joint,right_hip_roll_joint,right_hip_yaw_joint,right_knee_joint,right_ankle_pitch_joint,right_ankle_roll_joint,waist_yaw_joint,left_shoulder_pitch_joint",0.0,0.0,0,pelvis,0.0,-0.021910846,left_elbow_link
85,1.7,0.12491565942764282,-0.08955574138227007,-95.18222459657083,7.476355299534917,54.003895025391046,2.2104316,30.8381,1.0289175510406494,36.75978469848633,36.0,0.6818181818181818,"left_hip_pitch_joint,left_hip_roll_joint,left_hip_yaw_joint,left_knee_joint,left_ankle_pitch_joint,left_ankle_roll_joint,right_hip_pitch_joint,right_hip_roll_joint,right_hip_yaw_joint,right_knee_joint,right_ankle_pitch_joint,right_ankle_roll_joint,waist_roll_joint,waist_yaw_joint,left_shoulder_roll_joint",0.0,0.0,0,pelvis,0.0,-0.02005707,left_elbow_link
86,1.72,0.13406525552272797,0.0006272779103184689,-89.96379252239035,6.963697021394522,63.658767423426475,1.838115,18.175343,1.5107432678341866,36.73428726196289,36.0,0.5454545454545454,"left_hip_roll_joint,left_hip_yaw_joint,left_knee_joint,left_ankle_pitch_joint,left_ankle_roll_joint,right_hip_pitch_joint,right_hip_yaw_joint,right_knee_joint,right_ankle_pitch_joint,right_ankle_roll_joint,waist_yaw_joint,left_shoulder_pitch_joint",0.0,0.0,0,pelvis,0.0,-0.032857373,left_elbow_link
87,1.74,0.12568672001361847,-0.06510573496273686,-94.12763908364101,25.24190863927884,73.36767595517824,2.2989564,32.150753,1.0594009570777416,36.349853515625,36.0,0.6363636363636364,"left_hip_pitch_joint,left_hip_roll_joint,left_hip_yaw_joint,left_knee_joint,left_ankle_pitch_joint,left_ankle_roll_joint,right_hip_roll_joint,right_hip_yaw_joint,right_knee_joint,right_ankle_pitch_joint,right_ankle_roll_joint,waist_roll_joint,waist_yaw_joint,left_shoulder_roll_joint",208.3524,0.0,0,left_ankle_roll_link,208.3524,-0.030319437,left_elbow_link
88,1.76,0.11903256177902222,0.028225356439966376,-88.19378661374674,26.427437200300712,83.29634407928165,1.6056249,12.777745,1.4588271453976631,29.09766960144043,36.0,0.5454545454545454,"left_hip_roll_joint,left_hip_yaw_joint,left_knee_joint,left_ankle_pitch_joint,left_ankle_roll_joint,right_hip_pitch_joint,right_hip_yaw_joint,right_knee_joint,right_ankle_pitch_joint,right_ankle_roll_joint,waist_yaw_joint,left_shoulder_pitch_joint",166.76152,0.0,556.0616607666016,left_hip_yaw_link,389.30014,-0.04971978,left_elbow_link
89,1.78,0.11416533589363098,-0.06884542876986899,-94.99208245059215,37.70572246879337,91.15872426517107,1.2724907,26.24554,1.0686729364097118,36.68290710449219,36.0,0.45454545454545453,"left_hip_pitch_joint,left_hip_yaw_joint,left_ankle_pitch_joint,left_ankle_roll_joint,right_hip_pitch_joint,right_hip_roll_joint,right_hip_yaw_joint,right_knee_joint,right_ankle_pitch_joint,right_ankle_roll_joint",0.0,0.0,122.30845642089844,left_knee_link,122.30846,-0.04216768,left_elbow_link
90,1.8,0.10577467083930969,0.05391938330885715,-86.4727021680749,28.789526190966832,103.85673231056245,0.98548543,16.945595,1.475574977695942,36.44770431518555,36.0,0.5454545454545454,"left_hip_roll_joint,left_hip_yaw_joint,left_knee_joint,left_ankle_pitch_joint,left_ankle_roll_joint,right_hip_pitch_joint,right_hip_yaw_joint,right_knee_joint,right_ankle_pitch_joint,right_ankle_roll_joint,waist_yaw_joint,left_shoulder_pitch_joint",0.0,0.0,0,pelvis,0.0,-0.058500104,left_elbow_link
91,1.82,0.10518216341733932,0.014592336941865014,-88.88167110298306,41.611692437838805,112.93765933050216,0.61535364,26.99325,1.350865749642253,36.697731018066406,36.0,0.6363636363636364,"left_hip_roll_joint,left_hip_yaw_joint,left_knee_joint,left_ankle_pitch_joint,left_ankle_roll_joint,right_hip_pitch_joint,right_hip_roll_joint,right_hip_yaw_joint,right_knee_joint,right_ankle_pitch_joint,right_ankle_roll_joint,waist_roll_joint,waist_yaw_joint,left_shoulder_roll_joint",0.0,0.0,539.916259765625,left_knee_link,539.91626,-0.043690078,left_elbow_link
92,1.84,0.1061394065618515,0.004019697441151493,-89.65283164292221,48.43994444040845,122.83573902418948,0.80594623,9.145537,1.590626247227192,36.96590042114258,36.0,0.5,"left_hip_yaw_joint,left_knee_joint,left_ankle_pitch_joint,left_ankle_roll_joint,right_hip_pitch_joint,right_hip_yaw_joint,right_knee_joint,right_ankle_pitch_joint,right_ankle_roll_joint,waist_yaw_joint,left_shoulder_pitch_joint",729.9319,0.0,0,left_ankle_roll_link,729.9319,-0.055416897,left_elbow_link
93,1.86,0.09503724426031113,-0.004039599594435117,-90.46086297020605,59.853015091929215,137.15592134736116,1.4532746,20.902235,1.019788809120655,36.5903434753418,36.0,0.5,"left_hip_yaw_joint,left_knee_joint,left_ankle_pitch_joint,left_ankle_roll_joint,right_hip_pitch_joint,right_hip_roll_joint,right_hip_yaw_joint,right_knee_joint,right_ankle_pitch_joint,right_ankle_roll_joint,left_shoulder_roll_joint",0.0,0.0,1501.4010009765625,left_knee_link,1501.401,-0.036737338,left_shoulder_roll_link
94,1.8800000000000001,0.09886670857667923,-0.014616380562324949,-91.5983478025968,58.39773288482489,140.394689878662,1.2942392,7.829205,0.9390021841973066,36.64116668701172,36.0,0.5,"left_hip_pitch_joint,left_hip_roll_joint,left_knee_joint,left_ankle_pitch_joint,right_hip_pitch_joint,right_hip_roll_joint,right_hip_yaw_joint,right_knee_joint,right_ankle_pitch_joint,right_ankle_roll_joint,waist_yaw_joint",332.61948,0.0,0,left_ankle_roll_link,332.61948,-0.0389815,left_elbow_link
95,1.9000000000000001,0.10993338376283646,-0.1468370220071904,-171.6105898830327,81.46429355417997,72.1915632379755,1.2938594,33.471546,0.864777784794569,36.823486328125,36.0,0.5454545454545454,"left_hip_roll_joint,left_knee_joint,left_ankle_pitch_joint,left_ankle_roll_joint,right_hip_pitch_joint,right_hip_roll_joint,right_hip_yaw_joint,right_knee_joint,right_ankle_pitch_joint,right_ankle_roll_joint,waist_yaw_joint,left_shoulder_roll_joint",0.0,0.0,0,pelvis,0.0,-0.025316436,left_shoulder_roll_link
96,1.92,0.10677115619182587,-0.17264074720870504,-154.15491775114398,78.94046391843928,92.08231840649539,0.5129624,7.055309,1.0444884579628706,36.557559967041016,36.0,0.5,"left_hip_pitch_joint,left_hip_yaw_joint,left_knee_joint,left_ankle_pitch_joint,right_hip_pitch_joint,right_hip_yaw_joint,right_knee_joint,right_ankle_pitch_joint,right_ankle_roll_joint,waist_roll_joint,waist_yaw_joint",0.0,0.0,0,pelvis,0.0,0.003254145,left_shoulder_roll_link
97,1.94,0.11408600956201553,-0.25078212249960075,121.89791502664701,61.66668368064303,14.663430399351519,1.2068541,28.077068,0.8240887932479382,36.36396408081055,36.0,0.5454545454545454,"left_hip_pitch_joint,left_hip_yaw_joint,left_knee_joint,left_ankle_pitch_joint,left_ankle_roll_joint,right_hip_yaw_joint,right_knee_joint,right_ankle_pitch_joint,right_ankle_roll_joint,waist_roll_joint,waist_yaw_joint,left_shoulder_roll_joint",0.0,0.0,0,pelvis,0.0,-0.0036003403,left_shoulder_roll_link
98,1.96,0.11469746381044388,-0.3182170574656471,140.71166230714508,65.72290173932905,43.24797230219348,1.1601402,17.160767,1.0874518435448408,36.56447219848633,36.0,0.5909090909090909,"left_hip_pitch_joint,left_hip_roll_joint,left_hip_yaw_joint,left_knee_joint,left_ankle_pitch_joint,right_hip_pitch_joint,right_hip_roll_joint,right_hip_yaw_joint,right_knee_joint,right_ankle_pitch_joint,right_ankle_roll_joint,waist_roll_joint,waist_yaw_joint",0.0,0.0,0,pelvis,0.0,0.016931819,left_shoulder_roll_link
99,1.98,0.09911152720451355,-0.32063779770811784,117.56547984171958,46.141614273019734,21.106213857703537,0.6606538,20.152124,0.7949353009462357,36.345672607421875,36.0,0.5909090909090909,"left_hip_roll_joint,left_hip_yaw_joint,left_knee_joint,left_ankle_pitch_joint,left_ankle_roll_joint,right_hip_pitch_joint,right_hip_roll_joint,right_hip_yaw_joint,right_knee_joint,right_ankle_pitch_joint,right_ankle_roll_joint,waist_yaw_joint,left_shoulder_roll_joint",0.0,0.0,0,pelvis,0.0,0.013305334,left_shoulder_roll_link
100,2.0,0.09262651950120926,-0.2473256557958976,118.35930354224433,58.62170957845343,33.06875710655223,0.9393904,24.810783,1.1384908240288496,36.99484634399414,36.0,0.5909090909090909,"left_hip_pitch_joint,left_hip_roll_joint,left_hip_yaw_joint,left_knee_joint,left_ankle_pitch_joint,right_hip_pitch_joint,right_hip_roll_joint,right_hip_yaw_joint,right_knee_joint,right_ankle_pitch_joint,right_ankle_roll_joint,waist_roll_joint,waist_yaw_joint",0.0,708.76355,0,right_ankle_roll_link,708.76355,0.0123863,right_shoulder_roll_link
101,2.02,0.07002809643745422,-0.2283464579649106,110.97366284306432,50.36098506831843,17.052104924705677,0.40044463,7.857566,0.7168675474822521,43.10361099243164,36.0,0.5,"left_hip_roll_joint,left_hip_yaw_joint,left_knee_joint,left_ankle_pitch_joint,left_ankle_roll_joint,right_hip_pitch_joint,right_hip_roll_joint,right_hip_yaw_joint,right_knee_joint,right_ankle_pitch_joint,waist_roll_joint",0.0,269.10046,274.1610107421875,right_knee_link,274.161,0.023978647,right_hip_pitch_link
102,2.04,0.06738895922899246,-0.09877121901274855,105.70808402296616,68.60323234032062,29.660267745036997,1.1184387,32.37693,1.060090845450759,36.91884994506836,36.0,0.5,"left_hip_pitch_joint,left_hip_yaw_joint,left_knee_joint,left_ankle_pitch_joint,left_ankle_roll_joint,right_hip_pitch_joint,right_hip_roll_joint,right_knee_joint,right_ankle_roll_joint,waist_roll_joint,waist_yaw_joint",0.0,711.38165,0,right_ankle_roll_link,711.38165,0.02694421,right_knee_link
103,2.06,0.07328981161117554,-0.15816676073076508,111.1565857085632,64.00867517728423,29.954750539705454,0.804003,19.331997,0.8032326754182577,36.61210250854492,36.0,0.5909090909090909,"left_hip_pitch_joint,left_hip_roll_joint,left_hip_yaw_joint,left_knee_joint,left_ankle_roll_joint,right_hip_pitch_joint,right_hip_roll_joint,right_hip_yaw_joint,right_knee_joint,right_ankle_pitch_joint,right_ankle_roll_joint,waist_roll_joint,waist_yaw_joint",0.0,120.14181,153.02298736572266,torso_link,136.5824,0.009014877,left_shoulder_roll_link
104,2.08,0.08030256628990173,-0.1509545963790675,129.57701073753572,76.29429625623389,59.38129651216311,1.1051528,23.463778,1.1128518041223288,36.17084884643555,36.0,0.5454545454545454,"left_hip_pitch_joint,left_hip_roll_joint,left_hip_yaw_joint,left_knee_joint,left_ankle_pitch_joint,left_ankle_roll_joint,right_hip_pitch_joint,right_hip_roll_joint,right_hip_yaw_joint,right_knee_joint,waist_roll_joint,waist_yaw_joint",0.0,0.0,0,pelvis,0.0,0.025174204,left_shoulder_roll_link
105,2.1,0.08457876741886139,-0.18207390019745162,126.41978475500021,72.14082693813523,46.98081011708233,0.83992875,19.766201,0.8465457614511251,37.03477096557617,36.0,0.5909090909090909,"left_hip_pitch_joint,left_hip_roll_joint,left_hip_yaw_joint,left_knee_joint,left_ankle_pitch_joint,left_ankle_roll_joint,right_hip_pitch_joint,right_hip_roll_joint,right_hip_yaw_joint,right_knee_joint,right_ankle_pitch_joint,waist_roll_joint,waist_yaw_joint",0.0,0.0,0,pelvis,0.0,0.003381202,left_shoulder_roll_link
106,2.12,0.08598939329385757,-0.1755517602723078,172.71531115054336,79.80614173731354,103.0957672403126,0.98135775,25.754976,1.2025336679071188,36.21854782104492,36.0,0.6363636363636364,"left_hip_pitch_joint,left_hip_roll_joint,left_hip_yaw_joint,left_knee_joint,left_ankle_pitch_joint,left_ankle_roll_joint,right_hip_pitch_joint,right_hip_roll_joint,right_hip_yaw_joint,right_knee_joint,right_ankle_pitch_joint,right_ankle_roll_joint,waist_roll_joint,waist_yaw_joint",0.0,0.0,0,pelvis,0.0,0.014689174,left_shoulder_roll_link
107,2.14,0.08033360540866852,-0.15845150267186803,170.00543483880332,80.74120286242228,92.0593388387951,0.7336876,18.125051,1.0554114039987326,37.425079345703125,36.0,0.5454545454545454,"left_hip_pitch_joint,left_hip_roll_joint,left_hip_yaw_joint,left_knee_joint,left_ankle_roll_joint,right_hip_pitch_joint,right_hip_roll_joint,right_hip_yaw_joint,right_knee_joint,right_ankle_pitch_joint,waist_roll_joint,waist_yaw_joint",2.6683168,0.0,83.61921691894531,torso_link,83.61922,-0.010655589,left_shoulder_roll_link
108,2.16,0.07933246344327927,-0.13902087839606203,-127.72036126928963,76.86600143526667,160.3413993315749,0.83079606,19.339115,1.2939538415521383,35.33596420288086,36.0,0.5909090909090909,"left_hip_pitch_joint,left_hip_yaw_joint,left_knee_joint,left_ankle_pitch_joint,left_ankle_roll_joint,right_hip_pitch_joint,right_hip_roll_joint,right_hip_yaw_joint,right_knee_joint,right_ankle_pitch_joint,right_ankle_roll_joint,waist_roll_joint,waist_yaw_joint",432.3488,0.0,0,left_ankle_roll_link,432.3488,0.004430929,left_shoulder_roll_link
109,2.18,0.08954168111085892,-0.19365294231631225,-177.62431342183777,78.82420700615671,97.80961402857255,1.4699874,13.376921,1.2128059482201934,36.677513122558594,36.0,0.5454545454545454,"left_hip_pitch_joint,left_hip_roll_joint,left_hip_yaw_joint,left_knee_joint,left_ankle_pitch_joint,right_hip_pitch_joint,right_hip_roll_joint,right_hip_yaw_joint,right_knee_joint,right_ankle_pitch_joint,waist_roll_joint,waist_yaw_joint",102.62574,0.0,347.6944580078125,torso_link,347.69446,-0.013843425,left_shoulder_roll_link
110,2.2,0.09140948951244354,-0.19548826472186676,-168.82697580342298,78.50602366872481,106.33761335680404,0.8429215,8.728807,1.3598878663033247,36.034671783447266,36.0,0.5454545454545454,"left_hip_pitch_joint,left_hip_roll_joint,left_hip_yaw_joint,left_knee_joint,left_ankle_pitch_joint,right_hip_pitch_joint,right_hip_roll_joint,right_hip_yaw_joint,right_knee_joint,right_ankle_pitch_joint,right_ankle_roll_joint,waist_yaw_joint",0.0,0.0,0,pelvis,0.0,0.013697613,left_shoulder_roll_link
111,2.22,0.11137359589338303,-0.33234865124752133,153.54316735742287,68.20867569072041,58.97118606173583,1.6961521,18.881063,1.3878323649987578,36.06095886230469,36.0,0.5,"left_hip_pitch_joint,left_hip_roll_joint,left_hip_yaw_joint,left_knee_joint,left_ankle_pitch_joint,left_ankle_roll_joint,right_hip_pitch_joint,right_hip_yaw_joint,right_knee_joint,right_ankle_pitch_joint,waist_yaw_joint",0.0,0.0,905.7052612304688,torso_link,905.70526,-0.0029864237,left_shoulder_roll_link
112,2.24,0.11765976995229721,-0.3315903267363183,143.51102990490406,65.64176733399381,57.33001363731007,0.98594517,14.664845,1.3105665724724531,36.04750061035156,36.0,0.5909090909090909,"left_hip_pitch_joint,left_hip_roll_joint,left_hip_yaw_joint,left_knee_joint,left_ankle_pitch_joint,left_ankle_roll_joint,right_hip_pitch_joint,right_hip_roll_joint,right_hip_yaw_joint,right_knee_joint,right_ankle_pitch_joint,right_ankle_roll_joint,waist_yaw_joint",0.0,0.0,0,pelvis,0.0,0.018479314,left_shoulder_roll_link
113,2.2600000000000002,0.127033993601799,-0.4195687051835648,151.05694354113643,61.350397483117696,46.89540943325002,1.0286171,27.460304,1.4590477561578155,35.698970794677734,36.0,0.5454545454545454,"left_hip_roll_joint,left_hip_yaw_joint,left_knee_joint,left_ankle_pitch_joint,left_ankle_roll_joint,right_hip_pitch_joint,right_hip_roll_joint,right_hip_yaw_joint,right_knee_joint,right_ankle_pitch_joint,waist_roll_joint,waist_yaw_joint",0.0,448.398,1412.008056640625,torso_link,1412.008,0.0040112957,left_shoulder_roll_link
114,2.2800000000000002,0.12195456773042679,-0.37125656884809644,167.05602306052833,67.60827694233278,57.38859940801272,1.0511351,12.483388,1.2728073876351118,36.01388168334961,36.0,0.5909090909090909,"left_hip_pitch_joint,left_hip_roll_joint,left_hip_yaw_joint,left_knee_joint,left_ankle_pitch_joint,left_ankle_roll_joint,right_hip_pitch_joint,right_hip_roll_joint,right_hip_yaw_joint,right_knee_joint,right_ankle_pitch_joint,waist_roll_joint,waist_yaw_joint",0.0,0.0,0,pelvis,0.0,0.008754153,right_shoulder_roll_link
115,2.3000000000000003,0.14474132657051086,-0.46746590174700664,172.6158982916781,61.876376094076385,43.679113509530595,1.5765907,13.171165,1.559927306137979,36.14141082763672,36.0,0.5454545454545454,"left_hip_pitch_joint,left_hip_roll_joint,left_hip_yaw_joint,left_knee_joint,left_ankle_pitch_joint,left_ankle_roll_joint,right_hip_pitch_joint,right_hip_yaw_joint,right_knee_joint,right_ankle_pitch_joint,waist_roll_joint,waist_yaw_joint",0.0,0.0,0,pelvis,0.0,0.0019028,left_shoulder_roll_link
116,2.32,0.14850427210330963,-0.467054328819545,172.9079152382927,61.92317848436999,44.107387091005144,0.391614,7.204967,1.158411292359233,36.01449966430664,36.0,0.5909090909090909,"left_hip_pitch_joint,left_hip_roll_joint,left_hip_yaw_joint,left_knee_joint,left_ankle_pitch_joint,left_ankle_roll_joint,right_hip_pitch_joint,right_hip_roll_joint,right_hip_yaw_joint,right_knee_joint,right_ankle_pitch_joint,right_ankle_roll_joint,waist_yaw_joint",0.0,0.0,0,pelvis,0.0,0.0066183805,right_shoulder_roll_link
117,2.34,0.1700495183467865,-0.547163119719734,175.03356469617742,56.68611074111016,22.540779953086396,1.5799203,25.349716,1.5186047172173858,36.14937973022461,36.0,0.5454545454545454,"left_hip_pitch_joint,left_hip_roll_joint,left_hip_yaw_joint,left_knee_joint,left_ankle_pitch_joint,left_ankle_roll_joint,right_hip_pitch_joint,right_hip_yaw_joint,right_knee_joint,right_ankle_pitch_joint,waist_roll_joint,waist_yaw_joint",0.0,0.0,0,pelvis,0.0,0.007002536,left_shoulder_roll_link
118,2.36,0.18233399093151093,-0.5831934999807302,161.89054764466223,52.15058508214907,8.02848394933915,0.3008646,6.2415557,1.168672881089151,36.01523208618164,36.0,0.6363636363636364,"left_hip_pitch_joint,left_hip_roll_joint,left_hip_yaw_joint,left_knee_joint,left_ankle_pitch_joint,left_ankle_roll_joint,right_hip_pitch_joint,right_hip_roll_joint,right_hip_yaw_joint,right_knee_joint,right_ankle_pitch_joint,right_ankle_roll_joint,waist_roll_joint,waist_yaw_joint",0.0,0.0,0,pelvis,0.0,0.0029411465,right_shoulder_roll_link
119,2.38,0.16748930513858795,-0.5256170526420716,172.68664580822255,57.99937927640551,-3.252531054772095,1.0228841,14.898086,1.4914216613397002,35.661075592041016,36.0,0.5,"left_hip_pitch_joint,left_hip_roll_joint,left_knee_joint,left_ankle_pitch_joint,left_ankle_roll_joint,right_hip_pitch_joint,right_hip_yaw_joint,right_knee_joint,right_ankle_pitch_joint,waist_roll_joint,waist_yaw_joint",0.0,0.0,0,pelvis,0.0,0.0159585,left_shoulder_roll_link
120,2.4,0.13142476975917816,-0.3394374098273474,165.01071840222727,69.42743711719108,-12.072049286947314,1.2949227,13.462502,1.0663055991753936,35.96532440185547,36.0,0.5454545454545454,"left_hip_pitch_joint,left_hip_roll_joint,left_knee_joint,left_ankle_pitch_joint,left_ankle_roll_joint,right_hip_pitch_joint,right_hip_roll_joint,right_hip_yaw_joint,right_knee_joint,right_ankle_pitch_joint,right_ankle_roll_joint,waist_yaw_joint",0.0,0.0,0,pelvis,0.0,0.032006364,right_shoulder_roll_link
121,2.42,0.13003110885620117,-0.345143050076818,152.86673702116545,67.18081233833482,-46.89189937638702,1.1290798,27.301558,1.4344690656289458,36.158180236816406,36.0,0.5909090909090909,"left_hip_pitch_joint,left_hip_roll_joint,left_hip_yaw_joint,left_knee_joint,left_ankle_pitch_joint,left_ankle_roll_joint,right_hip_pitch_joint,right_hip_roll_joint,right_hip_yaw_joint,right_knee_joint,right_ankle_pitch_joint,waist_roll_joint,waist_yaw_joint",0.0,0.0,0,pelvis,0.0,0.026896626,left_shoulder_roll_link
122,2.44,0.10812637209892273,-0.23862789179078492,142.99982726418057,72.61473254353422,-63.26565746497047,1.381592,13.783607,1.294017038308084,36.110618591308594,36.0,0.6363636363636364,"left_hip_pitch_joint,left_hip_roll_joint,left_hip_yaw_joint,left_knee_joint,left_ankle_pitch_joint,left_ankle_roll_joint,right_hip_pitch_joint,right_hip_roll_joint,right_hip_yaw_joint,right_knee_joint,right_ankle_pitch_joint,right_ankle_roll_joint,waist_roll_joint,waist_yaw_joint",0.0,0.0,0,pelvis,0.0,0.045283437,right_shoulder_roll_link
123,2.46,0.10560831427574158,-0.24249423061531417,124.46830815734835,64.62932975490772,-93.2772860790539,1.11359,21.871126,1.37356015201658,37.90110397338867,36.0,0.5909090909090909,"left_hip_pitch_joint,left_hip_roll_joint,left_hip_yaw_joint,left_knee_joint,left_ankle_pitch_joint,left_ankle_roll_joint,right_hip_pitch_joint,right_hip_yaw_joint,right_knee_joint,right_ankle_pitch_joint,right_ankle_roll_joint,waist_roll_joint,waist_yaw_joint",0.0,621.97687,189.427001953125,right_ankle_roll_link,621.97687,0.032086715,left_shoulder_roll_link
124,2.48,0.09117472171783447,-0.19012691216797073,148.6713509152742,77.13938179702231,-76.87242094046518,1.0102484,22.403862,1.2844786262139678,35.86021423339844,36.0,0.5454545454545454,"left_hip_pitch_joint,left_hip_roll_joint,left_hip_yaw_joint,left_knee_joint,left_ankle_pitch_joint,left_ankle_roll_joint,right_hip_roll_joint,right_hip_yaw_joint,right_knee_joint,right_ankle_pitch_joint,right_ankle_roll_joint,waist_yaw_joint",0.0,356.89798,0,right_ankle_roll_link,356.89798,0.035326783,right_shoulder_roll_link
125,2.5,0.09356769174337387,-0.20455630503789912,133.4612748428591,72.69977055223724,-90.64612769277414,1.0436562,17.834044,1.0484703704714775,36.21339416503906,36.0,0.6363636363636364,"left_hip_pitch_joint,left_hip_roll_joint,left_hip_yaw_joint,left_knee_joint,left_ankle_pitch_joint,left_ankle_roll_joint,right_hip_pitch_joint,right_hip_roll_joint,right_hip_yaw_joint,right_knee_joint,right_ankle_pitch_joint,right_ankle_roll_joint,waist_roll_joint,waist_yaw_joint",0.0,0.0,0,pelvis,0.0,0.0054002665,left_shoulder_roll_link
126,2.52,0.08211978524923325,-0.21575600981352672,-155.0902971856582,76.238200935002,-26.75843215497319,1.4678426,20.945576,0.6957279723137617,36.14634323120117,36.0,0.5909090909090909,"left_hip_pitch_joint,left_hip_roll_joint,left_hip_yaw_joint,left_knee_joint,left_ankle_pitch_joint,left_ankle_roll_joint,right_hip_pitch_joint,right_hip_roll_joint,right_hip_yaw_joint,right_knee_joint,right_ankle_pitch_joint,right_ankle_roll_joint,waist_yaw_joint",0.0,0.0,0,pelvis,0.0,0.016832147,left_shoulder_roll_link
127,2.54,0.0994492769241333,-0.2629363536291649,158.34465163412798,73.56644302275656,-86.59774822114959,1.7293241,21.13259,1.3477361127734184,36.181617736816406,36.0,0.5909090909090909,"left_hip_pitch_joint,left_hip_roll_joint,left_hip_yaw_joint,left_knee_joint,left_ankle_pitch_joint,left_ankle_roll_joint,right_hip_pitch_joint,right_hip_roll_joint,right_hip_yaw_joint,right_knee_joint,right_ankle_pitch_joint,right_ankle_roll_joint,waist_yaw_joint",0.0,0.0,152.29763793945312,torso_link,152.29764,0.001958495,left_shoulder_roll_link
128,2.56,0.11657671630382538,-0.31081922729331524,-164.90990173633529,71.22094785176695,-54.10932395631084,0.73605776,15.993624,1.4714387580752373,36.07099151611328,36.0,0.5909090909090909,"left_hip_pitch_joint,left_hip_roll_joint,left_hip_yaw_joint,left_knee_joint,left_ankle_pitch_joint,left_ankle_roll_joint,right_hip_pitch_joint,right_hip_roll_joint,right_hip_yaw_joint,right_knee_joint,right_ankle_pitch_joint,right_ankle_roll_joint,waist_yaw_joint",0.0,0.0,0,pelvis,0.0,0.020043433,left_elbow_link
129,2.58,0.1024375632405281,-0.2527388470919689,161.50288073459595,74.54350319496668,-106.03399151761738,0.92277825,28.192827,1.1848287507891655,38.04426574707031,36.0,0.5454545454545454,"left_hip_roll_joint,left_hip_yaw_joint,left_knee_joint,left_ankle_pitch_joint,left_ankle_roll_joint,right_hip_pitch_joint,right_hip_roll_joint,right_hip_yaw_joint,right_knee_joint,right_ankle_pitch_joint,right_ankle_roll_joint,waist_yaw_joint",0.0,437.1906,0,right_ankle_roll_link,437.1906,0.0082887225,left_shoulder_roll_link
130,2.6,0.07830914109945297,-0.12042662675378324,-147.12202359795253,81.75576830184606,-61.152027215138276,1.037675,15.314907,0.8978395676240325,36.1471061706543,36.0,0.5909090909090909,"left_hip_pitch_joint,left_hip_roll_joint,left_knee_joint,left_ankle_pitch_joint,left_ankle_roll_joint,right_hip_pitch_joint,right_hip_roll_joint,right_hip_yaw_joint,right_knee_joint,right_ankle_pitch_joint,right_ankle_roll_joint,waist_roll_joint,waist_yaw_joint",0.0,0.0,0,pelvis,0.0,0.016205162,left_elbow_link
131,2.62,0.08383190631866455,-0.16645629095672376,124.3377824956113,72.83656682584403,-164.88807604907348,1.4605355,30.567207,1.4327891683205962,32.91073989868164,36.0,0.5454545454545454,"left_hip_pitch_joint,left_hip_roll_joint,left_hip_yaw_joint,left_knee_joint,left_ankle_pitch_joint,left_ankle_roll_joint,right_hip_pitch_joint,right_hip_yaw_joint,right_knee_joint,right_ankle_pitch_joint,right_ankle_roll_joint,waist_yaw_joint",0.0,761.4071,1111.7328338623047,right_knee_link,897.6398,0.02308157,left_elbow_link
132,2.64,0.07780095934867859,-0.125067260711333,133.21033028673446,79.47498491931785,-161.00871597509084,1.0455459,15.504378,1.1882532453164458,36.035064697265625,36.0,0.5454545454545454,"left_hip_pitch_joint,left_hip_roll_joint,left_hip_yaw_joint,left_knee_joint,left_ankle_pitch_joint,left_ankle_roll_joint,right_hip_roll_joint,right_hip_yaw_joint,right_ankle_pitch_joint,right_ankle_roll_joint,waist_roll_joint,waist_yaw_joint",0.0,195.16713,97.58356475830078,right_ankle_roll_link,195.16713,0.033851482,right_shoulder_roll_link
133,2.66,0.11350882053375244,-0.2992837123731107,137.0606879295445,65.8695987000637,-175.98056149426824,2.9070868,20.623034,1.5614816760644317,36.103878021240234,36.0,0.5909090909090909,"left_hip_pitch_joint,left_hip_roll_joint,left_hip_yaw_joint,left_knee_joint,left_ankle_pitch_joint,left_ankle_roll_joint,right_hip_pitch_joint,right_hip_yaw_joint,right_knee_joint,right_ankle_pitch_joint,right_ankle_roll_joint,waist_roll_joint,waist_yaw_joint",0.0,239.82693,0,right_ankle_roll_link,239.82693,0.02397936,left_shoulder_roll_link
134,2.68,0.12905976176261902,-0.3486168045261917,141.88720899425206,63.699196225855,-170.60675526528996,1.0481715,8.6715975,1.4749901220202446,35.98634338378906,36.0,0.5909090909090909,"left_hip_pitch_joint,left_hip_roll_joint,left_hip_yaw_joint,left_knee_joint,left_ankle_pitch_joint,left_ankle_roll_joint,right_hip_pitch_joint,right_hip_roll_joint,right_hip_yaw_joint,right_knee_joint,right_ankle_pitch_joint,waist_roll_joint,waist_yaw_joint",0.0,0.0,0,pelvis,0.0,-0.0010993108,right_shoulder_roll_link
135,2.7,0.1384163647890091,-0.39422478400525485,166.7659839669123,66.11014145698567,-165.65560686793833,1.6423016,26.296793,1.190230450592935,35.99667739868164,36.0,0.5454545454545454,"left_hip_pitch_joint,left_hip_roll_joint,left_hip_yaw_joint,left_knee_joint,left_ankle_pitch_joint,left_ankle_roll_joint,right_hip_pitch_joint,right_hip_yaw_joint,right_knee_joint,right_ankle_pitch_joint,waist_yaw_joint,right_shoulder_pitch_joint",0.0,0.0,0,pelvis,0.0,0.017874354,right_shoulder_roll_link
136,2.72,0.15515398979187012,-0.42663930438568265,170.26645884235015,64.35014940868541,-163.46835895586727,0.82054824,8.595803,1.0762597620487213,36.07244873046875,36.0,0.5909090909090909,"left_hip_pitch_joint,left_hip_roll_joint,left_hip_yaw_joint,left_knee_joint,left_ankle_pitch_joint,left_ankle_roll_joint,right_hip_pitch_joint,right_hip_roll_joint,right_hip_yaw_joint,right_knee_joint,right_ankle_pitch_joint,right_ankle_roll_joint,waist_roll_joint",0.0,0.0,0,pelvis,0.0,0.009562075,right_shoulder_roll_link
137,2.74,0.1376815289258957,-0.3450402690255143,-176.48116569337154,69.7759326523097,-171.40476828996518,0.61021674,15.250364,0.9292723154649138,30.943531036376953,36.0,0.5454545454545454,"left_hip_pitch_joint,left_hip_roll_joint,left_hip_yaw_joint,left_ankle_pitch_joint,left_ankle_roll_joint,right_hip_pitch_joint,right_hip_roll_joint,right_hip_yaw_joint,right_knee_joint,right_ankle_pitch_joint,waist_roll_joint,waist_yaw_joint",0.0,0.0,0,pelvis,0.0,0.040737707,right_shoulder_roll_link
138,2.7600000000000002,0.1580321192741394,-0.42168104246204097,165.83105532197678,64.22029237819515,164.07969730594237,1.4709177,14.271909,0.7783424779772758,36.498130798339844,36.0,0.45454545454545453,"left_hip_pitch_joint,left_hip_yaw_joint,left_ankle_pitch_joint,left_ankle_roll_joint,right_hip_pitch_joint,right_hip_roll_joint,right_hip_yaw_joint,right_knee_joint,right_ankle_roll_joint,waist_yaw_joint",0.0,0.0,0,pelvis,0.0,0.03579352,left_shoulder_roll_link
139,2.7800000000000002,0.13384148478507996,-0.31669383046000554,176.1944769524384,71.49463532390946,149.57610382832902,1.6574947,35.19145,1.0524251079186797,36.03826141357422,36.0,0.5454545454545454,"left_hip_pitch_joint,left_hip_roll_joint,left_hip_yaw_joint,left_knee_joint,left_ankle_pitch_joint,left_ankle_roll_joint,right_hip_pitch_joint,right_hip_roll_joint,right_hip_yaw_joint,right_knee_joint,right_ankle_pitch_joint,waist_roll_joint",0.0,0.0,0,pelvis,0.0,0.03955733,left_shoulder_roll_link
140,2.8000000000000003,0.12102769315242767,-0.2393079609256863,-149.68659176110154,73.90630489670748,178.32968982355166,0.8885374,9.557661,1.081580512225628,36.27695083618164,36.0,0.6363636363636364,"left_hip_pitch_joint,left_hip_roll_joint,left_hip_yaw_joint,left_knee_joint,left_ankle_pitch_joint,left_ankle_roll_joint,right_hip_pitch_joint,right_hip_roll_joint,right_hip_yaw_joint,right_knee_joint,right_ankle_pitch_joint,right_ankle_roll_joint,waist_roll_joint,waist_yaw_joint",0.0,0.0,0,pelvis,0.0,0.04487344,left_shoulder_roll_link
141,2.82,0.11664332449436188,-0.22503009085179748,167.95464568462248,76.69721939596144,117.70452041809655,0.6693573,32.843357,1.0674276277422905,36.12477111816406,36.0,0.5454545454545454,"left_hip_pitch_joint,left_hip_roll_joint,left_hip_yaw_joint,left_knee_joint,left_ankle_pitch_joint,left_ankle_roll_joint,right_hip_pitch_joint,right_hip_roll_joint,right_hip_yaw_joint,right_knee_joint,right_ankle_pitch_joint,waist_roll_joint",0.0,0.0,0,pelvis,0.0,0.0211602,left_shoulder_roll_link
142,2.84,0.10734351724386215,-0.19126168294079804,-164.79825331511395,78.5684706581598,136.32818357470214,0.95245445,9.29729,0.9201413318514824,36.17031478881836,36.0,0.6363636363636364,"left_hip_pitch_joint,left_hip_roll_joint,left_hip_yaw_joint,left_knee_joint,left_ankle_pitch_joint,left_ankle_roll_joint,right_hip_pitch_joint,right_hip_roll_joint,right_hip_yaw_joint,right_knee_joint,right_ankle_pitch_joint,right_ankle_roll_joint,waist_roll_joint,waist_yaw_joint",0.0,0.0,0,pelvis,0.0,0.039394718,left_elbow_link
143,2.86,0.08851704746484756,-0.12716312761711634,122.738181837491,76.40023126889932,43.926781428811786,0.49731296,36.52304,0.9145210003480315,36.71433639526367,36.0,0.5909090909090909,"left_hip_pitch_joint,left_hip_roll_joint,left_hip_yaw_joint,left_knee_joint,left_ankle_pitch_joint,left_ankle_roll_joint,right_hip_pitch_joint,right_hip_roll_joint,right_hip_yaw_joint,right_knee_joint,right_ankle_pitch_joint,waist_roll_joint,waist_yaw_joint",0.0,1425.6007,0,right_ankle_roll_link,1425.6007,0.035650577,left_shoulder_roll_link
144,2.88,0.07777853310108185,-0.10924044538650612,-134.15459723896524,80.97762738444237,138.77270749605302,0.9437067,22.80229,0.7283212756738067,35.484588623046875,36.0,0.5909090909090909,"left_hip_pitch_joint,left_hip_roll_joint,left_knee_joint,left_ankle_pitch_joint,left_ankle_roll_joint,right_hip_pitch_joint,right_hip_roll_joint,right_hip_yaw_joint,right_knee_joint,right_ankle_pitch_joint,right_ankle_roll_joint,waist_roll_joint,waist_yaw_joint",0.0,297.74277,0,right_ankle_roll_link,297.74277,0.039468683,left_elbow_link
145,2.9,0.0744595155119896,-0.11100843152417816,139.59696282650341,81.61779768246107,35.41008412297423,0.89044577,31.990343,1.0350838517770171,36.06135940551758,36.0,0.5909090909090909,"left_hip_pitch_joint,left_hip_roll_joint,left_knee_joint,left_ankle_pitch_joint,left_ankle_roll_joint,right_hip_pitch_joint,right_hip_roll_joint,right_hip_yaw_joint,right_knee_joint,right_ankle_pitch_joint,right_ankle_roll_joint,waist_roll_joint,waist_yaw_joint",0.0,0.0,0,pelvis,0.0,0.018693492,left_shoulder_roll_link
146,2.92,0.06661678850650787,-0.1541162090558732,-131.27406906303418,76.489123494255,117.66922675550558,1.3287228,18.57264,0.7634438490495086,35.86686325073242,36.0,0.6363636363636364,"left_hip_pitch_joint,left_hip_roll_joint,left_hip_yaw_joint,left_knee_joint,left_ankle_pitch_joint,left_ankle_roll_joint,right_hip_pitch_joint,right_hip_roll_joint,right_hip_yaw_joint,right_knee_joint,right_ankle_pitch_joint,right_ankle_roll_joint,waist_roll_joint,waist_yaw_joint",0.0,0.0,0,pelvis,0.0,0.014316805,left_elbow_link
147,2.94,0.07096993178129196,-0.14077077898115142,153.54040745812972,80.9531332984409,28.79381437328986,0.8706547,22.416441,0.8808578178286552,36.046531677246094,36.0,0.5454545454545454,"left_hip_pitch_joint,left_hip_roll_joint,left_hip_yaw_joint,left_knee_joint,left_ankle_pitch_joint,left_ankle_roll_joint,right_hip_pitch_joint,right_hip_yaw_joint,right_knee_joint,right_ankle_pitch_joint,right_ankle_roll_joint,waist_yaw_joint",0.0,0.0,0,pelvis,0.0,0.006750666,left_shoulder_roll_link
148,2.96,0.06746556609869003,-0.17376449185431575,-123.13895801649568,71.46650054232714,112.80034205368976,1.1702379,26.778471,0.6762719750404358,35.026123046875,36.0,0.5909090909090909,"left_hip_pitch_joint,left_hip_roll_joint,left_hip_yaw_joint,left_knee_joint,left_ankle_pitch_joint,left_ankle_roll_joint,right_hip_pitch_joint,right_hip_roll_joint,right_hip_yaw_joint,right_knee_joint,right_ankle_pitch_joint,right_ankle_roll_joint,waist_yaw_joint",381.62552,0.0,0,left_ankle_roll_link,381.62552,0.00888548,left_elbow_link
149,2.98,0.06713022291660309,-0.11669620342684794,-150.90431392220574,82.32523948372183,70.01620103015718,0.5982205,26.563814,1.2102063819766045,37.237693786621094,36.0,0.5909090909090909,"left_hip_pitch_joint,left_hip_roll_joint,left_hip_yaw_joint,left_knee_joint,left_ankle_pitch_joint,right_hip_pitch_joint,right_hip_roll_joint,right_hip_yaw_joint,right_knee_joint,right_ankle_pitch_joint,right_ankle_roll_joint,waist_roll_joint,waist_yaw_joint",263.1743,0.0,228.0599822998047,left_ankle_roll_link,263.1743,0.0006320216,left_shoulder_roll_link
150,3.0,0.0688662976026535,-0.10392401139616148,-104.75444182344046,65.9168464483095,114.71984593813912,1.1723002,22.760149,0.742882065474987,35.770545959472656,36.0,0.5,"left_hip_roll_joint,left_hip_yaw_joint,left_knee_joint,left_ankle_pitch_joint,right_hip_pitch_joint,right_hip_roll_joint,right_hip_yaw_joint,right_ankle_pitch_joint,right_ankle_roll_joint,waist_roll_joint,waist_yaw_joint",195.04596,0.0,0,left_ankle_roll_link,195.04596,-0.0018295571,left_elbow_link
151,3.02,0.08003538101911545,-0.13590485885866999,-130.10852683114942,77.82175191073247,76.97363615022645,0.67855585,24.366714,1.3844975158572197,36.546295166015625,36.0,0.5,"left_hip_pitch_joint,left_hip_roll_joint,left_hip_yaw_joint,left_knee_joint,left_ankle_pitch_joint,right_hip_roll_joint,right_hip_yaw_joint,right_knee_joint,right_ankle_pitch_joint,right_ankle_roll_joint,waist_yaw_joint",98.01857,0.0,98.01856994628906,left_ankle_roll_link,98.01857,-0.0080959005,left_shoulder_roll_link
152,3.04,0.051975443959236145,-0.00515781024439832,-90.75132260161004,66.8371615103823,118.15857399666878,1.909769,23.60468,1.042622797191143,36.26069641113281,36.0,0.6363636363636364,"left_hip_pitch_joint,left_hip_roll_joint,left_hip_yaw_joint,left_knee_joint,left_ankle_pitch_joint,left_ankle_roll_joint,right_hip_pitch_joint,right_hip_roll_joint,right_hip_yaw_joint,right_knee_joint,right_ankle_pitch_joint,right_ankle_roll_joint,waist_roll_joint,waist_yaw_joint",0.0,0.0,0,pelvis,0.0,0.0012592748,left_elbow_link
153,3.06,0.061410728842020035,-0.07447217200018885,-137.73943312910924,84.22471862795345,58.39834509332175,1.385083,29.24849,1.5507222339510918,37.525875091552734,36.0,0.5909090909090909,"left_hip_pitch_joint,left_hip_roll_joint,left_hip_yaw_joint,left_knee_joint,left_ankle_pitch_joint,right_hip_pitch_joint,right_hip_roll_joint,right_hip_yaw_joint,right_knee_joint,right_ankle_pitch_joint,right_ankle_roll_joint,waist_roll_joint,waist_yaw_joint",0.0,0.0,0,pelvis,0.0,-0.0012744162,left_shoulder_roll_link
154,3.08,0.04695305600762367,-0.024127153162604387,-97.70525242497317,79.63318698437135,99.87322897756724,1.7771869,17.504099,1.0141233131289482,36.01609802246094,36.0,0.5909090909090909,"left_hip_pitch_joint,left_hip_roll_joint,left_hip_yaw_joint,left_knee_joint,left_ankle_pitch_joint,right_hip_pitch_joint,right_hip_roll_joint,right_hip_yaw_joint,right_knee_joint,right_ankle_pitch_joint,right_ankle_roll_joint,waist_roll_joint,waist_yaw_joint",0.0,0.0,0,pelvis,0.0,0.021680258,left_elbow_link
155,3.1,0.05944031849503517,-0.10089856232396044,115.32749773027362,76.35770702590231,-56.62487894038396,1.4965811,30.625221,1.4650946781039238,35.75840377807617,36.0,0.6363636363636364,"left_hip_pitch_joint,left_hip_roll_joint,left_hip_yaw_joint,left_knee_joint,left_ankle_pitch_joint,left_ankle_roll_joint,right_hip_pitch_joint,right_hip_roll_joint,right_hip_yaw_joint,right_knee_joint,right_ankle_pitch_joint,right_ankle_roll_joint,waist_roll_joint,waist_yaw_joint",0.0,0.0,63.82367706298828,left_knee_link,63.823677,0.024909645,left_shoulder_roll_link
156,3.12,0.04314037784934044,-0.05009830038846452,108.76226668213663,81.0391882947256,-74.48743311114868,1.6155823,22.988995,1.2772216722369194,35.93441390991211,36.0,0.5454545454545454,"left_hip_pitch_joint,left_hip_roll_joint,left_hip_yaw_joint,left_knee_joint,left_ankle_pitch_joint,left_ankle_roll_joint,right_hip_pitch_joint,right_hip_yaw_joint,right_knee_joint,right_ankle_pitch_joint,right_ankle_roll_joint,waist_yaw_joint",0.0,0.0,0,pelvis,0.0,0.0155232735,right_shoulder_roll_link
157,3.14,0.04902142658829689,-0.0723420957409151,107.16357952115989,75.80967775214029,-90.92927121490673,1.5853369,27.89708,1.194394938647747,36.040218353271484,36.0,0.5,"left_hip_pitch_joint,left_hip_roll_joint,left_ankle_pitch_joint,left_ankle_roll_joint,right_hip_pitch_joint,right_hip_roll_joint,right_hip_yaw_joint,right_knee_joint,right_ankle_pitch_joint,right_ankle_roll_joint,waist_yaw_joint",0.0,0.0,0,pelvis,0.0,0.0068151727,right_elbow_link
158,3.16,0.0301966555416584,0.03157880192434703,72.0100326083615,84.13151235844094,-130.54277270262392,0.6083712,21.984806,0.6315912529826164,37.32365036010742,36.0,0.6363636363636364,"left_hip_pitch_joint,left_hip_roll_joint,left_hip_yaw_joint,left_knee_joint,left_ankle_pitch_joint,left_ankle_roll_joint,right_hip_pitch_joint,right_hip_roll_joint,right_hip_yaw_joint,right_knee_joint,right_ankle_pitch_joint,right_ankle_roll_joint,waist_roll_joint,waist_yaw_joint",0.0,0.0,1182.856201171875,pelvis,1182.8562,0.012778781,right_elbow_link
159,3.18,0.0676998421549797,-0.10226506634848676,106.9366386516956,69.44858345275708,-103.99825229098981,2.3359346,28.242413,1.098069541156292,36.13783645629883,36.0,0.6363636363636364,"left_hip_pitch_joint,left_hip_roll_joint,left_hip_yaw_joint,left_knee_joint,left_ankle_pitch_joint,left_ankle_roll_joint,right_hip_pitch_joint,right_hip_roll_joint,right_hip_yaw_joint,right_knee_joint,right_ankle_pitch_joint,right_ankle_roll_joint,waist_roll_joint,waist_yaw_joint",0.0,0.0,1296.8131103515625,right_hip_yaw_link,648.40656,0.0066008493,right_elbow_link
160,3.2,0.0841163769364357,-0.18023424791288,131.79010700433923,74.30846416591633,-86.87587528199212,0.5162689,18.150856,0.9234972298145294,36.050201416015625,36.0,0.5,"left_hip_pitch_joint,left_hip_roll_joint,left_hip_yaw_joint,left_knee_joint,left_ankle_pitch_joint,left_ankle_roll_joint,right_hip_pitch_joint,right_hip_roll_joint,right_hip_yaw_joint,right_ankle_roll_joint,waist_yaw_joint",0.0,0.0,0,pelvis,0.0,0.0005564038,right_shoulder_roll_link
161,3.22,0.09513181447982788,-0.2050675508365689,121.69437752619831,67.02581714053981,-107.92818406353358,1.2287422,21.453396,1.2045317813754082,36.83646011352539,36.0,0.5454545454545454,"left_hip_roll_joint,left_hip_yaw_joint,left_knee_joint,left_ankle_pitch_joint,left_ankle_roll_joint,right_hip_pitch_joint,right_hip_roll_joint,right_hip_yaw_joint,right_knee_joint,right_ankle_pitch_joint,right_ankle_roll_joint,waist_yaw_joint",0.0,0.0,0,pelvis,0.0,0.025251638,right_shoulder_roll_link
162,3.24,0.08191610872745514,-0.14144001217760582,127.68061855403313,76.62099445305684,-104.20041331495814,1.4931743,16.863934,0.9887866899371147,36.8321533203125,36.0,0.5454545454545454,"left_hip_roll_joint,left_hip_yaw_joint,left_knee_joint,left_ankle_pitch_joint,left_ankle_roll_joint,right_hip_pitch_joint,right_hip_roll_joint,right_hip_yaw_joint,right_knee_joint,right_ankle_pitch_joint,right_ankle_roll_joint,waist_yaw_joint",0.0,0.0,0,pelvis,0.0,0.013145972,right_shoulder_roll_link
163,3.2600000000000002,0.08781944215297699,-0.1585362073009975,113.6869312193506,66.75738396718495,-126.99421617402602,1.3184898,20.699951,1.2958570644259453,36.9456672668457,36.0,0.6363636363636364,"left_hip_pitch_joint,left_hip_roll_joint,left_hip_yaw_joint,left_knee_joint,left_ankle_pitch_joint,left_ankle_roll_joint,right_hip_pitch_joint,right_hip_roll_joint,right_hip_yaw_joint,right_knee_joint,right_ankle_pitch_joint,right_ankle_roll_joint,waist_roll_joint,waist_yaw_joint",0.0,0.0,0,pelvis,0.0,0.028004326,right_shoulder_roll_link
164,3.2800000000000002,0.07727429270744324,-0.14099929695208324,115.44949425201658,70.84514126651104,-128.51803880686307,1.2765266,14.29472,1.2869405671954155,36.7155876159668,36.0,0.5909090909090909,"left_hip_pitch_joint,left_hip_roll_joint,left_hip_yaw_joint,left_knee_joint,left_ankle_pitch_joint,left_ankle_roll_joint,right_hip_pitch_joint,right_hip_roll_joint,right_hip_yaw_joint,right_knee_joint,right_ankle_pitch_joint,right_ankle_roll_joint,waist_yaw_joint",0.0,0.0,1983.2996826171875,torso_link,1983.2997,0.0042354465,right_shoulder_roll_link
165,3.3000000000000003,0.06495439261198044,-0.10134112186393907,117.96475996964465,77.51920096091425,-138.17906201334574,0.5451629,20.069574,0.9785718843340874,36.48921585083008,36.0,0.5454545454545454,"left_hip_roll_joint,left_hip_yaw_joint,left_knee_joint,left_ankle_pitch_joint,left_ankle_roll_joint,right_hip_pitch_joint,right_hip_roll_joint,right_hip_yaw_joint,right_knee_joint,right_ankle_pitch_joint,right_ankle_roll_joint,waist_yaw_joint",0.0,0.0,348.7705383300781,left_knee_link,348.77054,0.025515743,right_elbow_link
166,3.3200000000000003,0.032199274748563766,0.05988938671792532,-71.93003227056126,78.8673884301927,25.94740368018985,0.6316827,7.19727,0.4055987596511841,32.9964599609375,36.0,0.5454545454545454,"left_hip_roll_joint,left_knee_joint,left_ankle_pitch_joint,left_ankle_roll_joint,right_hip_pitch_joint,right_hip_roll_joint,right_hip_yaw_joint,right_knee_joint,right_ankle_pitch_joint,right_ankle_roll_joint,waist_roll_joint,waist_yaw_joint",0.0,0.0,3888.57568359375,pelvis,3888.5757,0.018164307,left_hip_roll_link
167,3.34,0.08231310546398163,-0.1552403615042124,129.64734534583542,75.91855878819949,-141.10686888103996,2.4080496,19.97888,0.8805156052112579,37.1119270324707,36.0,0.6363636363636364,"left_hip_pitch_joint,left_hip_roll_joint,left_hip_yaw_joint,left_knee_joint,left_ankle_pitch_joint,left_ankle_roll_joint,right_hip_pitch_joint,right_hip_roll_joint,right_hip_yaw_joint,right_knee_joint,right_ankle_pitch_joint,right_ankle_roll_joint,waist_roll_joint,waist_yaw_joint",0.0,0.0,0,pelvis,0.0,0.0384085,right_elbow_link
168,3.36,0.08864301443099976,-0.16553670967724798,173.3389911864624,80.4062574498978,-97.02205506153165,1.2306962,15.387712,0.47353440523147583,36.90291213989258,36.0,0.5454545454545454,"left_hip_pitch_joint,left_hip_roll_joint,left_hip_yaw_joint,left_knee_joint,left_ankle_pitch_joint,left_ankle_roll_joint,right_hip_pitch_joint,right_hip_yaw_joint,right_knee_joint,right_ankle_pitch_joint,right_ankle_roll_joint,waist_yaw_joint",0.0,0.0,0,pelvis,0.0,0.02666094,right_shoulder_roll_link
169,3.38,0.11422274261713028,-0.2751992802019476,127.68027419786878,63.2421824580047,-139.46429663450488,2.0935197,22.940159,0.8743404448032379,36.94009780883789,36.0,0.5909090909090909,"left_hip_pitch_joint,left_hip_roll_joint,left_hip_yaw_joint,left_knee_joint,left_ankle_pitch_joint,left_ankle_roll_joint,right_hip_pitch_joint,right_hip_roll_joint,right_hip_yaw_joint,right_knee_joint,right_ankle_pitch_joint,right_ankle_roll_joint,waist_yaw_joint",0.0,0.0,0,pelvis,0.0,0.03038338,right_shoulder_roll_link
170,3.4,0.11934822797775269,-0.36418277898216367,152.42831393869818,65.7423414971634,-127.53192760299471,0.6976307,15.601054,0.5922106802463531,36.16841506958008,36.0,0.5454545454545454,"left_hip_pitch_joint,left_hip_roll_joint,left_hip_yaw_joint,left_knee_joint,left_ankle_pitch_joint,left_ankle_roll_joint,right_hip_pitch_joint,right_hip_yaw_joint,right_knee_joint,right_ankle_pitch_joint,right_ankle_roll_joint,waist_yaw_joint",0.0,0.0,2867.74853515625,torso_link,2867.7485,-0.008990245,right_shoulder_roll_link
171,3.42,0.13106593489646912,-0.2875971149209846,118.56481280447683,53.02433927573586,-149.09169380722068,1.9217664,25.210194,1.0151927769184113,36.505104064941406,36.0,0.5,"left_hip_roll_joint,left_hip_yaw_joint,left_knee_joint,left_ankle_pitch_joint,left_ankle_roll_joint,right_hip_pitch_joint,right_hip_yaw_joint,right_knee_joint,right_ankle_pitch_joint,right_ankle_roll_joint,waist_yaw_joint",0.0,0.0,0,pelvis,0.0,0.012112571,right_shoulder_roll_link
172,3.44,0.13295000791549683,-0.34626330314694975,127.6108783113265,55.432968967328605,-154.00541969111165,1.5676326,27.13002,0.7773876488208771,36.327842712402344,36.0,0.6363636363636364,"left_hip_pitch_joint,left_hip_roll_joint,left_hip_yaw_joint,left_knee_joint,left_ankle_pitch_joint,left_ankle_roll_joint,right_hip_pitch_joint,right_hip_roll_joint,right_hip_yaw_joint,right_knee_joint,right_ankle_pitch_joint,right_ankle_roll_joint,waist_roll_joint,waist_yaw_joint",0.0,0.0,0,pelvis,0.0,-0.0049716737,right_shoulder_roll_link
173,3.46,0.12983855605125427,-0.212413672702235,110.24266282756324,52.12666908808836,-160.8416694470037,0.9129846,5.3599873,1.0689485371112823,37.4672966003418,36.0,0.5454545454545454,"left_hip_yaw_joint,left_knee_joint,left_ankle_pitch_joint,left_ankle_roll_joint,right_hip_pitch_joint,right_hip_roll_joint,right_hip_yaw_joint,right_knee_joint,right_ankle_pitch_joint,right_ankle_roll_joint,waist_roll_joint,waist_yaw_joint",0.0,0.0,0,pelvis,0.0,0.008930936,right_shoulder_roll_link
174,3.48,0.10857134312391281,-0.2547292071423328,132.27185023662543,67.74707286088682,-151.52898682153563,2.3499718,22.887512,0.7033886015415192,36.181583404541016,36.0,0.5454545454545454,"left_hip_pitch_joint,left_hip_roll_joint,left_hip_yaw_joint,left_knee_joint,left_ankle_pitch_joint,left_ankle_roll_joint,right_hip_pitch_joint,right_hip_yaw_joint,right_knee_joint,right_ankle_pitch_joint,right_ankle_roll_joint,waist_yaw_joint",0.0,0.0,0,pelvis,0.0,-0.0108709,right_shoulder_roll_link
175,3.5,0.09626995772123337,-0.14188114311793498,104.41190146906351,55.24606665993684,-164.59013419327002,1.4346769,30.782385,0.971341997385025,51.534114837646484,36.0,0.6363636363636364,"left_hip_pitch_joint,left_hip_roll_joint,left_hip_yaw_joint,left_knee_joint,left_ankle_pitch_joint,left_ankle_roll_joint,right_hip_pitch_joint,right_hip_roll_joint,right_hip_yaw_joint,right_knee_joint,right_ankle_pitch_joint,right_ankle_roll_joint,waist_roll_joint,waist_yaw_joint",0.0,0.0,3057.7151794433594,right_knee_link,2825.2114,0.003189385,right_elbow_link
176,3.52,0.09406009316444397,-0.214347377783902,114.96390302271031,59.47758470207544,-157.09559198083014,1.1931746,6.6571703,0.6346357017755508,36.14920425415039,36.0,0.5909090909090909,"left_hip_pitch_joint,left_hip_roll_joint,left_hip_yaw_joint,left_knee_joint,left_ankle_pitch_joint,left_ankle_roll_joint,right_hip_roll_joint,right_hip_yaw_joint,right_ankle_pitch_joint,right_ankle_roll_joint,waist_roll_joint,waist_yaw_joint,right_shoulder_roll_joint",0.0,0.0,0,pelvis,0.0,-0.02219329,right_shoulder_roll_link
177,3.54,0.09902232140302658,-0.15345064087279958,100.64552703901524,33.83291529463239,-152.45755305675254,1.930546,30.404922,1.1614081412553787,36.36054992675781,36.0,0.5454545454545454,"left_hip_pitch_joint,left_hip_roll_joint,left_hip_yaw_joint,left_knee_joint,left_ankle_pitch_joint,left_ankle_roll_joint,right_hip_pitch_joint,right_hip_yaw_joint,right_ankle_pitch_joint,right_ankle_roll_joint,waist_roll_joint,waist_yaw_joint",0.0,0.0,841.9124755859375,right_hip_yaw_link,841.9125,-0.030443348,right_elbow_link
178,3.56,0.11974289268255234,-0.34103104666073847,115.81183249238998,38.44284053128595,-141.90254620802764,1.2840184,11.977631,0.8943185359239578,37.48465347290039,36.0,0.6818181818181818,"left_hip_pitch_joint,left_hip_roll_joint,left_hip_yaw_joint,left_knee_joint,left_ankle_pitch_joint,left_ankle_roll_joint,right_hip_pitch_joint,right_hip_roll_joint,right_hip_yaw_joint,right_knee_joint,right_ankle_pitch_joint,right_ankle_roll_joint,waist_roll_joint,waist_yaw_joint,right_shoulder_roll_joint",0.0,0.0,0,pelvis,0.0,-0.04691213,right_shoulder_roll_link
179,3.58,0.12154994159936905,-0.052217217235680735,93.1166927453336,16.176128680247846,-144.43443837969198,1.7619603,21.16195,1.2631407529115677,32.89469528198242,36.0,0.5454545454545454,"left_hip_pitch_joint,left_hip_roll_joint,left_hip_yaw_joint,left_knee_joint,left_ankle_pitch_joint,left_ankle_roll_joint,right_hip_pitch_joint,right_hip_yaw_joint,right_knee_joint,right_ankle_pitch_joint,right_ankle_roll_joint,waist_yaw_joint",0.0,0.0,0,pelvis,0.0,-0.048699282,right_shoulder_roll_link
180,3.6,0.13225752115249634,-0.3324165336632987,110.87617324479848,21.118321771825173,-132.27806819981734,1.0729992,18.01435,1.1607139855623245,36.2359733581543,36.0,0.5909090909090909,"left_hip_pitch_joint,left_hip_roll_joint,left_hip_yaw_joint,left_knee_joint,left_ankle_pitch_joint,left_ankle_roll_joint,right_hip_pitch_joint,right_hip_roll_joint,right_hip_yaw_joint,right_knee_joint,right_ankle_pitch_joint,right_ankle_roll_joint,waist_yaw_joint",0.0,0.0,0,pelvis,0.0,-0.06747943,right_shoulder_roll_link
181,3.62,0.11543503403663635,-0.13702942621181968,97.88475458235543,-2.6936343966821727,-134.9709037272294,1.819919,29.36424,1.193445160984993,35.78480911254883,36.0,0.5909090909090909,"left_hip_roll_joint,left_hip_yaw_joint,left_knee_joint,left_ankle_pitch_joint,left_ankle_roll_joint,right_hip_pitch_joint,right_hip_roll_joint,right_hip_yaw_joint,right_knee_joint,right_ankle_pitch_joint,right_ankle_roll_joint,waist_roll_joint,waist_yaw_joint",0.0,0.0,0,pelvis,0.0,-0.06724872,right_shoulder_roll_link
182,3.64,0.11113326996564865,-0.33504057121815833,109.73124940637562,7.071609951857177,-126.54580439757518,0.80689037,24.470638,0.8266071826219559,36.07837677001953,36.0,0.6818181818181818,"left_hip_pitch_joint,left_hip_roll_joint,left_hip_yaw_joint,left_knee_joint,left_ankle_pitch_joint,left_ankle_roll_joint,right_hip_pitch_joint,right_hip_roll_joint,right_hip_yaw_joint,right_knee_joint,right_ankle_pitch_joint,right_ankle_roll_joint,waist_roll_joint,waist_yaw_joint,right_shoulder_roll_joint",0.0,0.0,0,pelvis,0.0,-0.074257694,right_shoulder_roll_link
183,3.66,0.10411018133163452,-0.06586622126151598,93.88444783512068,-13.523477374210056,-127.50780126127161,1.6420348,33.878506,1.2361251041293144,36.38174819946289,36.0,0.5909090909090909,"left_hip_pitch_joint,left_hip_roll_joint,left_hip_yaw_joint,left_knee_joint,left_ankle_pitch_joint,left_ankle_roll_joint,right_hip_pitch_joint,right_hip_yaw_joint,right_knee_joint,right_ankle_pitch_joint,right_ankle_roll_joint,waist_roll_joint,waist_yaw_joint",0.0,0.0,0,pelvis,0.0,-0.06618608,right_elbow_link
184,3.68,0.09380295127630234,-0.0919326511921188,95.2904730373646,-4.405029435920506,-121.0014061779736,1.2228595,22.514177,1.201917365193367,37.949302673339844,36.0,0.6818181818181818,"left_hip_pitch_joint,left_hip_roll_joint,left_hip_yaw_joint,left_knee_joint,left_ankle_pitch_joint,left_ankle_roll_joint,right_hip_pitch_joint,right_hip_roll_joint,right_hip_yaw_joint,right_knee_joint,right_ankle_pitch_joint,right_ankle_roll_joint,waist_roll_joint,waist_yaw_joint,right_shoulder_roll_joint",0.0,89.86109,85.89385986328125,right_ankle_roll_link,89.86109,-0.049185034,right_shoulder_yaw_link
185,3.7,0.10403601080179214,-0.17477227644673832,100.62448435605297,-18.569865108296565,-119.4007299252609,1.4236404,12.334281,1.361712209880352,36.346923828125,36.0,0.5,"left_hip_roll_joint,left_hip_yaw_joint,left_knee_joint,left_ankle_pitch_joint,left_ankle_roll_joint,right_hip_yaw_joint,right_knee_joint,right_ankle_pitch_joint,right_ankle_roll_joint,waist_roll_joint,waist_yaw_joint",0.0,0.0,0,pelvis,0.0,-0.06479791,right_elbow_link
186,3.72,0.10795028507709503,-0.3324952392519691,109.53340892190211,6.04820151504392,-111.1019006831942,0.41036478,30.325905,1.0167480632662773,36.171016693115234,36.0,0.5,"left_hip_roll_joint,left_hip_yaw_joint,left_knee_joint,left_ankle_pitch_joint,left_ankle_roll_joint,right_hip_pitch_joint,right_hip_yaw_joint,right_knee_joint,right_ankle_pitch_joint,right_ankle_roll_joint,waist_yaw_joint",0.0,0.0,0,pelvis,0.0,-0.06059595,right_shoulder_roll_link
187,3.74,0.11223127692937851,-0.11399253419102173,96.61499011512628,-8.29277746104471,-108.60883998662875,1.4045827,13.163602,1.550728552043438,36.045074462890625,36.0,0.5454545454545454,"left_hip_pitch_joint,left_hip_roll_joint,left_hip_yaw_joint,left_knee_joint,left_ankle_pitch_joint,left_ankle_roll_joint,right_hip_pitch_joint,right_hip_yaw_joint,right_knee_joint,right_ankle_pitch_joint,right_ankle_roll_joint,waist_yaw_joint",0.0,0.0,0,pelvis,0.0,-0.07999148,right_shoulder_roll_link
188,3.7600000000000002,0.13226401805877686,-0.29559858652123694,108.15138039789917,18.402038071379877,-96.39632080670427,0.7991326,34.557278,0.9166020452976227,36.14371871948242,36.0,0.5909090909090909,"left_hip_pitch_joint,left_hip_roll_joint,left_hip_yaw_joint,left_knee_joint,left_ankle_pitch_joint,right_hip_pitch_joint,right_hip_roll_joint,right_hip_yaw_joint,right_knee_joint,right_ankle_pitch_joint,right_ankle_roll_joint,waist_roll_joint,waist_yaw_joint",0.0,0.0,831.01123046875,torso_link,831.0112,-0.08806267,right_shoulder_roll_link
189,3.7800000000000002,0.13665354251861572,-0.1315040556246032,97.64965999149608,8.924135184582365,-103.81680089867028,0.6672693,18.402988,1.3942910358309746,36.08116149902344,36.0,0.5454545454545454,"left_hip_pitch_joint,left_hip_yaw_joint,left_knee_joint,left_ankle_pitch_joint,right_hip_pitch_joint,right_hip_roll_joint,right_hip_yaw_joint,right_knee_joint,right_ankle_pitch_joint,right_ankle_roll_joint,waist_roll_joint,waist_yaw_joint",0.0,0.0,0,pelvis,0.0,-0.061347067,right_shoulder_roll_link
190,3.8000000000000003,0.12841737270355225,-0.16536047952029698,100.59310779890588,25.90571313908736,-91.94823385537713,2.1961265,21.150837,1.0659067556262016,36.160404205322266,36.0,0.5454545454545454,"left_hip_pitch_joint,left_hip_roll_joint,left_hip_yaw_joint,left_knee_joint,left_ankle_pitch_joint,left_ankle_roll_joint,right_hip_pitch_joint,right_hip_yaw_joint,right_knee_joint,right_ankle_pitch_joint,right_ankle_roll_joint,waist_yaw_joint",0.0,0.0,0,pelvis,0.0,-0.05051493,right_shoulder_roll_link
191,3.8200000000000003,0.11995350569486618,-0.04720016410568917,92.75951347954701,11.363717077959123,-94.66543042146577,1.4812675,16.776136,1.550914041697979,36.23263931274414,36.0,0.5909090909090909,"left_hip_pitch_joint,left_hip_roll_joint,left_hip_yaw_joint,left_knee_joint,left_ankle_pitch_joint,right_hip_pitch_joint,right_hip_roll_joint,right_hip_yaw_joint,right_knee_joint,right_ankle_pitch_joint,right_ankle_roll_joint,waist_roll_joint,waist_yaw_joint",0.0,0.0,230.590087890625,right_hip_yaw_link,115.295044,-0.03281996,right_elbow_link
192,3.84,0.12791110575199127,-0.16218491612774422,101.1074695623502,32.66255318551314,-88.16842528416676,1.6938922,21.48101,1.018375150859356,36.38251495361328,36.0,0.6818181818181818,"left_hip_pitch_joint,left_hip_roll_joint,left_hip_yaw_joint,left_knee_joint,left_ankle_pitch_joint,left_ankle_roll_joint,right_hip_pitch_joint,right_hip_roll_joint,right_hip_yaw_joint,right_knee_joint,right_ankle_pitch_joint,right_ankle_roll_joint,waist_yaw_joint,left_shoulder_pitch_joint,right_shoulder_roll_joint",0.0,0.0,0,pelvis,0.0,-0.01727451,right_shoulder_roll_link
193,3.86,0.1223275437951088,0.0587372186503643,86.40688046169534,20.407532749684293,-87.43490797851199,1.2809236,25.149885,1.520428292453289,36.16117477416992,36.0,0.5909090909090909,"left_hip_pitch_joint,left_hip_roll_joint,left_hip_yaw_joint,left_knee_joint,left_ankle_pitch_joint,right_hip_pitch_joint,right_hip_roll_joint,right_hip_yaw_joint,right_knee_joint,right_ankle_pitch_joint,right_ankle_roll_joint,waist_roll_joint,waist_yaw_joint",0.0,0.0,0,pelvis,0.0,-0.01158103,right_elbow_link
194,3.88,0.12342455238103867,-0.12881771913249196,99.95460984764968,41.82545768608088,-91.19757791601114,1.3701799,29.355036,1.1996619999408722,36.44107437133789,36.0,0.6363636363636364,"left_hip_pitch_joint,left_hip_roll_joint,left_hip_yaw_joint,left_knee_joint,left_ankle_pitch_joint,left_ankle_roll_joint,right_hip_yaw_joint,right_knee_joint,right_ankle_pitch_joint,right_ankle_roll_joint,waist_roll_joint,waist_yaw_joint,left_shoulder_pitch_joint,right_shoulder_roll_joint",0.0,0.0,0,pelvis,0.0,0.008328596,right_shoulder_roll_link
195,3.9,0.11445806175470352,-0.02847331966632538,91.82566770461797,26.65259395605344,-93.00781939621095,1.0494233,23.574427,1.4548416063189507,36.09706115722656,36.0,0.5454545454545454,"left_hip_pitch_joint,left_hip_yaw_joint,left_ankle_pitch_joint,right_hip_pitch_joint,right_hip_roll_joint,right_hip_yaw_joint,right_knee_joint,right_ankle_pitch_joint,right_ankle_roll_joint,waist_roll_joint,waist_yaw_joint,left_shoulder_roll_joint",0.0,0.0,165.8372802734375,right_hip_yaw_link,82.91864,-0.0019379184,right_elbow_link
196,3.92,0.09326942265033722,0.01537383228394873,88.75787503478172,44.82949505190833,-102.36357887062655,1.9320458,22.909021,1.1608424112200737,36.04495620727539,36.0,0.5909090909090909,"left_hip_pitch_joint,left_hip_roll_joint,left_hip_yaw_joint,left_knee_joint,left_ankle_pitch_joint,left_ankle_roll_joint,right_hip_yaw_joint,right_knee_joint,right_ankle_pitch_joint,right_ankle_roll_joint,waist_roll_joint,waist_yaw_joint,right_shoulder_roll_joint",0.0,0.0,0,pelvis,0.0,0.009995438,right_elbow_link
197,3.94,0.10400889068841934,0.04368206799976626,86.91821961620838,35.65720071259716,-101.02486402217099,2.1322973,18.600828,1.0187200233340263,36.02013397216797,36.0,0.5,"left_hip_pitch_joint,left_knee_joint,left_ankle_pitch_joint,right_hip_pitch_joint,right_hip_roll_joint,right_hip_yaw_joint,right_knee_joint,right_ankle_pitch_joint,right_ankle_roll_joint,waist_roll_joint,waist_yaw_joint",0.0,0.0,0,pelvis,0.0,-0.0017530546,right_elbow_link
198,3.96,0.11164915561676025,-0.03929189488742679,94.3079389636247,58.46113869413214,-103.01542872146366,1.4322143,31.141275,0.9155007600784302,36.239990234375,36.0,0.6818181818181818,"left_hip_pitch_joint,left_hip_roll_joint,left_hip_yaw_joint,left_knee_joint,left_ankle_pitch_joint,left_ankle_roll_joint,right_hip_pitch_joint,right_hip_roll_joint,right_hip_yaw_joint,right_knee_joint,right_ankle_pitch_joint,right_ankle_roll_joint,waist_roll_joint,waist_yaw_joint,right_shoulder_roll_joint",0.0,0.0,0,pelvis,0.0,0.02380374,right_shoulder_roll_link
199,3.98,0.13055391609668732,-0.08211681460938003,96.52313318227053,43.71122584995858,-102.75785314506581,2.1188543,19.672762,1.2104432880878448,36.26133346557617,36.0,0.5909090909090909,"left_hip_pitch_joint,left_hip_roll_joint,left_hip_yaw_joint,left_knee_joint,left_ankle_pitch_joint,right_hip_pitch_joint,right_hip_roll_joint,right_hip_yaw_joint,right_knee_joint,right_ankle_pitch_joint,right_ankle_roll_joint,waist_roll_joint,waist_yaw_joint",0.0,0.0,0,pelvis,0.0,0.024855893,right_elbow_link
200,4.0,0.1276744306087494,-0.10248707710827176,102.95677624176676,62.800433820867404,-93.09217055695508,1.6344092,21.49696,0.9487870037555695,36.197845458984375,36.0,0.6363636363636364,"left_hip_pitch_joint,left_hip_roll_joint,left_hip_yaw_joint,left_knee_joint,left_ankle_pitch_joint,left_ankle_roll_joint,right_hip_roll_joint,right_hip_yaw_joint,right_knee_joint,right_ankle_pitch_joint,right_ankle_roll_joint,waist_roll_joint,waist_yaw_joint,right_shoulder_roll_joint",0.0,0.0,0,pelvis,0.0,0.014896318,right_shoulder_roll_link
201,4.0200000000000005,0.12193317711353302,-0.08632559660852657,96.99677532869295,44.87315490232343,-103.5648388264737,0.75978076,23.55799,1.2312128841876984,36.28377151489258,36.0,0.5,"left_hip_pitch_joint,left_hip_roll_joint,left_hip_yaw_joint,left_knee_joint,left_ankle_pitch_joint,right_hip_roll_joint,right_hip_yaw_joint,right_knee_joint,right_ankle_pitch_joint,right_ankle_roll_joint,waist_yaw_joint",0.0,0.0,0,pelvis,0.0,0.022490127,right_shoulder_roll_link
202,4.04,0.1247440055012703,-0.264325979957178,126.46616782054312,63.593788959633606,-80.38743327654,1.1254308,30.211971,1.172424703836441,36.163780212402344,36.0,0.5909090909090909,"left_hip_pitch_joint,left_hip_roll_joint,left_hip_yaw_joint,left_knee_joint,left_ankle_pitch_joint,left_ankle_roll_joint,right_hip_pitch_joint,right_hip_roll_joint,right_hip_yaw_joint,right_knee_joint,right_ankle_pitch_joint,right_ankle_roll_joint,waist_yaw_joint",0.0,0.0,407.56439208984375,right_knee_link,407.5644,-0.013889186,right_shoulder_roll_link
203,4.0600000000000005,0.1062035784125328,-0.18446595604154936,107.67763513684224,52.592977857660486,-93.51440908220076,1.684272,18.537706,1.4168614447116852,36.118499755859375,36.0,0.5,"left_hip_roll_joint,left_hip_yaw_joint,left_knee_joint,left_ankle_pitch_joint,right_hip_pitch_joint,right_hip_roll_joint,right_hip_yaw_joint,right_knee_joint,right_ankle_pitch_joint,right_ankle_roll_joint,waist_yaw_joint",0.0,0.0,0,pelvis,0.0,-0.0064117536,right_shoulder_roll_link
204,4.08,0.11722663789987564,-0.31367891285236915,155.58299025192102,69.84930780857141,-49.3073208016662,1.5870878,30.684877,1.5135731995105743,36.35416793823242,36.0,0.6363636363636364,"left_hip_roll_joint,left_hip_yaw_joint,left_knee_joint,left_ankle_pitch_joint,left_ankle_roll_joint,right_hip_pitch_joint,right_hip_roll_joint,right_hip_yaw_joint,right_knee_joint,right_ankle_pitch_joint,right_ankle_roll_joint,waist_roll_joint,waist_yaw_joint,right_shoulder_roll_joint",0.0,0.0,300.4090881347656,torso_link,300.4091,-0.009938538,right_shoulder_roll_link
205,4.1,0.09895284473896027,-0.23762304905103981,132.64134010689017,69.46476524986512,-70.9683755971185,1.9973737,17.9738,1.018319994211197,36.15508270263672,36.0,0.5909090909090909,"left_hip_pitch_joint,left_hip_roll_joint,left_hip_yaw_joint,left_knee_joint,left_ankle_pitch_joint,right_hip_pitch_joint,right_hip_roll_joint,right_hip_yaw_joint,right_knee_joint,right_ankle_pitch_joint,right_ankle_roll_joint,waist_roll_joint,waist_yaw_joint",0.0,0.0,0,pelvis,0.0,0.030285338,left_shoulder_roll_link
206,4.12,0.09221085160970688,-0.22445026443873672,-153.39729310911844,75.46174361764984,2.2748652901988975,1.2408767,25.701265,1.3105027675628662,36.33035659790039,36.0,0.5909090909090909,"left_hip_pitch_joint,left_hip_yaw_joint,left_knee_joint,left_ankle_pitch_joint,left_ankle_roll_joint,right_hip_pitch_joint,right_hip_roll_joint,right_hip_yaw_joint,right_knee_joint,right_ankle_pitch_joint,right_ankle_roll_joint,waist_yaw_joint,left_shoulder_pitch_joint",0.0,0.0,0,pelvis,0.0,0.02538576,right_shoulder_roll_link
207,4.14,0.07577270269393921,-0.1596110779283464,-169.3239732564104,80.65250210869455,-19.805331657886036,1.765632,16.016571,1.1022421047091484,36.16895294189453,36.0,0.5454545454545454,"left_hip_pitch_joint,left_hip_roll_joint,left_hip_yaw_joint,left_knee_joint,left_ankle_pitch_joint,right_hip_pitch_joint,right_hip_roll_joint,right_hip_yaw_joint,right_knee_joint,right_ankle_pitch_joint,right_ankle_roll_joint,waist_yaw_joint",0.0,0.0,0,pelvis,0.0,0.004195826,left_shoulder_roll_link
208,4.16,0.07534755021333694,-0.08340582986024891,-103.38564456606763,68.8827428286367,46.23807129095621,1.7817729,26.506979,1.284799575805664,36.2186164855957,36.0,0.5909090909090909,"left_hip_pitch_joint,left_hip_yaw_joint,left_knee_joint,left_ankle_pitch_joint,left_ankle_roll_joint,right_hip_pitch_joint,right_hip_roll_joint,right_hip_yaw_joint,right_knee_joint,right_ankle_pitch_joint,right_ankle_roll_joint,waist_yaw_joint,left_shoulder_pitch_joint",0.0,0.0,208.9481658935547,right_knee_link,208.94817,0.01796856,left_shoulder_roll_link
209,4.18,0.06287232786417007,-0.04774354842833972,-98.2947617153298,70.67404749516099,55.83514156602017,1.9422923,16.45361,1.0821635648608208,36.159523010253906,36.0,0.5,"left_hip_pitch_joint,left_hip_yaw_joint,left_knee_joint,left_ankle_pitch_joint,right_hip_pitch_joint,right_hip_roll_joint,right_hip_yaw_joint,right_knee_joint,right_ankle_pitch_joint,right_ankle_roll_joint,waist_yaw_joint",0.0,0.0,0,pelvis,0.0,-0.009663029,left_shoulder_roll_link
210,4.2,0.07074642926454544,-0.028895680408438595,-93.12386328742133,57.97781052103315,54.54504729935313,2.8821356,24.493727,1.4025025367736816,35.93370056152344,36.0,0.5909090909090909,"left_hip_pitch_joint,left_hip_roll_joint,left_hip_yaw_joint,left_knee_joint,left_ankle_pitch_joint,left_ankle_roll_joint,right_hip_pitch_joint,right_hip_roll_joint,right_knee_joint,right_ankle_pitch_joint,right_ankle_roll_joint,waist_yaw_joint,left_shoulder_pitch_joint",324.0886,0.0,324.0885925292969,left_hip_yaw_link,324.0886,-0.016777873,left_elbow_link
211,4.22,0.0810919776558876,-0.12645618901915667,-103.45571798668263,57.081536713408,50.6852807269583,0.92045254,21.798088,1.1814117431640625,34.79847717285156,36.0,0.5454545454545454,"left_hip_pitch_joint,left_hip_roll_joint,left_knee_joint,left_ankle_pitch_joint,right_hip_pitch_joint,right_hip_roll_joint,right_hip_yaw_joint,right_knee_joint,right_ankle_pitch_joint,right_ankle_roll_joint,waist_roll_joint,waist_yaw_joint",0.0,0.0,1239.5773315429688,torso_link,642.20026,-0.03522835,left_shoulder_roll_link
212,4.24,0.09785056114196777,-0.03783773003526969,-92.9118751944637,41.854806593608686,49.30493009796646,2.8885908,28.036655,1.4726085662841797,34.712825775146484,36.0,0.5909090909090909,"left_hip_pitch_joint,left_hip_roll_joint,left_hip_yaw_joint,left_knee_joint,left_ankle_pitch_joint,left_ankle_roll_joint,right_hip_pitch_joint,right_hip_yaw_joint,right_knee_joint,right_ankle_pitch_joint,right_ankle_roll_joint,waist_roll_joint,waist_yaw_joint",0.0,0.0,451.3941345214844,left_hip_yaw_link,451.39413,-0.025049709,left_elbow_link
213,4.26,0.10966707766056061,-0.2226629864934182,-110.53998332116907,50.60828178664638,43.54728193218967,1.1977977,26.552652,1.14674973487854,35.76419448852539,36.0,0.5909090909090909,"left_hip_pitch_joint,left_hip_roll_joint,left_hip_yaw_joint,left_knee_joint,left_ankle_pitch_joint,right_hip_pitch_joint,right_hip_roll_joint,right_hip_yaw_joint,right_knee_joint,right_ankle_pitch_joint,right_ankle_roll_joint,waist_roll_joint,waist_yaw_joint",0.0,0.0,0,pelvis,0.0,-0.03647501,left_shoulder_roll_link
214,4.28,0.12541796267032623,-0.20999765283201954,-104.11504595357009,30.559005302769357,43.5153058598537,2.6973684,33.082134,1.5304551124572754,35.88294219970703,36.0,0.6363636363636364,"left_hip_pitch_joint,left_hip_roll_joint,left_hip_yaw_joint,left_ankle_pitch_joint,left_ankle_roll_joint,right_hip_pitch_joint,right_hip_roll_joint,right_hip_yaw_joint,right_knee_joint,right_ankle_pitch_joint,right_ankle_roll_joint,waist_roll_joint,waist_yaw_joint,left_shoulder_pitch_joint",0.0,0.0,0,pelvis,0.0,-0.024763394,left_shoulder_roll_link
215,4.3,0.1368212103843689,-0.3478958599200528,-113.86470857246196,30.694928381648833,39.51192849775802,1.0778515,27.564741,1.3802212476730347,35.76273727416992,36.0,0.6363636363636364,"left_hip_pitch_joint,left_hip_roll_joint,left_hip_yaw_joint,left_knee_joint,left_ankle_pitch_joint,right_hip_pitch_joint,right_hip_roll_joint,right_hip_yaw_joint,right_knee_joint,right_ankle_pitch_joint,right_ankle_roll_joint,waist_roll_joint,waist_yaw_joint,left_shoulder_roll_joint",0.0,0.0,0,pelvis,0.0,-0.045224648,left_shoulder_roll_link
216,4.32,0.14571313560009003,-0.22504181481293983,-103.42453005209786,14.229011163057336,40.82150184095589,2.1616871,33.10947,1.526048183441162,36.084415435791016,36.0,0.5909090909090909,"left_hip_pitch_joint,left_hip_roll_joint,left_hip_yaw_joint,left_knee_joint,left_ankle_pitch_joint,left_ankle_roll_joint,right_hip_roll_joint,right_hip_yaw_joint,right_ankle_pitch_joint,right_ankle_roll_joint,waist_roll_joint,waist_yaw_joint,left_shoulder_pitch_joint",0.0,0.0,0,pelvis,0.0,-0.047023367,left_shoulder_roll_link
217,4.34,0.14919422566890717,-0.20969012929054331,-102.30351706948454,10.24918385640853,40.77030053414383,1.1002294,18.413137,1.315336374565959,34.5634651184082,36.0,0.6363636363636364,"left_hip_pitch_joint,left_hip_roll_joint,left_hip_yaw_joint,left_knee_joint,left_ankle_pitch_joint,right_hip_pitch_joint,right_hip_roll_joint,right_hip_yaw_joint,right_knee_joint,right_ankle_pitch_joint,right_ankle_roll_joint,waist_roll_joint,waist_yaw_joint,left_shoulder_roll_joint",0.0,0.0,0,pelvis,0.0,-0.06386908,left_shoulder_roll_link
218,4.36,0.1639438271522522,-0.36265655443342126,-111.72398499345866,11.537601390568868,45.61003067199107,1.5803131,10.089219,1.2042885106056929,36.07167434692383,36.0,0.5909090909090909,"left_hip_pitch_joint,left_hip_yaw_joint,left_knee_joint,left_ankle_pitch_joint,left_ankle_roll_joint,right_hip_pitch_joint,right_hip_roll_joint,right_knee_joint,right_ankle_pitch_joint,right_ankle_roll_joint,waist_roll_joint,waist_yaw_joint,left_shoulder_pitch_joint",0.0,0.0,0,pelvis,0.0,-0.07347051,left_shoulder_roll_link
219,4.38,0.1661037802696228,-0.31987878610754006,-110.20551392998925,22.1587776132433,33.22378465829186,1.5103168,16.16637,1.1033933460712433,36.069664001464844,36.0,0.5454545454545454,"left_hip_pitch_joint,left_hip_roll_joint,left_hip_yaw_joint,left_knee_joint,left_ankle_pitch_joint,right_hip_pitch_joint,right_hip_roll_joint,right_hip_yaw_joint,right_knee_joint,right_ankle_pitch_joint,right_ankle_roll_joint,left_shoulder_roll_joint",0.0,0.0,3347.730712890625,torso_link,3347.7307,-0.08325261,left_shoulder_roll_link
220,4.4,0.15989789366722107,-0.3437650570305806,-110.16518181591398,4.282922735038189,49.057714052684524,1.3561571,22.109585,1.0558005850762129,36.183509826660156,36.0,0.5909090909090909,"left_hip_pitch_joint,left_hip_roll_joint,left_hip_yaw_joint,left_knee_joint,left_ankle_pitch_joint,left_ankle_roll_joint,right_hip_pitch_joint,right_hip_roll_joint,right_hip_yaw_joint,right_knee_joint,right_ankle_pitch_joint,right_ankle_roll_joint,waist_yaw_joint",0.0,0.0,0,pelvis,0.0,-0.07977323,left_shoulder_roll_link
221,4.42,0.158372700214386,-0.34110262351526943,-110.89920250887646,17.019328759464543,37.96339156039425,1.7506131,21.406574,0.8950767815113068,36.14091110229492,36.0,0.5454545454545454,"left_hip_pitch_joint,left_hip_yaw_joint,left_knee_joint,left_ankle_pitch_joint,right_hip_pitch_joint,right_hip_roll_joint,right_hip_yaw_joint,right_knee_joint,right_ankle_pitch_joint,right_ankle_roll_joint,waist_roll_joint,waist_yaw_joint",0.0,0.0,0,pelvis,0.0,-0.07776553,left_shoulder_roll_link
222,4.44,0.14890781044960022,-0.3152386646343377,-108.38949951360017,-2.2187004992157773,49.59964524917389,1.3718193,22.96799,1.0872712414711714,36.118534088134766,36.0,0.5909090909090909,"left_hip_pitch_joint,left_hip_roll_joint,left_hip_yaw_joint,left_knee_joint,left_ankle_pitch_joint,left_ankle_roll_joint,right_hip_pitch_joint,right_hip_roll_joint,right_hip_yaw_joint,right_knee_joint,right_ankle_pitch_joint,right_ankle_roll_joint,waist_yaw_joint",0.0,0.0,0,pelvis,0.0,-0.08084365,left_shoulder_roll_link
223,4.46,0.14545965194702148,-0.2962974174841695,-107.70178204159782,12.976663177893306,40.18625874584088,2.080356,23.533684,1.0014915764331818,36.32542037963867,36.0,0.5454545454545454,"left_hip_pitch_joint,left_hip_roll_joint,left_hip_yaw_joint,left_knee_joint,left_ankle_pitch_joint,right_hip_pitch_joint,right_hip_roll_joint,right_hip_yaw_joint,right_knee_joint,right_ankle_pitch_joint,right_ankle_roll_joint,waist_yaw_joint",0.0,0.0,0,pelvis,0.0,-0.07298631,left_shoulder_roll_link
224,4.48,0.1351122409105301,-0.1816423557610296,-100.49404487148873,-4.207911305671571,46.61573694216192,0.8548994,20.502193,1.1053232233971357,36.18570327758789,36.0,0.5909090909090909,"left_hip_pitch_joint,left_hip_roll_joint,left_hip_yaw_joint,left_knee_joint,left_ankle_pitch_joint,left_ankle_roll_joint,right_hip_pitch_joint,right_hip_roll_joint,right_hip_yaw_joint,right_knee_joint,right_ankle_pitch_joint,right_ankle_roll_joint,waist_yaw_joint",0.0,0.0,0,pelvis,0.0,-0.0703871,left_shoulder_roll_link
225,4.5,0.12127295136451721,-0.24908319711529714,-104.83636307509745,13.40492739059862,37.57063129860063,2.5201745,22.176376,1.1452161371707916,36.29418182373047,36.0,0.5454545454545454,"left_hip_pitch_joint,left_hip_roll_joint,left_hip_yaw_joint,left_knee_joint,left_ankle_pitch_joint,right_hip_pitch_joint,right_hip_roll_joint,right_hip_yaw_joint,right_knee_joint,right_ankle_pitch_joint,right_ankle_roll_joint,waist_yaw_joint",0.0,0.0,0,pelvis,0.0,-0.06663393,left_shoulder_roll_link
226,4.5200000000000005,0.09996043145656586,-0.019238617539627967,-91.10375447519417,-2.8807063163006674,40.02197955612145,0.53556836,25.820883,1.1621781587600708,36.16032028198242,36.0,0.6363636363636364,"left_hip_pitch_joint,left_hip_roll_joint,left_hip_yaw_joint,left_knee_joint,left_ankle_pitch_joint,left_ankle_roll_joint,right_hip_pitch_joint,right_hip_roll_joint,right_hip_yaw_joint,right_knee_joint,right_ankle_pitch_joint,right_ankle_roll_joint,waist_roll_joint,waist_yaw_joint",0.0,0.0,0,pelvis,0.0,-0.07137667,left_shoulder_roll_link
227,4.54,0.09693574905395508,-0.15234388854792913,-98.95017652848595,11.69856766671516,35.773897608913934,1.6143758,26.14503,1.2715606987476349,36.29636001586914,36.0,0.5,"left_hip_pitch_joint,left_hip_yaw_joint,left_knee_joint,left_ankle_pitch_joint,right_hip_pitch_joint,right_hip_yaw_joint,right_knee_joint,right_ankle_pitch_joint,right_ankle_roll_joint,waist_roll_joint,waist_yaw_joint",0.0,0.0,391.7644958496094,torso_link,391.7645,-0.06662704,left_shoulder_roll_link
228,4.5600000000000005,0.09451695531606674,0.047681720997067245,-87.24535090338098,-7.185652165082416,36.81492704476407,1.2907549,32.240158,1.2926422357559204,36.1858024597168,36.0,0.5909090909090909,"left_hip_pitch_joint,left_hip_roll_joint,left_hip_yaw_joint,left_knee_joint,left_ankle_pitch_joint,left_ankle_roll_joint,right_hip_roll_joint,right_hip_yaw_joint,right_knee_joint,right_ankle_pitch_joint,right_ankle_roll_joint,waist_roll_joint,waist_yaw_joint",0.0,0.0,0,pelvis,0.0,-0.05826983,left_elbow_link
229,4.58,0.11001427471637726,-0.19383682392006252,-101.4368019483896,12.161611202798241,36.23947065977794,1.3656708,38.562885,1.2938279211521149,36.10820770263672,36.0,0.5909090909090909,"left_hip_pitch_joint,left_hip_roll_joint,left_hip_yaw_joint,left_knee_joint,left_ankle_pitch_joint,right_hip_roll_joint,right_hip_yaw_joint,right_knee_joint,right_ankle_pitch_joint,right_ankle_roll_joint,waist_roll_joint,waist_yaw_joint,left_shoulder_roll_joint",0.0,0.0,0,pelvis,0.0,-0.041218568,left_shoulder_roll_link
230,4.6000000000000005,0.1160968542098999,-0.13042548026006706,-97.49525211684717,-0.9667846843627237,38.86495503545751,1.0769994,25.024994,1.3838242292404175,36.176902770996094,36.0,0.6818181818181818,"left_hip_pitch_joint,left_hip_roll_joint,left_hip_yaw_joint,left_knee_joint,left_ankle_pitch_joint,left_ankle_roll_joint,right_hip_pitch_joint,right_hip_roll_joint,right_hip_yaw_joint,right_knee_joint,right_ankle_pitch_joint,right_ankle_roll_joint,waist_roll_joint,waist_yaw_joint,right_shoulder_roll_joint",0.0,0.0,0,pelvis,0.0,-0.050165907,left_elbow_link
231,4.62,0.11351343989372253,-0.24570153764215208,-104.64751078977268,13.67674257710992,33.64046515805382,2.3794665,25.987133,1.178548127412796,36.1023063659668,36.0,0.5,"left_hip_roll_joint,left_hip_yaw_joint,left_knee_joint,left_ankle_pitch_joint,right_hip_pitch_joint,right_hip_yaw_joint,right_knee_joint,right_ankle_pitch_joint,right_ankle_roll_joint,waist_roll_joint,waist_yaw_joint",0.0,0.0,0,pelvis,0.0,-0.04561776,left_shoulder_roll_link
232,4.64,0.0925612598657608,-0.014078003206261958,-90.80799574269477,-3.3232971253468433,33.67181034795843,1.0515245,30.660173,1.3572665452957153,36.17747497558594,36.0,0.6363636363636364,"left_hip_pitch_joint,left_hip_roll_joint,left_hip_yaw_joint,left_knee_joint,left_ankle_pitch_joint,left_ankle_roll_joint,right_hip_pitch_joint,right_hip_yaw_joint,right_knee_joint,right_ankle_pitch_joint,right_ankle_roll_joint,waist_roll_joint,waist_yaw_joint,right_shoulder_roll_joint",0.0,0.0,695.6295166015625,left_hip_yaw_link,695.6295,-0.06101481,left_elbow_link
233,4.66,0.10376638919115067,-0.25915082472988615,-105.55073315326833,14.838694049646836,39.74683032501741,1.3604671,33.6763,1.2003344595432281,36.24753952026367,36.0,0.5454545454545454,"left_hip_yaw_joint,left_knee_joint,left_ankle_pitch_joint,right_hip_pitch_joint,right_hip_roll_joint,right_hip_yaw_joint,right_knee_joint,right_ankle_pitch_joint,right_ankle_roll_joint,waist_roll_joint,waist_yaw_joint,left_shoulder_roll_joint",0.0,0.0,0,pelvis,0.0,-0.048348673,left_elbow_link
234,4.68,0.11442200839519501,-0.14910035041867253,-98.59449760185724,-3.8658470318610827,45.982690835118554,1.5965787,28.804052,1.3872421979904175,36.10661697387695,36.0,0.5909090909090909,"left_hip_roll_joint,left_hip_yaw_joint,left_knee_joint,left_ankle_pitch_joint,left_ankle_roll_joint,right_hip_pitch_joint,right_hip_roll_joint,right_hip_yaw_joint,right_knee_joint,right_ankle_pitch_joint,right_ankle_roll_joint,waist_roll_joint,waist_yaw_joint",0.0,0.0,0,pelvis,0.0,-0.06256214,left_elbow_link
235,4.7,0.12262358516454697,-0.28195252960937056,-106.57058604228234,8.649824174061846,40.26635681893574,2.20185,27.896387,1.2308720350265503,36.26921463012695,36.0,0.5454545454545454,"left_hip_roll_joint,left_hip_yaw_joint,left_knee_joint,left_ankle_pitch_joint,right_hip_pitch_joint,right_hip_yaw_joint,right_knee_joint,right_ankle_pitch_joint,right_ankle_roll_joint,waist_roll_joint,waist_yaw_joint,left_shoulder_roll_joint",0.0,0.0,0,pelvis,0.0,-0.06582892,left_shoulder_roll_link
236,4.72,0.10805854201316833,-0.18171859387962463,-100.47162730112193,-1.040683770082361,47.82376340726062,1.000213,31.606749,0.986989289522171,36.556312561035156,36.0,0.5909090909090909,"left_hip_pitch_joint,left_hip_roll_joint,left_hip_yaw_joint,left_knee_joint,left_ankle_pitch_joint,left_ankle_roll_joint,right_hip_pitch_joint,right_hip_roll_joint,right_hip_yaw_joint,right_ankle_pitch_joint,right_ankle_roll_joint,waist_roll_joint,waist_yaw_joint",0.0,0.0,0,pelvis,0.0,-0.08189488,left_shoulder_roll_link
237,4.74,0.11447291821241379,-0.3529979715245304,-110.79345466042435,6.087993126771363,41.99865921846609,3.2797804,35.40882,1.3121549189090729,36.0446662902832,36.0,0.5454545454545454,"left_hip_pitch_joint,left_hip_yaw_joint,left_knee_joint,left_ankle_pitch_joint,right_hip_pitch_joint,right_hip_roll_joint,right_hip_yaw_joint,right_knee_joint,right_ankle_pitch_joint,right_ankle_roll_joint,waist_roll_joint,waist_yaw_joint",21.951118,0.0,43.90223693847656,torso_link,43.902237,-0.074573316,left_shoulder_roll_link
238,4.76,0.11484254896640778,-0.1811388174725863,-100.43644884196392,0.4652660834429957,43.64417810876606,0.94322675,28.44651,0.9325218498706818,36.22860336303711,36.0,0.6363636363636364,"left_hip_pitch_joint,left_hip_roll_joint,left_hip_yaw_joint,left_knee_joint,left_ankle_pitch_joint,left_ankle_roll_joint,right_hip_pitch_joint,right_hip_roll_joint,right_hip_yaw_joint,right_knee_joint,right_ankle_pitch_joint,right_ankle_roll_joint,waist_roll_joint,waist_yaw_joint",0.0,0.0,0,pelvis,0.0,-0.06964053,left_elbow_link
239,4.78,0.12318150699138641,-0.37689527461212613,-112.71660934181752,12.584971448015926,39.46155324370505,2.2827053,33.62301,1.245932012796402,36.001522064208984,36.0,0.5454545454545454,"left_hip_pitch_joint,left_hip_yaw_joint,left_knee_joint,left_ankle_pitch_joint,right_hip_pitch_joint,right_hip_roll_joint,right_hip_yaw_joint,right_ankle_pitch_joint,right_ankle_roll_joint,waist_roll_joint,waist_yaw_joint,right_shoulder_pitch_joint",0.0,0.0,0,pelvis,0.0,-0.06527054,left_shoulder_roll_link
240,4.8,0.1319221556186676,-0.1810077374653094,-100.47247284949671,-5.225390199176639,39.45950344383552,1.434488,29.790834,0.8692544996738434,36.212581634521484,36.0,0.5909090909090909,"left_hip_pitch_joint,left_hip_roll_joint,left_hip_yaw_joint,left_knee_joint,left_ankle_pitch_joint,left_ankle_roll_joint,right_hip_roll_joint,right_hip_yaw_joint,right_knee_joint,right_ankle_pitch_joint,right_ankle_roll_joint,waist_roll_joint,waist_yaw_joint",0.0,0.0,0,pelvis,0.0,-0.07070352,left_shoulder_roll_link
241,4.82,0.13858981430530548,-0.354103555375588,-111.27866044953956,12.643868976211063,36.120631067331644,1.5352231,30.475018,0.9956349432468414,35.146705627441406,36.0,0.5454545454545454,"left_hip_roll_joint,left_hip_yaw_joint,left_knee_joint,left_ankle_pitch_joint,right_hip_pitch_joint,right_hip_yaw_joint,right_knee_joint,right_ankle_pitch_joint,right_ankle_roll_joint,waist_roll_joint,waist_yaw_joint,left_shoulder_roll_joint",248.3131,0.0,0,left_ankle_roll_link,248.3131,-0.0812847,left_shoulder_roll_link
242,4.84,0.13275311887264252,-0.2690336543075649,-105.61107072840896,-1.327791029639382,44.12770517034011,0.44875315,24.707327,0.7469086647033691,36.157466888427734,36.0,0.5909090909090909,"left_hip_pitch_joint,left_hip_roll_joint,left_hip_yaw_joint,left_knee_joint,left_ankle_pitch_joint,right_hip_pitch_joint,right_hip_roll_joint,right_hip_yaw_joint,right_knee_joint,right_ankle_pitch_joint,right_ankle_roll_joint,waist_roll_joint,waist_yaw_joint",0.0,0.0,0,pelvis,0.0,-0.08554199,left_shoulder_roll_link
243,4.86,0.123493991792202,-0.29089311288928776,-107.66083632666611,16.496883681492665,38.33072275127382,1.3457433,15.661084,1.0847812816500664,29.863473892211914,36.0,0.6363636363636364,"left_hip_pitch_joint,left_hip_yaw_joint,left_knee_joint,left_ankle_pitch_joint,left_ankle_roll_joint,right_hip_roll_joint,right_hip_yaw_joint,right_knee_joint,right_ankle_pitch_joint,right_ankle_roll_joint,waist_roll_joint,waist_yaw_joint,left_shoulder_roll_joint,right_shoulder_pitch_joint",0.0,0.0,352.032470703125,torso_link,352.03247,-0.08447163,left_shoulder_roll_link
244,4.88,0.11206693947315216,-0.09428125216093264,-95.43835022374932,-5.849033424127463,40.4460427582936,1.059327,30.747286,0.9226124286651611,36.342437744140625,36.0,0.6363636363636364,"left_hip_pitch_joint,left_hip_roll_joint,left_hip_yaw_joint,left_knee_joint,left_ankle_pitch_joint,left_ankle_roll_joint,right_hip_pitch_joint,right_hip_roll_joint,right_hip_yaw_joint,right_knee_joint,right_ankle_pitch_joint,right_ankle_roll_joint,waist_roll_joint,waist_yaw_joint",0.0,0.0,0,pelvis,0.0,-0.077102944,left_shoulder_roll_link
245,4.9,0.11515902727842331,-0.34226994882662654,-110.83425335530603,15.775116390616436,32.80903139160153,0.9881789,37.57989,1.1018047258257866,36.06011199951172,36.0,0.5909090909090909,"left_hip_yaw_joint,left_knee_joint,left_ankle_pitch_joint,left_ankle_roll_joint,right_hip_pitch_joint,right_hip_roll_joint,right_hip_yaw_joint,right_knee_joint,right_ankle_pitch_joint,right_ankle_roll_joint,waist_roll_joint,waist_yaw_joint,left_shoulder_roll_joint",0.0,0.0,558.9380493164062,torso_link,558.93805,-0.08534779,left_shoulder_roll_link
246,4.92,0.1151423379778862,-0.256736418438857,-105.15293726420052,10.835058386346882,31.840266806085765,0.59245,19.120031,0.958985447883606,36.10024642944336,36.0,0.6363636363636364,"left_hip_pitch_joint,left_hip_roll_joint,left_hip_yaw_joint,left_knee_joint,left_ankle_pitch_joint,left_ankle_roll_joint,right_hip_pitch_joint,right_hip_roll_joint,right_hip_yaw_joint,right_knee_joint,right_ankle_pitch_joint,right_ankle_roll_joint,waist_roll_joint,waist_yaw_joint",0.0,0.0,0,pelvis,0.0,-0.071570575,left_elbow_link
247,4.94,0.11799119412899017,-0.3849805177985175,-118.66618081889399,36.62711454701111,27.35088998200632,0.75613785,32.074993,1.2337489053606987,36.01844787597656,36.0,0.5909090909090909,"left_hip_yaw_joint,left_knee_joint,left_ankle_pitch_joint,left_ankle_roll_joint,right_hip_pitch_joint,right_hip_roll_joint,right_hip_yaw_joint,right_knee_joint,right_ankle_pitch_joint,right_ankle_roll_joint,waist_roll_joint,waist_yaw_joint,left_shoulder_roll_joint",0.0,0.0,1282.617431640625,torso_link,1282.6174,-0.06489678,left_shoulder_roll_link
248,4.96,0.14292044937610626,-0.25614157570545126,-106.89206491551089,28.174316818296678,24.31480941765647,2.124989,20.443228,1.0650469064712524,36.181396484375,36.0,0.5909090909090909,"left_hip_pitch_joint,left_hip_roll_joint,left_hip_yaw_joint,left_knee_joint,left_ankle_pitch_joint,left_ankle_roll_joint,right_hip_pitch_joint,right_hip_roll_joint,right_hip_yaw_joint,right_knee_joint,right_ankle_pitch_joint,right_ankle_roll_joint,waist_yaw_joint",0.0,0.0,0,pelvis,0.0,-0.043175213,left_shoulder_roll_link
249,4.98,0.15713170170783997,-0.4031895398562444,-126.72016071594258,47.59749584373224,6.448824140622509,0.79703104,29.779211,1.2900654003024101,35.21469497680664,36.0,0.6363636363636364,"left_hip_pitch_joint,left_hip_roll_joint,left_hip_yaw_joint,left_knee_joint,left_ankle_pitch_joint,left_ankle_roll_joint,right_hip_pitch_joint,right_hip_yaw_joint,right_knee_joint,right_ankle_pitch_joint,right_ankle_roll_joint,waist_roll_joint,waist_yaw_joint,left_shoulder_roll_joint",480.6098,0.0,2.6542811393737793,left_ankle_roll_link,480.6098,-0.05148553,left_shoulder_roll_link
250,5.0,0.149217888712883,-0.2770439728531784,-110.97232437792597,39.28145155588142,17.206291576434992,0.436408,16.480947,1.1176729202270508,36.36024475097656,36.0,0.5909090909090909,"left_hip_pitch_joint,left_hip_roll_joint,left_hip_yaw_joint,left_knee_joint,left_ankle_pitch_joint,right_hip_pitch_joint,right_hip_yaw_joint,right_knee_joint,right_ankle_pitch_joint,right_ankle_roll_joint,waist_roll_joint,waist_yaw_joint,left_shoulder_pitch_joint",0.0,0.0,0,pelvis,0.0,-0.021972721,left_shoulder_roll_link
