frame,t,rz,pgz,roll,pitch,yaw,lv_norm,av_norm,dof_pos_err_max,dof_vel_max,tau_max,tau_sat,saturated_joints,L_fz,R_fz,non_foot_cf_sum,top_cf_name,top_cf_val,bz_min,bz_min_name
0,0.0,0.4103291630744934,0.9999562098754664,0.5191866882168289,-0.13400297060810903,0.2983123238854296,0.0,0.0,0.13505227565765382,0.0,0.0,0.0,,0.0,0.0,0,pelvis,0.0,0.03364689,right_ankle_roll_link
1,0.02,0.4105626940727234,0.9986088394193421,0.06860994511359095,-3.0217935357706476,0.32479041681581106,0.99775994,4.4373407,0.25106591656804084,34.3441276550293,10.804182,0.0,,0.0,0.0,0,pelvis,0.0,0.032300986,right_ankle_roll_link
2,0.04,0.40954288840293884,0.9969331474184345,0.039819350462096295,4.488260838689996,0.18325205048980678,2.000571,9.803861,0.46033549308776855,36.00632095336914,36.0,0.2727272727272727,"left_hip_pitch_joint,left_knee_joint,left_ankle_pitch_joint,right_hip_pitch_joint,right_knee_joint,right_ankle_pitch_joint",0.0,0.0,0,pelvis,0.0,0.038177654,right_ankle_roll_link
3,0.06,0.40986043214797974,0.9993610729690894,-0.22066974357601227,2.036349512656629,0.25685947576121826,1.4113011,5.7122297,0.24537458568811416,36.63593292236328,36.0,0.36363636363636365,"left_hip_pitch_joint,left_hip_yaw_joint,left_knee_joint,left_ankle_pitch_joint,right_hip_pitch_joint,right_hip_yaw_joint,right_knee_joint,right_ankle_pitch_joint",81.34871,14.253284,0,left_ankle_roll_link,81.34871,0.031533547,left_ankle_roll_link
4,0.08,0.4101238250732422,0.9888416023825308,1.0582107089841455,8.50216345638578,0.8343091480409208,1.9466456,9.948325,0.6108534932136536,36.029239654541016,36.0,0.36363636363636365,"left_hip_pitch_joint,left_hip_yaw_joint,left_knee_joint,left_ankle_pitch_joint,right_hip_pitch_joint,right_hip_yaw_joint,right_knee_joint,right_ankle_pitch_joint",0.0,0.0,0,pelvis,0.0,0.04313424,right_ankle_roll_link
5,0.1,0.40840384364128113,0.9950108027279795,0.5689086691992487,5.6975278040377555,-0.13446338641937497,1.6130176,7.8179226,0.26056352257728577,36.626983642578125,36.0,0.4090909090909091,"left_hip_pitch_joint,left_hip_roll_joint,left_hip_yaw_joint,left_knee_joint,left_ankle_pitch_joint,right_hip_pitch_joint,right_hip_yaw_joint,right_knee_joint,right_ankle_pitch_joint",135.83354,4.175669,0,left_ankle_roll_link,135.83354,0.033079937,left_ankle_roll_link
6,0.12,0.40595656633377075,0.9765601726931319,1.2516886634463529,12.367680333514672,0.7097849107971937,2.1807308,11.607934,0.8074833750724792,36.042232513427734,36.0,0.36363636363636365,"left_hip_pitch_joint,left_hip_roll_joint,left_hip_yaw_joint,left_knee_joint,right_hip_pitch_joint,right_hip_yaw_joint,right_knee_joint,right_ankle_pitch_joint",0.0,0.0,0,pelvis,0.0,0.0477507,left_ankle_roll_link
7,0.14,0.4037068486213684,0.9749123596652771,2.389500134408802,12.640899009228038,-1.7079297118438184,1.562017,7.5733967,0.6286072134971619,36.485164642333984,36.0,0.4090909090909091,"left_hip_pitch_joint,left_hip_roll_joint,left_hip_yaw_joint,left_knee_joint,left_ankle_pitch_joint,right_hip_pitch_joint,right_hip_yaw_joint,right_knee_joint,right_ankle_pitch_joint",159.93723,159.93723,0,left_ankle_roll_link,159.93723,0.032807514,right_ankle_roll_link
8,0.16,0.4018358588218689,0.9382195021228011,0.2896441249327524,20.24335067434143,-0.7944734981365092,2.273537,12.846167,1.1072719097137451,36.06184387207031,36.0,0.3181818181818182,"left_hip_pitch_joint,left_hip_roll_joint,left_hip_yaw_joint,left_knee_joint,right_hip_pitch_joint,right_hip_roll_joint,right_knee_joint",0.0,0.0,0,pelvis,0.0,0.04948764,left_ankle_roll_link
9,0.18,0.4014417231082916,0.9035553309585098,3.622395127489345,25.127625554526055,-5.979176866526181,0.7745953,9.5424595,1.2686653137207031,34.11384582519531,36.0,0.4090909090909091,"left_hip_pitch_joint,left_hip_roll_joint,left_hip_yaw_joint,left_knee_joint,right_hip_pitch_joint,right_hip_roll_joint,right_hip_yaw_joint,right_knee_joint,right_ankle_pitch_joint",138.80414,236.38705,0,right_ankle_roll_link,236.38705,0.03828206,left_ankle_roll_link
10,0.2,0.3907961845397949,0.9387829635486903,-3.2894963792250334,19.89256349249505,12.471806696808333,1.0574489,23.289566,1.1507542133331299,36.76834487915039,36.0,0.22727272727272727,"left_knee_joint,right_hip_pitch_joint,right_hip_roll_joint,right_hip_yaw_joint,right_knee_joint",8.267542,0.0,0,left_ankle_roll_link,8.267542,0.040962756,left_ankle_roll_link
11,0.22,0.3829215466976166,0.9633076399743714,5.901930202897749,14.43271637294426,5.5357078747831805,1.6941522,24.17311,0.7870408296585083,36.22230911254883,36.0,0.3181818181818182,"left_hip_pitch_joint,left_hip_roll_joint,left_hip_yaw_joint,left_knee_joint,right_knee_joint,right_ankle_pitch_joint,waist_yaw_joint",315.24237,460.82495,0,right_ankle_roll_link,460.82495,0.031683404,left_ankle_roll_link
12,0.24,0.3839974105358124,0.9891991480421298,0.27753365354853604,8.424118606728378,24.445177027206743,0.4167062,28.218042,1.3450281620025635,36.028133392333984,36.0,0.3181818181818182,"left_hip_roll_joint,left_knee_joint,right_hip_yaw_joint,right_knee_joint,right_ankle_pitch_joint,waist_roll_joint,waist_yaw_joint",0.0,31.534746,0,right_ankle_roll_link,31.534746,0.051305242,right_ankle_roll_link
13,0.26,0.38734981417655945,0.9615630802469226,9.317996314589937,12.987111067315512,6.365398201017398,1.1189711,32.560623,0.8892505168914795,36.042076110839844,36.0,0.45454545454545453,"left_hip_pitch_joint,left_hip_roll_joint,left_hip_yaw_joint,left_knee_joint,left_ankle_pitch_joint,right_hip_pitch_joint,right_hip_yaw_joint,right_knee_joint,waist_roll_joint,waist_yaw_joint",0.0,0.0,0,pelvis,0.0,0.061392263,left_ankle_roll_link
14,0.28,0.38442686200141907,0.9858658768778431,7.424394748192234,6.173385680929579,21.762545463376252,0.7262712,26.214367,1.450652837753296,36.081764221191406,36.0,0.36363636363636365,"left_knee_joint,left_ankle_roll_joint,right_hip_pitch_joint,right_hip_roll_joint,right_hip_yaw_joint,right_knee_joint,waist_roll_joint,waist_yaw_joint",0.0,187.62383,0,right_ankle_roll_link,187.62383,0.063702986,right_ankle_roll_link
15,0.3,0.3820613920688629,0.970196978539767,9.272136186009556,10.5669781061161,2.2153284718749227,1.3149787,28.314768,1.06330406665802,36.07504653930664,36.0,0.4090909090909091,"left_hip_roll_joint,left_hip_yaw_joint,left_knee_joint,left_ankle_pitch_joint,right_hip_pitch_joint,right_hip_yaw_joint,right_knee_joint,waist_roll_joint,waist_yaw_joint",0.0,0.0,0,pelvis,0.0,0.072093554,left_ankle_roll_link
16,0.32,0.37571120262145996,0.9957399949237302,4.972115772934964,1.8098939782703671,16.780665987819518,0.8114361,24.976597,1.4532206058502197,35.18851852416992,36.0,0.36363636363636365,"left_hip_roll_joint,left_knee_joint,right_hip_pitch_joint,right_hip_yaw_joint,right_knee_joint,waist_roll_joint,waist_yaw_joint,right_shoulder_pitch_joint",6.537056,348.9626,0,right_ankle_roll_link,348.9626,0.07870416,right_ankle_roll_link
17,0.34,0.36458390951156616,0.9740602826006728,10.374950316516047,8.007194019877765,-5.609160400795751,1.9011785,34.166927,1.1699995517730712,36.11491775512695,36.0,0.3181818181818182,"left_hip_yaw_joint,left_knee_joint,left_ankle_pitch_joint,right_hip_pitch_joint,right_hip_yaw_joint,waist_roll_joint,waist_yaw_joint",0.0,0.0,0,pelvis,0.0,0.073575616,left_ankle_roll_link
18,0.36,0.35227322578430176,0.9771650595656104,11.914413443211457,2.944757528002395,4.117621819600687,0.95316213,16.778324,1.4576566219329834,36.67544937133789,36.0,0.36363636363636365,"left_hip_roll_joint,left_knee_joint,right_hip_pitch_joint,right_hip_yaw_joint,right_knee_joint,right_ankle_pitch_joint,waist_roll_joint,waist_yaw_joint",0.0,440.2788,0,right_ankle_roll_link,440.2788,0.07803766,right_ankle_roll_link
19,0.38,0.34136080741882324,0.9648154274170685,7.630284770678899,13.236131004056086,-19.5305797114932,1.6651218,29.401886,1.213817310333252,36.154937744140625,36.0,0.4090909090909091,"left_hip_roll_joint,left_hip_yaw_joint,left_knee_joint,left_ankle_pitch_joint,right_hip_pitch_joint,right_hip_yaw_joint,waist_roll_joint,waist_yaw_joint,right_shoulder_roll_joint",0.0,32.245167,0,right_ankle_roll_link,32.245167,0.086870104,right_ankle_roll_link
20,0.4,0.33067044615745544,0.9473284408264212,18.061492890677425,4.844125812571956,-9.604514033923941,1.4506607,17.079847,1.3405215740203857,36.244361877441406,36.0,0.36363636363636365,"left_hip_roll_joint,left_knee_joint,right_hip_pitch_joint,right_hip_roll_joint,right_hip_yaw_joint,right_knee_joint,waist_yaw_joint,right_shoulder_pitch_joint",0.0,197.18968,0,right_ankle_roll_link,197.18968,0.0776346,right_ankle_roll_link
21,0.42,0.325102835893631,0.9398067317818963,12.074578470512087,16.039947942876683,-32.88256261826484,0.7812742,26.914331,1.1545779705047607,36.34297561645508,36.0,0.4090909090909091,"left_hip_roll_joint,left_hip_yaw_joint,left_knee_joint,left_ankle_pitch_joint,right_hip_pitch_joint,right_hip_roll_joint,right_hip_yaw_joint,right_ankle_pitch_joint,waist_yaw_joint",0.0,223.83232,0,right_ankle_roll_link,223.83232,0.08042117,right_ankle_roll_link
22,0.44,0.3233121931552887,0.9189358823510627,21.06863594227268,10.013403136357768,-22.006821058386933,1.4683348,9.744335,1.242666482925415,36.018287658691406,36.0,0.2727272727272727,"left_hip_roll_joint,left_knee_joint,right_hip_pitch_joint,right_hip_yaw_joint,right_knee_joint,waist_yaw_joint",0.0,264.03778,0,right_ankle_roll_link,264.03778,0.07219635,right_ankle_roll_link
23,0.46,0.32149770855903625,0.8780955997755782,14.81539185430737,24.729625796105136,-42.2049568129681,1.0197088,30.536985,1.3247655630111694,36.14106750488281,36.0,0.36363636363636365,"left_hip_roll_joint,left_hip_yaw_joint,left_knee_joint,left_ankle_pitch_joint,right_hip_pitch_joint,right_hip_roll_joint,right_hip_yaw_joint,waist_yaw_joint",0.0,0.0,0,pelvis,0.0,0.1013711,right_ankle_roll_link
24,0.48,0.3044705390930176,0.8692637840446187,22.465111522817867,19.83945514150826,-46.049512307278555,1.9034203,15.899952,1.0250678777694702,36.1752815246582,36.0,0.3181818181818182,"left_hip_roll_joint,right_hip_pitch_joint,right_hip_roll_joint,right_hip_yaw_joint,right_knee_joint,waist_yaw_joint,right_shoulder_pitch_joint",0.0,0.0,0,pelvis,0.0,0.109695666,right_ankle_roll_link
25,0.5,0.2887633442878723,0.8811885030351299,5.275239627639921,27.756275886863303,-72.77221211192794,0.94209427,26.62019,1.3854326009750366,36.17621994018555,36.0,0.3181818181818182,"left_hip_roll_joint,left_hip_yaw_joint,left_knee_joint,left_ankle_pitch_joint,right_hip_pitch_joint,right_hip_roll_joint,right_knee_joint",0.0,0.0,0,pelvis,0.0,0.10303116,left_ankle_pitch_link
26,0.52,0.27183112502098083,0.8544643206379212,15.27693912084401,27.654304103337164,-63.9780308441056,1.5723181,10.83444,1.1903777837753295,36.12643814086914,36.0,0.3181818181818182,"left_hip_roll_joint,left_hip_yaw_joint,right_hip_pitch_joint,right_hip_yaw_joint,right_knee_joint,right_ankle_pitch_joint,waist_yaw_joint",0.0,0.0,0,pelvis,0.0,0.08816147,left_ankle_roll_link
27,0.54,0.25299072265625,0.8348177151143172,-1.446989915817802,33.3754121986743,-86.28891278505782,1.7875584,31.49763,1.4386945962905884,36.163700103759766,36.0,0.36363636363636365,"left_hip_pitch_joint,left_hip_roll_joint,left_hip_yaw_joint,left_knee_joint,left_ankle_pitch_joint,right_hip_roll_joint,right_knee_joint,waist_yaw_joint",115.995476,0.0,0,left_ankle_roll_link,115.995476,0.07408524,left_knee_link
28,0.56,0.22120340168476105,0.8745425218178289,6.2355597010158865,28.38810040827452,-87.95516691340107,1.4062558,16.028397,1.1883010864257812,36.14110565185547,36.0,0.36363636363636365,"left_hip_roll_joint,left_knee_joint,right_hip_pitch_joint,right_hip_yaw_joint,right_knee_joint,right_ankle_pitch_joint,waist_yaw_joint,right_shoulder_pitch_joint",165.71262,0.0,0,left_ankle_roll_link,165.71262,0.077225655,left_knee_link
29,0.58,0.20316782593727112,0.8507565409898503,-8.056506962105441,30.768989220698096,-105.61631612894925,0.9106751,19.710028,1.4420121908187866,36.519866943359375,36.0,0.4090909090909091,"left_hip_pitch_joint,left_hip_roll_joint,left_hip_yaw_joint,left_knee_joint,right_hip_pitch_joint,right_hip_roll_joint,right_knee_joint,waist_roll_joint,waist_yaw_joint",227.49593,0.0,0,left_ankle_roll_link,227.49593,0.07783852,left_knee_link
30,0.6,0.19807101786136627,0.7497314302220714,12.2740542013715,39.890659940310016,-87.72305029444911,1.4079521,21.382696,1.2757350206375122,36.16194534301758,36.0,0.36363636363636365,"left_hip_pitch_joint,left_hip_roll_joint,left_hip_yaw_joint,right_hip_pitch_joint,right_hip_yaw_joint,right_knee_joint,right_ankle_pitch_joint,waist_yaw_joint",0.0,0.0,0,pelvis,0.0,0.05940307,left_knee_link
31,0.62,0.18869540095329285,0.6675996103540314,-3.494012866919695,48.022180226200646,-102.93680103980753,1.704442,22.1181,1.4117358922958374,36.66775894165039,36.0,0.36363636363636365,"left_hip_pitch_joint,left_hip_roll_joint,left_hip_yaw_joint,left_knee_joint,left_ankle_pitch_joint,right_hip_roll_joint,right_knee_joint,waist_yaw_joint",89.001625,0.0,89.00162506103516,left_knee_link,89.001625,0.047126368,left_knee_link
32,0.64,0.18159575760364532,0.5384713934060237,21.0663646887023,54.757526878438505,-80.44020139512595,1.2671564,19.84274,1.3062856912612915,36.13134765625,36.0,0.36363636363636365,"left_hip_pitch_joint,left_hip_roll_joint,left_hip_yaw_joint,right_hip_pitch_joint,right_hip_yaw_joint,right_knee_joint,right_ankle_pitch_joint,right_shoulder_pitch_joint",0.0,0.0,0,pelvis,0.0,0.04752971,left_knee_link
33,0.66,0.18000584840774536,0.37809927012514777,18.546247886003574,66.4961404655977,-79.76625136414368,1.5590341,15.575586,1.391843318939209,36.14928436279297,36.0,0.36363636363636365,"left_hip_pitch_joint,left_hip_roll_joint,left_hip_yaw_joint,left_knee_joint,left_ankle_pitch_joint,right_hip_roll_joint,right_knee_joint,waist_yaw_joint",92.070206,0.0,44.56716537475586,left_ankle_roll_link,92.070206,0.04516779,left_knee_link
34,0.68,0.1329783797264099,0.37821088210106346,26.688982752409323,64.95617152663543,-84.49796697594547,2.6034663,19.020002,1.2724801301956177,36.225616455078125,36.0,0.3181818181818182,"left_hip_roll_joint,left_hip_yaw_joint,right_hip_pitch_joint,right_hip_yaw_joint,right_knee_joint,right_ankle_pitch_joint,right_shoulder_pitch_joint",0.0,0.0,0,pelvis,0.0,0.07405042,right_knee_link
35,0.7000000000000001,0.1253085881471634,0.2338759845569527,20.769889538639436,75.51471642934804,-81.30267818604675,0.60016495,25.410633,1.4098591804504395,36.39563751220703,36.0,0.3181818181818182,"left_hip_pitch_joint,left_knee_joint,left_ankle_pitch_joint,right_hip_pitch_joint,right_hip_roll_joint,right_knee_joint,waist_roll_joint",0.0,160.96268,160.96267700195312,right_knee_link,160.96268,0.040628903,right_knee_link
36,0.72,0.08200935274362564,0.19788069977719225,25.29915949053417,77.35714516083691,-84.12955964610137,3.0657642,17.78745,1.2877404689788818,36.24842834472656,36.0,0.36363636363636365,"left_hip_pitch_joint,left_hip_yaw_joint,left_knee_joint,right_hip_pitch_joint,right_hip_yaw_joint,right_knee_joint,right_ankle_pitch_joint,waist_roll_joint",0.0,0.0,0,pelvis,0.0,0.057788618,right_knee_link
37,0.74,0.06989444047212601,0.01260993797279042,-76.91784169381542,86.80634895654404,-176.39216605235185,0.37051532,20.916142,1.4261208772659302,36.32698059082031,36.0,0.3181818181818182,"left_hip_pitch_joint,left_knee_joint,left_ankle_pitch_joint,right_hip_pitch_joint,right_hip_roll_joint,right_knee_joint,waist_roll_joint",0.0,0.0,0,pelvis,0.0,0.035280127,left_elbow_link
38,0.76,0.03177279233932495,0.022642631357994603,-70.87842765202278,86.03639428846303,-173.30207546078208,1.3397962,13.719248,1.2332038879394531,36.08567428588867,36.0,0.36363636363636365,"left_hip_pitch_joint,left_hip_yaw_joint,left_knee_joint,left_ankle_pitch_joint,right_hip_pitch_joint,right_hip_yaw_joint,right_knee_joint,right_ankle_pitch_joint",0.0,0.0,993.6062622070312,torso_link,993.60626,-0.010608628,left_elbow_link
39,0.78,0.05603647232055664,-0.06773679076817452,-137.84902493403473,84.75791368877019,125.0921365069333,2.3333113,15.426992,1.4377743005752563,36.423736572265625,36.0,0.3181818181818182,"left_hip_pitch_joint,left_hip_yaw_joint,left_knee_joint,left_ankle_pitch_joint,right_hip_pitch_joint,right_hip_roll_joint,right_knee_joint",0.0,0.0,565.5075531005859,right_knee_link,386.58728,-0.0046512857,left_elbow_link
40,0.8,0.04225620999932289,-0.0026088725133490698,-92.39109149114793,86.4147014998229,170.94761779842239,1.8694075,13.656786,1.2138267755508423,36.3321647644043,36.0,0.4090909090909091,"left_hip_pitch_joint,left_hip_yaw_joint,left_knee_joint,left_ankle_pitch_joint,right_hip_pitch_joint,right_hip_yaw_joint,right_knee_joint,right_ankle_pitch_joint,waist_roll_joint",0.0,0.0,0,pelvis,0.0,0.0010162666,left_elbow_link
41,0.8200000000000001,0.050235047936439514,-0.06917254937603623,-110.46278791950513,78.5880195853288,157.9067409098878,1.4487538,10.901753,1.464870810508728,36.02180480957031,36.0,0.22727272727272727,"left_hip_pitch_joint,left_ankle_pitch_joint,right_hip_pitch_joint,right_hip_roll_joint,right_knee_joint",0.0,0.0,0,pelvis,0.0,0.013493814,left_elbow_link
42,0.84,0.03320517763495445,0.0011666547374584724,-89.47644556868745,82.66463961606081,-170.7997020973965,1.0546937,9.262414,0.9150242328643798,36.56260681152344,36.0,0.3181818181818182,"left_hip_yaw_joint,left_knee_joint,left_ankle_pitch_joint,right_hip_pitch_joint,right_hip_yaw_joint,right_knee_joint,right_ankle_pitch_joint",0.0,0.0,166.6341552734375,torso_link,166.63416,0.0058704615,left_elbow_link
43,0.86,0.053222667425870895,-0.010299635873211699,-92.23053067149239,74.65477163266084,175.21321271964976,1.8254024,16.758167,1.462145447731018,36.46199417114258,36.0,0.3181818181818182,"left_hip_pitch_joint,left_hip_roll_joint,left_hip_yaw_joint,left_ankle_pitch_joint,right_hip_pitch_joint,right_hip_roll_joint,right_knee_joint",0.0,0.0,341.608154296875,right_knee_link,341.60815,0.017325856,left_elbow_link
44,0.88,0.048179011791944504,-0.027107987516219012,-97.20769675693572,77.5224253470639,-167.57008081430638,1.2561816,14.756977,0.8572372198104858,34.31222152709961,36.0,0.45454545454545453,"left_hip_roll_joint,left_hip_yaw_joint,left_knee_joint,left_ankle_pitch_joint,right_hip_pitch_joint,right_hip_yaw_joint,right_knee_joint,right_ankle_pitch_joint,waist_roll_joint,waist_yaw_joint",0.0,0.0,0,pelvis,0.0,0.029919595,left_elbow_link
45,0.9,0.08678919076919556,-0.10292998159326316,-106.08028166542326,68.18505442598868,166.1269672175538,2.2173364,14.326796,1.1915085315704346,34.89573287963867,36.0,0.2727272727272727,"left_hip_pitch_joint,left_hip_roll_joint,left_knee_joint,right_hip_pitch_joint,right_knee_joint,waist_yaw_joint",0.0,0.0,729.1665649414062,right_knee_link,729.16656,0.03632691,left_shoulder_roll_link
46,0.92,0.0764523297548294,-0.14613133055155636,-113.204820861061,68.23047138803248,178.44842313248463,1.7456044,23.003027,0.7906700372695923,36.279029846191406,36.0,0.5,"left_hip_pitch_joint,left_hip_roll_joint,left_hip_yaw_joint,left_knee_joint,right_hip_pitch_joint,right_hip_roll_joint,right_hip_yaw_joint,right_knee_joint,right_ankle_pitch_joint,waist_roll_joint,waist_yaw_joint",0.0,0.0,0,pelvis,0.0,0.030203082,left_shoulder_roll_link
47,0.9400000000000001,0.09330467134714127,-0.18006153726332919,-125.0203835134275,71.7134967162766,153.71837582195434,1.8548272,19.617409,0.8951766490936279,36.035037994384766,36.0,0.4090909090909091,"left_hip_pitch_joint,left_hip_roll_joint,left_hip_yaw_joint,left_knee_joint,left_ankle_pitch_joint,right_hip_pitch_joint,right_knee_joint,waist_roll_joint,left_shoulder_pitch_joint",0.0,0.0,0,pelvis,0.0,0.03523916,left_shoulder_roll_link
48,0.96,0.07405433058738708,-0.1503947771995886,-128.37768563858455,75.9810004278222,160.32087459421246,2.1148033,17.412607,0.659608781337738,36.4298210144043,36.0,0.45454545454545453,"left_hip_pitch_joint,left_hip_roll_joint,left_hip_yaw_joint,left_knee_joint,left_ankle_pitch_joint,right_hip_pitch_joint,right_hip_yaw_joint,right_knee_joint,right_ankle_pitch_joint,waist_roll_joint",0.0,0.0,0,pelvis,0.0,0.032159694,left_shoulder_roll_link
49,0.98,0.09123748540878296,-0.25532822050810644,-162.93996558239144,74.5094327030209,118.80118959850931,1.7598084,15.879332,1.064337968826294,35.31429672241211,36.0,0.36363636363636365,"left_hip_pitch_joint,left_hip_roll_joint,left_knee_joint,left_ankle_pitch_joint,right_hip_pitch_joint,right_hip_yaw_joint,right_knee_joint,waist_roll_joint",0.0,0.0,1866.6448211669922,torso_link,1771.0801,0.017436296,right_shoulder_roll_link
50,1.0,0.07046931982040405,-0.1709092677794306,-157.86153268831535,79.36724184879013,129.71817884665447,2.1899412,17.452066,0.9927757978439331,36.279815673828125,36.0,0.4090909090909091,"left_hip_pitch_joint,left_hip_roll_joint,left_hip_yaw_joint,left_knee_joint,left_ankle_pitch_joint,right_hip_pitch_joint,right_hip_yaw_joint,right_knee_joint,right_ankle_pitch_joint",0.0,0.0,0,pelvis,0.0,0.023962703,right_shoulder_roll_link
51,1.02,0.07809161394834518,-0.19217332976125512,-134.74923980212031,74.1588698147527,145.28934139580707,1.996155,18.522934,1.0310933113098144,35.66819381713867,36.0,0.3181818181818182,"left_hip_pitch_joint,left_hip_roll_joint,left_knee_joint,left_ankle_pitch_joint,right_hip_pitch_joint,right_hip_yaw_joint,right_knee_joint",0.0,0.0,214.01316833496094,left_knee_link,146.11691,0.020287795,left_shoulder_roll_link
52,1.04,0.056230656802654266,-0.12168776811344095,-123.89412083069186,77.39599685213875,165.5397515795559,2.1248775,21.71356,0.8527200937271118,35.86429214477539,36.0,0.45454545454545453,"left_hip_pitch_joint,left_hip_roll_joint,left_hip_yaw_joint,left_knee_joint,left_ankle_pitch_joint,right_hip_pitch_joint,right_hip_yaw_joint,right_knee_joint,right_ankle_pitch_joint,waist_roll_joint",0.0,0.0,0,pelvis,0.0,0.02142797,left_shoulder_roll_link
53,1.06,0.07373783737421036,-0.19362013498605535,145.90570376171743,76.47860900567932,66.31351381149607,2.4871185,24.944818,0.9519673109054565,35.97221755981445,36.0,0.3181818181818182,"left_hip_pitch_joint,left_hip_roll_joint,left_hip_yaw_joint,left_ankle_pitch_joint,right_hip_pitch_joint,right_knee_joint,waist_roll_joint",0.0,0.0,1674.9258117675781,torso_link,1492.1284,0.022022478,right_shoulder_roll_link
54,1.08,0.07329916208982468,-0.1934672497684975,-159.15626609007685,78.05251136888853,130.00170060875118,1.4712305,25.703693,0.5989739298820496,36.30941390991211,36.0,0.4090909090909091,"left_hip_pitch_joint,left_hip_roll_joint,left_hip_yaw_joint,left_knee_joint,left_ankle_pitch_joint,right_hip_pitch_joint,right_hip_roll_joint,right_knee_joint,right_ankle_pitch_joint",0.0,0.0,0,pelvis,0.0,0.017185913,right_shoulder_roll_link
55,1.1,0.10694034397602081,-0.31018063646292404,148.7681177623509,68.73070636637132,65.70481805661478,2.0023992,29.204418,0.9935823202133178,36.448482513427734,36.0,0.5,"left_hip_pitch_joint,left_hip_roll_joint,left_hip_yaw_joint,left_knee_joint,left_ankle_pitch_joint,right_hip_pitch_joint,right_hip_roll_joint,right_hip_yaw_joint,right_knee_joint,waist_roll_joint,waist_yaw_joint",0.0,0.0,0,pelvis,0.0,0.008066397,right_shoulder_roll_link
56,1.12,0.10463720560073853,-0.28211961749676817,175.5269130262042,73.56173731776217,96.68776997057341,1.4720534,22.577461,0.8620910167694091,36.467742919921875,36.0,0.5454545454545454,"left_hip_pitch_joint,left_hip_roll_joint,left_hip_yaw_joint,left_knee_joint,left_ankle_pitch_joint,right_hip_pitch_joint,right_hip_roll_joint,right_hip_yaw_joint,right_knee_joint,right_ankle_pitch_joint,waist_yaw_joint,left_shoulder_roll_joint",0.0,0.0,49.61882400512695,torso_link,49.618824,5.815178e-05,right_shoulder_roll_link
57,1.1400000000000001,0.12009499967098236,-0.3485738859205654,132.37876246818087,58.85872470955477,54.75232691627233,1.5598752,24.048275,0.9505198717117309,36.369083404541016,36.0,0.4090909090909091,"left_hip_pitch_joint,left_hip_roll_joint,left_hip_yaw_joint,left_knee_joint,left_ankle_pitch_joint,right_hip_pitch_joint,right_hip_roll_joint,right_hip_yaw_joint,waist_yaw_joint",0.0,0.0,0,pelvis,0.0,4.0261075e-06,right_shoulder_roll_link
58,1.16,0.12000280618667603,-0.35306357148070333,146.5689453184015,64.97212250939744,68.92637143221746,1.1457334,16.894083,0.8583418846130371,35.94210433959961,36.0,0.45454545454545453,"left_hip_pitch_joint,left_hip_roll_joint,left_hip_yaw_joint,left_knee_joint,left_ankle_pitch_joint,right_hip_pitch_joint,right_hip_yaw_joint,right_knee_joint,right_ankle_pitch_joint,waist_yaw_joint",0.0,0.0,266.8294677734375,torso_link,266.82947,-0.008956514,right_shoulder_roll_link
59,1.18,0.1105901226401329,-0.3123750700489101,120.53396433724592,52.058821026106926,43.19216618432739,0.59340906,20.167875,0.8872965216636658,36.01197814941406,36.0,0.3181818181818182,"left_hip_roll_joint,left_hip_yaw_joint,left_knee_joint,left_ankle_pitch_joint,right_hip_roll_joint,right_hip_yaw_joint,waist_yaw_joint",0.0,0.0,0,pelvis,0.0,-0.0037208088,right_shoulder_roll_link
60,1.2,0.09210977703332901,-0.2548914960609423,127.38052211060098,65.17505459940807,44.575537831742366,1.306111,22.290771,0.6249701380729675,36.47542190551758,36.0,0.4090909090909091,"left_hip_pitch_joint,left_hip_roll_joint,left_hip_yaw_joint,left_knee_joint,left_ankle_pitch_joint,right_hip_yaw_joint,right_knee_joint,right_ankle_pitch_joint,waist_yaw_joint",0.0,0.0,0,pelvis,0.0,-0.0075698905,right_shoulder_roll_link
61,1.22,0.09933585673570633,-0.1736606642629468,106.56064248974673,52.46316954503789,38.950803863228764,1.4020307,27.453241,0.9833748579025269,36.012489318847656,36.0,0.36363636363636365,"left_hip_roll_joint,left_hip_yaw_joint,left_knee_joint,left_ankle_pitch_joint,right_hip_pitch_joint,right_hip_yaw_joint,right_knee_joint,waist_yaw_joint",0.0,0.0,2008.971923828125,left_knee_link,1347.6167,0.0074240034,right_shoulder_roll_link
62,1.24,0.09180334210395813,-0.21702237854965034,113.99296240710045,57.7430528099696,39.460551739758095,1.262947,21.661068,0.7372504115104676,33.254947662353516,36.0,0.5454545454545454,"left_hip_pitch_joint,left_hip_roll_joint,left_hip_yaw_joint,left_knee_joint,left_ankle_pitch_joint,right_hip_pitch_joint,right_hip_roll_joint,right_hip_yaw_joint,right_knee_joint,right_ankle_pitch_joint,waist_roll_joint,waist_yaw_joint",0.0,0.0,2478.908447265625,torso_link,2478.9084,-0.0016371701,right_shoulder_roll_link
63,1.26,0.09400037676095963,-0.10376009911826856,98.61259891538914,46.14177949138389,30.528165578509576,1.0793916,14.786518,1.1144187450408936,32.547061920166016,36.0,0.22727272727272727,"left_hip_roll_joint,left_knee_joint,left_ankle_pitch_joint,right_hip_yaw_joint,right_knee_joint",0.0,0.0,500.16058349609375,right_knee_link,500.16058,0.021815939,right_shoulder_roll_link
64,1.28,0.09185680001974106,-0.2234726424386011,114.41513267167177,57.272487236012324,34.51782383610122,1.4541101,23.025335,0.7754581212997437,36.592708587646484,36.0,0.4090909090909091,"left_hip_pitch_joint,left_hip_roll_joint,left_hip_yaw_joint,left_knee_joint,left_ankle_pitch_joint,right_hip_yaw_joint,right_knee_joint,right_ankle_pitch_joint,waist_yaw_joint",0.0,0.0,0,pelvis,0.0,0.014155213,right_shoulder_roll_link
65,1.3,0.09395492821931839,-0.16853768482440223,104.37523385853687,47.246545886287336,31.89757961091452,1.5841181,26.604313,1.1331549882888794,35.92887496948242,36.0,0.3181818181818182,"left_hip_roll_joint,left_knee_joint,left_ankle_pitch_joint,right_hip_yaw_joint,right_knee_joint,waist_roll_joint,waist_yaw_joint",0.0,0.0,167.2381591796875,left_knee_link,167.23816,0.02741181,right_shoulder_roll_link
66,1.32,0.0848882794380188,-0.2371134376102706,112.17706383704406,51.08515573565921,30.591009022890955,1.9762211,26.81714,0.7621791362762451,36.57347106933594,36.0,0.5454545454545454,"left_hip_pitch_joint,left_hip_roll_joint,left_hip_yaw_joint,left_knee_joint,left_ankle_pitch_joint,right_hip_pitch_joint,right_hip_roll_joint,right_hip_yaw_joint,right_knee_joint,right_ankle_pitch_joint,waist_roll_joint,waist_yaw_joint",0.0,0.0,0,pelvis,0.0,0.014193941,right_shoulder_roll_link
67,1.34,0.08392883092164993,-0.16263785417025112,102.03389185195351,38.732639210976245,24.54576441509947,1.9978297,22.140121,1.2509684562683105,36.573631286621094,36.0,0.22727272727272727,"left_hip_roll_joint,left_knee_joint,left_ankle_pitch_joint,right_hip_yaw_joint,waist_roll_joint",0.0,0.0,600.2361450195312,right_hip_yaw_link,600.23615,0.017437167,right_hip_roll_link
68,1.36,0.09583531320095062,-0.2776107639252956,116.53831291811474,51.58619293675691,33.751581012971194,0.7453195,30.165989,0.9177269339561462,36.49506759643555,36.0,0.45454545454545453,"left_hip_pitch_joint,left_hip_roll_joint,left_hip_yaw_joint,left_knee_joint,left_ankle_pitch_joint,right_hip_yaw_joint,right_knee_joint,right_ankle_pitch_joint,waist_roll_joint,waist_yaw_joint",0.0,0.0,186.10618591308594,torso_link,186.10619,0.012765139,right_shoulder_roll_link
69,1.3800000000000001,0.11380143463611603,-0.2536874416349395,112.24508638284183,47.92353923587768,34.06496970088966,2.1803722,23.068193,1.2888426780700684,36.47895050048828,36.0,0.3181818181818182,"left_hip_roll_joint,left_knee_joint,left_ankle_pitch_joint,right_hip_roll_joint,right_hip_yaw_joint,right_knee_joint,waist_roll_joint",0.0,0.0,0,pelvis,0.0,0.0059755556,left_shoulder_roll_link
70,1.4000000000000001,0.10988237708806992,-0.2723497264456469,121.12545210865363,58.2053586416487,37.9807978263008,1.9155586,27.665277,1.0328965187072754,36.513328552246094,36.0,0.45454545454545453,"left_hip_pitch_joint,left_hip_roll_joint,left_hip_yaw_joint,left_knee_joint,left_ankle_pitch_joint,right_hip_yaw_joint,right_knee_joint,right_ankle_pitch_joint,waist_roll_joint,waist_yaw_joint",0.0,0.0,0,pelvis,0.0,0.022506952,left_shoulder_roll_link
71,1.42,0.11682598292827606,-0.22340498209531745,114.87631516799526,57.92147698269106,38.01901404432443,2.16925,23.206173,1.0804048299789428,36.47087478637695,36.0,0.2727272727272727,"left_knee_joint,left_ankle_pitch_joint,right_hip_pitch_joint,right_hip_yaw_joint,right_knee_joint,waist_roll_joint",0.0,0.0,0,pelvis,0.0,0.0016865116,left_shoulder_roll_link
72,1.44,0.10331293195486069,-0.2541469445351652,146.17334993167879,72.18561745445061,57.282560940005624,2.2148879,24.90133,0.713342261314392,36.317604064941406,36.0,0.5,"left_hip_pitch_joint,left_hip_roll_joint,left_hip_yaw_joint,left_knee_joint,left_ankle_pitch_joint,right_hip_pitch_joint,right_hip_yaw_joint,right_knee_joint,right_ankle_pitch_joint,waist_roll_joint,waist_yaw_joint",0.0,0.0,0,pelvis,0.0,0.019498967,left_shoulder_roll_link
73,1.46,0.09972290694713593,-0.22192968536015378,116.48653307462547,60.15775369635281,34.83011622554034,1.7964009,27.101885,1.1600098133087158,36.44999694824219,36.0,0.4090909090909091,"left_hip_pitch_joint,left_hip_yaw_joint,left_knee_joint,left_ankle_pitch_joint,right_hip_yaw_joint,right_knee_joint,waist_roll_joint,waist_yaw_joint,right_shoulder_pitch_joint",0.0,0.0,0,pelvis,0.0,-0.00493972,left_shoulder_roll_link
74,1.48,0.07806616276502609,-0.16247899353697903,122.01102575759093,72.15056270649518,43.21658079552685,2.7723782,21.289797,0.9163540124893188,36.44203186035156,36.0,0.5,"left_hip_pitch_joint,left_hip_roll_joint,left_hip_yaw_joint,left_knee_joint,left_ankle_pitch_joint,right_hip_pitch_joint,right_hip_yaw_joint,right_knee_joint,right_ankle_pitch_joint,waist_roll_joint,waist_yaw_joint",0.0,0.0,0,pelvis,0.0,0.010967391,left_shoulder_roll_link
75,1.5,0.07398606836795807,-0.12562037471407628,104.75818632644538,60.453363430990294,24.848364980231338,1.961534,26.47692,1.2111641883850097,35.6169319152832,36.0,0.36363636363636365,"left_hip_pitch_joint,left_hip_roll_joint,left_knee_joint,left_ankle_pitch_joint,right_hip_pitch_joint,right_hip_yaw_joint,right_knee_joint,right_shoulder_pitch_joint",0.0,0.0,1093.9197311401367,torso_link,497.13217,0.0016253265,left_shoulder_roll_link
76,1.52,0.06800523400306702,-0.10028195466476575,107.9453991486931,71.00568819155349,25.46268805897364,1.6502169,22.372305,0.928446364402771,36.459232330322266,36.0,0.45454545454545453,"left_hip_pitch_joint,left_hip_roll_joint,left_hip_yaw_joint,left_knee_joint,left_ankle_pitch_joint,right_hip_yaw_joint,right_knee_joint,right_ankle_pitch_joint,waist_roll_joint,waist_yaw_joint",0.0,0.0,0,pelvis,0.0,0.012692288,left_elbow_link
77,1.54,0.09059059619903564,-0.17526865611217346,108.74394964359901,56.945857172022286,25.535704046609204,2.6248114,25.229239,1.27541024684906,36.39919662475586,36.0,0.36363636363636365,"left_hip_pitch_joint,left_hip_roll_joint,left_knee_joint,left_ankle_pitch_joint,right_hip_pitch_joint,right_hip_yaw_joint,right_knee_joint,waist_yaw_joint",0.0,0.0,0,pelvis,0.0,0.012936799,left_shoulder_roll_link
78,1.56,0.09245893359184265,-0.20250998677590282,115.4570889802687,61.89205544387815,33.59271938963965,1.762273,18.779001,1.1879817962646484,36.1107292175293,36.0,0.5454545454545454,"left_hip_pitch_joint,left_hip_roll_joint,left_hip_yaw_joint,left_knee_joint,left_ankle_pitch_joint,right_hip_pitch_joint,right_hip_roll_joint,right_hip_yaw_joint,right_knee_joint,right_ankle_pitch_joint,waist_yaw_joint,right_shoulder_roll_joint",0.0,0.0,0,pelvis,0.0,0.02593486,left_shoulder_roll_link
79,1.58,0.09125479310750961,-0.26043675483573026,116.63819112009399,54.488117164045406,27.00084638744973,1.3299532,21.389738,0.9106837034225463,36.16069030761719,36.0,0.18181818181818182,"left_hip_roll_joint,left_ankle_pitch_joint,right_hip_yaw_joint,right_knee_joint",0.0,0.0,636.6621704101562,torso_link,636.6622,0.01049711,left_shoulder_roll_link
80,1.6,0.07005039602518082,-0.12987229497356623,108.77889431136771,66.20697476356068,21.70869646342718,1.8553399,22.426804,0.3872605264186859,36.441585540771484,36.0,0.45454545454545453,"left_hip_roll_joint,left_hip_yaw_joint,left_knee_joint,left_ankle_pitch_joint,right_hip_pitch_joint,right_hip_roll_joint,right_hip_yaw_joint,right_knee_joint,right_ankle_pitch_joint,waist_yaw_joint",0.0,0.0,0,pelvis,0.0,0.033297654,right_shoulder_roll_link
81,1.62,0.08712751418352127,-0.18475348538188996,106.07262684208779,48.1388181367871,18.19779365601731,2.2716196,24.78056,0.940109133720398,36.398826599121094,36.0,0.36363636363636365,"left_hip_pitch_joint,left_hip_roll_joint,left_hip_yaw_joint,left_knee_joint,right_hip_pitch_joint,right_hip_roll_joint,right_hip_yaw_joint,right_knee_joint",0.0,0.0,783.3037261962891,right_knee_link,528.89325,0.024442594,right_hip_yaw_link
82,1.6400000000000001,0.08863513171672821,-0.19743587730938295,110.30275573801403,55.318721151312054,24.902701295757726,1.3688477,17.440361,0.6038307666778564,36.51116943359375,36.0,0.5,"left_hip_pitch_joint,left_hip_roll_joint,left_hip_yaw_joint,left_knee_joint,left_ankle_pitch_joint,right_hip_pitch_joint,right_hip_roll_joint,right_hip_yaw_joint,right_knee_joint,right_ankle_pitch_joint,waist_yaw_joint",0.0,0.0,0,pelvis,0.0,0.01668011,right_shoulder_roll_link
83,1.6600000000000001,0.10332579910755157,-0.22906378477501654,107.44199630976284,40.1634330064229,24.436501562215923,1.6894377,22.819078,1.0442978143692017,36.355003356933594,36.0,0.36363636363636365,"left_hip_roll_joint,left_knee_joint,left_ankle_pitch_joint,right_hip_pitch_joint,right_hip_roll_joint,right_hip_yaw_joint,right_knee_joint,waist_yaw_joint",0.0,0.0,0,pelvis,0.0,0.014084245,right_shoulder_roll_link
84,1.68,0.10304126143455505,-0.30194727022376355,114.14670870939122,42.42823284731814,25.614872849356534,1.1928554,17.996881,0.8436026096343994,36.29507064819336,36.0,0.45454545454545453,"left_hip_pitch_joint,left_hip_roll_joint,left_hip_yaw_joint,left_knee_joint,left_ankle_pitch_joint,right_hip_pitch_joint,right_hip_yaw_joint,right_knee_joint,right_ankle_pitch_joint,waist_yaw_joint",0.0,0.0,310.4245300292969,torso_link,310.42453,0.004342721,right_shoulder_roll_link
85,1.7,0.11219688504934311,-0.24704775612193686,110.38918943764794,44.83809131339,26.72695166205333,1.8045589,16.393557,0.9446067333221435,36.30550003051758,36.0,0.2727272727272727,"left_knee_joint,left_ankle_pitch_joint,right_hip_pitch_joint,right_hip_yaw_joint,right_knee_joint,waist_roll_joint",0.0,0.0,0,pelvis,0.0,0.01604331,right_shoulder_roll_link
86,1.72,0.09319591522216797,-0.18293910384667278,115.0322248733212,64.38325617644077,30.755289673176918,2.3256009,23.224962,0.6357139468193054,36.348384857177734,36.0,0.5,"left_hip_pitch_joint,left_hip_roll_joint,left_hip_yaw_joint,left_knee_joint,left_ankle_pitch_joint,right_hip_pitch_joint,right_hip_yaw_joint,right_knee_joint,right_ankle_pitch_joint,waist_roll_joint,waist_yaw_joint",0.0,0.0,0,pelvis,0.0,0.009806305,right_shoulder_roll_link
87,1.74,0.10096031427383423,-0.1870173807635087,108.97296435518444,54.88480586174401,26.28642024072029,1.8231803,19.90523,1.0574837446212768,36.495853424072266,36.0,0.36363636363636365,"left_hip_pitch_joint,left_hip_yaw_joint,left_knee_joint,left_ankle_pitch_joint,right_hip_pitch_joint,right_hip_yaw_joint,right_knee_joint,waist_yaw_joint",0.0,0.0,0,pelvis,0.0,0.021059083,right_shoulder_roll_link
88,1.76,0.0877116397023201,-0.16778079994089978,112.1533464909068,63.58055101462219,30.64347005819318,2.2849329,17.24161,0.9033708095550537,36.353431701660156,36.0,0.45454545454545453,"left_hip_pitch_joint,left_hip_roll_joint,left_hip_yaw_joint,left_knee_joint,left_ankle_pitch_joint,right_hip_roll_joint,right_hip_yaw_joint,right_knee_joint,right_ankle_pitch_joint,waist_yaw_joint",0.0,0.0,0,pelvis,0.0,0.005083563,right_shoulder_roll_link
89,1.78,0.08989759534597397,-0.15058705065558797,103.99138325660799,51.47638340227011,22.71355629030539,1.585731,19.7536,1.19415385723114,36.370567321777344,36.0,0.36363636363636365,"left_hip_roll_joint,left_hip_yaw_joint,left_knee_joint,left_ankle_pitch_joint,right_hip_pitch_joint,right_hip_yaw_joint,right_knee_joint,waist_yaw_joint",0.0,0.0,0,pelvis,0.0,0.016565254,right_shoulder_roll_link
90,1.8,0.0798417180776596,-0.12438264488302231,103.30713266562623,57.28962569790024,23.779166840002944,1.6548033,15.153835,1.2274536609649658,36.03202819824219,36.0,0.45454545454545453,"left_hip_pitch_joint,left_hip_roll_joint,left_hip_yaw_joint,left_knee_joint,left_ankle_pitch_joint,right_hip_roll_joint,right_hip_yaw_joint,right_knee_joint,right_ankle_pitch_joint,waist_yaw_joint",0.0,0.0,320.3872375488281,right_hip_yaw_link,160.19362,0.008666827,right_shoulder_roll_link
91,1.82,0.06272292137145996,-0.1401077767180201,108.95604788582311,64.4493276592656,17.12051892373744,0.8428564,12.687484,0.8355984210968017,36.026771545410156,36.0,0.18181818181818182,"right_hip_pitch_joint,right_hip_roll_joint,right_hip_yaw_joint,right_knee_joint",0.0,0.0,0,pelvis,0.0,0.027268613,right_hip_roll_link
92,1.84,0.06938788294792175,-0.1413495105026783,144.18992125270313,79.96213208716519,63.26572430388074,0.6478263,27.289059,0.8075025796890258,35.16399002075195,36.0,0.4090909090909091,"left_hip_roll_joint,left_hip_yaw_joint,left_knee_joint,left_ankle_pitch_joint,right_hip_roll_joint,right_hip_yaw_joint,right_knee_joint,right_ankle_pitch_joint,waist_yaw_joint",0.0,0.0,741.7437744140625,left_knee_link,500.90298,0.018357895,right_shoulder_roll_link
93,1.86,0.047163136303424835,-0.08138102410593184,108.46826906468003,75.11375063583075,18.621208012699128,1.389306,25.047146,0.5096588134765625,36.03117370605469,36.0,0.36363636363636365,"left_hip_roll_joint,left_hip_yaw_joint,left_knee_joint,left_ankle_pitch_joint,right_hip_roll_joint,right_hip_yaw_joint,waist_roll_joint,waist_yaw_joint",0.0,0.0,1076.1424560546875,pelvis,538.0712,0.025608117,left_shoulder_roll_link
94,1.8800000000000001,0.06277813017368317,-0.10916057315305494,172.10559639328585,83.67292416589304,80.96225687633472,1.2382629,18.57064,0.6402315020561218,35.90278625488281,36.0,0.5454545454545454,"left_hip_pitch_joint,left_hip_roll_joint,left_hip_yaw_joint,left_knee_joint,left_ankle_pitch_joint,right_hip_pitch_joint,right_hip_roll_joint,right_hip_yaw_joint,right_knee_joint,right_ankle_pitch_joint,waist_roll_joint,waist_yaw_joint",0.0,0.0,1693.2361450195312,right_knee_link,878.04315,0.016764566,right_elbow_link
95,1.9000000000000001,0.03683548420667648,-0.007917217976604718,93.10967826845975,81.60789799083476,2.2005846063267738,1.4769666,12.485212,0.6203488707542419,36.02585220336914,36.0,0.36363636363636365,"left_hip_pitch_joint,left_hip_yaw_joint,left_knee_joint,left_ankle_pitch_joint,right_hip_pitch_joint,right_hip_yaw_joint,right_knee_joint,waist_yaw_joint",0.0,0.0,0,pelvis,0.0,0.024596408,right_elbow_link
96,1.92,0.05462169647216797,-0.11211853625036383,-131.69957210606614,80.29694188337722,145.39312280961622,1.2422134,23.335182,0.5336371183395385,36.019203186035156,36.0,0.45454545454545453,"left_hip_pitch_joint,left_hip_roll_joint,left_hip_yaw_joint,left_knee_joint,left_ankle_pitch_joint,right_hip_pitch_joint,right_hip_yaw_joint,right_knee_joint,right_ankle_pitch_joint,waist_yaw_joint",0.0,0.0,0,pelvis,0.0,0.0122426,right_elbow_link
97,1.94,0.031132617965340614,-0.016108573369210788,101.71098662574727,85.44806531085757,10.986281446694255,0.43048865,16.931185,0.510423481464386,34.871883392333984,36.0,0.5454545454545454,"left_hip_pitch_joint,left_hip_roll_joint,left_hip_yaw_joint,left_knee_joint,left_ankle_pitch_joint,right_hip_pitch_joint,right_hip_roll_joint,right_hip_yaw_joint,right_knee_joint,right_ankle_pitch_joint,waist_roll_joint,waist_yaw_joint",0.0,0.0,4600.3701171875,pelvis,4600.37,0.020446248,right_elbow_link
98,1.96,0.07138533145189285,-0.15837861079758397,-124.94801541553655,73.94960355571364,147.43650779792813,2.2095263,26.729328,0.5108953237533569,36.046470642089844,36.0,0.4090909090909091,"left_hip_pitch_joint,left_hip_roll_joint,left_hip_yaw_joint,left_knee_joint,left_ankle_pitch_joint,right_hip_roll_joint,right_hip_yaw_joint,right_ankle_pitch_joint,waist_roll_joint",0.0,0.0,0,pelvis,0.0,0.018459477,right_elbow_link
99,1.98,0.06710905581712723,-0.1552598553322042,-159.62097532092008,80.46631665658322,109.45749840501973,1.1091797,23.754545,0.4151465594768524,35.63874053955078,36.0,0.5,"left_hip_pitch_joint,left_hip_roll_joint,left_hip_yaw_joint,left_knee_joint,left_ankle_pitch_joint,right_hip_pitch_joint,right_hip_roll_joint,right_hip_yaw_joint,right_knee_joint,right_ankle_pitch_joint,waist_yaw_joint",0.0,52.60154,25.51669692993164,right_ankle_roll_link,52.60154,0.024729852,left_shoulder_roll_link
100,2.0,0.08303268998861313,-0.22579960827506795,-132.80105605508876,70.5900677941258,134.5170847097523,1.0639572,17.442894,0.5950259208679199,31.262798309326172,36.0,0.4090909090909091,"left_hip_pitch_joint,left_hip_roll_joint,left_hip_yaw_joint,left_knee_joint,left_ankle_pitch_joint,right_hip_roll_joint,right_hip_yaw_joint,right_ankle_pitch_joint,waist_yaw_joint",0.0,0.0,3112.0802001953125,left_knee_link,1873.851,0.01176345,right_shoulder_roll_link
101,2.02,0.06410259753465652,-0.15380710985909474,-172.65524427693393,81.0785831995676,92.91697186350164,1.270816,20.698416,0.431934118270874,36.12153625488281,36.0,0.4090909090909091,"left_hip_pitch_joint,left_hip_yaw_joint,left_knee_joint,right_hip_pitch_joint,right_hip_roll_joint,right_hip_yaw_joint,right_knee_joint,right_ankle_pitch_joint,waist_yaw_joint",0.0,170.20256,113.99565124511719,right_ankle_roll_link,170.20256,0.02123156,right_shoulder_roll_link
102,2.04,0.0838753953576088,-0.24224560596611155,-130.0542174920036,67.88648233799248,131.3094752549438,1.406838,19.609453,0.5929631233215332,36.55668640136719,36.0,0.45454545454545453,"left_hip_pitch_joint,left_hip_yaw_joint,left_knee_joint,left_ankle_pitch_joint,right_hip_pitch_joint,right_hip_roll_joint,right_hip_yaw_joint,right_knee_joint,right_ankle_pitch_joint,waist_yaw_joint",0.0,0.0,89.50878143310547,torso_link,89.50878,0.011129502,right_shoulder_roll_link
103,2.06,0.06623435765504837,-0.17396230931482393,-154.13728530004104,78.8530533362576,106.07403430915943,1.4356598,18.713675,0.42411676049232483,36.075748443603516,36.0,0.45454545454545453,"left_hip_pitch_joint,left_hip_yaw_joint,left_knee_joint,left_ankle_pitch_joint,right_hip_pitch_joint,right_hip_roll_joint,right_hip_yaw_joint,right_knee_joint,right_ankle_pitch_joint,waist_yaw_joint",0.0,0.0,41.80921173095703,torso_link,41.80921,0.021700433,right_shoulder_roll_link
104,2.08,0.08169681578874588,-0.2314071562181894,-118.66660231092659,61.15850701432747,133.9408958026443,1.2883209,23.877148,0.6483155727386475,36.48358917236328,36.0,0.45454545454545453,"left_hip_pitch_joint,left_hip_yaw_joint,left_knee_joint,left_ankle_pitch_joint,right_hip_pitch_joint,right_hip_roll_joint,right_hip_yaw_joint,right_knee_joint,right_ankle_pitch_joint,waist_yaw_joint",0.0,0.0,0,pelvis,0.0,0.015909884,right_shoulder_roll_link
105,2.1,0.06340091675519943,-0.18602014417579227,-122.43319927039335,69.70537196588093,132.9483732688309,1.3812256,14.889003,0.42274558544158936,36.010154724121094,36.0,0.45454545454545453,"left_hip_pitch_joint,left_hip_yaw_joint,left_knee_joint,left_ankle_pitch_joint,right_hip_pitch_joint,right_hip_roll_joint,right_hip_yaw_joint,right_knee_joint,right_ankle_pitch_joint,waist_yaw_joint",0.0,0.0,200.07061767578125,torso_link,200.07062,0.021472301,left_shoulder_roll_link
106,2.12,0.07695502042770386,-0.1502899347002682,-104.02481310230273,51.672471795421096,140.06710202375075,2.2244787,18.77199,0.7392431735992432,36.511322021484375,36.0,0.36363636363636365,"left_hip_pitch_joint,left_hip_yaw_joint,left_knee_joint,left_ankle_pitch_joint,right_hip_pitch_joint,right_hip_yaw_joint,right_knee_joint,right_ankle_pitch_joint",0.0,0.0,2367.0139770507812,left_hip_yaw_link,1605.2295,0.019621145,left_hip_roll_link
107,2.14,0.07729986310005188,-0.20035965247698329,-115.84596997647205,62.63937523396628,135.6344799832788,1.0758924,16.561064,0.4957374036312103,36.090904235839844,36.0,0.45454545454545453,"left_hip_pitch_joint,left_hip_yaw_joint,left_knee_joint,left_ankle_pitch_joint,right_hip_pitch_joint,right_hip_roll_joint,right_hip_yaw_joint,right_knee_joint,right_ankle_pitch_joint,waist_yaw_joint",0.0,0.0,0,pelvis,0.0,0.015805,left_shoulder_roll_link
108,2.16,0.09243778139352798,-0.11380720718609894,-99.98490017324367,48.97633544365442,134.11799937129234,1.5603062,26.41939,0.8911324977874756,36.06464767456055,36.0,0.4090909090909091,"left_hip_pitch_joint,left_hip_yaw_joint,left_knee_joint,left_ankle_pitch_joint,right_hip_pitch_joint,right_hip_yaw_joint,right_knee_joint,right_ankle_pitch_joint,waist_yaw_joint",0.0,0.0,0,pelvis,0.0,0.020598564,left_shoulder_roll_link
109,2.18,0.08286384493112564,-0.1581476248339655,-105.74686765413682,54.356745905447,133.46339389959454,1.2231894,15.520999,0.5255460977554322,36.09382247924805,36.0,0.45454545454545453,"left_hip_pitch_joint,left_hip_roll_joint,left_hip_yaw_joint,left_knee_joint,left_ankle_pitch_joint,right_hip_pitch_joint,right_hip_yaw_joint,right_knee_joint,waist_roll_joint,waist_yaw_joint",0.0,0.0,1288.4400634765625,torso_link,1288.4401,-0.0017832406,left_shoulder_roll_link
110,2.2,0.10234009474515915,-0.11442140103279286,-99.19586322257122,44.276055630425766,131.33201171892796,1.9366924,17.101847,0.9770312547683716,36.57278060913086,36.0,0.36363636363636365,"left_hip_pitch_joint,left_hip_yaw_joint,left_knee_joint,left_ankle_pitch_joint,right_hip_pitch_joint,right_hip_yaw_joint,right_knee_joint,right_ankle_pitch_joint",0.0,0.0,0,pelvis,0.0,0.0017918912,left_shoulder_roll_link
111,2.22,0.10279111564159393,-0.2513500827974795,-118.68338445025789,58.42059188731865,121.70641513380006,1.2319243,21.243792,0.6961155772209168,35.717681884765625,36.0,0.5,"left_hip_pitch_joint,left_hip_yaw_joint,left_knee_joint,left_ankle_pitch_joint,right_hip_pitch_joint,right_hip_roll_joint,right_hip_yaw_joint,right_knee_joint,right_ankle_pitch_joint,waist_roll_joint,waist_yaw_joint",0.0,0.0,1570.30615234375,torso_link,1570.3062,-0.02120255,left_shoulder_roll_link
112,2.24,0.11026305705308914,-0.18366399225729424,-105.32799330503241,45.9894453375904,130.73942632265965,2.0966885,20.626719,1.0032559871673583,36.474365234375,36.0,0.3181818181818182,"left_hip_yaw_joint,left_knee_joint,left_ankle_pitch_joint,right_hip_roll_joint,right_hip_yaw_joint,right_ankle_pitch_joint,waist_yaw_joint",0.0,0.0,0,pelvis,0.0,0.0031850887,left_shoulder_roll_link
113,2.2600000000000002,0.10440990328788757,-0.20850630428142836,-112.0629827382836,56.28303953273901,129.4300193431607,1.7651193,15.835791,0.8533639550209046,36.03120803833008,36.0,0.4090909090909091,"left_hip_yaw_joint,left_knee_joint,left_ankle_pitch_joint,right_hip_pitch_joint,right_hip_roll_joint,right_hip_yaw_joint,right_knee_joint,right_ankle_pitch_joint,waist_yaw_joint",0.0,0.0,0,pelvis,0.0,-0.0063551944,left_shoulder_roll_link
114,2.2800000000000002,0.100626140832901,-0.13681612902934148,-100.41202630324179,40.7962367932652,137.4134403275864,1.80189,21.680521,1.0145349740982055,36.02414321899414,36.0,0.36363636363636365,"left_hip_pitch_joint,left_hip_yaw_joint,left_knee_joint,left_ankle_pitch_joint,right_hip_roll_joint,right_hip_yaw_joint,right_ankle_pitch_joint,waist_yaw_joint",0.0,0.0,0,pelvis,0.0,0.0035209954,left_elbow_link
115,2.3000000000000003,0.09176675975322723,-0.20482394428208472,-108.73680342774857,50.38384097171323,137.06951677048787,1.7783502,19.202856,0.8350718736648559,36.34479522705078,36.0,0.4090909090909091,"left_hip_yaw_joint,left_knee_joint,left_ankle_pitch_joint,right_hip_pitch_joint,right_hip_roll_joint,right_hip_yaw_joint,right_knee_joint,right_ankle_pitch_joint,waist_yaw_joint",0.0,0.0,0,pelvis,0.0,-0.011998336,left_shoulder_roll_link
116,2.32,0.08364350348711014,-0.07430405568290155,-95.10344491029335,33.35217343565522,141.78232542367923,1.9789188,21.85741,1.0457256078720092,35.87554168701172,36.0,0.3181818181818182,"left_hip_yaw_joint,left_ankle_pitch_joint,right_hip_roll_joint,right_hip_yaw_joint,right_knee_joint,right_ankle_pitch_joint,waist_yaw_joint",0.0,0.0,573.900634765625,left_hip_yaw_link,286.95032,-0.010999367,left_elbow_link
117,2.34,0.10811613500118256,-0.31076258128604906,-118.6161301144692,49.544558875753076,127.4169378967084,0.7821042,32.605507,0.9721746683120728,36.482574462890625,36.0,0.5,"left_hip_pitch_joint,left_hip_yaw_joint,left_knee_joint,left_ankle_pitch_joint,right_hip_pitch_joint,right_hip_roll_joint,right_hip_yaw_joint,right_knee_joint,right_ankle_pitch_joint,waist_roll_joint,waist_yaw_joint",0.0,0.0,483.8880615234375,torso_link,483.88806,-0.031212213,left_shoulder_roll_link
118,2.36,0.10074247419834137,-0.15217849184058885,-100.7986272763863,35.685147893128914,140.32552716822377,1.6694828,31.166508,1.0557018756866454,36.64470672607422,36.0,0.4090909090909091,"left_hip_pitch_joint,left_hip_roll_joint,left_hip_yaw_joint,left_knee_joint,right_hip_yaw_joint,right_knee_joint,right_ankle_pitch_joint,waist_roll_joint,waist_yaw_joint",0.0,0.0,0,pelvis,0.0,-0.00021546707,left_shoulder_roll_link
119,2.38,0.10465669631958008,-0.2341091155805728,-112.36396422478359,52.02738089003618,135.68138832880538,0.9759781,28.41677,0.8417580962181092,36.422977447509766,36.0,0.5454545454545454,"left_hip_pitch_joint,left_hip_roll_joint,left_hip_yaw_joint,left_knee_joint,left_ankle_pitch_joint,right_hip_pitch_joint,right_hip_roll_joint,right_hip_yaw_joint,right_knee_joint,right_ankle_pitch_joint,waist_roll_joint,waist_yaw_joint",0.0,0.0,0,pelvis,0.0,-0.008594975,left_shoulder_roll_link
120,2.4,0.08910106122493744,-0.06219642209453724,-94.25127006226299,32.96411972872667,146.94381912824693,1.6623994,22.129734,0.968050742149353,34.878501892089844,36.0,0.4090909090909091,"left_hip_pitch_joint,left_hip_roll_joint,left_hip_yaw_joint,left_knee_joint,right_hip_yaw_joint,right_knee_joint,right_ankle_pitch_joint,waist_roll_joint,waist_yaw_joint",0.0,0.0,2410.029052734375,left_hip_yaw_link,1205.0145,0.00881636,left_shoulder_roll_link
121,2.42,0.09425713866949081,-0.2204167116315805,-110.25904847306245,50.464627958198186,141.37949828561477,1.2626767,31.30286,0.8225336790084838,36.61459732055664,36.0,0.45454545454545453,"left_hip_pitch_joint,left_hip_roll_joint,left_ankle_pitch_joint,right_hip_pitch_joint,right_hip_roll_joint,right_hip_yaw_joint,right_knee_joint,right_ankle_pitch_joint,waist_roll_joint,waist_yaw_joint",229.86066,0.0,229.86065673828125,left_knee_link,229.86066,-0.018443508,left_shoulder_roll_link
122,2.44,0.08417363464832306,-0.14335774393664025,-99.97104935520281,34.1125914163188,148.23732223150526,1.819188,27.202568,0.8824124574661255,36.53229522705078,36.0,0.5,"left_hip_pitch_joint,left_hip_roll_joint,left_hip_yaw_joint,left_knee_joint,right_hip_roll_joint,right_hip_yaw_joint,right_knee_joint,right_ankle_pitch_joint,waist_roll_joint,waist_yaw_joint,right_shoulder_roll_joint",0.0,0.0,0,pelvis,0.0,-0.011320944,left_shoulder_roll_link
123,2.46,0.07714356482028961,-0.18549511478298264,-107.42816933695302,51.73286891566107,144.87770424710195,1.0948828,31.873423,0.8984397172927856,36.430545806884766,36.0,0.5,"left_hip_pitch_joint,left_hip_roll_joint,left_hip_yaw_joint,left_knee_joint,right_hip_pitch_joint,right_hip_roll_joint,right_hip_yaw_joint,right_knee_joint,right_ankle_pitch_joint,waist_roll_joint,waist_yaw_joint",0.0,0.0,147.10159301757812,torso_link,147.1016,-0.027998174,left_shoulder_roll_link
124,2.48,0.07165339589118958,-0.07665815094959783,-95.37730717668963,35.1148116055716,152.8493822664762,1.5808042,30.833807,1.0060930252075195,36.52962875366211,36.0,0.4090909090909091,"left_hip_roll_joint,left_hip_yaw_joint,left_knee_joint,right_hip_roll_joint,right_hip_yaw_joint,right_knee_joint,right_ankle_pitch_joint,waist_roll_joint,waist_yaw_joint",0.0,0.0,0,pelvis,0.0,-0.010901615,left_elbow_link
125,2.5,0.07168080657720566,-0.13062524466310066,-102.78762012227523,53.831456488544234,149.24541029855183,1.2373676,32.535053,1.079863142967224,36.49650955200195,36.0,0.5454545454545454,"left_hip_pitch_joint,left_hip_roll_joint,left_hip_yaw_joint,left_knee_joint,left_ankle_pitch_joint,right_hip_pitch_joint,right_hip_roll_joint,right_hip_yaw_joint,right_knee_joint,right_ankle_pitch_joint,waist_roll_joint,waist_yaw_joint",0.0,0.0,0,pelvis,0.0,-0.013179907,left_shoulder_roll_link
126,2.52,0.07340699434280396,-0.08949854683765501,-96.57218479630073,38.56010103132664,150.86575293392985,1.5689317,32.586304,1.1069666147232056,34.7357177734375,36.0,0.45454545454545453,"left_hip_roll_joint,left_hip_yaw_joint,left_knee_joint,right_hip_roll_joint,right_hip_yaw_joint,right_knee_joint,right_ankle_pitch_joint,waist_roll_joint,waist_yaw_joint,right_shoulder_roll_joint",0.0,0.0,528.169921875,right_knee_link,528.1699,-0.008030027,left_elbow_link
127,2.54,0.07802236080169678,-0.20546255219341703,-108.73214888461143,50.22440622413146,144.3361688295201,0.7788224,32.567844,1.2291953086853027,36.42178726196289,36.0,0.5,"left_hip_pitch_joint,left_hip_roll_joint,left_knee_joint,left_ankle_pitch_joint,right_hip_pitch_joint,right_hip_roll_joint,right_hip_yaw_joint,right_knee_joint,waist_roll_joint,waist_yaw_joint,left_shoulder_roll_joint",0.0,0.0,2801.83642578125,torso_link,2801.8364,-0.023713462,left_shoulder_roll_link
128,2.56,0.07751718163490295,-0.12501545008893977,-98.41676620452074,31.34053786813565,152.93005121325302,1.473945,32.87591,1.2271891832351685,35.861244201660156,36.0,0.36363636363636365,"left_hip_roll_joint,left_hip_yaw_joint,left_knee_joint,right_hip_roll_joint,right_knee_joint,right_ankle_pitch_joint,waist_roll_joint,waist_yaw_joint",0.0,0.0,0,pelvis,0.0,-0.0020092502,left_elbow_link
129,2.58,0.07652147859334946,-0.17547620730392488,-105.43357061267778,48.74700478214054,152.0418002356965,0.80135137,25.825916,1.2924255847930908,34.57620620727539,36.0,0.45454545454545453,"left_hip_pitch_joint,left_hip_roll_joint,left_knee_joint,left_ankle_pitch_joint,right_hip_pitch_joint,right_hip_roll_joint,right_hip_yaw_joint,right_knee_joint,right_ankle_pitch_joint,waist_yaw_joint",127.38319,0.0,0,left_ankle_roll_link,127.38319,-0.005059642,left_shoulder_roll_link
130,2.6,0.07355974614620209,-0.10422217481923468,-97.46039224847834,36.612053897867014,160.6898613440922,1.910025,22.205276,1.1262612342834473,36.40237808227539,36.0,0.22727272727272727,"left_hip_yaw_joint,left_knee_joint,right_hip_roll_joint,right_ankle_pitch_joint,waist_yaw_joint",0.0,0.0,0,pelvis,0.0,0.0074747056,left_elbow_link
131,2.62,0.0640169233083725,-0.03521610612035353,-94.50407032893902,63.35623428632634,164.0783621679398,1.1483425,35.80804,1.3239947080612182,36.06018829345703,36.0,0.4090909090909091,"left_hip_pitch_joint,left_hip_yaw_joint,left_knee_joint,left_ankle_pitch_joint,right_hip_roll_joint,right_hip_yaw_joint,right_knee_joint,right_ankle_pitch_joint,waist_yaw_joint",0.0,0.0,0,pelvis,0.0,0.025724404,left_shoulder_roll_link
132,2.64,0.05945824086666107,-0.0061808366510618384,-90.6445449430176,56.67087582992465,168.465540374242,1.3296204,15.874428,1.0196985006332397,34.929046630859375,36.0,0.36363636363636365,"left_hip_yaw_joint,left_knee_joint,left_ankle_pitch_joint,right_hip_roll_joint,right_hip_yaw_joint,right_knee_joint,right_ankle_pitch_joint,waist_yaw_joint",0.0,0.0,559.3862915039062,right_knee_link,559.3863,0.018094916,left_hip_roll_link
133,2.66,0.06357637047767639,-0.041124234297756246,-106.13183784026306,81.4884014330398,152.43421066017675,1.1329012,28.177288,1.398959708213806,36.41181945800781,36.0,0.36363636363636365,"left_hip_pitch_joint,left_hip_yaw_joint,left_ankle_pitch_joint,right_hip_roll_joint,right_hip_yaw_joint,right_knee_joint,right_ankle_pitch_joint,waist_yaw_joint",0.0,0.0,0,pelvis,0.0,0.04489842,right_elbow_link
134,2.68,0.0752154067158699,-0.12968795086865192,-109.6873404507007,67.35876812622695,155.2989967825755,1.4367493,16.48918,1.05170738697052,36.35001754760742,36.0,0.5,"left_hip_pitch_joint,left_hip_roll_joint,left_hip_yaw_joint,left_knee_joint,left_ankle_pitch_joint,right_hip_pitch_joint,right_hip_roll_joint,right_hip_yaw_joint,right_knee_joint,right_ankle_pitch_joint,waist_yaw_joint",0.0,0.0,0,pelvis,0.0,0.009164602,right_elbow_link
135,2.7,0.08324915170669556,-0.18625310578676846,155.4818347813226,78.18731001074956,61.29458212776289,0.928169,27.653303,1.3492912769317627,36.29135513305664,36.0,0.45454545454545453,"left_hip_pitch_joint,left_hip_roll_joint,left_hip_yaw_joint,left_ankle_pitch_joint,right_hip_pitch_joint,right_hip_roll_joint,right_hip_yaw_joint,right_knee_joint,right_ankle_pitch_joint,waist_yaw_joint",0.0,0.0,118.27979278564453,torso_link,118.27979,0.00082331663,right_shoulder_roll_link
136,2.72,0.0852842777967453,-0.173338800631889,-132.1898622997588,75.04249438930518,134.6255802805352,1.7142913,16.924616,1.0730791091918945,34.55868148803711,36.0,0.45454545454545453,"left_hip_pitch_joint,left_hip_roll_joint,left_hip_yaw_joint,left_knee_joint,left_ankle_pitch_joint,right_hip_roll_joint,right_hip_yaw_joint,right_knee_joint,right_ankle_pitch_joint,waist_yaw_joint",0.0,0.0,1661.6658935546875,right_knee_link,1661.6659,-0.008284077,right_shoulder_roll_link
137,2.74,0.0905962735414505,-0.1963599072142106,134.28137118406073,73.66553629088858,41.49923693805196,1.1313746,22.97638,1.36337251663208,36.16203308105469,36.0,0.36363636363636365,"left_hip_pitch_joint,left_hip_roll_joint,left_hip_yaw_joint,left_ankle_pitch_joint,right_hip_roll_joint,right_hip_yaw_joint,right_knee_joint,waist_yaw_joint",0.0,0.0,0,pelvis,0.0,-0.004745239,right_shoulder_roll_link
138,2.7600000000000002,0.10049619525671005,-0.218161008452185,-146.6588263167201,74.86214717305604,121.62750164251531,1.6357715,22.379915,1.1159801483154297,36.374855041503906,36.0,0.5,"left_hip_pitch_joint,left_hip_roll_joint,left_hip_yaw_joint,left_knee_joint,left_ankle_pitch_joint,right_hip_pitch_joint,right_hip_roll_joint,right_hip_yaw_joint,right_knee_joint,right_ankle_pitch_joint,waist_yaw_joint",0.0,0.0,0,pelvis,0.0,-0.015981033,right_shoulder_roll_link
139,2.7800000000000002,0.09634680300951004,-0.20700856346946495,138.9098509662515,74.05795451958903,50.242136050744406,1.0651585,17.307072,1.2807194709777832,36.06342697143555,36.0,0.4090909090909091,"left_hip_roll_joint,left_hip_yaw_joint,left_ankle_pitch_joint,right_hip_pitch_joint,right_hip_roll_joint,right_hip_yaw_joint,right_knee_joint,right_ankle_pitch_joint,waist_yaw_joint",0.0,0.0,0,pelvis,0.0,-0.0026806938,right_shoulder_roll_link
140,2.8000000000000003,0.09746424108743668,-0.21836829404988123,-139.0532073502292,73.19548558149133,133.49321654845238,1.4287359,23.037556,1.116652011871338,36.35480499267578,36.0,0.4090909090909091,"left_hip_roll_joint,left_hip_yaw_joint,left_knee_joint,left_ankle_pitch_joint,right_hip_pitch_joint,right_hip_roll_joint,right_hip_yaw_joint,right_knee_joint,right_ankle_pitch_joint",0.0,0.0,0,pelvis,0.0,-0.012548293,right_shoulder_roll_link
141,2.82,0.08670227974653244,-0.17949769753554534,152.08457120985253,78.2796457562225,67.88052968039953,1.3299204,13.799494,1.3098809242248535,36.0235710144043,36.0,0.36363636363636365,"left_hip_roll_joint,left_ankle_pitch_joint,right_hip_pitch_joint,right_hip_roll_joint,right_hip_yaw_joint,right_knee_joint,right_ankle_pitch_joint,waist_yaw_joint",0.0,0.0,0,pelvis,0.0,0.0054253787,right_shoulder_roll_link
142,2.84,0.08480551838874817,-0.20055431514806799,-127.17648079668254,70.61620989801105,150.95074084041852,1.2382554,23.28662,1.1464595794677734,36.23195266723633,36.0,0.4090909090909091,"left_hip_roll_joint,left_hip_yaw_joint,left_knee_joint,left_ankle_pitch_joint,right_hip_pitch_joint,right_hip_roll_joint,right_hip_yaw_joint,right_knee_joint,right_ankle_pitch_joint",0.0,0.0,0,pelvis,0.0,-0.0024687992,right_shoulder_roll_link
143,2.86,0.05519041046500206,-0.09565127613667102,-145.82805876276936,83.36112823005796,134.27593535660571,1.68578,11.861584,1.1682790517807007,36.005863189697266,36.0,0.36363636363636365,"left_hip_roll_joint,left_ankle_pitch_joint,right_hip_pitch_joint,right_hip_roll_joint,right_hip_yaw_joint,right_knee_joint,right_ankle_pitch_joint,waist_yaw_joint",0.0,0.0,0,pelvis,0.0,0.020435877,right_shoulder_roll_link
144,2.88,0.06189139932394028,-0.15810803495347336,-114.73222248343542,67.79589518895965,167.31379093380755,1.8519403,13.726023,1.184007167816162,34.48798370361328,36.0,0.4090909090909091,"left_hip_roll_joint,left_hip_yaw_joint,left_knee_joint,left_ankle_pitch_joint,right_hip_pitch_joint,right_hip_roll_joint,right_hip_yaw_joint,right_knee_joint,right_ankle_pitch_joint",0.0,0.0,1580.6953125,left_hip_yaw_link,819.30304,0.015700119,right_shoulder_roll_link
145,2.9,0.059936560690402985,-0.15268472226965635,-140.00953856162286,78.50464500796802,142.39388910836857,0.8402045,10.100779,1.0828776359558105,36.19770812988281,36.0,0.2727272727272727,"left_knee_joint,left_ankle_pitch_joint,right_hip_pitch_joint,right_hip_yaw_joint,right_knee_joint,waist_yaw_joint",0.0,0.0,1845.2122192382812,torso_link,1230.1415,0.02323361,left_shoulder_roll_link
146,2.92,0.06594477593898773,-0.18268931557384605,-114.21047492574554,63.54555455111104,170.21071684755074,1.0581311,16.087448,1.26723051071167,36.46378707885742,36.0,0.4090909090909091,"left_hip_roll_joint,left_hip_yaw_joint,left_knee_joint,left_ankle_pitch_joint,right_hip_pitch_joint,right_hip_roll_joint,right_hip_yaw_joint,right_knee_joint,right_ankle_pitch_joint",0.0,0.0,0,pelvis,0.0,0.025878772,left_hip_roll_link
147,2.94,0.06981334090232849,-0.16304087836218883,-136.98944357356814,77.11655468060756,144.09817817376637,0.8152119,12.04583,1.0759193897247314,36.1414680480957,36.0,0.45454545454545453,"left_hip_roll_joint,left_hip_yaw_joint,left_knee_joint,left_ankle_pitch_joint,right_hip_pitch_joint,right_hip_roll_joint,right_hip_yaw_joint,right_knee_joint,right_ankle_pitch_joint,waist_yaw_joint",0.0,0.0,0,pelvis,0.0,0.019787734,left_shoulder_roll_link
148,2.96,0.07927607744932175,-0.24910240692731556,-127.06757003883322,65.58944941605742,160.6236691315391,0.62632006,18.260876,1.3014708757400513,36.10783386230469,36.0,0.36363636363636365,"left_hip_roll_joint,left_hip_yaw_joint,left_knee_joint,left_ankle_pitch_joint,right_hip_roll_joint,right_hip_yaw_joint,right_knee_joint,right_ankle_pitch_joint",0.0,0.0,0,pelvis,0.0,0.025352024,left_elbow_link
149,2.98,0.06545194983482361,-0.13568129672977314,-121.47955930839262,74.94008664561154,155.72492133885117,0.9005387,17.95639,1.3705003261566162,36.23501205444336,36.0,0.3181818181818182,"left_hip_roll_joint,left_ankle_pitch_joint,right_hip_pitch_joint,right_hip_yaw_joint,right_knee_joint,right_ankle_pitch_joint,waist_yaw_joint",0.0,0.0,189.76461791992188,torso_link,189.76462,0.0142604215,left_shoulder_roll_link
150,3.0,0.07173827290534973,-0.15584874463622533,-121.3510629176805,72.56952955776676,164.55161141152792,0.61241925,13.58165,1.2919260263442993,36.674217224121094,36.0,0.4090909090909091,"left_hip_roll_joint,left_hip_yaw_joint,left_knee_joint,left_ankle_pitch_joint,right_hip_roll_joint,right_hip_yaw_joint,right_knee_joint,right_ankle_pitch_joint,waist_roll_joint",0.0,0.0,0,pelvis,0.0,0.016167238,left_elbow_link
151,3.02,0.07584703713655472,-0.1619496683290027,-161.29422810518471,80.1551225357739,118.28571149977122,0.860393,16.22875,1.4544707536697388,36.200050354003906,36.0,0.4090909090909091,"left_hip_roll_joint,left_hip_yaw_joint,left_knee_joint,left_ankle_pitch_joint,right_hip_pitch_joint,right_hip_yaw_joint,right_knee_joint,right_ankle_pitch_joint,waist_yaw_joint",0.0,0.0,914.4024658203125,torso_link,914.40247,0.0039760284,left_shoulder_roll_link
152,3.04,0.08059980720281601,-0.15112141079325347,-151.90225422978014,80.13595729275106,137.88570886316228,0.79645365,19.101337,1.2237281799316406,36.23155212402344,36.0,0.45454545454545453,"left_hip_roll_joint,left_hip_yaw_joint,left_knee_joint,left_ankle_pitch_joint,right_hip_roll_joint,right_hip_yaw_joint,right_knee_joint,right_ankle_pitch_joint,waist_roll_joint,waist_yaw_joint",0.0,0.0,0,pelvis,0.0,0.0128419325,left_elbow_link
153,3.06,0.05581650882959366,-0.03251328423773714,-103.6793012081897,82.09766070111785,-178.39926426535598,1.29554,18.999027,1.4906085729599,40.228538513183594,36.0,0.36363636363636365,"left_hip_roll_joint,left_ankle_pitch_joint,right_hip_pitch_joint,right_hip_yaw_joint,right_knee_joint,right_ankle_pitch_joint,waist_roll_joint,waist_yaw_joint",0.0,0.0,0,pelvis,0.0,0.014539981,left_shoulder_roll_link
154,3.08,0.043403059244155884,0.020038151044609265,-80.91849932190205,82.70646549500809,-149.4719505299615,0.61889154,15.62326,1.2244213819503784,36.70272445678711,36.0,0.5,"left_hip_pitch_joint,left_hip_roll_joint,left_hip_yaw_joint,left_ankle_pitch_joint,right_hip_pitch_joint,right_hip_roll_joint,right_hip_yaw_joint,right_knee_joint,right_ankle_pitch_joint,waist_roll_joint,waist_yaw_joint",0.0,0.0,0,pelvis,0.0,-0.0038558394,left_elbow_link
155,3.1,0.04474451020359993,-0.011919410182395396,106.21909503288838,87.5540983533129,32.63396804831056,0.72930324,19.29424,1.4750348329544067,36.139705657958984,36.0,0.36363636363636365,"left_hip_roll_joint,left_hip_yaw_joint,left_knee_joint,left_ankle_pitch_joint,right_hip_pitch_joint,right_hip_yaw_joint,right_knee_joint,waist_roll_joint",0.0,0.0,0,pelvis,0.0,-0.006901324,left_elbow_link
156,3.12,0.04119494557380676,-0.01483252567607174,-104.59196863681169,86.62469773425369,-172.00843659526174,0.92836165,20.940107,1.2478463649749756,36.160430908203125,36.0,0.4090909090909091,"left_hip_roll_joint,left_hip_yaw_joint,left_knee_joint,left_ankle_pitch_joint,right_hip_roll_joint,right_hip_yaw_joint,right_ankle_pitch_joint,waist_roll_joint,waist_yaw_joint",0.0,0.0,0,pelvis,0.0,-0.020011127,left_elbow_link
157,3.14,0.050198864191770554,-0.05213252957065606,157.58400922719431,86.76698714269916,86.7276478781247,1.1155891,13.930848,1.3917925357818604,33.972469329833984,36.0,0.4090909090909091,"left_hip_roll_joint,left_knee_joint,left_ankle_pitch_joint,right_hip_pitch_joint,right_hip_yaw_joint,right_knee_joint,right_ankle_pitch_joint,waist_roll_joint,waist_yaw_joint",166.90955,709.21936,166.9095458984375,right_ankle_roll_link,709.21936,-0.015027903,left_elbow_link
158,3.16,0.06007004529237747,-0.0740095638994891,-127.6621315346074,83.04284752318983,167.9474198620848,0.78070784,23.627316,1.032425880432129,36.027950286865234,36.0,0.36363636363636365,"left_hip_roll_joint,left_hip_yaw_joint,left_knee_joint,left_ankle_pitch_joint,right_hip_pitch_joint,right_hip_roll_joint,right_hip_yaw_joint,waist_yaw_joint",165.10834,0.0,173.11230278015137,left_knee_link,165.10834,-0.012235664,left_elbow_link
159,3.18,0.0654352456331253,-0.08128930580020466,-120.5274355982593,80.79119380342338,173.17908813095826,0.83582914,12.667871,1.3463302850723267,36.12040328979492,36.0,0.36363636363636365,"left_hip_roll_joint,left_knee_joint,right_hip_pitch_joint,right_hip_yaw_joint,right_knee_joint,right_ankle_pitch_joint,waist_roll_joint,waist_yaw_joint",0.0,0.0,0,pelvis,0.0,-0.004046887,left_elbow_link
160,3.2,0.0727803111076355,-0.11075351649994936,-115.58457376668647,75.1394775088702,-172.68852568456077,0.92146575,20.925028,1.0974699258804321,35.682861328125,36.0,0.45454545454545453,"left_hip_roll_joint,left_hip_yaw_joint,left_knee_joint,left_ankle_pitch_joint,right_hip_pitch_joint,right_hip_roll_joint,right_hip_yaw_joint,right_knee_joint,waist_roll_joint,waist_yaw_joint",0.0,0.0,5.82343864440918,left_knee_link,5.8234386,-0.018436104,left_elbow_link
161,3.22,0.07092040777206421,-0.10345004156415882,-113.6877594432285,75.07840392358067,-167.95879250282,0.46514437,8.804261,1.2198857069015503,36.076602935791016,36.0,0.3181818181818182,"left_hip_roll_joint,left_knee_joint,left_ankle_pitch_joint,right_hip_pitch_joint,right_hip_yaw_joint,right_knee_joint,right_ankle_pitch_joint",0.0,0.0,51.87454319000244,torso_link,50.20792,-0.018111257,left_shoulder_roll_link
162,3.24,0.07148738950490952,-0.10002722757791815,-103.11126202306008,63.83523476637925,-146.63432140716412,1.0977461,22.240322,0.9343744516372681,35.71232223510742,36.0,0.4090909090909091,"left_hip_roll_joint,left_hip_yaw_joint,left_knee_joint,left_ankle_pitch_joint,right_hip_pitch_joint,right_hip_roll_joint,right_hip_yaw_joint,right_knee_joint,waist_yaw_joint",0.0,0.0,0,pelvis,0.0,-0.017762028,left_elbow_link
163,3.2600000000000002,0.07253073900938034,-0.08152863230814233,-103.52025508435717,69.59052236731004,-146.00160273496004,0.6805245,9.753895,1.141022801399231,36.044857025146484,36.0,0.45454545454545453,"left_hip_roll_joint,left_hip_yaw_joint,left_knee_joint,left_ankle_pitch_joint,right_hip_pitch_joint,right_hip_yaw_joint,right_knee_joint,right_ankle_pitch_joint,waist_roll_joint,waist_yaw_joint",0.0,0.0,0,pelvis,0.0,-0.020505194,left_shoulder_roll_link
164,3.2800000000000002,0.08009850978851318,-0.14858829452748523,-107.9794385274808,61.22485319429496,-139.6962159503421,1.0987742,19.048227,0.9115711450576782,34.522396087646484,36.0,0.4090909090909091,"left_hip_roll_joint,left_hip_yaw_joint,left_knee_joint,left_ankle_pitch_joint,right_hip_pitch_joint,right_hip_roll_joint,right_hip_yaw_joint,right_knee_joint,waist_yaw_joint",0.0,0.0,20.815000534057617,left_knee_link,20.815,-0.032463484,left_elbow_link
165,3.3000000000000003,0.06455904245376587,-0.07098871588712563,-100.51078716821925,67.09847206473947,-131.82286271292037,0.35133094,12.259526,1.1092711687088013,36.054317474365234,36.0,0.2727272727272727,"left_hip_roll_joint,left_knee_joint,right_hip_pitch_joint,right_hip_yaw_joint,right_knee_joint,right_ankle_pitch_joint",0.0,0.0,375.42716217041016,torso_link,251.83804,-0.038106102,left_shoulder_roll_link
166,3.3200000000000003,0.07170872390270233,-0.13055214770501045,-105.56036065183582,60.87776033927199,-125.05193500558138,1.6111131,15.557829,0.8899522423744202,35.54701232910156,36.0,0.36363636363636365,"left_hip_roll_joint,left_hip_yaw_joint,left_knee_joint,left_ankle_pitch_joint,right_hip_pitch_joint,right_hip_roll_joint,right_hip_yaw_joint,waist_yaw_joint",0.0,0.0,426.2041931152344,left_hip_yaw_link,213.1021,-0.046070576,left_elbow_link
167,3.34,0.06713268905878067,-0.06037561773506628,-100.19386615434297,70.05335260233358,-122.18100817308202,0.7065864,17.744406,1.132371187210083,36.0560188293457,36.0,0.22727272727272727,"left_hip_roll_joint,right_hip_pitch_joint,right_hip_yaw_joint,right_knee_joint,right_ankle_pitch_joint",0.0,0.0,0,pelvis,0.0,-0.037231456,left_shoulder_roll_link
168,3.36,0.0684061050415039,-0.061512299540290805,-98.71226244592494,66.04018567854142,-114.8490162315352,1.4076174,18.859243,0.987120509147644,36.025238037109375,36.0,0.4090909090909091,"left_hip_roll_joint,left_hip_yaw_joint,left_knee_joint,left_ankle_pitch_joint,right_hip_pitch_joint,right_hip_roll_joint,right_hip_yaw_joint,waist_roll_joint,waist_yaw_joint",0.0,0.0,0,pelvis,0.0,-0.036973715,left_elbow_link
169,3.38,0.07657288759946823,-0.10855131351250091,-126.62340941449905,79.51579400079505,-140.19779851338203,1.0270507,16.010431,1.1460002660751343,36.100460052490234,36.0,0.3181818181818182,"left_hip_roll_joint,left_hip_yaw_joint,left_knee_joint,right_hip_pitch_joint,right_hip_yaw_joint,right_knee_joint,right_ankle_pitch_joint",0.0,0.0,469.6135559082031,torso_link,469.61356,-0.03300847,left_shoulder_roll_link
170,3.4,0.08396237343549728,-0.1520989600315792,-120.9737630517634,72.8100204709687,-124.23333883317386,1.4466314,21.560492,0.9764440774917602,36.09915542602539,36.0,0.3181818181818182,"left_hip_roll_joint,left_hip_yaw_joint,left_knee_joint,left_ankle_pitch_joint,right_hip_roll_joint,right_hip_yaw_joint,waist_yaw_joint",0.0,0.0,0,pelvis,0.0,-0.02525337,left_elbow_link
171,3.42,0.06974861025810242,-0.09175807101771571,-138.60398288367804,82.97411999161173,-143.90334587472634,0.926407,22.439886,1.1652227640151978,36.077392578125,36.0,0.2727272727272727,"left_hip_roll_joint,right_hip_pitch_joint,right_hip_yaw_joint,right_knee_joint,right_ankle_pitch_joint,waist_yaw_joint",0.0,0.0,0,pelvis,0.0,-0.022280306,left_shoulder_roll_link
172,3.44,0.06918878853321075,-0.08904541905898933,-143.11729731323337,83.60841959460086,-142.5171562052127,1.18435,23.945538,1.0219475030899048,36.34843444824219,36.0,0.4090909090909091,"left_hip_roll_joint,left_hip_yaw_joint,left_knee_joint,left_ankle_pitch_joint,right_hip_pitch_joint,right_hip_roll_joint,right_hip_yaw_joint,waist_roll_joint,waist_yaw_joint",0.0,18.446346,0,right_ankle_roll_link,18.446346,-0.020500988,left_elbow_link
173,3.46,0.07573152333498001,-0.13836850030215642,132.66522275409008,78.21906164124641,140.2057123458659,1.1399187,13.131811,1.1038917303085327,35.27076721191406,36.0,0.3181818181818182,"left_hip_roll_joint,left_hip_yaw_joint,left_knee_joint,right_hip_pitch_joint,right_hip_yaw_joint,right_knee_joint,waist_roll_joint",0.0,230.67798,75.55885314941406,right_ankle_roll_link,230.67798,-0.011365964,left_shoulder_roll_link
174,3.48,0.08642812073230743,-0.1745967738421541,-143.0318195189194,77.37740126964258,-124.0476145865157,1.3977665,29.567703,0.9176194667816162,36.235939025878906,36.0,0.36363636363636365,"left_hip_roll_joint,left_hip_yaw_joint,left_knee_joint,left_ankle_pitch_joint,right_hip_pitch_joint,right_hip_roll_joint,right_hip_yaw_joint,waist_yaw_joint",0.0,13.106971,0,right_ankle_roll_link,13.106971,-0.0018910766,left_elbow_link
175,3.5,0.08292732387781143,-0.15752407049890538,142.630833669968,78.56774479838913,173.33865919131964,0.8160007,18.695381,1.1937686204910278,36.08579635620117,36.0,0.3181818181818182,"left_hip_roll_joint,left_knee_joint,right_hip_pitch_joint,right_hip_yaw_joint,right_knee_joint,right_ankle_pitch_joint,waist_yaw_joint",0.0,0.0,0,pelvis,0.0,-0.010145213,left_shoulder_roll_link
176,3.52,0.0935165137052536,-0.210289193503975,-136.46241862938524,73.13694712580967,-95.3001210087347,1.9153904,28.931181,0.904908299446106,36.035804748535156,36.0,0.45454545454545453,"left_hip_roll_joint,left_hip_yaw_joint,left_knee_joint,left_ankle_pitch_joint,right_hip_pitch_joint,right_hip_roll_joint,right_hip_yaw_joint,right_knee_joint,right_ankle_pitch_joint,waist_yaw_joint",0.0,0.0,0,pelvis,0.0,0.003938742,left_elbow_link
177,3.54,0.07755475491285324,-0.1466752676736931,179.03413172330934,81.564426199536,-133.82175627018322,0.8058581,13.394878,1.2393324375152588,33.32776641845703,36.0,0.36363636363636365,"left_hip_roll_joint,left_knee_joint,right_hip_pitch_joint,right_hip_roll_joint,right_hip_yaw_joint,right_knee_joint,right_ankle_pitch_joint,waist_yaw_joint",0.0,0.0,516.7906494140625,torso_link,516.79065,-0.008825493,left_shoulder_roll_link
178,3.56,0.08316516131162643,-0.16871628190800614,-117.23649166654302,68.36782382009552,-65.50076588208094,1.6330744,23.4472,0.9862635731697083,36.41112518310547,36.0,0.2727272727272727,"left_hip_roll_joint,left_hip_yaw_joint,left_knee_joint,left_ankle_pitch_joint,right_hip_roll_joint,waist_yaw_joint",0.0,0.0,0,pelvis,0.0,0.0021393076,left_elbow_link
179,3.58,0.057693105190992355,-0.07985692497980068,-156.13889858998306,84.99060445394498,-96.3225532768147,1.4762598,22.19847,1.2541369199752808,36.63789367675781,36.0,0.36363636363636365,"left_hip_roll_joint,left_knee_joint,right_hip_pitch_joint,right_hip_roll_joint,right_hip_yaw_joint,right_knee_joint,right_ankle_pitch_joint,waist_yaw_joint",0.0,226.31805,1386.4021606445312,torso_link,1160.0841,-0.0019006561,left_shoulder_roll_link
180,3.6,0.06993614137172699,-0.11741023121244787,-106.32614890088058,65.31216155370396,-50.153364052994505,2.3282163,29.266626,1.0255213975906372,36.63710403442383,36.0,0.4090909090909091,"left_hip_roll_joint,left_hip_yaw_joint,left_knee_joint,left_ankle_pitch_joint,right_hip_pitch_joint,right_hip_roll_joint,right_hip_yaw_joint,right_knee_joint,waist_yaw_joint",0.0,0.0,308.6753387451172,right_knee_link,207.75664,0.003659092,left_elbow_link
181,3.62,0.07344825565814972,-0.162151669297268,-126.79554989631566,74.29279684480639,-62.55514718098323,0.89675015,22.20742,1.2460615634918213,36.59799575805664,36.0,0.3181818181818182,"left_knee_joint,right_hip_pitch_joint,right_hip_roll_joint,right_hip_yaw_joint,right_knee_joint,right_ankle_pitch_joint,waist_yaw_joint",0.0,0.0,0,pelvis,0.0,-0.0045435764,left_shoulder_roll_link
182,3.64,0.09670284390449524,-0.22128403986326362,-112.17858584021398,54.112799904782534,-47.03933211325095,2.4969926,24.171268,1.1590430736541748,36.49995040893555,36.0,0.4090909090909091,"left_hip_roll_joint,left_hip_yaw_joint,left_knee_joint,left_ankle_pitch_joint,right_hip_pitch_joint,right_hip_roll_joint,right_hip_yaw_joint,right_knee_joint,waist_yaw_joint",0.0,0.0,0,pelvis,0.0,0.009558268,left_elbow_link
183,3.66,0.10895536839962006,-0.30512222053432225,-132.57868148765507,63.19455430961163,-59.68039767812807,0.7142161,21.767458,1.1973084211349487,36.65898513793945,36.0,0.3181818181818182,"left_hip_roll_joint,right_hip_pitch_joint,right_hip_roll_joint,right_hip_yaw_joint,right_knee_joint,right_ankle_pitch_joint,waist_yaw_joint",0.0,0.0,0,pelvis,0.0,-0.017805276,left_shoulder_roll_link
184,3.68,0.1054830402135849,-0.24238660199729622,-111.09110159183228,47.65655847234893,-36.85843340897869,2.403535,24.574806,1.2536715269088745,36.496803283691406,36.0,0.36363636363636365,"left_hip_roll_joint,left_hip_yaw_joint,left_knee_joint,left_ankle_pitch_joint,right_hip_roll_joint,right_knee_joint,right_ankle_pitch_joint,waist_yaw_joint",0.0,0.0,0,pelvis,0.0,-0.005501777,left_shoulder_roll_link
185,3.7,0.11775709688663483,-0.3052424441670567,-127.01967925536614,59.53764783896784,-50.135139718428,1.0380083,22.162588,1.3662535667419433,36.2420654296875,36.0,0.36363636363636365,"left_hip_pitch_joint,left_hip_roll_joint,left_knee_joint,right_hip_roll_joint,right_hip_yaw_joint,right_knee_joint,right_ankle_pitch_joint,waist_yaw_joint",0.0,0.0,66.1943588256836,torso_link,66.19436,-0.027156452,left_shoulder_roll_link
186,3.72,0.1033862829208374,-0.17895179974941477,-105.66602912445958,48.492965055659106,-23.023076799439718,2.6683698,22.79395,1.2382535934448242,35.95118713378906,36.0,0.5,"left_hip_pitch_joint,left_hip_roll_joint,left_hip_yaw_joint,left_knee_joint,left_ankle_pitch_joint,right_hip_pitch_joint,right_hip_roll_joint,right_knee_joint,right_ankle_pitch_joint,waist_yaw_joint,right_shoulder_roll_joint",0.0,0.0,0,pelvis,0.0,0.0031395163,left_shoulder_roll_link
187,3.74,0.10642369091510773,-0.1705717880067965,-115.02297110164288,66.21785139080713,-33.97116100650894,1.1102021,24.55614,1.442385745048523,36.08644104003906,36.0,0.36363636363636365,"left_hip_pitch_joint,left_hip_roll_joint,right_hip_pitch_joint,right_hip_roll_joint,right_hip_yaw_joint,right_knee_joint,right_ankle_pitch_joint,waist_yaw_joint",0.0,0.0,0,pelvis,0.0,-0.0073836986,left_shoulder_roll_link
188,3.7600000000000002,0.08374181389808655,-0.06972150672757671,-96.883967866868,54.430097260623974,-9.307711025651237,2.582136,27.482965,1.1373120069503784,36.12754440307617,36.0,0.4090909090909091,"left_hip_pitch_joint,left_hip_roll_joint,left_hip_yaw_joint,left_knee_joint,left_ankle_pitch_joint,right_hip_pitch_joint,right_hip_roll_joint,right_ankle_pitch_joint,waist_yaw_joint",0.0,0.0,0,pelvis,0.0,0.014224749,left_shoulder_roll_link
189,3.7800000000000002,0.07953862845897675,-0.06185223892842551,-99.99542541074533,69.12353736806881,-14.568192538166663,1.0451082,27.775412,1.3680946350097656,36.05203628540039,36.0,0.36363636363636365,"left_hip_pitch_joint,left_hip_roll_joint,right_hip_pitch_joint,right_hip_roll_joint,right_hip_yaw_joint,right_knee_joint,right_ankle_pitch_joint,waist_yaw_joint",0.0,0.0,0,pelvis,0.0,-0.0045173587,left_shoulder_roll_link
190,3.8000000000000003,0.05675299093127251,0.05670561525123041,-82.45307360685368,64.42114327821767,-0.2550777841961309,1.3457935,13.384711,1.0609314441680908,35.98503112792969,36.0,0.4090909090909091,"left_hip_pitch_joint,left_hip_roll_joint,left_hip_yaw_joint,left_knee_joint,left_ankle_pitch_joint,right_hip_pitch_joint,right_knee_joint,right_ankle_pitch_joint,waist_yaw_joint",0.0,0.0,613.8861083984375,left_hip_yaw_link,306.94305,0.003742084,left_elbow_link
191,3.8200000000000003,0.08001144975423813,-0.09385788362609482,-108.17883230361795,72.49180389017772,-19.05843493618413,1.8021445,20.018423,1.214899969100952,36.05647277832031,36.0,0.2727272727272727,"left_hip_pitch_joint,right_hip_pitch_joint,right_hip_yaw_joint,right_knee_joint,right_ankle_pitch_joint,waist_yaw_joint",0.0,0.0,0,pelvis,0.0,0.007818375,left_shoulder_roll_link
192,3.84,0.06405245512723923,0.004704394594631012,-89.2786566383543,68.05748093733526,-9.348286369304812,1.3641617,25.349298,0.8522781133651733,36.15125274658203,36.0,0.36363636363636365,"left_hip_pitch_joint,left_knee_joint,left_ankle_pitch_joint,right_hip_pitch_joint,right_hip_roll_joint,right_knee_joint,right_ankle_pitch_joint,waist_yaw_joint",0.0,0.0,0,pelvis,0.0,0.0068746805,left_elbow_link
193,3.86,0.08712848275899887,-0.17096562760480793,179.46603745025467,80.15560828826104,-102.73490122725516,1.7474059,31.613651,1.380809497833252,36.048824310302734,36.0,0.5454545454545454,"left_hip_pitch_joint,left_hip_roll_joint,left_hip_yaw_joint,left_knee_joint,left_ankle_pitch_joint,right_hip_pitch_joint,right_hip_roll_joint,right_hip_yaw_joint,right_knee_joint,right_ankle_pitch_joint,waist_roll_joint,waist_yaw_joint",0.0,0.0,0,pelvis,0.0,0.001115161,left_shoulder_roll_link
194,3.88,0.07202943414449692,-0.15912336645650527,-155.83961770775247,79.9562643305758,-75.02840574565379,1.9944772,11.304758,0.8860349178314209,36.10935592651367,36.0,0.45454545454545453,"left_hip_pitch_joint,left_hip_yaw_joint,left_knee_joint,left_ankle_pitch_joint,right_hip_pitch_joint,right_hip_yaw_joint,right_knee_joint,right_ankle_pitch_joint,waist_roll_joint,waist_yaw_joint",0.0,0.0,0,pelvis,0.0,0.017623127,left_shoulder_roll_link
195,3.9,0.09170521795749664,-0.2661861855662213,125.30017160644255,62.57153196153755,-157.92280177565678,2.3533964,32.846054,1.4243406772613525,35.56985855102539,36.0,0.36363636363636365,"left_hip_pitch_joint,left_hip_yaw_joint,left_knee_joint,right_hip_pitch_joint,right_hip_yaw_joint,right_knee_joint,right_ankle_pitch_joint,waist_yaw_joint",0.0,0.0,1204.1303625106812,torso_link,631.4674,0.018230215,left_shoulder_roll_link
196,3.92,0.08467449992895126,-0.16923011682175115,115.41859269267441,66.77979792016698,-162.64938251535608,1.4236887,14.192572,1.0214941024780273,36.05671310424805,36.0,0.45454545454545453,"left_hip_pitch_joint,left_hip_roll_joint,left_hip_yaw_joint,left_knee_joint,left_ankle_pitch_joint,right_hip_pitch_joint,right_hip_yaw_joint,right_knee_joint,right_ankle_pitch_joint,waist_yaw_joint",0.0,0.0,0,pelvis,0.0,0.001002756,right_shoulder_roll_link
197,3.94,0.10201404243707657,-0.225204704721655,107.4564649502388,41.346361050069554,-175.4336350826032,2.200147,29.479946,1.3358517408370971,36.05720138549805,36.0,0.36363636363636365,"left_hip_pitch_joint,left_hip_roll_joint,left_hip_yaw_joint,right_hip_pitch_joint,right_hip_yaw_joint,right_knee_joint,right_ankle_pitch_joint,waist_yaw_joint",0.0,0.0,0,pelvis,0.0,-0.0036753966,right_shoulder_roll_link
198,3.96,0.1005406528711319,-0.27808887422067885,112.67662973075701,43.83673273637254,-178.30140266619247,1.4038091,13.06243,0.8961736679077148,36.13590621948242,36.0,0.45454545454545453,"left_hip_pitch_joint,left_hip_roll_joint,left_hip_yaw_joint,left_knee_joint,left_ankle_pitch_joint,right_hip_pitch_joint,right_hip_yaw_joint,right_knee_joint,right_ankle_pitch_joint,waist_yaw_joint",0.0,0.0,0,pelvis,0.0,-0.026312063,right_shoulder_roll_link
199,3.98,0.10717261582612991,-0.12456121806479281,97.48983381685491,17.139816926288663,177.39114038240604,2.057079,32.95544,1.3982412338256835,36.08208465576172,36.0,0.3181818181818182,"left_hip_pitch_joint,left_hip_yaw_joint,right_hip_pitch_joint,right_hip_yaw_joint,right_knee_joint,right_ankle_pitch_joint,waist_yaw_joint",0.0,0.0,0,pelvis,0.0,-0.031897116,right_shoulder_roll_link
200,4.0,0.10736636817455292,-0.2053527518001188,102.31518444457237,15.679236812841344,172.90500012101433,1.4830986,19.409077,0.9885595560073852,36.24242401123047,36.0,0.5454545454545454,"left_hip_pitch_joint,left_hip_roll_joint,left_hip_yaw_joint,left_knee_joint,left_ankle_pitch_joint,right_hip_pitch_joint,right_hip_roll_joint,right_hip_yaw_joint,right_knee_joint,right_ankle_pitch_joint,waist_roll_joint,waist_yaw_joint",0.0,0.0,73.29600524902344,torso_link,73.296005,-0.050802276,right_shoulder_roll_link
201,4.0200000000000005,0.10772652179002762,-0.03264307620126261,91.87331388547997,3.059431538067916,170.9298941195906,1.6357851,19.44786,1.358528208732605,36.089820861816406,36.0,0.3181818181818182,"left_hip_yaw_joint,right_hip_pitch_joint,right_hip_yaw_joint,right_knee_joint,right_ankle_pitch_joint,waist_roll_joint,waist_yaw_joint",0.0,0.0,0,pelvis,0.0,-0.0492128,right_shoulder_roll_link
202,4.04,0.09812265634536743,-0.27008501243372685,105.76377460807662,6.195747363641567,165.8240274265502,2.0432816,24.190165,0.879962158203125,36.25593566894531,36.0,0.5,"left_hip_pitch_joint,left_hip_roll_joint,left_hip_yaw_joint,left_knee_joint,left_ankle_pitch_joint,right_hip_pitch_joint,right_hip_roll_joint,right_hip_yaw_joint,right_knee_joint,right_ankle_pitch_joint,waist_yaw_joint",0.0,0.0,0,pelvis,0.0,-0.056935202,right_shoulder_roll_link
203,4.0600000000000005,0.08612547069787979,-0.10916515237013913,96.32463064356483,-7.71220985540755,166.90731104925445,2.0703845,30.111273,1.381014060974121,35.88729476928711,36.0,0.36363636363636365,"left_hip_yaw_joint,left_knee_joint,right_hip_pitch_joint,right_hip_yaw_joint,right_knee_joint,right_ankle_pitch_joint,waist_roll_joint,waist_yaw_joint",0.0,0.0,0,pelvis,0.0,-0.06650297,right_elbow_link
204,4.08,0.07881557941436768,-0.21073687954713538,102.17740096115102,-2.510145842215807,165.78570317692723,1.4637908,22.218086,0.9789118289947509,36.007869720458984,36.0,0.5454545454545454,"left_hip_pitch_joint,left_hip_roll_joint,left_hip_yaw_joint,left_knee_joint,left_ankle_pitch_joint,right_hip_pitch_joint,right_hip_roll_joint,right_hip_yaw_joint,right_knee_joint,right_ankle_pitch_joint,waist_roll_joint,waist_yaw_joint",0.0,0.0,183.15591430664062,torso_link,183.15591,-0.0725418,right_shoulder_roll_link
205,4.1,0.08879444003105164,-0.14586802663661302,98.7689871079334,-16.898791052477446,162.6328410238325,1.693685,22.459888,1.281139087677002,36.05549240112305,36.0,0.2727272727272727,"left_hip_roll_joint,left_hip_yaw_joint,right_hip_yaw_joint,right_ankle_pitch_joint,waist_roll_joint,waist_yaw_joint",0.0,0.0,0,pelvis,0.0,-0.07184908,right_elbow_link
206,4.12,0.10231907665729523,-0.33034493237059737,109.67169064009562,-11.089019371688304,158.7827334337797,1.3013314,24.890718,0.939783763885498,35.81877517700195,36.0,0.45454545454545453,"left_hip_pitch_joint,left_hip_roll_joint,left_hip_yaw_joint,left_knee_joint,left_ankle_pitch_joint,right_hip_yaw_joint,right_knee_joint,right_ankle_pitch_joint,waist_roll_joint,waist_yaw_joint",0.0,402.48212,172.69229125976562,right_ankle_roll_link,402.48212,-0.08066987,right_shoulder_roll_link
207,4.14,0.100424624979496,-0.07772874235749505,94.65956472518346,-16.89548516294602,157.69681717745826,1.6675847,28.803642,1.3834250688552856,36.10124588012695,36.0,0.36363636363636365,"left_hip_yaw_joint,right_hip_pitch_joint,right_hip_roll_joint,right_hip_yaw_joint,right_knee_joint,right_ankle_pitch_joint,waist_roll_joint,waist_yaw_joint",0.0,0.0,0,pelvis,0.0,-0.07984449,right_shoulder_roll_link
208,4.16,0.09589393436908722,-0.28680381195965454,106.68430446843553,-2.594447316617445,155.3558106154568,1.706397,27.665714,0.91207857131958,34.54665756225586,36.0,0.5454545454545454,"left_hip_pitch_joint,left_hip_roll_joint,left_hip_yaw_joint,left_knee_joint,left_ankle_pitch_joint,right_hip_pitch_joint,right_hip_roll_joint,right_hip_yaw_joint,right_knee_joint,right_ankle_pitch_joint,waist_roll_joint,waist_yaw_joint",0.0,0.0,1954.4149169921875,torso_link,1954.4149,-0.081773296,right_shoulder_roll_link
209,4.18,0.0957321897149086,-0.1544191656822278,99.28816194688368,-16.912759630947875,152.0422047813753,1.5139446,25.40547,1.3835901737213134,36.04213333129883,36.0,0.2727272727272727,"left_hip_pitch_joint,left_hip_yaw_joint,right_hip_yaw_joint,right_ankle_pitch_joint,waist_roll_joint,waist_yaw_joint",0.0,0.0,0,pelvis,0.0,-0.067852825,right_elbow_link
210,4.2,0.09521807730197906,-0.30178918169613667,107.57523336342815,1.9154666082186353,154.7669313103036,0.2877877,20.08463,0.9920997142791748,28.542377471923828,36.0,0.4090909090909091,"left_hip_pitch_joint,left_hip_roll_joint,left_hip_yaw_joint,left_knee_joint,left_ankle_pitch_joint,right_hip_yaw_joint,right_ankle_pitch_joint,waist_roll_joint,waist_yaw_joint",0.0,0.0,0,pelvis,0.0,-0.06291792,right_shoulder_roll_link
211,4.22,0.10132622718811035,-0.30783997292691545,108.11999985576118,-8.185145626468898,150.93205547176353,0.90792936,15.766201,0.9240075945854187,36.05548858642578,36.0,0.13636363636363635,"right_hip_yaw_joint,right_ankle_pitch_joint,waist_yaw_joint",0.0,0.0,0,pelvis,0.0,-0.06269922,right_shoulder_roll_link
212,4.24,0.10680726915597916,-0.23373550466774962,103.62359754772199,7.1014449432702635,157.36930712927503,1.1577237,16.33328,0.5066318035125732,36.281436920166016,36.0,0.36363636363636365,"left_hip_roll_joint,left_hip_yaw_joint,left_ankle_pitch_joint,right_hip_pitch_joint,right_hip_yaw_joint,right_knee_joint,right_ankle_pitch_joint,waist_yaw_joint",0.0,0.0,445.4686584472656,right_hip_yaw_link,445.46866,-0.071906574,right_shoulder_roll_link
213,4.26,0.12480388581752777,-0.1987574485386805,101.81651041225724,-13.927986923699683,152.84417225953362,1.2796526,21.60521,1.065850019454956,35.79632568359375,36.0,0.36363636363636365,"left_hip_roll_joint,left_hip_yaw_joint,left_knee_joint,left_ankle_pitch_joint,right_hip_pitch_joint,right_hip_yaw_joint,right_knee_joint,right_ankle_pitch_joint",0.0,39.126213,0,right_ankle_roll_link,39.126213,-0.06568298,right_shoulder_roll_link
214,4.28,0.13419723510742188,-0.3259803230348308,109.02584108277873,0.5369458518149095,158.09241525295477,0.8401676,17.722174,0.679140281677246,36.31521987915039,36.0,0.4090909090909091,"left_hip_roll_joint,left_hip_yaw_joint,left_knee_joint,left_ankle_pitch_joint,right_hip_pitch_joint,right_hip_yaw_joint,right_knee_joint,right_ankle_pitch_joint,waist_yaw_joint",0.0,0.0,0,pelvis,0.0,-0.074070945,right_shoulder_roll_link
215,4.3,0.1407940685749054,-0.2727519735213395,106.55264165446619,-16.78935184826998,149.2095106412284,1.1597949,18.31981,1.1543965339660645,36.05415725708008,36.0,0.36363636363636365,"left_hip_yaw_joint,left_knee_joint,left_ankle_pitch_joint,right_hip_pitch_joint,right_hip_yaw_joint,right_knee_joint,right_ankle_pitch_joint,waist_yaw_joint",0.0,0.0,0,pelvis,0.0,-0.072481915,right_shoulder_roll_link
216,4.32,0.14327162504196167,-0.378264856212974,112.22982351529977,-1.0012940557511947,157.19873583570464,1.2070295,19.510084,0.7811548233032226,36.04295349121094,36.0,0.36363636363636365,"left_hip_roll_joint,left_hip_yaw_joint,left_knee_joint,left_ankle_pitch_joint,right_hip_pitch_joint,right_hip_yaw_joint,right_ankle_pitch_joint,waist_yaw_joint",0.0,0.0,115.06743621826172,torso_link,115.06744,-0.08336775,right_shoulder_roll_link
217,4.34,0.14328280091285706,-0.28385673002249234,107.26408558552006,-16.96821672822902,147.9753126593443,1.0664097,17.980528,1.2157701253890991,36.0549430847168,36.0,0.36363636363636365,"left_knee_joint,left_ankle_pitch_joint,right_hip_pitch_joint,right_hip_roll_joint,right_hip_yaw_joint,right_knee_joint,right_ankle_pitch_joint,waist_yaw_joint",0.0,0.0,0,pelvis,0.0,-0.07780572,right_shoulder_roll_link
218,4.36,0.14345507323741913,-0.4123995797203368,114.3665954651119,-1.6633220404324598,156.6025377496301,1.2679155,19.616913,0.7769144296646118,36.017154693603516,36.0,0.4090909090909091,"left_hip_roll_joint,left_hip_yaw_joint,left_knee_joint,left_ankle_pitch_joint,right_hip_pitch_joint,right_hip_yaw_joint,right_knee_joint,right_ankle_pitch_joint,waist_yaw_joint",0.0,0.0,119.84878540039062,torso_link,119.848785,-0.084508434,right_shoulder_roll_link
219,4.38,0.13646751642227173,-0.2243690441659627,103.66992105119094,-18.305299678803966,148.1826004813619,0.8093625,22.750309,1.2292267084121704,36.10000991821289,36.0,0.3181818181818182,"left_knee_joint,left_ankle_pitch_joint,right_hip_pitch_joint,right_hip_yaw_joint,right_knee_joint,right_ankle_pitch_joint,waist_yaw_joint",0.0,0.0,0,pelvis,0.0,-0.078558534,right_shoulder_roll_link
220,4.4,0.13333094120025635,-0.3680252030324884,111.61472071801651,-2.4552098505266873,155.0963471304197,1.174821,22.514278,0.9237896919250488,36.29766082763672,36.0,0.4090909090909091,"left_hip_yaw_joint,left_knee_joint,left_ankle_pitch_joint,right_hip_pitch_joint,right_hip_yaw_joint,right_knee_joint,right_ankle_pitch_joint,waist_roll_joint,waist_yaw_joint",0.0,0.0,0,pelvis,0.0,-0.085310474,right_shoulder_roll_link
221,4.42,0.11943915486335754,-0.13910756852201445,98.51633142944956,-20.059584998530255,148.51564262930964,0.3105828,28.49861,1.2265936136245728,36.27719497680664,36.0,0.36363636363636365,"left_knee_joint,left_ankle_pitch_joint,right_hip_pitch_joint,right_hip_yaw_joint,right_knee_joint,right_ankle_pitch_joint,waist_roll_joint,waist_yaw_joint",0.0,0.0,0,pelvis,0.0,-0.07987145,right_shoulder_roll_link
222,4.44,0.12769478559494019,-0.4371691050668187,115.9415750491947,-2.0691112516487364,151.35998428602326,1.0374606,30.278046,1.0694943189620971,36.10786437988281,36.0,0.45454545454545453,"left_hip_pitch_joint,left_hip_yaw_joint,left_knee_joint,left_ankle_pitch_joint,right_hip_pitch_joint,right_hip_yaw_joint,right_knee_joint,right_ankle_pitch_joint,waist_roll_joint,waist_yaw_joint",0.0,0.0,111.2754135131836,torso_link,111.27541,-0.08423164,right_shoulder_roll_link
223,4.46,0.11779820919036865,-0.1594027053413427,99.4173567018116,-13.044154130235707,144.5818320104683,0.18094209,33.196285,1.0401975631713867,35.99618148803711,36.0,0.45454545454545453,"left_hip_pitch_joint,left_hip_roll_joint,left_knee_joint,left_ankle_pitch_joint,right_hip_pitch_joint,right_hip_roll_joint,right_hip_yaw_joint,right_knee_joint,waist_roll_joint,waist_yaw_joint",0.0,0.0,0,pelvis,0.0,-0.07783224,right_shoulder_roll_link
224,4.48,0.121856689453125,-0.38263454818801224,112.68814704835884,7.246208949183583,148.24637253124945,0.8299372,32.865757,1.1581356048583984,36.0258903503418,36.0,0.5,"left_hip_pitch_joint,left_hip_roll_joint,left_hip_yaw_joint,left_knee_joint,left_ankle_pitch_joint,right_hip_pitch_joint,right_hip_roll_joint,right_hip_yaw_joint,right_ankle_pitch_joint,waist_roll_joint,waist_yaw_joint",0.0,0.0,0,pelvis,0.0,-0.08016769,right_shoulder_roll_link
225,4.5,0.11541064828634262,-0.22294380956495985,103.12197670557039,-10.880267038740142,141.9902905198219,0.33645165,34.51379,1.1880764484405517,36.207584381103516,36.0,0.5,"left_hip_pitch_joint,left_hip_roll_joint,left_hip_yaw_joint,left_knee_joint,left_ankle_pitch_joint,right_hip_pitch_joint,right_hip_yaw_joint,right_knee_joint,right_ankle_roll_joint,waist_roll_joint,waist_yaw_joint",0.0,0.0,0,pelvis,0.0,-0.074441954,right_shoulder_roll_link
226,4.5200000000000005,0.12142321467399597,-0.4461005176958719,116.49537375154941,0.6068762759572288,147.9866322662543,0.7632019,26.072332,1.1732905626296997,30.117795944213867,36.0,0.45454545454545453,"left_hip_roll_joint,left_hip_yaw_joint,left_knee_joint,left_ankle_pitch_joint,right_hip_pitch_joint,right_hip_yaw_joint,right_knee_joint,right_ankle_pitch_joint,waist_roll_joint,waist_yaw_joint",0.0,0.0,0,pelvis,0.0,-0.081343375,right_shoulder_roll_link
227,4.54,0.12319527566432953,-0.20802922295312243,102.377617689963,-13.952802293594006,145.20521923512666,1.0629281,29.827864,1.1766623973846435,36.0460205078125,36.0,0.36363636363636365,"left_hip_pitch_joint,left_hip_roll_joint,right_hip_pitch_joint,right_hip_yaw_joint,right_knee_joint,right_ankle_pitch_joint,waist_roll_joint,waist_yaw_joint",0.0,0.0,0,pelvis,0.0,-0.08243619,right_shoulder_roll_link
228,4.5600000000000005,0.12778925895690918,-0.32720773378605417,109.09938601298678,0.013333949085689634,151.09574043059152,0.79672086,30.601437,1.0581934690475463,35.342594146728516,36.0,0.45454545454545453,"left_hip_roll_joint,left_hip_yaw_joint,left_knee_joint,left_ankle_pitch_joint,right_hip_roll_joint,right_hip_yaw_joint,right_knee_joint,right_ankle_pitch_joint,waist_roll_joint,waist_yaw_joint",0.0,0.0,1376.094970703125,torso_link,1376.095,-0.087210804,right_shoulder_roll_link
229,4.58,0.1273949295282364,-0.18583860907659933,101.22130092871495,-17.257297333409777,149.91018198747776,1.3048034,28.629396,1.1860461950302124,36.184261322021484,36.0,0.5454545454545454,"left_hip_pitch_joint,left_hip_roll_joint,left_hip_yaw_joint,left_knee_joint,left_ankle_pitch_joint,right_hip_pitch_joint,right_hip_roll_joint,right_hip_yaw_joint,right_knee_joint,right_ankle_pitch_joint,waist_roll_joint,waist_yaw_joint",0.0,94.30426,94.30426025390625,right_knee_link,94.30426,-0.083556876,right_shoulder_roll_link
230,4.6000000000000005,0.12901648879051208,-0.3364304251368435,109.6841679302163,-2.8088109538664803,154.70573501369748,0.8727176,27.447342,1.0308779716491698,36.372493743896484,36.0,0.4090909090909091,"left_hip_pitch_joint,left_hip_yaw_joint,left_knee_joint,left_ankle_pitch_joint,right_hip_roll_joint,right_hip_yaw_joint,right_knee_joint,waist_roll_joint,waist_yaw_joint",0.0,0.0,711.30224609375,torso_link,711.30225,-0.08623086,right_shoulder_roll_link
231,4.62,0.1197429746389389,-0.12022707382348052,97.44083668404696,-21.81674032227619,149.9333600834617,0.8662984,32.19382,1.235135269165039,36.186153411865234,36.0,0.5454545454545454,"left_hip_pitch_joint,left_hip_roll_joint,left_hip_yaw_joint,left_knee_joint,left_ankle_pitch_joint,right_hip_pitch_joint,right_hip_roll_joint,right_hip_yaw_joint,right_knee_joint,right_ankle_pitch_joint,waist_roll_joint,waist_yaw_joint",0.0,0.0,0,pelvis,0.0,-0.0781134,right_shoulder_roll_link
232,4.64,0.12274646759033203,-0.39845169184416607,113.67292627423346,-7.08206479937306,152.74209887794575,0.96429634,32.50421,0.9931722402572631,36.44137954711914,36.0,0.4090909090909091,"left_hip_roll_joint,left_hip_yaw_joint,left_knee_joint,left_ankle_pitch_joint,right_hip_yaw_joint,right_knee_joint,right_ankle_pitch_joint,waist_roll_joint,waist_yaw_joint",0.0,0.0,0,pelvis,0.0,-0.079076804,right_shoulder_roll_link
233,4.66,0.11670295894145966,-0.23614816923493898,105.19612309508346,-25.722987863000142,146.82027488829297,0.75764376,33.461372,1.2889782905578613,36.339298248291016,36.0,0.5454545454545454,"left_hip_pitch_joint,left_hip_roll_joint,left_hip_yaw_joint,left_knee_joint,left_ankle_pitch_joint,right_hip_pitch_joint,right_hip_roll_joint,right_hip_yaw_joint,right_knee_joint,right_ankle_pitch_joint,waist_roll_joint,waist_yaw_joint",0.0,0.0,0,pelvis,0.0,-0.08313052,right_shoulder_roll_link
234,4.68,0.11322028934955597,-0.29313614254037823,107.39199898756814,-11.277423201151954,150.33269506552497,1.0052042,26.90874,1.0178439140319824,36.47248840332031,36.0,0.36363636363636365,"left_hip_yaw_joint,left_knee_joint,left_ankle_pitch_joint,right_hip_yaw_joint,right_knee_joint,right_ankle_pitch_joint,waist_roll_joint,waist_yaw_joint",0.0,0.0,173.55377197265625,torso_link,173.55377,-0.07900108,right_shoulder_roll_link
235,4.7,0.09587732702493668,-0.039663231051976666,92.66767666072329,-31.549743935956634,150.288978408515,0.8935146,36.82936,1.398584794998169,35.81521224975586,36.0,0.5,"left_hip_pitch_joint,left_hip_roll_joint,left_hip_yaw_joint,left_ankle_pitch_joint,right_hip_pitch_joint,right_hip_roll_joint,right_hip_yaw_joint,right_knee_joint,right_ankle_pitch_joint,waist_roll_joint,waist_yaw_joint",0.0,0.0,0,pelvis,0.0,-0.06903673,right_shoulder_roll_link
236,4.72,0.09497786313295364,-0.2288467335809461,103.77394752659148,-16.01904569589444,147.92675389069836,1.3942384,35.344875,1.0142501592636108,36.32723617553711,36.0,0.45454545454545453,"left_hip_pitch_joint,left_hip_roll_joint,left_hip_yaw_joint,left_knee_joint,left_ankle_pitch_joint,right_hip_yaw_joint,right_knee_joint,right_ankle_pitch_joint,waist_roll_joint,waist_yaw_joint",0.0,0.0,0,pelvis,0.0,-0.0654801,right_shoulder_roll_link
237,4.74,0.09320442378520966,-0.24126330903386872,106.63029956613981,-32.54142474534124,143.7716140954751,0.8608059,25.188246,1.4394832372665405,36.36846160888672,36.0,0.5,"left_hip_pitch_joint,left_hip_roll_joint,left_hip_yaw_joint,left_knee_joint,left_ankle_pitch_joint,right_hip_roll_joint,right_hip_yaw_joint,right_knee_joint,waist_roll_joint,waist_yaw_joint,left_shoulder_roll_joint",0.0,0.0,0,pelvis,0.0,-0.07857452,right_shoulder_roll_link
238,4.76,0.08699186146259308,-0.2194044272444149,103.11467567726544,-14.768850082331882,144.3761208553484,1.2386374,22.072624,1.089301586151123,36.452354431152344,36.0,0.3181818181818182,"left_hip_yaw_joint,left_knee_joint,left_ankle_pitch_joint,right_hip_yaw_joint,right_knee_joint,right_ankle_pitch_joint,waist_yaw_joint",0.0,0.0,143.69656372070312,torso_link,143.69656,-0.076681405,right_shoulder_roll_link
239,4.78,0.07330260425806046,-0.0837877538172851,95.6573920751239,-31.793887796071804,148.96760818995818,1.7033448,23.882961,1.4811967134475708,36.083492279052734,36.0,0.3181818181818182,"left_hip_pitch_joint,left_hip_yaw_joint,left_ankle_pitch_joint,right_hip_roll_joint,right_hip_yaw_joint,right_knee_joint,waist_yaw_joint",0.0,0.0,0,pelvis,0.0,-0.074950874,right_elbow_link
240,4.8,0.06935781240463257,-0.183517405864551,100.8275737584115,-12.335067247810503,146.09775639643735,2.031179,25.02831,1.0884904861450195,35.45648193359375,36.0,0.36363636363636365,"left_hip_pitch_joint,left_hip_yaw_joint,left_knee_joint,left_ankle_pitch_joint,right_hip_pitch_joint,right_knee_joint,right_ankle_pitch_joint,waist_yaw_joint",0.0,73.34067,0,right_ankle_roll_link,73.34067,-0.06777515,right_elbow_link
241,4.82,0.06778445839881897,-0.13248957667699557,98.74841987751651,-29.414331538480113,147.89779788423465,1.6457474,23.134779,1.502748680114746,36.197513580322266,36.0,0.36363636363636365,"left_hip_pitch_joint,left_hip_yaw_joint,left_ankle_pitch_joint,right_hip_pitch_joint,right_hip_roll_joint,right_hip_yaw_joint,right_knee_joint,waist_yaw_joint",0.0,0.0,758.108154296875,torso_link,758.10815,-0.08258097,right_elbow_link
242,4.84,0.07480327785015106,-0.23847957572275114,103.95736262745832,-8.613095272315888,146.46579248199524,1.3564208,23.040485,1.1287896633148193,36.30474090576172,36.0,0.45454545454545453,"left_hip_pitch_joint,left_hip_roll_joint,left_hip_yaw_joint,left_knee_joint,left_ankle_pitch_joint,right_hip_yaw_joint,right_knee_joint,right_ankle_pitch_joint,waist_yaw_joint,right_shoulder_roll_joint",0.0,0.0,135.32879638671875,torso_link,135.3288,-0.07396266,right_shoulder_roll_link
243,4.86,0.07912996411323547,-0.14092497440545237,99.04285390381492,-26.28240236153725,147.78463848117235,1.7416213,24.778955,1.480729055404663,36.43752670288086,36.0,0.4090909090909091,"left_hip_pitch_joint,left_hip_roll_joint,left_hip_yaw_joint,left_ankle_pitch_joint,right_hip_roll_joint,right_hip_yaw_joint,right_knee_joint,right_ankle_pitch_joint,waist_yaw_joint",0.0,0.0,0,pelvis,0.0,-0.0734078,right_elbow_link
244,4.88,0.08380649238824844,-0.29950016629764953,107.58992554924568,-7.667777184473028,149.14782450719923,1.0301441,21.412203,1.1563059091567993,30.717910766601562,36.0,0.4090909090909091,"left_hip_pitch_joint,left_hip_roll_joint,left_hip_yaw_joint,left_knee_joint,left_ankle_pitch_joint,right_hip_yaw_joint,right_knee_joint,right_ankle_pitch_joint,waist_yaw_joint",0.0,77.23605,0,right_ankle_roll_link,77.23605,-0.07141247,right_shoulder_roll_link
245,4.9,0.09065835177898407,-0.18563086383397298,101.615083670175,-22.780293596252772,148.60620735806106,1.25128,21.776548,1.29658682346344,36.522613525390625,36.0,0.2727272727272727,"left_hip_yaw_joint,right_hip_roll_joint,right_hip_yaw_joint,right_knee_joint,right_ankle_pitch_joint,waist_yaw_joint",0.0,0.0,0,pelvis,0.0,-0.06969607,right_elbow_link
246,4.92,0.0947476178407669,-0.33913354807399543,109.83500796753383,-1.86218091288051,153.21801349806245,0.49182245,25.315632,1.1653708219528198,33.879676818847656,36.0,0.45454545454545453,"left_hip_pitch_joint,left_hip_roll_joint,left_hip_yaw_joint,left_knee_joint,left_ankle_pitch_joint,right_hip_roll_joint,right_hip_yaw_joint,right_knee_joint,right_ankle_pitch_joint,waist_yaw_joint",0.0,0.0,164.6242218017578,torso_link,164.62422,-0.06826889,right_shoulder_roll_link
247,4.94,0.10101937502622604,-0.18931288159238635,100.99514507761867,-6.978495902431371,149.96418673414922,1.5619507,18.266985,1.0410233736038208,36.630619049072266,36.0,0.18181818181818182,"right_hip_roll_joint,right_hip_yaw_joint,right_knee_joint,waist_yaw_joint",0.0,0.0,0,pelvis,0.0,-0.05125495,right_shoulder_roll_link
248,4.96,0.09941824525594711,-0.2673787883569325,106.22196018680964,16.840470664679863,152.63581996653772,1.1237699,26.997768,1.222420573234558,36.57421112060547,36.0,0.4090909090909091,"left_hip_roll_joint,left_hip_yaw_joint,left_knee_joint,left_ankle_pitch_joint,right_knee_joint,right_ankle_pitch_joint,right_ankle_roll_joint,waist_yaw_joint,left_shoulder_pitch_joint",0.0,0.0,0,pelvis,0.0,-0.050003365,right_shoulder_roll_link
249,4.98,0.09915860742330551,-0.12613365161050272,97.34072192838637,9.178329892908415,152.90516976423473,0.98920584,19.87424,1.0902148008346557,36.60492706298828,36.0,0.3181818181818182,"left_hip_yaw_joint,left_knee_joint,left_ankle_pitch_joint,right_hip_roll_joint,right_hip_yaw_joint,right_knee_joint,waist_yaw_joint",0.0,0.0,0,pelvis,0.0,-0.03277138,right_shoulder_roll_link
250,5.0,0.08959382027387619,-0.20815001502361885,104.03241558380681,30.856570091669337,153.1023468404041,1.6551657,30.836706,1.257239818572998,35.823646545410156,36.0,0.36363636363636365,"left_hip_roll_joint,left_hip_yaw_joint,left_knee_joint,left_ankle_pitch_joint,right_knee_joint,right_ankle_pitch_joint,waist_roll_joint,waist_yaw_joint",0.0,61.421288,0,right_ankle_roll_link,61.421288,-0.030681545,right_shoulder_roll_link
