frame,t,rz,pgz,roll,pitch,yaw,lv_norm,av_norm,dof_pos_err_max,dof_vel_max,tau_max,tau_sat,saturated_joints,L_fz,R_fz,non_foot_cf_sum,top_cf_name,top_cf_val,bz_min,bz_min_name
0,0.0,0.4103291630744934,0.9999562098754664,0.5191866882168289,-0.13400297060810903,0.2983123238854296,0.0,0.0,0.0,0.0,0.0,0.0,,0.0,0.0,0,pelvis,0.0,0.03364689,right_ankle_roll_link
1,0.02,0.40812188386917114,0.9999562098754664,0.5191866572824018,-0.13400296258059602,0.29831227938837074,0.192132,0.068791136,1.4901161193847656e-08,1.3132964372634888,0.0,0.0,,11.044901,11.044901,0,left_ankle_roll_link,11.044901,0.0314397,right_ankle_roll_link
2,0.04,0.40516412258148193,0.9999667188761435,0.46272829778060914,0.06629322730772674,0.09814295885378067,0.17573176,0.6272769,0.088559091091156,6.679009437561035,1.3132964,0.0,,38.887516,38.887516,0,left_ankle_roll_link,38.887516,0.030997872,left_ankle_roll_link
3,0.06,0.410525918006897,0.9957279701650039,-0.036489343018663335,-5.297844185121673,3.8667974634591045,1.5222374,8.059941,0.4002099372446537,36.01874542236328,27.121758,0.0,,0.0,0.0,0,pelvis,0.0,0.032046437,left_ankle_roll_link
4,0.08,0.41188743710517883,0.9998420149943765,-0.04380137538879931,1.0175350341781964,1.0948179762387225,1.9959897,10.415938,0.38524517230689526,36.01823806762695,36.0,0.3181818181818182,"left_hip_pitch_joint,left_knee_joint,left_ankle_pitch_joint,right_hip_pitch_joint,right_hip_yaw_joint,right_knee_joint,right_ankle_pitch_joint",0.0,0.0,0,pelvis,0.0,0.042391814,right_ankle_roll_link
5,0.1,0.4128280580043793,0.9991487441968192,1.5333663504432269,-1.7998248254006672,1.5542738825586697,1.2278547,5.155135,0.40573590621352196,36.930206298828125,36.0,0.36363636363636365,"left_hip_pitch_joint,left_hip_yaw_joint,left_knee_joint,left_ankle_pitch_joint,right_hip_pitch_joint,right_hip_yaw_joint,right_knee_joint,right_ankle_pitch_joint",0.0,31.199032,0,right_ankle_roll_link,31.199032,0.038275234,left_ankle_roll_link
6,0.12,0.40964531898498535,0.9966649140681605,-1.4789117561518415,4.441426185735222,-0.2861404908673231,1.859409,9.821274,0.4961444418877363,36.01422882080078,36.0,0.36363636363636365,"left_hip_pitch_joint,left_hip_yaw_joint,left_knee_joint,left_ankle_pitch_joint,right_hip_pitch_joint,right_hip_yaw_joint,right_knee_joint,right_ankle_pitch_joint",0.0,0.0,0,pelvis,0.0,0.04473883,left_ankle_roll_link
7,0.14,0.4053128957748413,0.9963054816798746,4.810770316095582,1.0634235188284091,1.6432619601778333,1.503616,12.268511,0.36195994913578033,36.43811798095703,36.0,0.36363636363636365,"left_hip_pitch_joint,left_hip_yaw_joint,left_knee_joint,left_ankle_pitch_joint,right_hip_pitch_joint,right_hip_yaw_joint,right_knee_joint,right_ankle_pitch_joint",0.0,75.37157,0,right_ankle_roll_link,75.37157,0.03445047,right_ankle_roll_link
8,0.16,0.39991921186447144,0.9898084351037095,-2.955969575292583,7.63818776922011,0.9038148061073855,2.082625,17.739399,0.6032209321856499,36.021240234375,36.0,0.3181818181818182,"left_hip_pitch_joint,left_hip_yaw_joint,left_knee_joint,right_hip_pitch_joint,right_hip_roll_joint,right_hip_yaw_joint,right_knee_joint",0.0,0.0,0,pelvis,0.0,0.04586406,left_ankle_roll_link
9,0.18,0.3951791822910309,0.9918695605200625,5.770165847831385,4.497494725835799,7.188369381690342,1.7263377,19.052794,0.4468563422560692,34.90576934814453,36.0,0.45454545454545453,"left_hip_pitch_joint,left_hip_yaw_joint,left_knee_joint,left_ankle_pitch_joint,right_hip_pitch_joint,right_hip_roll_joint,right_hip_yaw_joint,right_knee_joint,right_ankle_pitch_joint,waist_roll_joint",0.0,1440.3304,0,right_ankle_roll_link,1440.3304,0.030740537,right_ankle_roll_link
10,0.2,0.3966699540615082,0.9835426628176024,1.0148318106269019,10.360094052096045,6.75487089579577,2.1650214,17.042671,0.8986065313220024,36.043880462646484,36.0,0.36363636363636365,"left_hip_pitch_joint,left_hip_yaw_joint,left_knee_joint,right_hip_pitch_joint,right_hip_roll_joint,right_hip_yaw_joint,right_knee_joint,waist_roll_joint",0.0,0.0,0,pelvis,0.0,0.061446488,right_ankle_roll_link
11,0.22,0.39715883135795593,0.9842074429304145,8.552192055720461,5.572522251096313,20.93015527291808,1.9238427,22.764229,1.0517479106783867,36.13679122924805,36.0,0.4090909090909091,"left_hip_pitch_joint,left_hip_yaw_joint,left_knee_joint,left_ankle_pitch_joint,right_hip_pitch_joint,right_hip_roll_joint,right_hip_yaw_joint,right_knee_joint,waist_roll_joint",0.0,273.27017,0,right_ankle_roll_link,273.27017,0.045267824,right_ankle_roll_link
12,0.24,0.3953554630279541,0.9694281907867096,8.98153998679802,11.049429999884907,8.69888704950281,1.6499764,19.82253,0.9180917423218489,36.05301284790039,36.0,0.22727272727272727,"left_knee_joint,right_hip_pitch_joint,right_hip_roll_joint,right_hip_yaw_joint,right_knee_joint",0.0,0.0,0,pelvis,0.0,0.070840105,right_ankle_roll_link
13,0.26,0.3927972614765167,0.9365197931637066,20.46309075860846,1.6271866950360068,24.181134766467373,1.5704693,23.550192,0.9700629040598869,36.0001220703125,36.0,0.45454545454545453,"left_hip_pitch_joint,left_hip_roll_joint,left_hip_yaw_joint,left_knee_joint,left_ankle_pitch_joint,right_hip_pitch_joint,right_hip_roll_joint,right_hip_yaw_joint,right_knee_joint,waist_yaw_joint",0.0,0.0,0,pelvis,0.0,0.047955766,right_ankle_roll_link
14,0.28,0.3847913146018982,0.9454236565427463,15.921503163319782,10.536569929640041,11.569837534490302,1.9522496,21.40898,1.0588194411247969,36.136566162109375,36.0,0.5,"left_hip_pitch_joint,left_hip_roll_joint,left_hip_yaw_joint,left_knee_joint,right_hip_pitch_joint,right_hip_roll_joint,right_hip_yaw_joint,right_knee_joint,right_ankle_pitch_joint,right_ankle_roll_joint,waist_roll_joint",0.0,0.0,0,pelvis,0.0,0.07631626,right_ankle_roll_link
15,0.3,0.37387916445732117,0.931976016506236,21.125958147727008,2.394282833749405,24.481697999912644,1.4561694,16.246975,1.1245961114764214,36.546661376953125,36.0,0.4090909090909091,"left_hip_pitch_joint,left_hip_roll_joint,left_knee_joint,left_ankle_pitch_joint,right_hip_pitch_joint,right_hip_roll_joint,right_hip_yaw_joint,right_knee_joint,waist_yaw_joint",0.0,0.0,0,pelvis,0.0,0.078753784,right_ankle_roll_link
16,0.32,0.360351026058197,0.9359420614411426,14.208742205529797,15.098806840077218,7.13249924800601,2.0903683,22.66977,1.2231874745339155,35.984336853027344,36.0,0.36363636363636365,"left_hip_pitch_joint,left_hip_roll_joint,left_hip_yaw_joint,left_knee_joint,right_hip_pitch_joint,right_hip_roll_joint,right_hip_yaw_joint,right_ankle_pitch_joint",0.0,0.0,0,pelvis,0.0,0.08704719,right_ankle_roll_link
17,0.34,0.34249234199523926,0.944181484371446,16.741296915175333,9.608334490356334,18.692163074263537,1.4525582,12.358786,1.1513913795351982,35.72446060180664,36.0,0.36363636363636365,"left_hip_pitch_joint,left_knee_joint,left_ankle_pitch_joint,right_hip_pitch_joint,right_hip_roll_joint,right_hip_yaw_joint,right_knee_joint,waist_yaw_joint",2.2874427,135.69824,0,right_ankle_roll_link,135.69824,0.06141556,right_ankle_roll_link
18,0.36,0.32240623235702515,0.9073145859217315,10.58887264186827,22.626426025959386,-3.9330048406895126,2.5482574,27.73183,1.4253022950142622,35.9100341796875,36.0,0.2727272727272727,"left_hip_pitch_joint,left_hip_yaw_joint,right_hip_pitch_joint,right_hip_roll_joint,right_knee_joint,right_ankle_pitch_joint",0.0,0.0,0,pelvis,0.0,0.08029333,left_ankle_roll_link
19,0.38,0.2985464930534363,0.9305782747432045,4.1756453868089825,21.08383562549438,5.24157963015605,1.2365053,20.832901,1.2227820083498955,36.60860061645508,36.0,0.36363636363636365,"left_hip_pitch_joint,left_knee_joint,left_ankle_pitch_joint,right_hip_pitch_joint,right_hip_roll_joint,right_hip_yaw_joint,right_knee_joint,waist_yaw_joint",871.42926,0.0,0,left_ankle_roll_link,871.42926,0.07093319,left_ankle_roll_link
20,0.4,0.28769588470458984,0.9160004587765712,8.924835224306946,21.99345218670461,-8.091122631849535,2.1503482,16.483809,1.551844386383891,34.91807556152344,36.0,0.2727272727272727,"left_hip_yaw_joint,left_knee_joint,left_ankle_pitch_joint,right_hip_roll_joint,right_knee_joint,waist_yaw_joint",222.15674,0.0,0,left_ankle_roll_link,222.15674,0.070118204,left_ankle_roll_link
21,0.42,0.2771925926208496,0.9268836544466676,8.558705480855602,20.393461674480463,16.532662150928566,0.9893987,22.992607,1.380614511668682,36.64775085449219,36.0,0.36363636363636365,"left_hip_roll_joint,left_knee_joint,right_hip_pitch_joint,right_hip_roll_joint,right_hip_yaw_joint,right_knee_joint,waist_roll_joint,waist_yaw_joint",0.0,0.0,0,pelvis,0.0,0.07998667,right_ankle_roll_link
22,0.44,0.26847612857818604,0.9419613142926669,4.661429726858831,19.0757441094016,-1.6610174658437966,1.8732728,20.21654,1.4077915232628584,36.159690856933594,36.0,0.3181818181818182,"left_hip_pitch_joint,left_hip_roll_joint,left_hip_yaw_joint,left_knee_joint,right_hip_roll_joint,right_ankle_pitch_joint,waist_yaw_joint",0.0,0.0,0,pelvis,0.0,0.09239927,right_ankle_roll_link
23,0.46,0.2511838674545288,0.9533615600901586,4.848820409726497,16.905494489024314,26.19799503313198,1.7461584,24.443262,1.3785455152392387,36.284461975097656,36.0,0.3181818181818182,"left_hip_roll_joint,left_ankle_pitch_joint,left_ankle_roll_joint,right_hip_roll_joint,right_hip_yaw_joint,right_knee_joint,waist_yaw_joint",0.0,0.0,0,pelvis,0.0,0.087039,right_ankle_roll_link
24,0.48,0.23540812730789185,0.9538758249464537,1.9309353123910753,17.36596897250217,17.28140961808867,1.7666538,16.837584,1.4944372456520796,36.28264236450195,36.0,0.4090909090909091,"left_hip_pitch_joint,left_hip_roll_joint,left_hip_yaw_joint,left_knee_joint,right_hip_pitch_joint,right_hip_roll_joint,right_knee_joint,right_ankle_pitch_joint,waist_yaw_joint",122.47823,0.0,0,left_ankle_roll_link,122.47823,0.08436361,left_ankle_roll_link
25,0.5,0.21800357103347778,0.9611441727864463,10.18364422388114,12.438361887937905,38.01360791068412,0.97355443,19.058052,1.31199299544096,36.16622543334961,36.0,0.36363636363636365,"left_hip_roll_joint,left_ankle_pitch_joint,left_ankle_roll_joint,right_hip_pitch_joint,right_hip_yaw_joint,right_knee_joint,waist_yaw_joint,left_shoulder_roll_joint",124.17819,0.0,0,left_ankle_roll_link,124.17819,0.07505448,right_knee_link
26,0.52,0.20896080136299133,0.9793765411452101,8.718367953292406,7.76727939153337,21.84182846813101,1.6825439,16.99758,1.5519197266548872,35.540321350097656,36.0,0.36363636363636365,"left_hip_pitch_joint,left_hip_roll_joint,left_hip_yaw_joint,left_knee_joint,right_hip_pitch_joint,right_hip_roll_joint,right_ankle_pitch_joint,waist_yaw_joint",83.52611,0.0,83.52610778808594,left_ankle_roll_link,83.52611,0.05290674,right_knee_link
27,0.54,0.19465911388397217,0.9695827155966599,13.42868947645888,4.5586359607145575,37.995662605479815,1.0806847,12.319438,1.2980848476290703,35.9981689453125,36.0,0.2727272727272727,"left_hip_roll_joint,left_knee_joint,right_hip_pitch_joint,right_hip_yaw_joint,right_knee_joint,waist_yaw_joint",0.0,351.18066,0,right_ankle_roll_link,351.18066,0.057644527,right_knee_link
28,0.56,0.18402564525604248,0.9806491555752758,11.269136405306174,-0.688988836936969,19.48300151493893,0.99294835,20.146093,1.5042481701821089,35.56660842895508,36.0,0.3181818181818182,"left_hip_pitch_joint,left_hip_roll_joint,left_hip_yaw_joint,left_knee_joint,right_hip_roll_joint,right_ankle_pitch_joint,waist_yaw_joint",97.2384,0.0,48.61920166015625,left_ankle_roll_link,97.2384,0.05342323,right_knee_link
29,0.58,0.16786102950572968,0.9870598632074079,8.903489615651903,2.4329821528108417,35.0601497410221,2.0262513,20.6274,1.3056399747729301,36.12507629394531,36.0,0.3181818181818182,"left_hip_pitch_joint,left_hip_roll_joint,left_ankle_pitch_joint,right_hip_pitch_joint,right_hip_yaw_joint,right_knee_joint,waist_yaw_joint",0.0,0.0,0,pelvis,0.0,0.06524117,right_knee_link
30,0.6,0.1576606035232544,0.9771531612406787,11.699497136957428,3.7274141707138178,29.363840029743223,1.1219022,11.135751,1.4484438514336944,36.10625076293945,36.0,0.3181818181818182,"left_hip_pitch_joint,left_hip_roll_joint,left_hip_yaw_joint,left_knee_joint,right_hip_roll_joint,right_ankle_pitch_joint,waist_yaw_joint",0.0,0.0,0,pelvis,0.0,0.07591816,left_ankle_roll_link
31,0.62,0.14962410926818848,0.9888344259144953,5.027969990585823,6.949051746643155,39.167145450815234,0.7530626,15.499816,1.5510346814990044,35.96345138549805,36.0,0.3181818181818182,"left_hip_roll_joint,left_knee_joint,left_ankle_pitch_joint,right_hip_roll_joint,right_hip_yaw_joint,right_knee_joint,waist_yaw_joint",0.0,0.0,0,pelvis,0.0,0.046037283,right_knee_link
32,0.64,0.14353427290916443,0.9702328848708166,12.153420210237389,7.032481277532227,29.152953037294996,1.3624607,9.186214,1.498841194435954,35.44611740112305,36.0,0.36363636363636365,"left_hip_pitch_joint,left_hip_yaw_joint,left_knee_joint,right_hip_pitch_joint,right_hip_roll_joint,right_knee_joint,right_ankle_pitch_joint,waist_yaw_joint",0.0,1195.2964,0,right_ankle_roll_link,1195.2964,0.04458815,right_knee_link
33,0.66,0.13562148809432983,0.968625815774517,11.828715898723816,8.25411999372657,35.720172732405274,0.9238188,10.816141,1.3704053089022636,36.33473205566406,36.0,0.36363636363636365,"left_hip_roll_joint,left_knee_joint,left_ankle_pitch_joint,left_ankle_roll_joint,right_hip_pitch_joint,right_hip_roll_joint,right_hip_yaw_joint,waist_yaw_joint",0.0,0.0,647.563232421875,right_knee_link,647.56323,0.042551897,right_knee_link
34,0.68,0.13240380585193634,0.9631937879107768,13.26322483554069,8.274562019135441,27.13395944948382,1.3596894,13.143111,1.5521021699532866,35.434654235839844,36.0,0.3181818181818182,"left_hip_pitch_joint,left_hip_yaw_joint,left_knee_joint,right_hip_pitch_joint,right_hip_roll_joint,right_knee_joint,right_ankle_pitch_joint",220.93707,142.7588,209.88218688964844,left_ankle_roll_link,220.93707,0.06494881,right_knee_link
35,0.7000000000000001,0.13315337896347046,0.9800837545133739,5.100612427402782,10.26946019994526,30.359565138654453,0.4468067,11.561433,1.3747650310397148,36.756980895996094,36.0,0.36363636363636365,"left_hip_roll_joint,left_knee_joint,left_ankle_pitch_joint,right_hip_pitch_joint,right_hip_roll_joint,right_hip_yaw_joint,right_knee_joint,waist_yaw_joint",0.0,0.0,698.7374267578125,right_knee_link,698.7374,0.04147402,right_knee_link
36,0.72,0.1415763944387436,0.9741614238151847,5.653692003274381,11.78430207529433,17.131102448289194,1.1281815,14.456934,1.53361108712852,35.68757629394531,36.0,0.3181818181818182,"left_hip_pitch_joint,left_hip_yaw_joint,left_knee_joint,right_hip_pitch_joint,right_hip_roll_joint,right_knee_joint,right_ankle_pitch_joint",0.0,0.0,0,pelvis,0.0,0.060600936,right_knee_link
37,0.74,0.15008492767810822,0.9769235135612558,0.8294182679182505,12.305294749470212,22.091095940288092,0.8611279,12.538431,1.4058394357562065,36.25346374511719,36.0,0.36363636363636365,"left_hip_roll_joint,left_ankle_pitch_joint,right_hip_pitch_joint,right_hip_roll_joint,right_hip_yaw_joint,right_knee_joint,right_ankle_pitch_joint,waist_yaw_joint",0.0,0.0,531.537841796875,right_knee_link,531.53784,0.039048508,right_knee_link
38,0.76,0.16513758897781372,0.957517935350112,-9.492208154272841,13.877621076954243,5.144807724203762,0.7668892,21.340498,1.3443384449929,35.861358642578125,36.0,0.3181818181818182,"left_hip_pitch_joint,left_hip_yaw_joint,left_knee_joint,left_ankle_pitch_joint,right_hip_pitch_joint,right_knee_joint,right_ankle_pitch_joint",143.0131,735.93085,125.65998840332031,right_ankle_roll_link,735.93085,0.052644156,right_knee_link
39,0.78,0.17698581516742706,0.945005330157476,-1.9308375167358838,18.995845686905067,11.141200824947353,1.0187329,11.752661,1.4006997272372246,36.25624465942383,36.0,0.2727272727272727,"left_hip_roll_joint,right_hip_pitch_joint,right_hip_yaw_joint,right_knee_joint,waist_roll_joint,waist_yaw_joint",0.0,151.99272,0,right_ankle_roll_link,151.99272,0.055327557,left_knee_link
40,0.8,0.18823464214801788,0.9350087753047006,-11.215531951303058,17.595806462706832,-3.468677946266216,0.85723203,17.955889,1.40700295381248,36.162994384765625,36.0,0.3181818181818182,"left_hip_pitch_joint,left_hip_yaw_joint,left_knee_joint,left_ankle_pitch_joint,right_hip_pitch_joint,right_hip_roll_joint,right_knee_joint",0.0,0.0,0,pelvis,0.0,0.07225862,left_knee_link
41,0.8200000000000001,0.1998719722032547,0.8979110821135996,-4.5548537381290535,25.74239663770843,1.0120406104763384,0.909859,10.015804,1.5378240272402763,37.7283935546875,36.0,0.36363636363636365,"left_hip_roll_joint,left_knee_joint,left_ankle_pitch_joint,right_hip_pitch_joint,right_hip_yaw_joint,right_knee_joint,right_ankle_pitch_joint,waist_yaw_joint",0.0,0.0,0,pelvis,0.0,0.05959567,left_knee_link
42,0.84,0.19999352097511292,0.9082296384510208,-15.422690894632424,19.58306680565809,-13.73790538987301,0.6515935,19.744373,1.4103430788964033,37.147212982177734,36.0,0.3181818181818182,"left_hip_pitch_joint,left_hip_yaw_joint,left_knee_joint,left_ankle_pitch_joint,right_hip_pitch_joint,right_hip_roll_joint,right_knee_joint",959.1039,0.0,0,left_ankle_roll_link,959.1039,0.05460404,left_knee_link
43,0.86,0.20619133114814758,0.8641578871374607,-9.9950724113063,28.660669430618285,-10.08149266272264,0.56833386,10.958778,1.550915353000164,36.335453033447266,36.0,0.3181818181818182,"left_hip_pitch_joint,left_hip_roll_joint,right_hip_pitch_joint,right_hip_yaw_joint,right_knee_joint,right_ankle_pitch_joint,waist_yaw_joint",34.79758,0.0,34.79758071899414,left_knee_link,34.79758,0.046736844,left_knee_link
44,0.88,0.20080599188804626,0.8894330582317749,-12.269083627219553,24.46392647613154,-16.026642763718783,1.0652275,13.928729,1.3452830594033003,36.67058181762695,36.0,0.36363636363636365,"left_hip_pitch_joint,left_hip_yaw_joint,left_knee_joint,right_hip_pitch_joint,right_hip_roll_joint,right_hip_yaw_joint,right_knee_joint,waist_yaw_joint",141.44276,0.0,0,left_ankle_roll_link,141.44276,0.055841744,left_knee_link
45,0.9,0.20329222083091736,0.8321002996136329,-9.620737013597958,32.438232750707684,-9.745642687687223,1.2038819,13.002672,1.496855728328228,36.254905700683594,36.0,0.36363636363636365,"left_hip_pitch_joint,left_hip_roll_joint,left_ankle_pitch_joint,right_hip_pitch_joint,right_hip_yaw_joint,right_knee_joint,right_ankle_pitch_joint,waist_yaw_joint",0.0,0.0,0,pelvis,0.0,0.044968944,left_knee_link
46,0.92,0.20284828543663025,0.8563635901801689,-10.201119544198914,29.527612772514715,-17.889054893887902,1.1471976,13.908232,1.3042710106819868,36.98419189453125,36.0,0.36363636363636365,"left_hip_pitch_joint,left_hip_yaw_joint,left_knee_joint,left_ankle_pitch_joint,right_hip_roll_joint,right_hip_yaw_joint,right_knee_joint,waist_yaw_joint",642.3172,0.0,0,left_ankle_roll_link,642.3172,0.049624104,left_knee_link
47,0.9400000000000001,0.20957201719284058,0.7708354097698993,-9.917423149648533,38.50730649853073,-6.900815351950181,0.8965493,18.719233,1.4432723447680473,35.76266860961914,36.0,0.2727272727272727,"left_hip_roll_joint,right_hip_pitch_joint,right_hip_yaw_joint,right_knee_joint,right_ankle_pitch_joint,waist_yaw_joint",0.0,0.0,0,pelvis,0.0,0.0512446,left_knee_link
48,0.96,0.21155433356761932,0.7801324696867484,-14.262410684267765,36.39527133016189,-21.37331396652724,1.3551226,13.36771,1.2055572550743818,36.32000732421875,36.0,0.45454545454545453,"left_hip_pitch_joint,left_hip_roll_joint,left_hip_yaw_joint,left_knee_joint,left_ankle_pitch_joint,right_hip_pitch_joint,right_hip_roll_joint,right_hip_yaw_joint,right_knee_joint,waist_yaw_joint",156.3516,0.0,0,left_ankle_roll_link,156.3516,0.06811967,left_knee_link
49,0.98,0.20979097485542297,0.7062706638144596,-4.854835007496766,44.86152497834305,-5.839930844119237,0.92228097,13.811446,1.5197806283831596,36.27654266357422,36.0,0.2727272727272727,"left_hip_roll_joint,left_knee_joint,right_hip_pitch_joint,right_hip_yaw_joint,right_knee_joint,right_ankle_pitch_joint",0.0,86.61465,86.6146469116211,left_knee_link,86.61465,0.057185914,left_knee_link
50,1.0,0.20140013098716736,0.742745062119631,-12.791925323107328,40.390235288412846,-27.687512807993233,1.3278896,16.7875,1.2282127421349287,36.324527740478516,36.0,0.45454545454545453,"left_hip_pitch_joint,left_hip_roll_joint,left_hip_yaw_joint,left_knee_joint,left_ankle_pitch_joint,right_hip_pitch_joint,right_hip_roll_joint,right_hip_yaw_joint,right_knee_joint,waist_yaw_joint",0.0,0.0,0,pelvis,0.0,0.056011632,left_knee_link
51,1.02,0.19766761362552643,0.6514393486610868,-9.13627081102464,48.71461060065248,-12.044170159084675,0.68261254,18.122473,1.551116220653057,35.70720672607422,36.0,0.22727272727272727,"left_hip_roll_joint,right_hip_pitch_joint,right_hip_yaw_joint,right_knee_joint,right_ankle_pitch_joint",0.0,0.0,370.46826171875,left_knee_link,370.46826,0.042525344,left_knee_link
52,1.04,0.20091891288757324,0.6009694943206356,-17.41339106165043,50.96208234569548,-29.224074432036236,0.7127603,11.240805,1.110858229920268,36.23527145385742,36.0,0.4090909090909091,"left_hip_pitch_joint,left_hip_yaw_joint,left_knee_joint,left_ankle_pitch_joint,right_hip_pitch_joint,right_hip_roll_joint,right_hip_yaw_joint,right_knee_joint,waist_yaw_joint",0.0,0.0,0,pelvis,0.0,0.07373046,left_knee_link
53,1.06,0.19741162657737732,0.49677804086165434,14.048957083848332,59.19649100566898,-0.7710251456619871,0.8467576,15.279864,1.0667507573962212,36.038509368896484,36.0,0.2727272727272727,"left_hip_roll_joint,left_knee_joint,right_hip_pitch_joint,right_hip_yaw_joint,right_knee_joint,right_ankle_pitch_joint",0.0,0.0,0,pelvis,0.0,0.06935209,left_knee_link
54,1.08,0.1824517548084259,0.4785993716989533,-14.131781397581063,60.42678043069322,-29.082449551556486,0.60543877,14.019184,1.0581897776573896,36.181819915771484,36.0,0.4090909090909091,"left_hip_pitch_joint,left_hip_roll_joint,left_hip_yaw_joint,left_knee_joint,left_ankle_pitch_joint,right_hip_pitch_joint,right_hip_roll_joint,right_knee_joint,waist_yaw_joint",0.0,0.0,0,pelvis,0.0,0.0917421,left_knee_link
55,1.1,0.18036092817783356,0.3251183516159468,34.246761138525606,66.83940654878681,16.764962151291023,0.74194825,19.174051,1.1278202459216118,35.907264709472656,36.0,0.45454545454545453,"left_hip_pitch_joint,left_hip_roll_joint,left_hip_yaw_joint,left_knee_joint,left_ankle_pitch_joint,right_hip_pitch_joint,right_hip_roll_joint,right_hip_yaw_joint,right_knee_joint,right_ankle_pitch_joint",0.0,1302.1887,0,right_ankle_roll_link,1302.1887,0.0815053,left_knee_link
56,1.12,0.16508102416992188,0.2550650354496855,16.05490433200155,74.60825542997492,-3.2346650637869874,1.0567764,9.760818,0.9959916155785322,36.09921646118164,36.0,0.5,"left_hip_pitch_joint,left_hip_roll_joint,left_hip_yaw_joint,left_knee_joint,left_ankle_pitch_joint,right_hip_pitch_joint,right_hip_roll_joint,right_hip_yaw_joint,right_knee_joint,right_ankle_pitch_joint,waist_yaw_joint",0.0,0.0,0,pelvis,0.0,0.081024736,right_knee_link
57,1.1400000000000001,0.16178469359874725,0.042422786581054694,84.26148460758749,64.89515406651034,63.55511910476174,0.8048831,20.616285,1.3192831203341484,36.38298416137695,36.0,0.36363636363636365,"left_hip_roll_joint,left_hip_yaw_joint,left_knee_joint,left_ankle_pitch_joint,right_hip_pitch_joint,right_hip_yaw_joint,right_knee_joint,right_ankle_pitch_joint",0.0,0.0,0,pelvis,0.0,0.08619215,right_knee_link
58,1.16,0.14204369485378265,-0.051462260173640306,102.03406247325076,75.70997729685985,77.35793208335613,1.5467988,7.3505025,0.9858809988945723,36.282752990722656,36.0,0.45454545454545453,"left_hip_pitch_joint,left_hip_roll_joint,left_hip_yaw_joint,left_knee_joint,left_ankle_pitch_joint,right_hip_pitch_joint,right_hip_roll_joint,right_hip_yaw_joint,right_knee_joint,waist_yaw_joint",0.0,0.0,0,pelvis,0.0,0.06934767,right_knee_link
59,1.18,0.12635454535484314,-0.22207471073387985,111.51298712361411,52.72916666994672,87.66716909208418,0.7828225,21.12966,1.5316839143633842,36.213829040527344,36.0,0.3181818181818182,"left_hip_roll_joint,left_knee_joint,left_ankle_pitch_joint,right_hip_pitch_joint,right_hip_yaw_joint,right_knee_joint,right_ankle_pitch_joint",0.0,0.0,0,pelvis,0.0,0.06454651,right_knee_link
60,1.2,0.09873098880052567,-0.32305880795716035,130.53411154486818,60.192382913255884,103.23862772879451,1.6202661,8.206975,0.9962538536638021,36.199005126953125,36.0,0.4090909090909091,"left_hip_pitch_joint,left_hip_roll_joint,left_hip_yaw_joint,left_knee_joint,left_ankle_pitch_joint,right_hip_pitch_joint,right_hip_yaw_joint,right_knee_joint,waist_yaw_joint",0.0,0.0,0,pelvis,0.0,0.007329123,right_shoulder_roll_link
61,1.22,0.08733317255973816,-0.3396915299572374,118.52716106300639,44.66054441603123,88.91491271198396,0.848819,15.799514,1.5247801467776299,36.45582580566406,36.0,0.3181818181818182,"left_hip_roll_joint,left_knee_joint,left_ankle_pitch_joint,right_hip_pitch_joint,right_hip_yaw_joint,right_knee_joint,right_ankle_pitch_joint",0.0,0.0,55.791778564453125,torso_link,55.79178,0.019852776,right_shoulder_roll_link
62,1.24,0.07369276136159897,-0.249036056309059,120.23663439198423,60.3606844320987,93.48861959880357,0.8407994,13.707012,1.1651179250329733,36.18422317504883,36.0,0.36363636363636365,"left_hip_pitch_joint,left_hip_yaw_joint,left_knee_joint,right_hip_pitch_joint,right_hip_roll_joint,right_hip_yaw_joint,right_knee_joint,waist_yaw_joint",0.0,0.0,224.03277587890625,right_hip_yaw_link,112.01639,0.0031441525,right_elbow_link
63,1.26,0.07155446708202362,-0.2845279050962706,115.10177518214776,47.87913750049587,85.4048214921282,0.89776105,14.203667,1.5318775102496147,36.3858642578125,36.0,0.3181818181818182,"left_hip_roll_joint,left_knee_joint,left_ankle_pitch_joint,right_hip_roll_joint,right_hip_yaw_joint,right_knee_joint,right_ankle_pitch_joint",0.0,0.0,195.61947631835938,torso_link,195.61948,0.022153005,right_elbow_link
64,1.28,0.0721266120672226,-0.19145655194496136,117.52176988982924,65.52278673587983,94.87453086997391,1.2165344,18.227224,1.305160230025649,36.15169906616211,36.0,0.36363636363636365,"left_hip_pitch_joint,left_hip_yaw_joint,left_knee_joint,right_hip_pitch_joint,right_hip_roll_joint,right_hip_yaw_joint,right_knee_joint,waist_yaw_joint",0.0,0.0,170.49356079101562,right_knee_link,170.49356,0.024830967,right_shoulder_roll_link
65,1.3,0.07285229861736298,-0.2602821888860962,117.35552876151856,55.498084368696745,87.83014719835943,0.5745339,11.487018,1.4119232818484306,36.50643539428711,36.0,0.4090909090909091,"left_hip_roll_joint,left_knee_joint,left_ankle_pitch_joint,right_hip_pitch_joint,right_hip_roll_joint,right_hip_yaw_joint,right_knee_joint,right_ankle_pitch_joint,right_ankle_roll_joint",0.0,0.0,0,pelvis,0.0,0.026802517,left_shoulder_roll_link
66,1.32,0.07692151516675949,-0.18612203969649999,124.1648827460691,70.64452232881587,107.19839615483733,1.3735564,18.948956,1.3775205072015524,36.13883972167969,36.0,0.4090909090909091,"left_hip_pitch_joint,left_hip_yaw_joint,left_knee_joint,left_ankle_pitch_joint,right_hip_pitch_joint,right_hip_roll_joint,right_hip_yaw_joint,right_knee_joint,waist_yaw_joint",0.0,475.25082,950.5016479492188,right_knee_link,950.50165,0.025756445,right_shoulder_roll_link
67,1.34,0.07696681469678879,-0.24626965615227903,124.71603173659018,64.37847869861062,98.95040427824884,0.19613793,13.372441,1.3617370054125786,36.08407211303711,36.0,0.4090909090909091,"left_hip_roll_joint,left_knee_joint,left_ankle_pitch_joint,right_hip_pitch_joint,right_hip_roll_joint,right_hip_yaw_joint,right_knee_joint,right_ankle_pitch_joint,waist_roll_joint",0.0,0.0,267.1990966796875,torso_link,267.1991,0.020129636,left_shoulder_roll_link
68,1.36,0.09144732356071472,-0.2440604633129766,150.68893462284024,73.74607318375658,138.15448571844337,1.9429089,18.825571,1.4820875581353903,36.06360626220703,36.0,0.45454545454545453,"left_hip_pitch_joint,left_hip_yaw_joint,left_knee_joint,left_ankle_pitch_joint,right_hip_pitch_joint,right_hip_roll_joint,right_hip_yaw_joint,right_knee_joint,waist_roll_joint,waist_yaw_joint",0.0,0.0,0,pelvis,0.0,0.012395132,right_shoulder_roll_link
69,1.3800000000000001,0.09627963602542877,-0.287335678498128,162.09379729024076,72.42443796673126,143.1510517517938,0.9367391,15.048368,1.3021286185830832,36.02233123779297,36.0,0.45454545454545453,"left_hip_roll_joint,left_hip_yaw_joint,left_knee_joint,left_ankle_pitch_joint,right_hip_pitch_joint,right_hip_roll_joint,right_hip_yaw_joint,right_knee_joint,right_ankle_pitch_joint,waist_yaw_joint",0.0,0.0,0,pelvis,0.0,0.019143768,right_shoulder_roll_link
70,1.4000000000000001,0.08482559770345688,-0.2223970465784295,155.78963346238012,75.88639611690655,145.95908288186286,0.50362134,17.930008,1.5419947560876608,35.9039192199707,36.0,0.3181818181818182,"left_hip_yaw_joint,left_knee_joint,left_ankle_pitch_joint,right_hip_roll_joint,right_knee_joint,waist_roll_joint,waist_yaw_joint",0.0,0.0,159.4197998046875,torso_link,159.4198,0.013315202,right_shoulder_roll_link
71,1.42,0.0704699382185936,-0.17895408563579496,163.36729795831369,79.23571594621708,144.21046612987507,1.0651236,11.806835,1.1927696391940117,36.31983184814453,36.0,0.36363636363636365,"left_hip_pitch_joint,left_hip_roll_joint,left_hip_yaw_joint,left_knee_joint,right_hip_roll_joint,right_knee_joint,right_ankle_pitch_joint,waist_roll_joint",0.0,0.0,0,pelvis,0.0,0.016633354,right_shoulder_roll_link
72,1.44,0.0781257227063179,-0.17920905498904371,-133.80110160879696,74.99434287680872,-142.35056462513114,1.3862468,15.842266,1.2816281970590353,35.64195251464844,36.0,0.3181818181818182,"left_hip_pitch_joint,left_hip_yaw_joint,left_knee_joint,right_hip_roll_joint,right_hip_yaw_joint,right_knee_joint,waist_roll_joint",222.43204,0.0,222.43203735351562,left_ankle_roll_link,222.43204,0.009954397,right_shoulder_roll_link
73,1.46,0.07281641662120819,-0.18502593342745954,177.57834108405856,79.32772499061423,171.26571471946156,1.182283,18.111216,1.2441660817712545,36.029056549072266,36.0,0.45454545454545453,"left_hip_pitch_joint,left_hip_roll_joint,left_hip_yaw_joint,left_knee_joint,right_hip_pitch_joint,right_hip_roll_joint,right_hip_yaw_joint,right_knee_joint,right_ankle_pitch_joint,waist_yaw_joint",0.0,0.0,0,pelvis,0.0,0.022107651,left_shoulder_roll_link
74,1.48,0.07187583297491074,-0.13553824901586098,-115.14239478237123,71.39679929087816,-131.01527869544404,0.95443666,26.918232,1.1376904249191284,36.11627960205078,36.0,0.3181818181818182,"left_hip_pitch_joint,left_hip_yaw_joint,right_hip_pitch_joint,right_hip_roll_joint,right_hip_yaw_joint,right_knee_joint,waist_yaw_joint",0.0,0.0,0,pelvis,0.0,0.02568674,right_shoulder_roll_link
75,1.5,0.07529628276824951,-0.17429268210050397,156.72070485523955,79.06242844764262,150.30979236758049,0.7380129,26.922655,1.0541524812579155,36.07664489746094,36.0,0.4090909090909091,"left_hip_pitch_joint,left_hip_yaw_joint,left_knee_joint,left_ankle_pitch_joint,right_hip_pitch_joint,right_hip_yaw_joint,right_knee_joint,right_ankle_pitch_joint,waist_yaw_joint",0.0,0.0,253.63600158691406,torso_link,253.636,0.011992835,left_shoulder_roll_link
76,1.52,0.07197877764701843,-0.09891474657110955,-110.29563379113962,73.4310674060203,-129.25874739671417,0.92814106,29.677769,1.047304630279541,36.21773147583008,36.0,0.36363636363636365,"left_hip_pitch_joint,left_hip_roll_joint,left_hip_yaw_joint,left_ankle_pitch_joint,right_hip_pitch_joint,right_hip_yaw_joint,waist_roll_joint,waist_yaw_joint",0.0,0.0,0,pelvis,0.0,0.034416787,left_elbow_link
77,1.54,0.06886875629425049,-0.13873768700555056,-165.87992899388502,81.77503319078671,-171.86640169143058,1.0927156,30.918833,0.9789240881800652,36.338748931884766,36.0,0.5454545454545454,"left_hip_pitch_joint,left_hip_roll_joint,left_hip_yaw_joint,left_knee_joint,left_ankle_pitch_joint,right_hip_pitch_joint,right_hip_roll_joint,right_hip_yaw_joint,right_knee_joint,right_ankle_pitch_joint,waist_roll_joint,waist_yaw_joint",0.0,0.0,0,pelvis,0.0,0.0137589,left_shoulder_roll_link
78,1.56,0.08319412171840668,-0.21566630349812055,-117.66795594670077,62.325310503582664,-125.84232551282813,0.9070007,33.525543,0.9916577339172363,36.45585250854492,36.0,0.4090909090909091,"left_hip_yaw_joint,left_knee_joint,left_ankle_pitch_joint,right_hip_pitch_joint,right_hip_roll_joint,right_hip_yaw_joint,right_knee_joint,waist_roll_joint,waist_yaw_joint",0.0,0.0,0,pelvis,0.0,0.014275846,left_shoulder_roll_link
79,1.58,0.08290572464466095,-0.21545358472926424,-148.45424762236064,75.35589166367524,-150.04781297078375,1.1138164,26.8136,1.0332978889346123,36.15974807739258,36.0,0.4090909090909091,"left_hip_roll_joint,left_knee_joint,left_ankle_pitch_joint,right_hip_pitch_joint,right_hip_yaw_joint,right_knee_joint,right_ankle_pitch_joint,waist_roll_joint,waist_yaw_joint",0.0,0.0,0,pelvis,0.0,0.0034602024,left_shoulder_roll_link
80,1.6,0.1024448573589325,-0.23057696890970236,-116.70533433189367,59.1311341838317,-124.0203155462866,1.9927166,29.072727,1.064727783203125,36.265899658203125,36.0,0.36363636363636365,"left_hip_yaw_joint,left_knee_joint,left_ankle_pitch_joint,right_hip_roll_joint,right_hip_yaw_joint,right_knee_joint,waist_roll_joint,waist_yaw_joint",0.0,0.0,0,pelvis,0.0,0.02755278,left_shoulder_roll_link
81,1.62,0.11837441474199295,-0.32552617153851404,-147.40419308154486,67.27026590467659,-145.8408206653287,0.72500324,27.939274,1.116502396762371,36.31448745727539,36.0,0.45454545454545453,"left_hip_yaw_joint,left_knee_joint,left_ankle_pitch_joint,right_hip_pitch_joint,right_hip_roll_joint,right_hip_yaw_joint,right_knee_joint,right_ankle_pitch_joint,waist_roll_joint,waist_yaw_joint",0.0,0.0,0,pelvis,0.0,0.0044856016,left_shoulder_roll_link
82,1.6400000000000001,0.11218127608299255,-0.20167895656211954,-109.23911941816723,52.261798715265314,-114.74260314135131,2.3970394,29.516382,1.1422479152679443,36.36109924316406,36.0,0.4090909090909091,"left_hip_pitch_joint,left_hip_yaw_joint,left_knee_joint,left_ankle_pitch_joint,right_hip_roll_joint,right_hip_yaw_joint,right_knee_joint,waist_roll_joint,waist_yaw_joint",0.0,0.0,0,pelvis,0.0,0.026333006,left_shoulder_roll_link
83,1.6600000000000001,0.10705097764730453,-0.21680254378815267,-122.75491689809503,66.37744447466775,-125.45215964590487,0.9722734,25.943233,1.236938588321209,36.38007736206055,36.0,0.4090909090909091,"left_hip_pitch_joint,left_knee_joint,left_ankle_pitch_joint,right_hip_roll_joint,right_hip_yaw_joint,right_knee_joint,right_ankle_pitch_joint,waist_roll_joint,waist_yaw_joint",0.0,0.0,0,pelvis,0.0,0.0043995865,left_shoulder_roll_link
84,1.68,0.08861343562602997,-0.09120692629323246,-98.26457707092418,50.61653634799589,-98.1502754147375,2.5200522,22.030863,1.2304859161376953,36.244483947753906,36.0,0.36363636363636365,"left_hip_pitch_joint,left_hip_roll_joint,left_hip_yaw_joint,left_knee_joint,left_ankle_pitch_joint,right_hip_roll_joint,right_knee_joint,waist_yaw_joint",0.0,0.0,0,pelvis,0.0,0.0235411,left_shoulder_roll_link
85,1.7,0.08959868550300598,-0.13237904135307055,-111.55045021786198,68.87573810271095,-117.69238458549034,1.4009752,30.099548,1.2571999952197075,36.30488967895508,36.0,0.4090909090909091,"left_hip_pitch_joint,left_hip_roll_joint,left_knee_joint,left_ankle_pitch_joint,right_hip_roll_joint,right_hip_yaw_joint,right_knee_joint,right_ankle_pitch_joint,waist_yaw_joint",0.0,0.0,0,pelvis,0.0,-0.005613569,left_shoulder_roll_link
86,1.72,0.06038007140159607,-0.09029644079266319,-100.67177286423689,60.816552816247516,-96.25784893106047,2.2808304,24.027458,0.9249030631035566,36.11023712158203,36.0,0.4090909090909091,"left_hip_pitch_joint,left_hip_roll_joint,left_hip_yaw_joint,left_knee_joint,left_ankle_pitch_joint,right_hip_pitch_joint,right_hip_roll_joint,waist_yaw_joint,right_shoulder_roll_joint",0.0,0.0,0,pelvis,0.0,0.014018481,left_shoulder_roll_link
87,1.74,0.06999091804027557,-0.12274158156143522,-126.96652976818022,78.22257655250486,-131.32722279537947,2.0244358,29.83282,1.2456695958971977,36.03857421875,36.0,0.5454545454545454,"left_hip_pitch_joint,left_hip_roll_joint,left_knee_joint,left_ankle_pitch_joint,left_ankle_roll_joint,right_hip_pitch_joint,right_hip_roll_joint,right_hip_yaw_joint,right_knee_joint,right_ankle_pitch_joint,waist_roll_joint,waist_yaw_joint",0.0,0.0,95.73408508300781,torso_link,95.734085,0.00087931706,left_shoulder_roll_link
88,1.76,0.057920705527067184,-0.055413639453848695,-101.46429937300996,73.81136621724458,-101.2653627168376,2.0193715,19.310947,1.1205767691135406,36.17302322387695,36.0,0.45454545454545453,"left_hip_pitch_joint,left_hip_roll_joint,left_hip_yaw_joint,left_knee_joint,left_ankle_pitch_joint,right_hip_pitch_joint,right_hip_roll_joint,right_hip_yaw_joint,right_knee_joint,waist_yaw_joint",0.0,0.0,1709.9219970703125,left_hip_yaw_link,1709.922,0.014096111,left_elbow_link
89,1.78,0.0608706995844841,-0.05119807997349235,-109.86754844897249,81.33535397196525,-119.13127296875618,1.5430036,26.088764,0.893423967063427,36.085662841796875,36.0,0.36363636363636365,"left_hip_pitch_joint,left_hip_roll_joint,left_ankle_pitch_joint,right_hip_pitch_joint,right_hip_yaw_joint,right_knee_joint,right_ankle_pitch_joint,waist_yaw_joint",0.0,0.0,0,pelvis,0.0,0.032584213,left_shoulder_roll_link
90,1.8,0.04638040065765381,0.010329438320694773,-88.27098140590634,69.9801156453567,-94.87355484930646,1.398776,20.596254,1.1498827021569014,36.241737365722656,36.0,0.5,"left_hip_pitch_joint,left_hip_roll_joint,left_hip_yaw_joint,left_knee_joint,left_ankle_pitch_joint,right_hip_pitch_joint,right_hip_roll_joint,right_knee_joint,right_ankle_pitch_joint,waist_roll_joint,waist_yaw_joint",0.0,0.0,1258.546615600586,left_hip_yaw_link,629.2733,0.018864147,left_hip_roll_link
91,1.82,0.07201587408781052,-0.13973371444076044,147.95359197059105,80.51124256743705,139.42790404886446,2.1076784,28.25403,0.8350548073649406,36.39543533325195,36.0,0.5454545454545454,"left_hip_pitch_joint,left_hip_roll_joint,left_hip_yaw_joint,left_knee_joint,left_ankle_pitch_joint,right_hip_pitch_joint,right_hip_roll_joint,right_hip_yaw_joint,right_knee_joint,right_ankle_pitch_joint,waist_roll_joint,waist_yaw_joint",0.0,0.0,0,pelvis,0.0,0.025584904,left_shoulder_roll_link
92,1.84,0.07429424673318863,-0.1788058796189933,-166.72992885309577,79.41399534272927,-179.82441306217885,1.4650186,16.457079,1.1742521803826094,36.50440979003906,36.0,0.36363636363636365,"left_hip_pitch_joint,left_hip_roll_joint,left_hip_yaw_joint,left_knee_joint,left_ankle_pitch_joint,right_hip_pitch_joint,right_ankle_pitch_joint,waist_yaw_joint",0.0,0.0,0,pelvis,0.0,0.017300043,right_shoulder_roll_link
93,1.86,0.09169841557741165,-0.21229317369776313,123.55811484663437,67.41551425104812,125.24056799512849,1.9697787,31.068497,0.9553340002894402,36.73005294799805,36.0,0.36363636363636365,"left_hip_pitch_joint,left_hip_yaw_joint,left_knee_joint,left_ankle_pitch_joint,right_hip_yaw_joint,right_knee_joint,right_ankle_pitch_joint,waist_yaw_joint",0.0,723.13,999.6728210449219,left_knee_link,723.13,0.014012404,left_shoulder_roll_link
94,1.8800000000000001,0.07982362061738968,-0.1861908582229721,131.938039954051,73.82379627841864,123.46073934214206,2.0784674,21.956596,1.0219822209328413,36.49140930175781,36.0,0.5454545454545454,"left_hip_pitch_joint,left_hip_roll_joint,left_hip_yaw_joint,left_knee_joint,right_hip_pitch_joint,right_hip_roll_joint,right_hip_yaw_joint,right_knee_joint,right_ankle_pitch_joint,waist_roll_joint,waist_yaw_joint,right_shoulder_pitch_joint",0.0,0.0,0,pelvis,0.0,0.014613764,right_shoulder_roll_link
95,1.9000000000000001,0.08862394839525223,-0.1925305745857102,109.18266992966961,54.13017183736312,106.67953653683492,2.0438902,32.40634,1.0921457931399345,36.41437911987305,36.0,0.45454545454545453,"left_hip_pitch_joint,left_hip_yaw_joint,left_knee_joint,left_ankle_pitch_joint,right_hip_pitch_joint,right_hip_yaw_joint,right_knee_joint,right_ankle_pitch_joint,waist_roll_joint,waist_yaw_joint",0.0,0.0,1859.1251220703125,right_knee_link,1859.1251,0.015010335,right_shoulder_roll_link
96,1.92,0.07851478457450867,-0.18747700132903766,108.93253727830731,54.702502577922196,105.080637249003,1.6179256,23.046886,0.9556215927004814,36.85389709472656,36.0,0.45454545454545453,"left_hip_pitch_joint,left_hip_roll_joint,left_hip_yaw_joint,left_knee_joint,right_hip_pitch_joint,right_hip_roll_joint,right_knee_joint,right_ankle_pitch_joint,waist_roll_joint,waist_yaw_joint",0.0,0.0,2239.313720703125,right_hip_yaw_link,1119.6569,-0.00842325,right_shoulder_roll_link
97,1.94,0.0914347916841507,-0.12257361936727484,99.12087784295018,39.353522140711746,104.73966349146404,2.585684,31.422268,1.2211948558688164,36.37329864501953,36.0,0.4090909090909091,"left_hip_roll_joint,left_knee_joint,left_ankle_pitch_joint,right_hip_pitch_joint,right_hip_yaw_joint,right_knee_joint,right_ankle_pitch_joint,waist_roll_joint,waist_yaw_joint",0.0,0.0,411.5613708496094,right_hip_yaw_link,216.57944,-0.0013609235,right_shoulder_roll_link
98,1.96,0.09833519905805588,-0.20404662335680435,106.34492633474582,43.52592819471312,106.99753033606477,1.376744,26.112085,1.0178112909197807,36.43500900268555,36.0,0.5454545454545454,"left_hip_pitch_joint,left_hip_roll_joint,left_hip_yaw_joint,left_knee_joint,left_ankle_pitch_joint,right_hip_pitch_joint,right_hip_roll_joint,right_hip_yaw_joint,right_knee_joint,right_ankle_pitch_joint,waist_roll_joint,waist_yaw_joint",0.0,0.0,0,pelvis,0.0,-0.013272824,right_shoulder_roll_link
99,1.98,0.10705044120550156,-0.17877115366298746,103.29626393847393,38.98486363860298,107.96448564445107,1.9501859,25.071482,1.0525661632418633,36.74773406982422,36.0,0.4090909090909091,"left_knee_joint,left_ankle_pitch_joint,right_hip_pitch_joint,right_hip_roll_joint,right_hip_yaw_joint,right_knee_joint,right_ankle_pitch_joint,waist_roll_joint,waist_yaw_joint",0.0,0.0,0,pelvis,0.0,-0.008028294,right_shoulder_roll_link
100,2.0,0.10146760940551758,-0.2407693406698428,111.52513394595852,48.98856051230719,107.03172134390866,1.9886355,30.369223,0.7219777032732964,36.42085266113281,36.0,0.5454545454545454,"left_hip_pitch_joint,left_hip_roll_joint,left_hip_yaw_joint,left_knee_joint,left_ankle_pitch_joint,right_hip_pitch_joint,right_hip_roll_joint,right_hip_yaw_joint,right_knee_joint,right_ankle_pitch_joint,waist_roll_joint,waist_yaw_joint",0.0,0.0,0,pelvis,0.0,-0.020418763,right_shoulder_roll_link
101,2.02,0.10044378787279129,-0.12482614684070548,99.17838037046474,38.503835035260096,105.6244195467305,1.8763999,32.56036,1.0657484456896782,36.32305908203125,36.0,0.4090909090909091,"left_hip_pitch_joint,left_knee_joint,left_ankle_pitch_joint,right_hip_pitch_joint,right_hip_roll_joint,right_hip_yaw_joint,right_ankle_pitch_joint,waist_roll_joint,waist_yaw_joint",0.0,0.0,0,pelvis,0.0,-0.019470394,right_shoulder_roll_link
102,2.04,0.09039769321680069,-0.19297532798921146,105.9426412926776,45.367309719262714,104.59454555129159,1.7819487,31.169804,0.890420489013195,36.4744873046875,36.0,0.5,"left_hip_pitch_joint,left_hip_roll_joint,left_hip_yaw_joint,left_knee_joint,left_ankle_pitch_joint,right_hip_roll_joint,right_hip_yaw_joint,right_knee_joint,right_ankle_pitch_joint,waist_roll_joint,waist_yaw_joint",0.0,0.0,0,pelvis,0.0,-0.030489393,right_shoulder_roll_link
103,2.06,0.08581645786762238,-0.05734678598805942,94.24884713959264,39.282672351804116,101.16656164250169,2.1752796,26.972002,1.0594090521335602,35.009368896484375,36.0,0.36363636363636365,"left_knee_joint,left_ankle_pitch_joint,right_hip_pitch_joint,right_hip_roll_joint,right_hip_yaw_joint,right_ankle_pitch_joint,waist_roll_joint,waist_yaw_joint",0.0,0.0,1514.943359375,right_hip_yaw_link,757.4717,-0.01321368,right_shoulder_roll_link
104,2.08,0.09422849118709564,-0.13132999914463683,104.3562116396229,58.01723695994147,109.18732624848087,1.1671441,30.00856,0.7840540707111359,36.3944091796875,36.0,0.4090909090909091,"left_hip_pitch_joint,left_hip_roll_joint,left_hip_yaw_joint,left_knee_joint,left_ankle_pitch_joint,right_hip_roll_joint,right_ankle_pitch_joint,waist_roll_joint,waist_yaw_joint",0.0,0.0,0,pelvis,0.0,-0.017708097,right_shoulder_roll_link
105,2.1,0.09387599676847458,-0.016107608184286804,91.2942245973365,44.50819116100231,105.69235441120998,1.6271607,21.859085,1.123315006494522,32.3228645324707,36.0,0.36363636363636365,"left_hip_yaw_joint,left_knee_joint,left_ankle_pitch_joint,right_hip_roll_joint,right_hip_yaw_joint,right_ankle_pitch_joint,waist_roll_joint,waist_yaw_joint",0.0,266.37277,266.3727750778198,right_ankle_roll_link,266.37277,-0.00030386355,right_shoulder_roll_link
106,2.12,0.09162640571594238,-0.12196500511206665,105.06218544553145,62.008788264038124,117.41561904400237,1.8703011,26.825172,0.9718418419361115,36.11650466918945,36.0,0.36363636363636365,"left_hip_roll_joint,left_hip_yaw_joint,left_knee_joint,left_ankle_pitch_joint,right_hip_pitch_joint,right_hip_yaw_joint,right_knee_joint,waist_yaw_joint",0.0,0.0,0,pelvis,0.0,-0.007904271,right_shoulder_roll_link
107,2.14,0.07577348500490189,-0.07489278222479356,96.49711772293189,48.55730992767378,109.34371748997886,1.7906547,17.380312,1.170068733394146,36.145713806152344,36.0,0.36363636363636365,"left_hip_roll_joint,left_ankle_pitch_joint,right_hip_pitch_joint,right_hip_yaw_joint,right_knee_joint,right_ankle_pitch_joint,waist_roll_joint,waist_yaw_joint",0.0,0.0,0,pelvis,0.0,0.011211345,right_shoulder_roll_link
108,2.16,0.08459357917308807,-0.11534463471937184,111.14106260193296,71.34852325332179,128.45834308902351,1.3774115,30.306374,1.004718927666545,36.164302825927734,36.0,0.45454545454545453,"left_hip_roll_joint,left_hip_yaw_joint,left_knee_joint,left_ankle_pitch_joint,right_hip_pitch_joint,right_hip_yaw_joint,right_knee_joint,right_ankle_pitch_joint,waist_yaw_joint,right_shoulder_roll_joint",0.0,0.0,0,pelvis,0.0,0.0036773076,right_shoulder_roll_link
109,2.18,0.06908559054136276,-0.09843809454184682,103.29191211232667,64.64946909630649,118.58084116397288,1.9716598,16.694214,1.1495683118700981,36.1304931640625,36.0,0.36363636363636365,"left_hip_roll_joint,left_ankle_pitch_joint,right_hip_pitch_joint,right_hip_roll_joint,right_hip_yaw_joint,right_knee_joint,right_ankle_pitch_joint,waist_yaw_joint",0.0,0.0,0,pelvis,0.0,0.026532313,right_shoulder_roll_link
110,2.2,0.07652265578508377,-0.15299756812896703,173.1103397763663,81.13474730801451,-166.64542012068316,1.5275023,28.725637,1.0847759526222944,36.261043548583984,36.0,0.5,"left_hip_pitch_joint,left_hip_roll_joint,left_hip_yaw_joint,left_knee_joint,left_ankle_pitch_joint,right_hip_pitch_joint,right_hip_roll_joint,right_hip_yaw_joint,right_knee_joint,right_ankle_pitch_joint,waist_yaw_joint",0.0,0.0,0,pelvis,0.0,0.014763806,right_shoulder_roll_link
111,2.22,0.08078674972057343,-0.2013103663870215,133.51446207975857,72.99987229530912,158.43697859878696,1.3909005,18.990744,1.2349183484911919,36.36766815185547,36.0,0.4090909090909091,"left_hip_roll_joint,left_knee_joint,left_ankle_pitch_joint,right_hip_pitch_joint,right_hip_roll_joint,right_hip_yaw_joint,right_knee_joint,right_ankle_pitch_joint,waist_yaw_joint",0.0,0.0,0,pelvis,0.0,0.017125376,left_shoulder_roll_link
112,2.24,0.09045938402414322,-0.22738010399272968,-136.74102970019644,71.80676694444321,-112.97185368557003,1.5064144,28.308376,1.1691360753029585,36.2995491027832,36.0,0.45454545454545453,"left_hip_roll_joint,left_hip_yaw_joint,left_knee_joint,left_ankle_pitch_joint,right_hip_pitch_joint,right_hip_roll_joint,right_hip_yaw_joint,right_knee_joint,right_ankle_pitch_joint,waist_yaw_joint",0.0,0.0,0,pelvis,0.0,0.023834486,right_shoulder_roll_link
113,2.2600000000000002,0.08465148508548737,-0.2074255711229971,-170.1628208283492,77.84715611713725,-138.24792119926659,1.5235244,21.979033,1.2587916776537895,36.433494567871094,36.0,0.4090909090909091,"left_hip_roll_joint,left_knee_joint,left_ankle_pitch_joint,right_hip_pitch_joint,right_hip_roll_joint,right_hip_yaw_joint,right_knee_joint,right_ankle_pitch_joint,waist_yaw_joint",0.0,0.0,0,pelvis,0.0,0.0045897625,left_shoulder_roll_link
114,2.2800000000000002,0.08037823438644409,-0.10804409200490284,-102.55548766719616,60.19713686228862,-77.23515150341211,1.6424392,36.981476,1.2496605198830366,35.894474029541016,36.0,0.4090909090909091,"left_hip_roll_joint,left_hip_yaw_joint,left_knee_joint,left_ankle_pitch_joint,right_hip_pitch_joint,right_hip_roll_joint,right_knee_joint,right_ankle_pitch_joint,waist_yaw_joint",0.0,0.0,397.9585876464844,right_knee_link,269.7121,0.02148984,left_shoulder_roll_link
115,2.3000000000000003,0.07816162705421448,-0.12828129879720684,-107.28315801096471,64.41900973874083,-76.19399658962716,1.2762952,20.356422,1.1562489196658134,35.88308334350586,36.0,0.4090909090909091,"left_knee_joint,left_ankle_pitch_joint,right_hip_pitch_joint,right_hip_roll_joint,right_hip_yaw_joint,right_knee_joint,right_ankle_pitch_joint,waist_roll_joint,waist_yaw_joint",143.95317,0.0,0,left_ankle_roll_link,143.95317,-0.009797031,left_shoulder_roll_link
116,2.32,0.08631537854671478,-0.08395120389909749,-96.58139528826858,42.90650867749732,-66.00134231269453,2.1659276,30.153543,1.2966816704720259,36.31517791748047,36.0,0.36363636363636365,"left_hip_roll_joint,left_hip_yaw_joint,left_knee_joint,left_ankle_pitch_joint,right_hip_roll_joint,right_knee_joint,right_ankle_pitch_joint,waist_yaw_joint",0.0,0.0,0,pelvis,0.0,-0.006032273,left_elbow_link
117,2.34,0.10969022661447525,-0.2637192551130685,-114.71354978598787,50.89205752822679,-76.85826673633451,1.1399094,23.993841,1.125461332499981,36.33257293701172,36.0,0.36363636363636365,"left_knee_joint,left_ankle_pitch_joint,right_hip_roll_joint,right_hip_yaw_joint,right_knee_joint,right_ankle_pitch_joint,waist_roll_joint,waist_yaw_joint",0.0,0.0,0,pelvis,0.0,-0.038931593,left_shoulder_roll_link
118,2.36,0.10699348896741867,-0.1993337957045611,-103.87504746550142,33.77451836590771,-62.23529170814815,2.4423902,28.98736,1.2891248743981123,38.46331787109375,36.0,0.4090909090909091,"left_hip_pitch_joint,left_hip_roll_joint,left_hip_yaw_joint,left_knee_joint,left_ankle_pitch_joint,right_knee_joint,right_ankle_pitch_joint,waist_roll_joint,waist_yaw_joint",210.8863,0.0,0,left_ankle_roll_link,210.8863,-0.031050477,left_shoulder_roll_link
119,2.38,0.11455878615379333,-0.2621713707081952,-111.58365539587162,44.54540741127975,-69.68785880113111,1.9605352,22.445822,1.2823286354541779,36.249855041503906,36.0,0.3181818181818182,"left_hip_pitch_joint,right_hip_pitch_joint,right_hip_roll_joint,right_hip_yaw_joint,right_knee_joint,right_ankle_pitch_joint,waist_yaw_joint",0.0,0.0,1481.379638671875,torso_link,1481.3796,-0.05835112,left_shoulder_roll_link
120,2.4,0.11361032724380493,-0.16455051986134528,-100.71087237842166,27.70171008550131,-58.06573968221331,2.1431441,30.42048,1.2333410065621138,36.24589920043945,36.0,0.45454545454545453,"left_hip_pitch_joint,left_hip_roll_joint,left_hip_yaw_joint,left_knee_joint,left_ankle_pitch_joint,right_hip_pitch_joint,right_hip_roll_joint,right_knee_joint,right_ankle_pitch_joint,waist_yaw_joint",0.0,0.0,0,pelvis,0.0,-0.043753613,left_shoulder_roll_link
121,2.42,0.11096319556236267,-0.24261787953739855,-108.03797724195151,38.415098441435966,-60.04631900941646,1.6264743,22.700375,1.1939165890216827,36.035213470458984,36.0,0.4090909090909091,"left_hip_pitch_joint,left_ankle_pitch_joint,left_ankle_roll_joint,right_hip_pitch_joint,right_hip_roll_joint,right_hip_yaw_joint,right_knee_joint,right_ankle_pitch_joint,waist_yaw_joint",0.0,0.0,0,pelvis,0.0,-0.058383144,left_shoulder_roll_link
122,2.44,0.10624527186155319,-0.18190454597645989,-101.28699566789031,21.659269362069846,-51.100421036138854,1.8574368,28.624727,1.2189767640084028,36.446956634521484,36.0,0.4090909090909091,"left_hip_pitch_joint,left_hip_roll_joint,left_hip_yaw_joint,left_knee_joint,left_ankle_pitch_joint,right_hip_roll_joint,right_knee_joint,right_ankle_pitch_joint,waist_yaw_joint",0.0,0.0,0,pelvis,0.0,-0.052735016,left_shoulder_roll_link
123,2.46,0.09964597225189209,-0.27729742839165716,-109.099325763727,32.06264789348245,-53.1054971877418,1.6151882,22.621624,1.159006029367447,36.280662536621094,36.0,0.36363636363636365,"left_hip_pitch_joint,left_knee_joint,left_ankle_pitch_joint,right_hip_roll_joint,right_hip_yaw_joint,right_knee_joint,right_ankle_pitch_joint,waist_yaw_joint",134.69067,0.0,1751.8944091796875,torso_link,1751.8944,-0.07058341,left_shoulder_roll_link
124,2.48,0.09451061487197876,-0.16714401558307657,-100.13875638222764,18.285327851896504,-44.92369815067223,1.8315912,23.227339,1.192276744171977,36.29536819458008,36.0,0.36363636363636365,"left_hip_pitch_joint,left_hip_roll_joint,left_hip_yaw_joint,left_knee_joint,right_hip_roll_joint,right_knee_joint,right_ankle_pitch_joint,waist_yaw_joint",0.0,0.0,0,pelvis,0.0,-0.062299777,left_shoulder_roll_link
125,2.5,0.09057660400867462,-0.25309867252463647,-108.45171492825935,36.9017376267348,-47.764893609954925,1.562005,24.467274,1.192070633172989,36.274105072021484,36.0,0.4090909090909091,"left_hip_pitch_joint,left_hip_yaw_joint,left_knee_joint,left_ankle_pitch_joint,right_hip_roll_joint,right_hip_yaw_joint,right_knee_joint,right_ankle_pitch_joint,waist_yaw_joint",0.0,0.0,954.66357421875,torso_link,954.6636,-0.071369156,left_shoulder_roll_link
126,2.52,0.08814363181591034,-0.1258850301921175,-97.90907076175571,23.815112179606412,-41.911040203925104,1.4141934,17.967907,1.122433690354228,34.84442138671875,36.0,0.4090909090909091,"left_hip_pitch_joint,left_hip_roll_joint,left_hip_yaw_joint,left_knee_joint,left_ankle_pitch_joint,right_knee_joint,right_ankle_pitch_joint,waist_roll_joint,waist_yaw_joint",0.0,0.0,975.2561645507812,left_hip_yaw_link,487.62808,-0.06494607,left_elbow_link
127,2.54,0.09208553284406662,-0.20100975633895501,-106.23719763298881,44.037748444482425,-42.48282379710939,0.8526297,28.396898,0.9726512730121613,35.947452545166016,36.0,0.22727272727272727,"right_hip_roll_joint,right_hip_yaw_joint,right_knee_joint,right_ankle_pitch_joint,waist_yaw_joint",0.0,0.0,0,pelvis,0.0,-0.059927683,left_shoulder_roll_link
128,2.56,0.09667006134986877,-0.09905080090187113,-96.56109260077434,29.903072333551304,-36.51207887809632,1.4792004,19.021448,1.1927231550216675,36.16257095336914,36.0,0.3181818181818182,"left_hip_yaw_joint,left_knee_joint,left_ankle_pitch_joint,right_knee_joint,right_ankle_pitch_joint,waist_roll_joint,waist_yaw_joint",0.0,0.0,691.419677734375,left_hip_yaw_link,345.70984,-0.049271636,left_elbow_link
129,2.58,0.1089990884065628,-0.20988084305555077,-110.75445615135561,53.68139072668602,-47.77892889449722,1.5468723,28.640373,0.9530579149723053,36.367671966552734,36.0,0.36363636363636365,"left_hip_pitch_joint,left_hip_yaw_joint,left_knee_joint,right_hip_roll_joint,right_hip_yaw_joint,right_knee_joint,right_ankle_pitch_joint,waist_yaw_joint",0.0,0.0,0,pelvis,0.0,-0.05324641,left_shoulder_roll_link
130,2.6,0.10670141130685806,-0.086844563386828,-96.34158738722775,38.16463255725472,-39.34117372510963,1.5434175,26.715452,1.226327657699585,35.603179931640625,36.0,0.36363636363636365,"left_hip_pitch_joint,left_hip_roll_joint,left_hip_yaw_joint,left_knee_joint,left_ankle_pitch_joint,right_hip_yaw_joint,waist_roll_joint,waist_yaw_joint",0.0,0.0,157.16476440429688,left_knee_link,157.16476,-0.04239025,left_shoulder_roll_link
131,2.62,0.10227498412132263,-0.16482444779285998,-108.19640056710966,58.141862778527354,-46.73834285856394,1.7052238,25.801311,1.0994594395160675,34.81841278076172,36.0,0.4090909090909091,"left_hip_pitch_joint,left_knee_joint,left_ankle_pitch_joint,right_hip_roll_joint,right_hip_yaw_joint,right_knee_joint,right_ankle_pitch_joint,waist_roll_joint,waist_yaw_joint",673.9768,0.0,0,left_ankle_roll_link,673.9768,-0.05469113,left_shoulder_roll_link
132,2.64,0.09750489890575409,-0.10942087658725086,-98.85617840629912,44.70532116564726,-39.19619747462462,0.92402077,18.467052,1.2982118129730225,36.37853240966797,36.0,0.36363636363636365,"left_hip_roll_joint,left_hip_yaw_joint,left_knee_joint,left_ankle_pitch_joint,right_hip_roll_joint,right_hip_yaw_joint,waist_yaw_joint,right_shoulder_roll_joint",0.0,0.0,0,pelvis,0.0,-0.048035912,left_shoulder_roll_link
133,2.66,0.09531087428331375,-0.18674244670309292,-120.95855851209598,68.71439198650582,-53.700622621623474,1.6485676,29.798138,1.1385635435581207,36.395469665527344,36.0,0.4090909090909091,"left_knee_joint,left_ankle_pitch_joint,right_hip_roll_joint,right_hip_yaw_joint,right_knee_joint,right_ankle_pitch_joint,waist_roll_joint,waist_yaw_joint,left_shoulder_roll_joint",0.0,0.0,93.5291519165039,torso_link,93.52915,-0.051320948,left_shoulder_roll_link
134,2.68,0.09231603890657425,-0.1381753283569438,-104.89405330014364,57.481006264781044,-39.14905505361947,1.0274577,21.344816,1.294028878211975,34.86735534667969,36.0,0.3181818181818182,"left_hip_roll_joint,left_hip_yaw_joint,left_knee_joint,left_ankle_pitch_joint,waist_roll_joint,waist_yaw_joint,right_shoulder_roll_joint",0.0,0.0,579.4207153320312,left_hip_yaw_link,579.4207,-0.030392498,left_elbow_link
135,2.7,0.06947312504053116,-0.07715112044766137,-115.946332509419,79.84370163734029,-46.47090603000847,1.8840984,26.65286,1.0615708753466606,35.78081512451172,36.0,0.3181818181818182,"left_ankle_pitch_joint,right_hip_roll_joint,right_hip_yaw_joint,right_knee_joint,right_ankle_pitch_joint,waist_yaw_joint,left_shoulder_roll_joint",0.0,0.0,0,pelvis,0.0,-0.030668758,left_shoulder_roll_link
136,2.72,0.07536136358976364,-0.13087538824112954,-110.5056825647849,68.0616033807771,-38.37800348074366,1.455208,17.20351,1.3496944904327393,36.26567840576172,36.0,0.36363636363636365,"left_hip_pitch_joint,left_hip_roll_joint,left_hip_yaw_joint,left_knee_joint,left_ankle_pitch_joint,right_hip_pitch_joint,right_knee_joint,waist_yaw_joint",0.0,0.0,0,pelvis,0.0,-0.024573699,left_elbow_link
137,2.74,0.07669287174940109,-0.11420855418056597,135.0350203586294,80.71082912939089,-150.4745532959355,1.1109486,29.956558,1.1151021644473076,36.811119079589844,36.0,0.45454545454545453,"left_hip_roll_joint,left_hip_yaw_joint,left_knee_joint,right_hip_pitch_joint,right_hip_roll_joint,right_hip_yaw_joint,right_knee_joint,right_ankle_pitch_joint,waist_yaw_joint,left_shoulder_roll_joint",0.0,0.0,786.4996948242188,left_knee_link,786.4997,-0.020996027,left_shoulder_roll_link
138,2.7600000000000002,0.06555163860321045,-0.07764685744478506,-140.80186299106265,84.24972075698703,-71.0103146535818,1.5293283,15.684939,1.2884975671768188,36.57157516479492,36.0,0.3181818181818182,"left_hip_roll_joint,left_hip_yaw_joint,left_knee_joint,left_ankle_pitch_joint,right_hip_roll_joint,waist_yaw_joint,right_shoulder_roll_joint",0.0,0.0,54.40041732788086,right_knee_link,54.400417,0.008644447,left_elbow_link
139,2.7800000000000002,0.07746122777462006,-0.12276388017571804,106.30260106683461,64.06619064941727,-178.4485409828339,1.5303897,33.951836,1.2254810258746147,36.29615020751953,36.0,0.36363636363636365,"left_hip_roll_joint,left_knee_joint,left_ankle_pitch_joint,right_hip_roll_joint,right_hip_yaw_joint,right_knee_joint,right_ankle_pitch_joint,waist_yaw_joint",0.0,0.0,323.85302734375,left_knee_link,161.92651,-0.0006376654,left_shoulder_roll_link
140,2.8000000000000003,0.08390863239765167,-0.23910444736262804,131.16144841006283,68.69825053885704,-161.53783223037385,1.7305672,17.523508,1.273242473602295,36.60434341430664,36.0,0.36363636363636365,"left_hip_pitch_joint,left_hip_roll_joint,left_hip_yaw_joint,left_knee_joint,left_ankle_pitch_joint,right_knee_joint,waist_roll_joint,waist_yaw_joint",0.0,0.0,0,pelvis,0.0,0.026539404,left_shoulder_roll_link
141,2.82,0.08613615483045578,-0.2672920358046942,111.53329049576674,43.26151487674038,178.0257721790175,1.3371096,29.98254,1.3073414489626884,36.47000503540039,36.0,0.4090909090909091,"left_hip_roll_joint,left_knee_joint,left_ankle_pitch_joint,right_hip_roll_joint,right_hip_yaw_joint,right_knee_joint,right_ankle_pitch_joint,waist_roll_joint,waist_yaw_joint",0.0,0.0,0,pelvis,0.0,0.019896284,left_shoulder_roll_link
142,2.84,0.09131217002868652,-0.3103970661612454,121.79406856421168,53.90425091879885,-176.82603117922892,1.4572773,18.109682,1.3445321321487427,36.37244415283203,36.0,0.4090909090909091,"left_hip_pitch_joint,left_hip_roll_joint,left_hip_yaw_joint,left_knee_joint,left_ankle_pitch_joint,right_hip_pitch_joint,right_hip_roll_joint,right_hip_yaw_joint,waist_yaw_joint",0.0,0.0,0,pelvis,0.0,0.0053504277,right_shoulder_roll_link
143,2.86,0.0878891721367836,-0.2403351189698988,106.22154090769678,30.64630015517953,168.83769865098705,1.6730026,28.531023,1.370964638888836,36.42243957519531,36.0,0.36363636363636365,"left_hip_roll_joint,left_knee_joint,left_ankle_pitch_joint,right_hip_pitch_joint,right_hip_yaw_joint,right_knee_joint,right_ankle_pitch_joint,waist_roll_joint",0.0,0.0,0,pelvis,0.0,0.014149955,right_shoulder_roll_link
144,2.88,0.08831967413425446,-0.24067841816472013,111.12086092220179,48.092750147584084,172.51440676980027,1.3165689,22.846334,1.3977848291397095,36.10093688964844,36.0,0.3181818181818182,"left_hip_roll_joint,left_hip_yaw_joint,left_knee_joint,left_ankle_pitch_joint,right_hip_pitch_joint,right_hip_yaw_joint,waist_yaw_joint",0.0,0.0,0,pelvis,0.0,-0.0027757958,right_shoulder_roll_link
145,2.9,0.09762340039014816,-0.23256449732309648,105.64864335243675,30.436802865347293,166.04523929880017,1.7285664,20.418478,1.3194333240389824,36.28883361816406,36.0,0.4090909090909091,"left_hip_roll_joint,left_knee_joint,left_ankle_pitch_joint,right_hip_pitch_joint,right_hip_roll_joint,right_hip_yaw_joint,right_knee_joint,right_ankle_pitch_joint,waist_yaw_joint",0.0,0.0,0,pelvis,0.0,0.009180132,right_shoulder_roll_link
146,2.92,0.10555525869131088,-0.2737011135680558,114.94262170745921,49.531752959565765,176.1835431597068,1.4883941,23.950098,1.3543916940689087,34.93487548828125,36.0,0.4090909090909091,"left_hip_roll_joint,left_hip_yaw_joint,left_knee_joint,left_ankle_pitch_joint,right_hip_pitch_joint,right_hip_roll_joint,right_hip_yaw_joint,right_ankle_pitch_joint,waist_yaw_joint",0.0,0.0,0,pelvis,0.0,-0.0060712295,right_shoulder_roll_link
147,2.94,0.09443479776382446,-0.27790216468043316,109.60573214159695,34.084748592894506,164.1633610077365,1.5734601,25.812695,1.2098736688494682,35.02635192871094,36.0,0.36363636363636365,"left_hip_roll_joint,left_ankle_pitch_joint,right_hip_pitch_joint,right_hip_roll_joint,right_hip_yaw_joint,right_knee_joint,right_ankle_pitch_joint,waist_yaw_joint",0.0,0.0,53.69189453125,torso_link,53.691895,0.0053704977,right_shoulder_roll_link
148,2.96,0.10237371921539307,-0.26949462442358696,114.4531608532021,49.380452112328285,176.0585639650962,2.0683289,23.483229,1.3710933923721313,36.292930603027344,36.0,0.45454545454545453,"left_hip_pitch_joint,left_hip_roll_joint,left_hip_yaw_joint,left_knee_joint,left_ankle_pitch_joint,right_hip_pitch_joint,right_hip_roll_joint,right_hip_yaw_joint,right_ankle_pitch_joint,waist_yaw_joint",0.0,0.0,125.4735107421875,torso_link,125.47351,-0.0013491279,right_shoulder_roll_link
149,2.98,0.12116969376802444,-0.304579173088543,110.95346636197958,31.601993545389046,174.4827831061695,0.90572226,21.002672,1.2703291103243828,36.258663177490234,36.0,0.36363636363636365,"left_hip_roll_joint,left_knee_joint,left_ankle_pitch_joint,right_hip_pitch_joint,right_hip_roll_joint,right_hip_yaw_joint,right_knee_joint,right_ankle_pitch_joint",0.0,0.0,0,pelvis,0.0,0.0049081333,right_shoulder_roll_link
150,3.0,0.10998121649026871,-0.3477237877692123,123.60368982951402,51.0759392566537,-177.25869741858483,1.5953984,25.149742,1.1713021993637085,36.555381774902344,36.0,0.36363636363636365,"left_hip_roll_joint,left_hip_yaw_joint,left_knee_joint,left_ankle_pitch_joint,right_hip_roll_joint,right_hip_yaw_joint,right_ankle_pitch_joint,waist_yaw_joint",0.0,0.0,0,pelvis,0.0,0.0035727508,right_shoulder_roll_link
151,3.02,0.11777842789888382,-0.32748633039120323,114.16068015268552,36.85850702321096,177.16039690922457,1.4570019,22.806747,1.3071205541491508,36.487396240234375,36.0,0.36363636363636365,"left_hip_pitch_joint,left_hip_roll_joint,left_knee_joint,left_ankle_pitch_joint,right_hip_roll_joint,right_hip_yaw_joint,right_knee_joint,right_ankle_pitch_joint",0.0,0.0,0,pelvis,0.0,0.019479869,left_shoulder_roll_link
152,3.04,0.1120690107345581,-0.3984256644889701,131.1941288991227,52.77496466853669,-171.64419042521345,1.9748561,26.934937,1.054888367652893,36.52597427368164,36.0,0.45454545454545453,"left_hip_pitch_joint,left_hip_roll_joint,left_hip_yaw_joint,left_knee_joint,left_ankle_pitch_joint,right_hip_roll_joint,right_hip_yaw_joint,right_knee_joint,right_ankle_pitch_joint,waist_yaw_joint",0.0,0.0,0,pelvis,0.0,0.008823032,right_shoulder_roll_link
153,3.06,0.10944001376628876,-0.34329886258095144,116.62079944613663,39.99066550488526,179.23446613592503,1.2723423,26.829638,1.2017681524157524,36.437252044677734,36.0,0.4090909090909091,"left_hip_pitch_joint,left_knee_joint,left_ankle_pitch_joint,right_hip_roll_joint,right_hip_yaw_joint,right_knee_joint,right_ankle_pitch_joint,waist_roll_joint,waist_yaw_joint",0.0,0.0,0,pelvis,0.0,0.010490023,left_shoulder_roll_link
154,3.08,0.09676174819469452,-0.324329478817003,126.29925197980282,56.78027499392622,-177.02183409786903,1.1733115,27.702599,1.0503361225128174,35.87619400024414,36.0,0.45454545454545453,"left_hip_pitch_joint,left_hip_roll_joint,left_hip_yaw_joint,left_knee_joint,left_ankle_pitch_joint,right_hip_yaw_joint,right_knee_joint,right_ankle_pitch_joint,waist_roll_joint,waist_yaw_joint",0.0,0.0,0,pelvis,0.0,0.025185198,right_shoulder_roll_link
155,3.1,0.10263027250766754,-0.22130434792770082,107.35345903978046,42.10039556756617,174.56955302738075,1.8887322,25.362286,1.1535793468356133,36.38367462158203,36.0,0.36363636363636365,"left_hip_pitch_joint,left_knee_joint,left_ankle_pitch_joint,right_hip_roll_joint,right_hip_yaw_joint,right_knee_joint,right_ankle_pitch_joint,waist_yaw_joint",0.0,0.0,0,pelvis,0.0,0.011792362,left_shoulder_roll_link
156,3.12,0.10130223631858826,-0.28558679451789004,120.70911626409905,55.99753340571941,-176.66430399951568,1.4891346,25.245592,1.093528151512146,36.43749237060547,36.0,0.45454545454545453,"left_hip_pitch_joint,left_hip_roll_joint,left_hip_yaw_joint,left_knee_joint,left_ankle_pitch_joint,right_hip_yaw_joint,right_knee_joint,right_ankle_pitch_joint,waist_roll_joint,waist_yaw_joint",0.0,0.0,0,pelvis,0.0,0.019691346,right_shoulder_roll_link
157,3.14,0.08060488104820251,-0.0965911679299225,98.16748932941202,47.16438625479456,167.11842171016207,1.7693347,24.579723,0.9639042913913727,34.62934494018555,36.0,0.3181818181818182,"left_knee_joint,left_ankle_pitch_joint,right_hip_yaw_joint,right_knee_joint,right_ankle_pitch_joint,waist_roll_joint,waist_yaw_joint",0.0,0.0,577.5956420898438,right_hip_yaw_link,288.79782,0.009173604,left_shoulder_roll_link
158,3.16,0.08101153373718262,-0.19761345805075026,114.15225601851925,61.120397436497726,170.55205567468755,1.1835619,26.47317,1.153250813484192,36.39366149902344,36.0,0.4090909090909091,"left_hip_roll_joint,left_hip_yaw_joint,left_knee_joint,left_ankle_pitch_joint,right_hip_pitch_joint,right_knee_joint,right_ankle_pitch_joint,waist_roll_joint,waist_yaw_joint",0.0,0.0,0,pelvis,0.0,0.032475904,right_knee_link
159,3.18,0.07229916751384735,-0.04314440964301447,93.22547982621958,39.93258689169536,160.0920054206571,1.2830838,34.35712,0.9959353506565094,36.176109313964844,36.0,0.4090909090909091,"left_hip_yaw_joint,left_knee_joint,right_hip_pitch_joint,right_hip_roll_joint,right_hip_yaw_joint,right_knee_joint,right_ankle_pitch_joint,waist_roll_joint,waist_yaw_joint",0.0,0.0,264.28631591796875,right_hip_yaw_link,132.14316,0.0060287155,right_hip_roll_link
160,3.2,0.06271201372146606,-0.07123904667552239,96.67698699361414,52.21544610396691,156.90086110880637,1.391304,25.692657,1.1813181638717651,36.410057067871094,36.0,0.4090909090909091,"left_hip_pitch_joint,left_hip_yaw_joint,left_knee_joint,left_ankle_pitch_joint,right_hip_pitch_joint,right_hip_roll_joint,right_ankle_pitch_joint,waist_roll_joint,waist_yaw_joint",0.0,0.0,0,pelvis,0.0,0.01666608,right_hip_roll_link
161,3.22,0.07713935524225235,-0.012014940959528264,90.82765017139427,33.71718180523271,162.3954631829048,2.2294774,24.763485,1.1109556257724762,35.509849548339844,36.0,0.45454545454545453,"left_hip_pitch_joint,left_hip_yaw_joint,left_knee_joint,left_ankle_pitch_joint,right_hip_pitch_joint,right_hip_yaw_joint,right_knee_joint,right_ankle_pitch_joint,waist_roll_joint,waist_yaw_joint",0.0,0.0,1727.5850219726562,right_hip_yaw_link,908.12036,0.0036094347,right_hip_roll_link
162,3.24,0.08076123148202896,-0.19235610648703316,105.86252647659383,45.27135618857877,167.39797331595568,1.5217853,27.259916,0.8236582577228546,36.363624572753906,36.0,0.4090909090909091,"left_hip_pitch_joint,left_hip_roll_joint,left_hip_yaw_joint,left_knee_joint,left_ankle_pitch_joint,right_hip_roll_joint,right_knee_joint,waist_roll_joint,waist_yaw_joint",0.0,0.0,0,pelvis,0.0,0.008899806,right_shoulder_roll_link
163,3.2600000000000002,0.09920734912157059,-0.16866871435235176,101.25105251859938,30.175739174834458,174.6830074736155,2.4649334,29.926783,1.2126382887363434,36.35811996459961,36.0,0.5,"left_hip_yaw_joint,left_knee_joint,left_ankle_pitch_joint,right_hip_pitch_joint,right_hip_roll_joint,right_hip_yaw_joint,right_knee_joint,right_ankle_pitch_joint,waist_roll_joint,waist_yaw_joint,right_shoulder_pitch_joint",0.0,0.0,0,pelvis,0.0,0.0019879583,right_shoulder_roll_link
164,3.2800000000000002,0.11439496278762817,-0.3382062847979914,113.98355025549334,33.69027122158566,-179.6774075386003,0.54163855,28.751791,1.1185615360736847,35.47874069213867,36.0,0.5454545454545454,"left_hip_pitch_joint,left_hip_roll_joint,left_hip_yaw_joint,left_knee_joint,left_ankle_pitch_joint,right_hip_pitch_joint,right_hip_roll_joint,right_hip_yaw_joint,right_knee_joint,right_ankle_pitch_joint,waist_roll_joint,waist_yaw_joint",0.0,0.0,699.41552734375,torso_link,699.4155,-0.0049743205,right_shoulder_roll_link
165,3.3000000000000003,0.12362450361251831,-0.3406359882075529,112.78553871980716,28.41149244689909,175.68179071647353,1.5025352,18.282343,1.0589363500475883,36.01662826538086,36.0,0.22727272727272727,"left_ankle_pitch_joint,right_hip_roll_joint,right_hip_yaw_joint,right_ankle_pitch_joint,waist_roll_joint",0.0,0.0,0,pelvis,0.0,0.009882836,right_shoulder_roll_link
166,3.3200000000000003,0.13162340223789215,-0.4276177833523036,129.71334246517995,47.99047275887887,-173.6701400063851,1.073153,29.796484,0.6910722181200981,36.57951736450195,36.0,0.45454545454545453,"left_hip_roll_joint,left_hip_yaw_joint,left_knee_joint,left_ankle_pitch_joint,right_hip_pitch_joint,right_hip_yaw_joint,right_knee_joint,right_ankle_pitch_joint,waist_roll_joint,waist_yaw_joint",0.0,0.0,0,pelvis,0.0,0.007731002,right_shoulder_roll_link
167,3.34,0.12842167913913727,-0.28346385888136183,110.85289915625131,37.220466377788576,174.4517779257518,1.2837454,26.186808,1.2653797790408134,36.44611358642578,36.0,0.4090909090909091,"left_hip_pitch_joint,left_knee_joint,left_ankle_pitch_joint,right_hip_pitch_joint,right_hip_roll_joint,right_hip_yaw_joint,right_knee_joint,right_ankle_pitch_joint,waist_roll_joint",0.0,0.0,0,pelvis,0.0,0.025331726,left_shoulder_roll_link
168,3.36,0.12335410714149475,-0.32027874643356746,125.04191636429265,56.09575107484316,-172.13681968224515,1.7921923,27.325056,0.8463710471987724,36.458709716796875,36.0,0.5454545454545454,"left_hip_pitch_joint,left_hip_roll_joint,left_hip_yaw_joint,left_knee_joint,left_ankle_pitch_joint,right_hip_pitch_joint,right_hip_roll_joint,right_hip_yaw_joint,right_knee_joint,right_ankle_pitch_joint,waist_roll_joint,waist_yaw_joint",0.0,0.0,0,pelvis,0.0,0.025850974,right_shoulder_roll_link
169,3.38,0.10798247903585434,-0.1811619226749177,104.96398646636443,45.44433069004347,170.3721710650936,1.1007636,19.183052,1.3215418979525566,35.75784683227539,36.0,0.4090909090909091,"left_hip_pitch_joint,left_knee_joint,left_ankle_pitch_joint,right_hip_pitch_joint,right_hip_roll_joint,right_hip_yaw_joint,right_knee_joint,right_ankle_pitch_joint,waist_roll_joint",0.0,0.0,0,pelvis,0.0,0.006041523,left_shoulder_roll_link
170,3.4,0.08804506063461304,-0.18043203272850405,109.83344676255348,57.87300785464206,175.38362864541915,2.2363396,12.818019,0.8645578548312187,36.307830810546875,36.0,0.4090909090909091,"left_hip_roll_joint,left_hip_yaw_joint,left_knee_joint,left_ankle_pitch_joint,right_hip_pitch_joint,right_hip_yaw_joint,right_knee_joint,right_ankle_pitch_joint,waist_yaw_joint",0.0,0.0,0,pelvis,0.0,0.02498807,right_shoulder_roll_link
171,3.42,0.08181142061948776,-0.09437003700763968,96.89098585839278,38.1362984548976,164.84738578477248,0.96087146,20.938437,1.3251610919833183,36.01759338378906,36.0,0.2727272727272727,"left_hip_roll_joint,left_knee_joint,left_ankle_pitch_joint,right_hip_yaw_joint,right_knee_joint,right_ankle_pitch_joint",0.0,0.0,0,pelvis,0.0,0.016914383,left_shoulder_roll_link
172,3.44,0.08078071475028992,-0.22447282586725237,114.18152335305427,56.77068925735081,173.28184661445047,1.4706705,24.862484,0.7695341631770134,36.3148193359375,36.0,0.45454545454545453,"left_hip_pitch_joint,left_hip_roll_joint,left_hip_yaw_joint,left_knee_joint,left_ankle_pitch_joint,right_hip_pitch_joint,right_hip_yaw_joint,right_knee_joint,right_ankle_pitch_joint,waist_yaw_joint",0.0,0.0,0,pelvis,0.0,0.014777014,right_shoulder_roll_link
173,3.46,0.07545147836208344,-0.1269847176686314,99.19046088016724,37.33890130979891,163.23277583069648,1.6524284,27.365606,1.346527449786663,36.385345458984375,36.0,0.4090909090909091,"left_hip_pitch_joint,left_hip_roll_joint,left_knee_joint,left_ankle_pitch_joint,right_hip_roll_joint,right_hip_yaw_joint,right_knee_joint,right_ankle_pitch_joint,waist_roll_joint",0.0,0.0,407.7298583984375,right_hip_yaw_link,225.11786,0.013907843,right_hip_roll_link
174,3.48,0.08943040668964386,-0.27163346256041665,119.23719205995076,56.21074716349822,176.161897803948,0.98736584,34.759174,0.9274100363254547,36.24806213378906,36.0,0.5454545454545454,"left_hip_pitch_joint,left_hip_roll_joint,left_hip_yaw_joint,left_knee_joint,left_ankle_pitch_joint,right_hip_pitch_joint,right_hip_roll_joint,right_hip_yaw_joint,right_knee_joint,right_ankle_pitch_joint,waist_roll_joint,waist_yaw_joint",0.0,0.0,0,pelvis,0.0,0.00950055,right_shoulder_roll_link
175,3.5,0.08645685017108917,-0.22111892555825108,107.76932862199227,43.569451065784584,164.4439169765176,1.6428819,24.69339,1.4068584367632866,36.3481330871582,36.0,0.45454545454545453,"left_hip_roll_joint,left_knee_joint,left_ankle_pitch_joint,right_hip_pitch_joint,right_hip_roll_joint,right_hip_yaw_joint,right_knee_joint,right_ankle_pitch_joint,waist_roll_joint,waist_yaw_joint",0.0,0.0,0,pelvis,0.0,0.022637961,left_shoulder_roll_link
176,3.52,0.08951505273580551,-0.26899173485948324,129.30857386617248,64.87374718924002,178.55069231102462,1.0669315,37.739098,1.0780490562319756,36.21901321411133,36.0,0.5454545454545454,"left_hip_pitch_joint,left_hip_roll_joint,left_hip_yaw_joint,left_knee_joint,left_ankle_pitch_joint,right_hip_pitch_joint,right_hip_roll_joint,right_hip_yaw_joint,right_knee_joint,right_ankle_pitch_joint,waist_roll_joint,waist_yaw_joint",0.0,0.0,0,pelvis,0.0,0.031845927,right_shoulder_roll_link
177,3.54,0.07120578736066818,-0.11559692706573133,101.45915053730076,54.41878110041243,157.95894981828246,0.77480733,29.14898,1.4258775636553764,35.48666763305664,36.0,0.36363636363636365,"left_ankle_pitch_joint,right_hip_pitch_joint,right_hip_roll_joint,right_hip_yaw_joint,right_knee_joint,right_ankle_pitch_joint,waist_roll_joint,waist_yaw_joint",0.0,0.0,180.20120239257812,left_knee_link,180.2012,0.004607834,left_shoulder_roll_link
178,3.56,0.07176516950130463,-0.10100030912797031,111.69129353998888,74.14132091088902,168.77934568736893,0.80914986,29.763077,0.9609627649188042,36.43442916870117,36.0,0.45454545454545453,"left_hip_yaw_joint,left_knee_joint,left_ankle_pitch_joint,right_hip_pitch_joint,right_hip_roll_joint,right_hip_yaw_joint,right_knee_joint,right_ankle_pitch_joint,waist_roll_joint,waist_yaw_joint",0.0,0.0,0,pelvis,0.0,0.020571016,left_elbow_link
179,3.58,0.06709408015012741,-0.03107240506939668,93.2419358002465,56.67100144958804,151.5410505444706,1.1463034,28.002968,1.5019750520586967,36.44279098510742,36.0,0.4090909090909091,"left_hip_pitch_joint,left_hip_roll_joint,left_knee_joint,left_ankle_pitch_joint,right_hip_pitch_joint,right_hip_roll_joint,right_hip_yaw_joint,right_knee_joint,right_ankle_pitch_joint",0.0,0.0,0,pelvis,0.0,-0.000940592,left_shoulder_roll_link
180,3.6,0.07345408946275711,-0.11356498103862833,113.9046383789929,73.72437545373313,168.01813301433333,0.90431345,30.130604,1.0861189290881157,36.462928771972656,36.0,0.5,"left_hip_roll_joint,left_hip_yaw_joint,left_knee_joint,left_ankle_pitch_joint,right_hip_pitch_joint,right_hip_roll_joint,right_hip_yaw_joint,right_knee_joint,right_ankle_pitch_joint,waist_roll_joint,waist_yaw_joint",0.0,0.0,0,pelvis,0.0,0.0068728775,left_elbow_link
181,3.62,0.06189631298184395,-0.04142593677964301,94.32829069555733,56.70854576372387,146.976463331592,1.102429,29.195013,1.4099233075976372,36.45450973510742,36.0,0.36363636363636365,"left_knee_joint,left_ankle_pitch_joint,right_hip_pitch_joint,right_hip_roll_joint,right_hip_yaw_joint,right_knee_joint,right_ankle_pitch_joint,waist_roll_joint",0.0,0.0,0,pelvis,0.0,-0.0062208185,left_shoulder_roll_link
182,3.64,0.0643804594874382,-0.07653801837752816,105.37656082776058,73.22303295473868,153.24787316676154,1.1149111,26.418388,1.0529712438583374,36.45832824707031,36.0,0.5,"left_hip_roll_joint,left_hip_yaw_joint,left_knee_joint,left_ankle_pitch_joint,right_hip_pitch_joint,right_hip_roll_joint,right_hip_yaw_joint,right_knee_joint,right_ankle_pitch_joint,waist_roll_joint,waist_yaw_joint",0.0,0.0,0,pelvis,0.0,0.009810157,left_elbow_link
183,3.66,0.060323115438222885,-0.03947906782912369,93.79035903675238,53.32976871769635,142.88785697606113,1.0257729,22.631989,1.3866044208407402,36.48610305786133,36.0,0.4090909090909091,"left_hip_roll_joint,left_knee_joint,left_ankle_pitch_joint,right_hip_pitch_joint,right_hip_roll_joint,right_hip_yaw_joint,right_knee_joint,right_ankle_pitch_joint,waist_roll_joint",0.0,0.0,418.56583404541016,right_hip_yaw_link,379.75848,0.00420223,left_shoulder_roll_link
184,3.68,0.06813136488199234,-0.1175827409243766,118.70093209807517,75.82745142048344,158.19145893674533,1.3144878,33.372375,1.1096538305282593,36.422725677490234,36.0,0.5,"left_hip_pitch_joint,left_hip_roll_joint,left_hip_yaw_joint,left_knee_joint,left_ankle_pitch_joint,right_hip_pitch_joint,right_hip_roll_joint,right_hip_yaw_joint,right_knee_joint,right_ankle_pitch_joint,waist_yaw_joint",0.0,0.0,0,pelvis,0.0,0.015788533,left_elbow_link
185,3.7,0.06255098432302475,-0.10315272457226055,101.03560908879402,57.392274900777565,144.27074757567803,0.79249704,32.732243,1.3852559253573418,36.38175964355469,36.0,0.4090909090909091,"left_hip_pitch_joint,left_knee_joint,left_ankle_pitch_joint,right_hip_pitch_joint,right_hip_roll_joint,right_hip_yaw_joint,right_knee_joint,right_ankle_pitch_joint,waist_roll_joint",0.0,0.0,157.60630416870117,torso_link,155.17102,-0.005249994,left_shoulder_roll_link
186,3.72,0.05332169681787491,-0.05210304174267577,104.38236822548257,77.89157495574683,144.381793954995,1.7155393,28.074059,1.1889296770095825,36.294532775878906,36.0,0.5454545454545454,"left_hip_pitch_joint,left_hip_yaw_joint,left_knee_joint,left_ankle_pitch_joint,right_hip_pitch_joint,right_hip_roll_joint,right_hip_yaw_joint,right_knee_joint,right_ankle_pitch_joint,waist_roll_joint,waist_yaw_joint,right_shoulder_roll_joint",0.0,0.0,0,pelvis,0.0,0.0121074915,left_elbow_link
187,3.74,0.06345078349113464,-0.09775614115612363,101.05471818953627,59.348146545363335,146.4197550378066,1.7430974,23.123463,1.4593044444918633,36.610870361328125,36.0,0.36363636363636365,"left_hip_pitch_joint,left_hip_roll_joint,left_knee_joint,left_ankle_pitch_joint,right_hip_yaw_joint,right_knee_joint,right_ankle_pitch_joint,waist_roll_joint",0.0,0.0,3048.6667613983154,right_hip_yaw_link,1527.1245,-0.007846761,left_shoulder_roll_link
188,3.7600000000000002,0.0682852491736412,-0.09933339173486688,123.20284900253866,79.54891119697243,161.89253003506548,1.2445031,25.245714,1.0516448020935059,36.27890396118164,36.0,0.3181818181818182,"left_hip_pitch_joint,left_hip_roll_joint,left_hip_yaw_joint,left_knee_joint,left_ankle_pitch_joint,waist_roll_joint,waist_yaw_joint",0.0,0.0,0,pelvis,0.0,0.013719521,left_elbow_link
189,3.7800000000000002,0.07504425197839737,-0.1310109185069277,105.05215420304215,59.70358833657903,147.69860571745667,1.3880477,28.94266,1.4566879197955132,36.35789108276367,36.0,0.36363636363636365,"left_hip_pitch_joint,left_hip_roll_joint,left_knee_joint,left_ankle_pitch_joint,right_hip_yaw_joint,right_knee_joint,right_ankle_pitch_joint,waist_roll_joint",0.0,0.0,0,pelvis,0.0,0.0002823118,left_shoulder_roll_link
190,3.8000000000000003,0.08467470109462738,-0.16705082945817828,138.7118045657127,77.1547138798561,178.3524533577052,1.438473,26.819542,1.1052997410297394,35.191261291503906,36.0,0.5,"left_hip_pitch_joint,left_hip_roll_joint,left_hip_yaw_joint,left_knee_joint,left_ankle_pitch_joint,right_hip_pitch_joint,right_hip_yaw_joint,right_knee_joint,right_ankle_pitch_joint,waist_roll_joint,waist_yaw_joint",0.0,0.0,378.651123046875,right_knee_link,378.65112,0.013795909,left_shoulder_roll_link
191,3.8200000000000003,0.08978667110204697,-0.23320833725529866,116.97683379040198,59.06312673038165,156.91827037537723,1.1690009,26.559076,1.4385090991854668,35.6054573059082,36.0,0.36363636363636365,"left_hip_pitch_joint,left_hip_roll_joint,left_ankle_pitch_joint,right_hip_pitch_joint,right_hip_yaw_joint,right_knee_joint,right_ankle_pitch_joint,waist_roll_joint",0.0,0.0,0,pelvis,0.0,-0.009444915,left_shoulder_roll_link
192,3.84,0.10012432932853699,-0.23258203173421244,144.31701013899294,73.3609648705229,-173.31021065249735,1.4979008,23.730505,1.00824486464262,36.29301452636719,36.0,0.5454545454545454,"left_hip_pitch_joint,left_hip_roll_joint,left_hip_yaw_joint,left_knee_joint,left_ankle_pitch_joint,right_hip_pitch_joint,right_hip_roll_joint,right_hip_yaw_joint,right_knee_joint,right_ankle_pitch_joint,waist_yaw_joint,right_shoulder_roll_joint",0.0,0.0,0,pelvis,0.0,0.01326383,left_shoulder_roll_link
193,3.86,0.10949275642633438,-0.2571452922556663,117.11748792826519,55.6572742438023,163.97495127577372,1.1546493,24.043406,1.4532128497958183,36.249061584472656,36.0,0.4090909090909091,"left_hip_pitch_joint,left_hip_roll_joint,left_knee_joint,left_ankle_pitch_joint,right_hip_pitch_joint,right_hip_roll_joint,right_hip_yaw_joint,right_knee_joint,right_ankle_pitch_joint",0.0,0.0,0,pelvis,0.0,-0.0060569476,left_shoulder_roll_link
194,3.88,0.11212130635976791,-0.2948050727093534,151.21775056383342,70.34469718306894,-165.53213938209336,1.7682714,25.042995,1.0457518100738525,36.15233612060547,36.0,0.5,"left_hip_pitch_joint,left_hip_roll_joint,left_hip_yaw_joint,left_knee_joint,left_ankle_pitch_joint,right_hip_pitch_joint,right_hip_roll_joint,right_hip_yaw_joint,right_knee_joint,right_ankle_pitch_joint,waist_yaw_joint",0.0,0.0,0,pelvis,0.0,0.009795838,left_shoulder_roll_link
195,3.9,0.1081070750951767,-0.269108712259293,117.6513959391419,54.559128106326746,168.38690289933908,1.1289258,28.630903,1.37998615950346,36.06721878051758,36.0,0.36363636363636365,"left_hip_roll_joint,left_ankle_pitch_joint,right_hip_pitch_joint,right_hip_roll_joint,right_hip_yaw_joint,right_knee_joint,right_ankle_pitch_joint,waist_roll_joint",0.0,0.0,0,pelvis,0.0,-0.010281673,left_shoulder_roll_link
196,3.92,0.10132832825183868,-0.266972373131539,143.51308570048272,70.60622202445232,-174.0749651469731,1.1567432,20.144766,1.134692907333374,26.016708374023438,36.0,0.4090909090909091,"left_hip_pitch_joint,left_hip_roll_joint,left_hip_yaw_joint,left_knee_joint,left_ankle_pitch_joint,right_hip_yaw_joint,right_knee_joint,waist_roll_joint,waist_yaw_joint",0.0,0.0,0,pelvis,0.0,0.01740244,left_shoulder_roll_link
197,3.94,0.08717770874500275,-0.2409102639532552,120.4794001693507,61.643613932375786,163.97216077706815,0.6338314,19.111412,0.9912035390734673,35.84075927734375,36.0,0.22727272727272727,"left_hip_roll_joint,left_ankle_pitch_joint,right_hip_roll_joint,right_hip_yaw_joint,right_knee_joint",0.0,0.0,1663.4853515625,right_hip_yaw_link,831.7427,-0.0054289214,left_shoulder_roll_link
198,3.96,0.07771150022745132,-0.13563340803071533,134.69144125111163,78.88043599128784,-177.98665439351416,1.1326199,22.143085,1.1010578870773315,36.510704040527344,36.0,0.3181818181818182,"left_hip_roll_joint,left_hip_yaw_joint,left_knee_joint,left_ankle_pitch_joint,right_hip_roll_joint,right_hip_yaw_joint,waist_yaw_joint",0.0,0.0,75.45277404785156,right_knee_link,75.452774,0.017037727,left_shoulder_roll_link
199,3.98,0.08543531596660614,-0.15087222030259584,107.57878703676884,60.02983204360319,159.41037534264487,0.7848673,24.443644,0.9650091454386711,36.53515625,36.0,0.4090909090909091,"left_hip_pitch_joint,left_hip_roll_joint,left_hip_yaw_joint,left_knee_joint,left_ankle_pitch_joint,right_hip_roll_joint,right_hip_yaw_joint,right_knee_joint,right_ankle_pitch_joint",0.0,0.0,0,pelvis,0.0,0.004625802,left_shoulder_roll_link
200,4.0,0.08008131384849548,-0.13959877756196448,129.0473017424078,77.19702944381996,178.85552579576665,1.4550669,22.523977,1.2261219024658203,36.52570343017578,36.0,0.36363636363636365,"left_hip_pitch_joint,left_hip_roll_joint,left_hip_yaw_joint,left_knee_joint,left_ankle_pitch_joint,right_hip_roll_joint,right_hip_yaw_joint,waist_yaw_joint",0.0,0.0,0,pelvis,0.0,0.02092307,left_elbow_link
201,4.0200000000000005,0.08406971395015717,-0.1381864485906874,105.6222360602868,59.12651883670621,164.77480132339494,0.95115876,26.210413,1.0269387885928154,36.515316009521484,36.0,0.4090909090909091,"left_hip_pitch_joint,left_hip_roll_joint,left_hip_yaw_joint,left_knee_joint,left_ankle_pitch_joint,right_hip_roll_joint,right_hip_yaw_joint,right_knee_joint,right_ankle_pitch_joint",0.0,0.0,83.3145751953125,right_hip_yaw_link,83.314575,-0.00014438201,left_shoulder_roll_link
202,4.04,0.07801926136016846,-0.17951922924252672,129.99749345147723,73.7817801541401,178.97286534645283,1.3691628,23.235125,1.2018182277679443,36.0352897644043,36.0,0.3181818181818182,"left_hip_pitch_joint,left_hip_roll_joint,left_hip_yaw_joint,left_knee_joint,left_ankle_pitch_joint,waist_roll_joint,waist_yaw_joint",0.0,0.0,0,pelvis,0.0,0.015796052,left_shoulder_roll_link
203,4.0600000000000005,0.08431149274110794,-0.16436770423038327,106.56638012634943,54.797066682452005,165.92831366432952,1.5270633,29.669811,1.0973855182528496,35.49180603027344,36.0,0.4090909090909091,"left_hip_pitch_joint,left_hip_roll_joint,left_hip_yaw_joint,left_knee_joint,left_ankle_pitch_joint,right_hip_yaw_joint,right_knee_joint,right_ankle_pitch_joint,waist_roll_joint",0.0,0.0,592.634521484375,left_knee_link,592.6345,-0.005588497,left_shoulder_roll_link
204,4.08,0.09452062845230103,-0.24000786056599033,130.23254685733036,68.18618930461848,-178.912870039402,1.1794624,24.319174,1.2187540531158447,36.415771484375,36.0,0.45454545454545453,"left_hip_pitch_joint,left_hip_roll_joint,left_hip_yaw_joint,left_knee_joint,right_hip_yaw_joint,right_knee_joint,right_ankle_pitch_joint,waist_roll_joint,waist_yaw_joint,right_shoulder_roll_joint",0.0,0.0,0,pelvis,0.0,0.01935592,left_shoulder_roll_link
205,4.1,0.09549945592880249,-0.16201670694763282,104.08815938927039,48.27163392979902,166.46940254569796,1.014147,32.591347,1.230392925441265,36.511680603027344,36.0,0.4090909090909091,"left_hip_roll_joint,left_hip_yaw_joint,left_knee_joint,left_ankle_pitch_joint,right_hip_pitch_joint,right_hip_yaw_joint,right_knee_joint,right_ankle_pitch_joint,waist_roll_joint",0.0,0.0,0,pelvis,0.0,0.0024808813,left_shoulder_roll_link
206,4.12,0.0971742793917656,-0.2864287816969662,125.31401171631713,60.297143523515906,176.58792559997732,0.99903536,25.170746,1.2741618156433105,36.370628356933594,36.0,0.36363636363636365,"left_hip_pitch_joint,left_hip_roll_joint,left_hip_yaw_joint,left_knee_joint,right_hip_pitch_joint,right_hip_yaw_joint,waist_roll_joint,waist_yaw_joint",0.0,0.0,0,pelvis,0.0,0.028792918,left_shoulder_roll_link
207,4.14,0.08746744692325592,-0.14559457114472885,101.12961787998658,41.03907839869267,166.05265809713654,1.0488691,28.18359,1.3325327560305595,36.46046829223633,36.0,0.4090909090909091,"left_hip_roll_joint,left_knee_joint,left_ankle_pitch_joint,right_hip_pitch_joint,right_hip_roll_joint,right_hip_yaw_joint,right_knee_joint,right_ankle_pitch_joint,waist_roll_joint",0.0,0.0,2700.1947021484375,right_hip_yaw_link,1612.5824,0.0069166515,left_shoulder_roll_link
208,4.16,0.08727805316448212,-0.3022464909986664,118.33045736626433,50.43870351795985,170.0048669119286,0.52307534,26.8978,1.0321303606033325,34.636470794677734,36.0,0.4090909090909091,"left_hip_pitch_joint,left_hip_roll_joint,left_hip_yaw_joint,left_knee_joint,right_hip_pitch_joint,right_hip_roll_joint,right_ankle_pitch_joint,waist_roll_joint,waist_yaw_joint",0.0,0.0,1970.20458984375,torso_link,1970.2046,0.012082716,right_shoulder_roll_link
209,4.18,0.08382143825292587,-0.13422790728173828,99.2784974413373,33.64290757140699,159.6613695522101,1.4941506,33.680794,1.4073858186602592,36.31779479980469,36.0,0.36363636363636365,"left_hip_roll_joint,left_knee_joint,left_ankle_pitch_joint,right_hip_roll_joint,right_hip_yaw_joint,right_knee_joint,right_ankle_pitch_joint,waist_roll_joint",0.0,0.0,0,pelvis,0.0,0.016624952,right_hip_roll_link
210,4.2,0.08638375997543335,-0.22487947851366785,109.79225340162812,48.38481746027109,166.30910831231554,0.7626818,31.319654,1.0737004205584526,34.07884979248047,36.0,0.45454545454545453,"left_hip_pitch_joint,left_hip_roll_joint,left_hip_yaw_joint,left_knee_joint,right_hip_pitch_joint,right_hip_roll_joint,right_knee_joint,right_ankle_pitch_joint,waist_roll_joint,waist_yaw_joint",0.0,0.0,1702.9893798828125,torso_link,1702.9894,0.0064687356,right_shoulder_roll_link
211,4.22,0.07819774746894836,-0.17511343279946745,102.58907203583775,36.54101527540177,152.34406490147188,1.8324285,23.043291,1.4272595569491386,36.381507873535156,36.0,0.36363636363636365,"left_hip_roll_joint,left_knee_joint,left_ankle_pitch_joint,right_hip_roll_joint,right_hip_yaw_joint,right_knee_joint,right_ankle_pitch_joint,waist_roll_joint",0.0,0.0,0,pelvis,0.0,0.017964274,right_hip_roll_link
212,4.24,0.06630714237689972,-0.18470248457666916,111.9961202204585,60.4528208067775,153.35359648613874,1.3126119,37.85121,1.061256282031536,36.36930847167969,36.0,0.45454545454545453,"left_hip_roll_joint,left_hip_yaw_joint,left_knee_joint,left_ankle_pitch_joint,right_hip_pitch_joint,right_hip_roll_joint,right_knee_joint,right_ankle_pitch_joint,waist_roll_joint,waist_yaw_joint",0.0,0.0,0,pelvis,0.0,0.030338027,right_hip_pitch_link
213,4.26,0.054335158318281174,-0.13484079485125355,101.33633478454914,46.687630222705856,140.53114854522013,1.4852906,29.731302,1.367912881076336,33.42585754394531,36.0,0.4090909090909091,"left_hip_roll_joint,left_knee_joint,left_ankle_pitch_joint,right_hip_roll_joint,right_hip_yaw_joint,right_knee_joint,right_ankle_pitch_joint,waist_roll_joint,waist_yaw_joint",0.0,0.0,1061.0437927246094,left_knee_link,286.84213,0.005206958,right_hip_pitch_link
214,4.28,0.05463024228811264,-0.10618731522991043,104.66786439248986,65.20607463768864,140.03755915485925,1.0915586,28.555246,1.0954748392105103,36.41152572631836,36.0,0.36363636363636365,"left_hip_roll_joint,left_hip_yaw_joint,left_knee_joint,left_ankle_pitch_joint,right_hip_pitch_joint,right_hip_roll_joint,right_knee_joint,waist_yaw_joint",0.0,0.0,0,pelvis,0.0,0.017507382,left_elbow_link
215,4.3,0.06632295250892639,-0.11364433876069202,99.21791905690546,44.811037839251405,138.33218146791754,1.7734116,30.213888,1.402016393840313,36.43776321411133,36.0,0.36363636363636365,"left_hip_pitch_joint,left_hip_roll_joint,left_knee_joint,left_ankle_pitch_joint,right_hip_yaw_joint,right_knee_joint,right_ankle_pitch_joint,waist_roll_joint",0.0,0.0,235.3128662109375,right_hip_yaw_link,235.31287,0.009882516,right_hip_roll_link
216,4.32,0.08183281868696213,-0.22725325638232796,119.03722635439512,62.0825312285563,149.59837967329878,1.0623833,22.727879,1.2106906175613403,30.80015754699707,36.0,0.45454545454545453,"left_hip_pitch_joint,left_hip_roll_joint,left_hip_yaw_joint,left_knee_joint,left_ankle_pitch_joint,right_hip_pitch_joint,right_knee_joint,right_ankle_pitch_joint,waist_roll_joint,waist_yaw_joint",0.0,0.0,0,pelvis,0.0,0.027039088,left_elbow_link
217,4.34,0.08490889519453049,-0.2306290847019814,112.14665868806462,52.281489099832974,141.76267629297558,1.6303223,16.964283,1.1025202199816704,35.3979606628418,36.0,0.22727272727272727,"left_hip_roll_joint,left_ankle_pitch_joint,right_hip_pitch_joint,right_hip_yaw_joint,right_knee_joint",0.0,0.0,1744.6390380859375,torso_link,1744.639,-0.0010447949,left_shoulder_roll_link
218,4.36,0.08255502581596375,-0.14463440452398402,117.81886253649706,71.94536233968793,154.45998703308112,1.1807045,22.380184,1.2980022430419922,36.04948425292969,36.0,0.4090909090909091,"left_hip_roll_joint,left_hip_yaw_joint,left_knee_joint,left_ankle_pitch_joint,right_hip_pitch_joint,right_hip_roll_joint,right_hip_yaw_joint,right_ankle_pitch_joint,waist_yaw_joint",0.0,0.0,0,pelvis,0.0,0.014744047,left_shoulder_roll_link
219,4.38,0.09136328846216202,-0.14640891234503228,103.6856705259273,51.77023840398677,140.81955369102795,1.0291402,24.41032,1.0393920242786407,36.27427673339844,36.0,0.4090909090909091,"left_hip_pitch_joint,left_hip_roll_joint,left_hip_yaw_joint,left_knee_joint,left_ankle_pitch_joint,right_hip_roll_joint,right_hip_yaw_joint,right_knee_joint,right_ankle_pitch_joint",0.0,0.0,0,pelvis,0.0,-0.0015283506,left_shoulder_roll_link
220,4.4,0.0912710577249527,-0.22956515440311165,128.7075764297837,68.46304182728741,158.5711488975455,1.686421,23.890553,1.3140467405319214,36.23544692993164,36.0,0.36363636363636365,"left_hip_pitch_joint,left_hip_roll_joint,left_hip_yaw_joint,left_knee_joint,left_ankle_pitch_joint,right_hip_yaw_joint,right_ankle_pitch_joint,waist_yaw_joint",0.0,0.0,0,pelvis,0.0,0.015349786,left_shoulder_roll_link
221,4.42,0.09238438308238983,-0.21751190933716957,109.1474136031076,48.459717595435606,141.50961737773795,1.3110367,27.035673,1.185878187417984,36.3740348815918,36.0,0.45454545454545453,"left_hip_pitch_joint,left_hip_roll_joint,left_hip_yaw_joint,left_knee_joint,left_ankle_pitch_joint,right_hip_roll_joint,right_hip_yaw_joint,right_knee_joint,right_ankle_pitch_joint,waist_roll_joint",0.0,0.0,0,pelvis,0.0,0.00013396703,left_shoulder_roll_link
222,4.44,0.08485350757837296,-0.24490227203505266,124.41183751930362,64.31964728806395,146.09290991149626,0.8599398,18.695423,1.280234456062317,24.556438446044922,36.0,0.36363636363636365,"left_hip_pitch_joint,left_hip_roll_joint,left_hip_yaw_joint,left_knee_joint,left_ankle_pitch_joint,right_hip_yaw_joint,right_ankle_pitch_joint,waist_yaw_joint",0.0,0.0,0,pelvis,0.0,0.03326165,left_shoulder_roll_link
223,4.46,0.07692345231771469,-0.22440863060439087,111.02995886414092,51.29253205648904,133.1247196426951,1.1804991,23.13477,0.9286476373672485,35.49806213378906,36.0,0.18181818181818182,"left_ankle_pitch_joint,right_hip_roll_joint,right_hip_yaw_joint,right_knee_joint",0.0,0.0,133.56118774414062,right_hip_yaw_link,133.56119,0.010747738,left_shoulder_roll_link
224,4.48,0.0857696533203125,-0.22733640097357188,122.60984226721045,65.0491235944822,148.84758815395037,1.2566148,22.497663,1.2502946853637695,36.601966857910156,36.0,0.2727272727272727,"left_hip_roll_joint,left_hip_yaw_joint,left_ankle_pitch_joint,right_hip_roll_joint,right_ankle_pitch_joint,waist_yaw_joint",0.0,0.0,0,pelvis,0.0,0.017266657,left_shoulder_roll_link
225,4.5,0.09818525612354279,-0.20248857078467042,106.3398147259753,43.966523009847435,139.99587518816034,0.780565,27.502594,0.9773030281066895,36.55698013305664,36.0,0.36363636363636365,"left_hip_roll_joint,left_hip_yaw_joint,left_knee_joint,left_ankle_pitch_joint,right_hip_roll_joint,right_hip_yaw_joint,right_knee_joint,right_ankle_pitch_joint",0.0,0.0,0,pelvis,0.0,0.0037558898,left_shoulder_roll_link
226,4.5200000000000005,0.08999058604240417,-0.3086988629576539,123.48672434449199,55.97900816040249,145.03388042988936,1.7229713,25.925434,1.2060829401016235,36.69617462158203,36.0,0.3181818181818182,"left_hip_pitch_joint,left_hip_roll_joint,left_hip_yaw_joint,left_knee_joint,left_ankle_pitch_joint,right_ankle_pitch_joint,waist_yaw_joint",0.0,0.0,0,pelvis,0.0,0.024222406,right_shoulder_roll_link
227,4.54,0.09544795006513596,-0.2767847887026105,110.42729351239299,37.52971047889239,138.86975976980276,1.402209,27.663553,1.0561592504382133,36.51793670654297,36.0,0.36363636363636365,"left_hip_pitch_joint,left_hip_yaw_joint,left_knee_joint,left_ankle_pitch_joint,right_hip_yaw_joint,right_knee_joint,right_ankle_pitch_joint,waist_roll_joint",0.0,0.0,0,pelvis,0.0,0.014066331,left_shoulder_roll_link
228,4.5600000000000005,0.09973679482936859,-0.36717148775481423,125.94010683851091,51.27594988666839,147.88848476210924,0.66282094,19.06,1.1604615449905396,31.784687042236328,36.0,0.45454545454545453,"left_hip_pitch_joint,left_hip_roll_joint,left_hip_yaw_joint,left_knee_joint,left_ankle_pitch_joint,right_hip_yaw_joint,right_knee_joint,right_ankle_pitch_joint,waist_roll_joint,waist_yaw_joint",0.0,0.0,0,pelvis,0.0,0.010885924,right_shoulder_roll_link
229,4.58,0.09401629865169525,-0.2623016017817035,109.49436769015988,38.18608516506515,135.62736182356664,1.5795346,17.932608,1.1294280216097832,36.23955154418945,36.0,0.3181818181818182,"left_hip_roll_joint,left_knee_joint,left_ankle_pitch_joint,right_hip_roll_joint,right_hip_yaw_joint,right_knee_joint,right_ankle_pitch_joint",0.0,0.0,0,pelvis,0.0,0.019552063,left_shoulder_roll_link
230,4.6000000000000005,0.09848286211490631,-0.31296229564278044,123.97986703938301,55.94696789543276,147.64750474373764,1.0541955,22.266306,1.2339448928833008,36.27881622314453,36.0,0.4090909090909091,"left_hip_roll_joint,left_hip_yaw_joint,left_knee_joint,left_ankle_pitch_joint,right_hip_pitch_joint,right_hip_roll_joint,right_hip_yaw_joint,right_knee_joint,waist_yaw_joint",0.0,0.0,0,pelvis,0.0,0.012858372,right_shoulder_roll_link
231,4.62,0.08379226922988892,-0.1793806372120077,104.43778519200283,43.990501543958764,131.99521298286353,1.6615028,14.964598,1.1754580661654472,36.41743469238281,36.0,0.3181818181818182,"left_hip_roll_joint,left_knee_joint,left_ankle_pitch_joint,right_hip_pitch_joint,right_hip_yaw_joint,right_knee_joint,right_ankle_pitch_joint",0.0,0.0,1341.6483459472656,torso_link,690.09985,0.012678204,left_shoulder_roll_link
232,4.64,0.088043212890625,-0.1946096843612466,115.82547319722046,63.46589027734745,146.4608127020259,1.4328519,23.044893,1.3131613731384277,35.77498245239258,36.0,0.2727272727272727,"left_hip_roll_joint,left_hip_yaw_joint,left_knee_joint,left_ankle_pitch_joint,right_hip_pitch_joint,waist_yaw_joint",0.0,0.0,0,pelvis,0.0,0.026513673,right_shoulder_roll_link
233,4.66,0.07173537462949753,-0.102213742115139,99.72276227764593,52.75378366163396,128.88797088456218,1.4257537,15.393346,1.1836579963564873,35.71662139892578,36.0,0.45454545454545453,"left_hip_pitch_joint,left_hip_roll_joint,left_knee_joint,left_ankle_pitch_joint,right_hip_pitch_joint,right_hip_roll_joint,right_hip_yaw_joint,right_knee_joint,right_ankle_pitch_joint,waist_yaw_joint",0.0,0.0,104.17047882080078,right_hip_yaw_link,104.17048,0.017149834,left_shoulder_roll_link
234,4.68,0.08511579781770706,-0.17288259936626194,125.51925290783797,72.68812378340805,155.91298192097335,1.9698997,28.002615,1.34253990650177,36.247581481933594,36.0,0.3181818181818182,"left_hip_roll_joint,left_hip_yaw_joint,left_knee_joint,left_ankle_pitch_joint,right_hip_pitch_joint,right_hip_roll_joint,waist_yaw_joint",0.0,0.0,0,pelvis,0.0,0.026125137,left_shoulder_roll_link
235,4.7,0.07153245806694031,-0.10843558475653658,103.66293463818468,62.67321590420173,134.57442653506334,1.7265732,20.52728,1.2112357541918755,35.9971809387207,36.0,0.45454545454545453,"left_hip_pitch_joint,left_hip_roll_joint,left_knee_joint,left_ankle_pitch_joint,right_hip_pitch_joint,right_hip_roll_joint,right_hip_yaw_joint,right_knee_joint,right_ankle_pitch_joint,waist_yaw_joint",0.0,0.0,0,pelvis,0.0,0.001865305,left_shoulder_roll_link
236,4.72,0.0744222030043602,-0.15649668708479858,162.53703614835038,80.55746291964596,-167.57731571045082,1.7165296,31.635015,1.3647432327270508,36.4310188293457,36.0,0.4090909090909091,"left_hip_pitch_joint,left_hip_roll_joint,left_hip_yaw_joint,left_knee_joint,left_ankle_pitch_joint,right_hip_pitch_joint,waist_yaw_joint,left_shoulder_pitch_joint,right_shoulder_roll_joint",0.0,0.0,0,pelvis,0.0,0.004146112,left_shoulder_roll_link
237,4.74,0.07121995091438293,-0.10719280303985146,114.7345961395418,75.15602967190186,149.65628199009288,1.1964574,21.595076,1.203247182071209,36.49897384643555,36.0,0.4090909090909091,"left_hip_roll_joint,left_knee_joint,left_ankle_pitch_joint,right_hip_pitch_joint,right_hip_roll_joint,right_hip_yaw_joint,right_knee_joint,right_ankle_pitch_joint,waist_yaw_joint",0.0,0.0,0,pelvis,0.0,-0.008720094,left_shoulder_roll_link
238,4.76,0.07575980573892593,-0.09221778569468597,-122.49713217656628,80.1165030354502,-93.64135665239007,1.6966726,31.007172,1.3286718130111694,36.483951568603516,36.0,0.3181818181818182,"left_hip_roll_joint,left_hip_yaw_joint,left_knee_joint,left_ankle_pitch_joint,right_hip_pitch_joint,right_ankle_pitch_joint,waist_yaw_joint",0.0,0.0,0,pelvis,0.0,-0.010065123,left_elbow_link
239,4.78,0.07440739870071411,-0.10805499421581466,-172.69271245739225,83.74578001181393,-138.2955537814623,1.148671,17.154303,1.1945160552859306,36.55830764770508,36.0,0.36363636363636365,"left_knee_joint,left_ankle_pitch_joint,right_hip_roll_joint,right_hip_yaw_joint,right_knee_joint,right_ankle_pitch_joint,waist_roll_joint,waist_yaw_joint",0.0,0.0,561.7731323242188,torso_link,561.77313,-0.026156023,left_shoulder_roll_link
240,4.8,0.07831040024757385,-0.058067972261603984,-97.44970512056912,63.39335664018767,-66.19733967053733,1.2855335,29.810278,1.3148802518844604,35.046417236328125,36.0,0.22727272727272727,"left_hip_roll_joint,left_hip_yaw_joint,left_knee_joint,left_ankle_pitch_joint,waist_yaw_joint",0.0,0.0,393.6226806640625,left_knee_link,393.62268,-0.033503264,left_elbow_link
241,4.82,0.07717207074165344,-0.09467755677184186,-108.43908522432163,72.58253012238585,-71.45515814915692,1.2790918,19.23454,1.1723077222704887,36.38566970825195,36.0,0.4090909090909091,"left_knee_joint,left_ankle_pitch_joint,right_hip_pitch_joint,right_hip_roll_joint,right_hip_yaw_joint,right_knee_joint,right_ankle_pitch_joint,waist_roll_joint,waist_yaw_joint",0.0,0.0,0,pelvis,0.0,-0.047058284,left_shoulder_roll_link
242,4.84,0.08751756697893143,-0.04708073647839228,-94.28576022835749,50.94960522901989,-58.00044352700633,1.963918,27.414516,1.3364214897155762,36.19756317138672,36.0,0.4090909090909091,"left_hip_roll_joint,left_hip_yaw_joint,left_knee_joint,left_ankle_pitch_joint,right_hip_roll_joint,right_hip_yaw_joint,right_ankle_pitch_joint,waist_yaw_joint,right_shoulder_roll_joint",356.58508,0.0,0,left_ankle_roll_link,356.58508,-0.046567135,left_elbow_link
243,4.86,0.10463884472846985,-0.201147882986227,-115.91693446656046,62.598622749149946,-68.70202678890048,0.9563906,24.930555,1.2152459546923637,36.36550521850586,36.0,0.3181818181818182,"left_knee_joint,right_hip_pitch_joint,right_hip_roll_joint,right_hip_yaw_joint,right_knee_joint,right_ankle_pitch_joint,waist_yaw_joint",0.0,0.0,0,pelvis,0.0,-0.05726316,left_shoulder_roll_link
244,4.88,0.0966636911034584,-0.10656019039610243,-99.13126937722396,47.81940132138854,-50.810039174646164,1.6905286,25.883638,1.1089859008789062,36.441768646240234,36.0,0.36363636363636365,"left_hip_roll_joint,left_hip_yaw_joint,left_knee_joint,left_ankle_pitch_joint,right_hip_yaw_joint,right_ankle_pitch_joint,waist_roll_joint,waist_yaw_joint",0.0,0.0,0,pelvis,0.0,-0.051398467,left_shoulder_roll_link
245,4.9,0.10081341117620468,-0.19507511180248827,-114.46120108551065,61.89373699150017,-61.56030260992736,1.7083716,22.564121,1.19923984259367,36.19279479980469,36.0,0.4090909090909091,"left_hip_pitch_joint,left_knee_joint,left_ankle_pitch_joint,right_hip_roll_joint,right_hip_yaw_joint,right_knee_joint,right_ankle_pitch_joint,waist_roll_joint,waist_yaw_joint",0.0,0.0,1613.0147705078125,torso_link,1613.0148,-0.069221064,left_shoulder_roll_link
246,4.92,0.09770224243402481,-0.10720121202285249,-98.69893263937996,44.86232142146131,-44.88819439205191,1.7609773,26.863152,0.9908223152160645,36.424495697021484,36.0,0.4090909090909091,"left_hip_roll_joint,left_hip_yaw_joint,left_knee_joint,left_ankle_pitch_joint,right_hip_roll_joint,right_hip_yaw_joint,right_knee_joint,right_ankle_pitch_joint,waist_yaw_joint",0.0,0.0,0,pelvis,0.0,-0.05893748,left_shoulder_roll_link
247,4.94,0.09344621002674103,-0.16781623123797118,-109.43746299507325,59.715831220195824,-49.264513927061586,1.7519313,22.980074,1.1751040145754814,36.38731002807617,36.0,0.36363636363636365,"left_hip_pitch_joint,left_knee_joint,left_ankle_pitch_joint,right_hip_roll_joint,right_hip_yaw_joint,right_knee_joint,right_ankle_pitch_joint,waist_yaw_joint",0.0,0.0,0,pelvis,0.0,-0.07012118,left_shoulder_roll_link
248,4.96,0.08530423045158386,-0.08529665638841699,-96.66822295589859,42.73022230243728,-35.67846350730771,1.8923953,25.718987,1.0771211385726929,36.376426696777344,36.0,0.45454545454545453,"left_hip_roll_joint,left_hip_yaw_joint,left_knee_joint,left_ankle_pitch_joint,right_hip_roll_joint,right_hip_yaw_joint,right_knee_joint,right_ankle_pitch_joint,waist_yaw_joint,right_shoulder_roll_joint",0.0,0.0,0,pelvis,0.0,-0.06501713,left_shoulder_roll_link
249,4.98,0.07984469830989838,-0.131102872357026,-104.61904820953589,58.7050743200196,-38.52499530393678,1.5197897,23.796412,1.2550893127918243,36.257137298583984,36.0,0.3181818181818182,"left_hip_pitch_joint,left_ankle_pitch_joint,right_hip_roll_joint,right_hip_yaw_joint,right_knee_joint,right_ankle_pitch_joint,waist_yaw_joint",0.0,0.0,1349.5299072265625,torso_link,1349.5299,-0.0748809,left_shoulder_roll_link
250,5.0,0.07002834975719452,-0.057617713183910624,-94.74080225092817,45.801695623841205,-25.23717949568862,2.1905313,20.747124,1.0495868027210236,36.46015548706055,36.0,0.3181818181818182,"left_hip_roll_joint,left_hip_yaw_joint,left_knee_joint,left_ankle_pitch_joint,right_hip_roll_joint,right_hip_yaw_joint,waist_yaw_joint",0.0,0.0,680.1494140625,left_hip_yaw_link,340.0747,-0.07290583,left_elbow_link
