frame,t,rz,pgz,roll,pitch,yaw,lv_norm,av_norm,dof_pos_err_max,dof_vel_max,tau_max,tau_sat,saturated_joints,L_fz,R_fz,non_foot_cf_sum,top_cf_name,top_cf_val,bz_min,bz_min_name
0,0.0,0.4103291630744934,0.9999562098754664,0.5191866882168289,-0.13400297060810903,0.2983123238854296,0.0,0.0,0.13505227565765382,0.0,0.0,0.0,,0.0,0.0,0,pelvis,0.0,0.03364689,right_ankle_roll_link
1,0.02,0.4104662835597992,0.9979639851881116,-0.22298305245174152,-3.650009379938406,0.2999088078581533,0.44415337,2.3916583,0.3000075150687735,11.613547325134277,16.206272,0.0,,5.2096887,0.0,0,left_ankle_roll_link,5.2096887,0.032437418,left_ankle_roll_link
2,0.04,0.40962374210357666,0.9959762251013959,1.220982133988004,4.994923546358685,0.8433444267270597,2.1413589,10.301174,0.4475732147693634,36.29430389404297,36.0,0.18181818181818182,"left_hip_pitch_joint,left_knee_joint,right_hip_pitch_joint,right_knee_joint",148.97871,173.37755,0,right_ankle_roll_link,173.37755,0.04188399,right_ankle_roll_link
3,0.06,0.4171995520591736,0.9993253256116543,1.9895478608691404,0.687050058504846,2.025118168620573,2.2576876,9.78699,0.2053968608379364,35.97460174560547,36.0,0.4090909090909091,"left_hip_pitch_joint,left_hip_roll_joint,left_hip_yaw_joint,left_knee_joint,left_ankle_pitch_joint,right_hip_pitch_joint,right_hip_roll_joint,right_hip_yaw_joint,right_knee_joint",226.0341,226.0341,0,left_ankle_roll_link,226.0341,0.036451384,right_ankle_roll_link
4,0.08,0.4223201870918274,0.9958617583116277,-1.2498207284034237,5.062694085843845,1.9272006521991396,1.9017307,10.828557,0.6185041666030884,36.007530212402344,36.0,0.45454545454545453,"left_hip_pitch_joint,left_hip_yaw_joint,left_knee_joint,left_ankle_pitch_joint,left_ankle_roll_joint,right_hip_pitch_joint,right_hip_roll_joint,right_hip_yaw_joint,right_knee_joint,right_ankle_pitch_joint",0.0,0.0,0,pelvis,0.0,0.06411745,left_ankle_roll_link
5,0.1,0.4304928779602051,0.9986270174010068,-1.3057065783882684,2.704243185594126,1.2932230474091109,1.7546146,7.8697505,0.30854305624961853,36.206336975097656,36.0,0.5454545454545454,"left_hip_pitch_joint,left_hip_roll_joint,left_hip_yaw_joint,left_knee_joint,left_ankle_pitch_joint,left_ankle_roll_joint,right_hip_pitch_joint,right_hip_roll_joint,right_hip_yaw_joint,right_knee_joint,right_ankle_pitch_joint,right_ankle_roll_joint",0.0,0.0,0,pelvis,0.0,0.05359092,left_ankle_roll_link
6,0.12,0.427040696144104,0.986105290528743,-2.275966845072621,9.290036478927272,1.3906059632263625,2.2098105,11.947002,0.7700525522232056,36.021148681640625,36.0,0.5454545454545454,"left_hip_pitch_joint,left_hip_roll_joint,left_hip_yaw_joint,left_knee_joint,left_ankle_pitch_joint,left_ankle_roll_joint,right_hip_pitch_joint,right_hip_roll_joint,right_hip_yaw_joint,right_knee_joint,right_ankle_pitch_joint,right_ankle_roll_joint",0.0,0.0,0,pelvis,0.0,0.079897664,left_ankle_roll_link
7,0.14,0.4276306629180908,0.9831576569684659,-0.6932451808420479,10.507945937784879,-1.4125878245401429,1.4874951,7.719223,0.6521234512329102,36.073814392089844,36.0,0.5454545454545454,"left_hip_pitch_joint,left_hip_roll_joint,left_hip_yaw_joint,left_knee_joint,left_ankle_pitch_joint,left_ankle_roll_joint,right_hip_pitch_joint,right_hip_roll_joint,right_hip_yaw_joint,right_knee_joint,right_ankle_pitch_joint,right_ankle_roll_joint",0.0,0.0,0,pelvis,0.0,0.062177423,right_ankle_roll_link
8,0.16,0.4161824584007263,0.9675553158749816,-3.795177515315064,14.144671112891553,4.389389125145078,1.7909114,13.227432,0.9584413170814514,36.0569953918457,36.0,0.5,"left_hip_pitch_joint,left_hip_roll_joint,left_hip_yaw_joint,left_knee_joint,left_ankle_pitch_joint,left_ankle_roll_joint,right_hip_roll_joint,right_hip_yaw_joint,right_knee_joint,right_ankle_pitch_joint,right_ankle_roll_joint",0.0,0.0,0,pelvis,0.0,0.084388785,left_ankle_roll_link
9,0.18,0.4084055721759796,0.9684214804861156,-0.3389467507584806,14.433306641011047,0.5295922790805736,1.369495,15.209424,1.1172103881835938,35.71290588378906,36.0,0.5454545454545454,"left_hip_pitch_joint,left_hip_roll_joint,left_hip_yaw_joint,left_knee_joint,left_ankle_pitch_joint,left_ankle_roll_joint,right_hip_pitch_joint,right_hip_roll_joint,right_hip_yaw_joint,right_knee_joint,right_ankle_pitch_joint,right_ankle_roll_joint",0.0,616.36646,0,right_ankle_roll_link,616.36646,0.058203496,left_ankle_roll_link
10,0.2,0.39088836312294006,0.971159920571046,-8.984466328138167,10.509909690418219,16.071890477152774,1.5677116,19.006268,1.3647242784500122,36.363670349121094,36.0,0.5,"left_hip_roll_joint,left_hip_yaw_joint,left_knee_joint,left_ankle_pitch_joint,left_ankle_roll_joint,right_hip_roll_joint,right_hip_yaw_joint,right_knee_joint,right_ankle_pitch_joint,right_ankle_roll_joint,waist_yaw_joint",0.0,0.0,0,pelvis,0.0,0.08856117,right_ankle_roll_link
11,0.22,0.3763652443885803,0.9841838500310807,9.850358524620182,2.6755797693058954,16.125360761823934,2.354576,32.385822,1.2742748975753784,36.0850830078125,36.0,0.5,"left_hip_pitch_joint,left_hip_roll_joint,left_hip_yaw_joint,left_knee_joint,left_ankle_pitch_joint,left_ankle_roll_joint,right_hip_pitch_joint,right_hip_yaw_joint,right_knee_joint,right_ankle_pitch_joint,waist_yaw_joint",0.0,0.0,0,pelvis,0.0,0.085928656,right_ankle_roll_link
12,0.24,0.3648236393928528,0.9793930015975522,-8.564089749812396,-7.930375032330852,28.556346995729246,1.496473,36.892014,1.480185866355896,36.08291244506836,36.0,0.5,"left_knee_joint,left_ankle_pitch_joint,left_ankle_roll_joint,right_hip_pitch_joint,right_hip_roll_joint,right_hip_yaw_joint,right_knee_joint,right_ankle_pitch_joint,right_ankle_roll_joint,waist_roll_joint,waist_yaw_joint",0.0,136.24985,0,right_ankle_roll_link,136.24985,0.076842,right_ankle_roll_link
13,0.26,0.35341864824295044,0.9751788800573059,-2.4111994195587365,-12.566788824291644,11.227275981223686,1.3615594,35.01742,1.4318122386932373,36.13841247558594,36.0,0.5909090909090909,"left_hip_pitch_joint,left_hip_roll_joint,left_hip_yaw_joint,left_knee_joint,left_ankle_pitch_joint,left_ankle_roll_joint,right_hip_pitch_joint,right_hip_roll_joint,right_hip_yaw_joint,right_ankle_pitch_joint,right_ankle_roll_joint,waist_roll_joint,waist_yaw_joint",0.0,0.0,0,pelvis,0.0,0.0984976,left_ankle_roll_link
14,0.28,0.35856378078460693,0.8701698814421011,-9.929839008144006,-27.944296630528978,22.286692633329455,2.8932676,28.374495,1.5293854475021362,36.139671325683594,36.0,0.5,"left_hip_roll_joint,left_knee_joint,left_ankle_pitch_joint,left_ankle_roll_joint,right_hip_pitch_joint,right_hip_yaw_joint,right_knee_joint,right_ankle_pitch_joint,right_ankle_roll_joint,waist_roll_joint,waist_yaw_joint",0.0,207.9389,0,right_ankle_roll_link,207.9389,0.07889941,right_ankle_roll_link
15,0.3,0.35198846459388733,0.8074173831232176,5.2631525191193855,-35.82231175049235,-4.041009014638908,1.339732,27.501759,1.5346415758132934,36.167667388916016,36.0,0.5,"left_hip_pitch_joint,left_hip_roll_joint,left_hip_yaw_joint,left_knee_joint,left_ankle_pitch_joint,left_ankle_roll_joint,right_hip_pitch_joint,right_hip_roll_joint,right_hip_yaw_joint,right_ankle_pitch_joint,waist_yaw_joint",0.0,0.0,0,pelvis,0.0,0.08599256,left_ankle_roll_link
16,0.32,0.3543034791946411,0.6586802552341422,-9.513325294713836,-48.0974836695365,15.10690240173303,2.4856255,24.360668,1.4613697528839111,36.103031158447266,36.0,0.4090909090909091,"left_hip_roll_joint,left_knee_joint,left_ankle_pitch_joint,left_ankle_roll_joint,right_hip_pitch_joint,right_hip_yaw_joint,right_knee_joint,right_ankle_pitch_joint,waist_yaw_joint",0.0,589.2805,0,right_ankle_roll_link,589.2805,0.081133574,right_ankle_roll_link
17,0.34,0.3472978472709656,0.569015376340511,10.189134420251348,-54.6806567306734,-16.915408472377802,1.2835964,29.087124,1.2814999341964721,36.19593811035156,36.0,0.45454545454545453,"left_hip_pitch_joint,left_hip_roll_joint,left_hip_yaw_joint,left_knee_joint,left_ankle_pitch_joint,left_ankle_roll_joint,right_hip_pitch_joint,right_hip_roll_joint,right_hip_yaw_joint,waist_yaw_joint",0.0,23.816568,0,right_ankle_roll_link,23.816568,0.072642386,right_ankle_roll_link
18,0.36,0.3530656099319458,0.3646679488014075,-25.105350459540418,-66.25214134322927,23.124660937540575,2.0408773,30.244305,1.461787223815918,36.16258239746094,36.0,0.4090909090909091,"left_knee_joint,left_ankle_pitch_joint,left_ankle_roll_joint,right_hip_roll_joint,right_hip_yaw_joint,right_knee_joint,right_ankle_pitch_joint,right_ankle_roll_joint,waist_yaw_joint",0.0,216.53467,0,right_ankle_roll_link,216.53467,0.06734793,right_ankle_roll_link
19,0.38,0.3438347578048706,0.26521066442495567,-1.942505011838881,-74.61147210303047,-16.376839175609952,1.5022306,23.040651,1.4700653076171875,34.82917022705078,36.0,0.5,"left_hip_pitch_joint,left_hip_roll_joint,left_hip_yaw_joint,left_knee_joint,left_ankle_pitch_joint,left_ankle_roll_joint,right_hip_pitch_joint,right_hip_roll_joint,right_hip_yaw_joint,right_knee_joint,waist_yaw_joint",0.0,0.0,0,pelvis,0.0,0.10624601,right_ankle_roll_link
20,0.4,0.3296142518520355,0.1462761857174928,-59.409037147345245,-73.29568333991244,51.17636291468427,1.6079862,29.452776,1.3179644346237183,36.04823303222656,36.0,0.36363636363636365,"left_hip_roll_joint,left_knee_joint,left_ankle_pitch_joint,left_ankle_roll_joint,right_hip_yaw_joint,right_knee_joint,right_ankle_pitch_joint,waist_yaw_joint",0.0,578.79266,0,right_ankle_roll_link,578.79266,0.076306455,right_ankle_roll_link
21,0.42,0.30305224657058716,0.09112728975022888,-51.446772920121106,-81.59237404051748,33.61895046860468,2.2104843,30.471043,1.4228060960769653,36.17756652832031,36.0,0.45454545454545453,"left_hip_pitch_joint,left_hip_roll_joint,left_hip_yaw_joint,left_knee_joint,left_ankle_pitch_joint,left_ankle_roll_joint,right_hip_pitch_joint,right_hip_yaw_joint,waist_roll_joint,waist_yaw_joint",0.0,141.2451,0,right_ankle_roll_link,141.2451,0.08499232,right_ankle_roll_link
22,0.44,0.29473361372947693,-0.020401899261793588,-98.1089431054699,-81.68372031761587,85.78892207078827,1.7592984,13.593772,1.2533961057662963,36.12285614013672,36.0,0.4090909090909091,"left_hip_pitch_joint,left_hip_roll_joint,left_knee_joint,left_ankle_pitch_joint,left_ankle_roll_joint,right_hip_yaw_joint,right_knee_joint,right_ankle_roll_joint,waist_yaw_joint",0.0,0.0,0,pelvis,0.0,0.06839378,right_ankle_roll_link
23,0.46,0.25839871168136597,-0.09222070071575672,-137.58824607904478,-82.82460048176236,98.0249240389996,3.0763955,28.210957,1.4522847652435302,35.36557388305664,36.0,0.5454545454545454,"left_hip_pitch_joint,left_hip_roll_joint,left_hip_yaw_joint,left_knee_joint,left_ankle_pitch_joint,left_ankle_roll_joint,right_hip_pitch_joint,right_hip_roll_joint,right_hip_yaw_joint,right_ankle_pitch_joint,right_ankle_roll_joint,waist_yaw_joint",0.0,0.0,0,pelvis,0.0,0.07763219,right_ankle_roll_link
24,0.48,0.24672460556030273,-0.19932619729565637,-122.06001443879822,-67.94382710579403,93.55558389409008,1.2008216,21.47776,1.2571523189544678,36.46044158935547,36.0,0.5909090909090909,"left_hip_pitch_joint,left_hip_roll_joint,left_hip_yaw_joint,left_knee_joint,left_ankle_pitch_joint,left_ankle_roll_joint,right_hip_pitch_joint,right_hip_roll_joint,right_hip_yaw_joint,right_knee_joint,right_ankle_pitch_joint,right_ankle_roll_joint,waist_roll_joint",0.0,0.0,0,pelvis,0.0,0.050640337,right_ankle_roll_link
25,0.5,0.2087796926498413,-0.3092935214348955,168.77741665188242,-71.61971380675097,135.46916828697871,3.4925008,40.69814,1.5053414821624755,34.68928527832031,36.0,0.6363636363636364,"left_hip_pitch_joint,left_hip_roll_joint,left_hip_yaw_joint,left_knee_joint,left_ankle_pitch_joint,left_ankle_roll_joint,right_hip_pitch_joint,right_hip_roll_joint,right_hip_yaw_joint,right_knee_joint,right_ankle_pitch_joint,right_ankle_roll_joint,waist_roll_joint,waist_yaw_joint",0.0,48.172783,0,right_ankle_roll_link,48.172783,0.04728909,right_ankle_roll_link
26,0.52,0.1634225845336914,-0.39289390254705836,-150.14738286652718,-63.06342770644846,82.41906403929836,0.6908972,30.75819,1.4588592052459717,36.57270812988281,36.0,0.45454545454545453,"left_hip_roll_joint,left_hip_yaw_joint,left_ankle_pitch_joint,left_ankle_roll_joint,right_hip_pitch_joint,right_hip_roll_joint,right_hip_yaw_joint,right_knee_joint,right_ankle_roll_joint,waist_roll_joint",0.0,256.9003,9711.9326171875,torso_link,9711.933,-0.03131085,right_shoulder_roll_link
27,0.54,0.13423055410385132,-0.30252753140914734,-142.31661333035476,-67.52571954854486,66.68302360714402,2.14468,23.028248,1.138178777694702,35.982086181640625,36.0,0.4090909090909091,"left_hip_roll_joint,left_hip_yaw_joint,left_knee_joint,left_ankle_pitch_joint,left_ankle_roll_joint,right_hip_pitch_joint,right_ankle_pitch_joint,waist_roll_joint,waist_yaw_joint",0.0,104.92833,0,right_ankle_roll_link,104.92833,0.010207705,right_shoulder_roll_link
28,0.56,0.11680418252944946,-0.20863858037743377,-108.19850565168683,-48.08330705284848,32.20191300657749,0.85557514,29.580465,1.5301283597946167,36.248512268066406,36.0,0.5,"left_hip_roll_joint,left_knee_joint,left_ankle_pitch_joint,left_ankle_roll_joint,right_hip_pitch_joint,right_hip_yaw_joint,right_knee_joint,right_ankle_pitch_joint,right_ankle_roll_joint,waist_yaw_joint,right_elbow_joint",0.0,0.0,0,pelvis,0.0,0.017587895,left_shoulder_roll_link
29,0.58,0.09171277284622192,-0.12894886963911922,-102.85549956242629,-54.580116570419435,16.620345704597778,1.9863431,22.543674,1.029973816871643,36.285011291503906,36.0,0.5909090909090909,"left_hip_pitch_joint,left_hip_roll_joint,left_hip_yaw_joint,left_knee_joint,left_ankle_pitch_joint,left_ankle_roll_joint,right_hip_pitch_joint,right_hip_roll_joint,right_hip_yaw_joint,right_knee_joint,right_ankle_pitch_joint,waist_roll_joint,waist_yaw_joint",0.0,0.0,931.7017822265625,torso_link,931.7018,0.004762703,left_shoulder_roll_link
30,0.6,0.08311507850885391,-0.09189046853960692,-95.80349056672942,-24.666183831891782,6.4903153640371,0.90794164,30.852392,1.5098204612731934,36.13951873779297,36.0,0.5909090909090909,"left_hip_pitch_joint,left_hip_roll_joint,left_knee_joint,left_ankle_pitch_joint,left_ankle_roll_joint,right_hip_pitch_joint,right_hip_roll_joint,right_hip_yaw_joint,right_knee_joint,right_ankle_pitch_joint,right_ankle_roll_joint,waist_roll_joint,waist_yaw_joint",0.0,0.0,0,pelvis,0.0,-0.007905128,left_shoulder_roll_link
31,0.62,0.07094176113605499,-0.04303426954506451,-92.9218460347133,-32.408971490252945,-7.3370794026548785,1.8497584,30.02525,1.1373278617858886,36.09702682495117,36.0,0.5454545454545454,"left_hip_pitch_joint,left_hip_roll_joint,left_hip_yaw_joint,left_knee_joint,left_ankle_pitch_joint,left_ankle_roll_joint,right_hip_pitch_joint,right_hip_roll_joint,right_hip_yaw_joint,right_knee_joint,right_ankle_pitch_joint,waist_yaw_joint",0.0,0.0,0,pelvis,0.0,-0.036717437,left_elbow_link
32,0.64,0.07218530029058456,-0.0554167515209798,-93.30293981451356,-15.87898183180828,-10.13611164610026,0.86622995,19.347612,1.4489526748657227,36.15620422363281,36.0,0.5454545454545454,"left_hip_pitch_joint,left_hip_roll_joint,left_knee_joint,left_ankle_pitch_joint,left_ankle_roll_joint,right_hip_pitch_joint,right_hip_roll_joint,right_hip_yaw_joint,right_knee_joint,right_ankle_pitch_joint,right_ankle_roll_joint,waist_yaw_joint",0.0,0.0,0,pelvis,0.0,-0.032842252,left_shoulder_yaw_link
33,0.66,0.06859178841114044,-0.013160285406380368,-90.92594323690122,-35.47476596223983,-22.247126118618713,2.3879485,28.384558,1.23826904296875,36.27058029174805,36.0,0.5454545454545454,"left_hip_pitch_joint,left_hip_roll_joint,left_hip_yaw_joint,left_knee_joint,left_ankle_pitch_joint,left_ankle_roll_joint,right_hip_pitch_joint,right_hip_roll_joint,right_hip_yaw_joint,right_knee_joint,right_ankle_pitch_joint,waist_yaw_joint",0.0,0.0,0,pelvis,0.0,-0.04685963,left_elbow_link
34,0.68,0.0720493346452713,-0.05974611654253437,-93.59609061548802,-17.72138477300846,-26.334384322805715,0.748283,19.235806,1.4696646928787231,36.12474822998047,36.0,0.5909090909090909,"left_hip_pitch_joint,left_hip_roll_joint,left_hip_yaw_joint,left_knee_joint,left_ankle_pitch_joint,left_ankle_roll_joint,right_hip_pitch_joint,right_hip_roll_joint,right_hip_yaw_joint,right_knee_joint,right_ankle_pitch_joint,right_ankle_roll_joint,waist_yaw_joint",0.0,0.0,0,pelvis,0.0,-0.03747954,left_shoulder_yaw_link
35,0.7000000000000001,0.06724841892719269,0.013046506167755378,-89.09085817811096,-34.689420143755406,-40.337164686331164,2.9450917,26.871468,1.36211998462677,36.26499557495117,36.0,0.5,"left_hip_roll_joint,left_hip_yaw_joint,left_knee_joint,left_ankle_pitch_joint,left_ankle_roll_joint,right_hip_pitch_joint,right_hip_roll_joint,right_hip_yaw_joint,right_knee_joint,right_ankle_pitch_joint,waist_yaw_joint",0.0,0.0,0,pelvis,0.0,-0.047192696,left_elbow_link
36,0.72,0.06976741552352905,-0.08090441164075202,-94.79499213092747,-14.564911102989965,-44.191993750867724,0.7582187,26.004477,1.4952126741409302,36.100303649902344,36.0,0.5454545454545454,"left_hip_pitch_joint,left_hip_roll_joint,left_knee_joint,left_ankle_pitch_joint,left_ankle_roll_joint,right_hip_pitch_joint,right_hip_roll_joint,right_hip_yaw_joint,right_knee_joint,right_ankle_pitch_joint,right_ankle_roll_joint,waist_yaw_joint",0.0,0.0,1101.970458984375,left_hip_yaw_link,550.9852,-0.03950964,left_shoulder_yaw_link
37,0.74,0.07188787311315536,0.020087992643652353,-88.66333051997857,-30.55499181604355,-57.75170632864774,3.284936,29.352415,1.52645583152771,35.4273681640625,36.0,0.5,"left_hip_roll_joint,left_hip_yaw_joint,left_knee_joint,left_ankle_pitch_joint,left_ankle_roll_joint,right_hip_pitch_joint,right_hip_roll_joint,right_hip_yaw_joint,right_knee_joint,right_ankle_pitch_joint,waist_yaw_joint",0.0,0.0,0,pelvis,0.0,-0.054607343,left_elbow_link
38,0.76,0.07924269884824753,-0.11783544287555436,-97.00251965826808,-14.860372287407952,-63.57516957872044,1.0611798,32.425087,1.486546277999878,36.34016418457031,36.0,0.5454545454545454,"left_hip_pitch_joint,left_hip_roll_joint,left_knee_joint,left_ankle_pitch_joint,left_ankle_roll_joint,right_hip_pitch_joint,right_hip_roll_joint,right_hip_yaw_joint,right_knee_joint,right_ankle_pitch_joint,right_ankle_roll_joint,waist_yaw_joint",0.0,0.0,0,pelvis,0.0,-0.043790504,left_shoulder_yaw_link
39,0.78,0.07833299040794373,0.0872621933078146,-84.44055215797403,-25.744688924100764,-70.76598314534452,2.485247,35.73265,1.3993026733398437,36.0395393371582,36.0,0.4090909090909091,"left_hip_roll_joint,left_hip_yaw_joint,left_knee_joint,left_ankle_pitch_joint,left_ankle_roll_joint,right_hip_pitch_joint,right_hip_yaw_joint,right_ankle_pitch_joint,waist_yaw_joint",0.0,0.0,0,pelvis,0.0,-0.05810909,left_shoulder_yaw_link
40,0.8,0.06986690312623978,-0.020160381051242737,-91.19849955151214,-15.450131387654762,-71.53007020434767,1.8069046,24.213099,1.5751703977584839,31.82952308654785,36.0,0.5454545454545454,"left_hip_pitch_joint,left_hip_roll_joint,left_knee_joint,left_ankle_pitch_joint,left_ankle_roll_joint,right_hip_pitch_joint,right_hip_yaw_joint,right_knee_joint,right_ankle_pitch_joint,right_ankle_roll_joint,waist_roll_joint,waist_yaw_joint",696.95294,0.0,693.7167205810547,left_ankle_roll_link,696.95294,-0.05789938,left_shoulder_roll_link
41,0.8200000000000001,0.073722243309021,0.01665919225352752,-88.88517744605811,-31.10242914658894,-73.70506285740748,1.7256113,22.35159,1.3907057762145996,36.168724060058594,36.0,0.45454545454545453,"left_hip_roll_joint,left_hip_yaw_joint,left_knee_joint,left_ankle_pitch_joint,right_hip_pitch_joint,right_hip_roll_joint,right_hip_yaw_joint,right_knee_joint,right_ankle_pitch_joint,waist_yaw_joint",0.0,0.0,0,pelvis,0.0,-0.07571595,left_elbow_link
42,0.84,0.0721726343035698,-0.0803911301230329,-94.82446740390378,-17.086767672507516,-69.38932060342377,2.6055954,29.278006,1.443138599395752,36.24325180053711,36.0,0.5,"left_hip_pitch_joint,left_hip_roll_joint,left_knee_joint,left_ankle_pitch_joint,left_ankle_roll_joint,right_hip_roll_joint,right_hip_yaw_joint,right_knee_joint,right_ankle_pitch_joint,right_ankle_roll_joint,waist_yaw_joint",0.0,0.0,0,pelvis,0.0,-0.06822579,left_shoulder_roll_link
43,0.86,0.07766804844141006,-0.10049851884074457,-96.42786960946952,-26.143864757501404,-68.23797439686194,1.9917339,25.134712,1.3631087064743042,36.104515075683594,36.0,0.4090909090909091,"left_hip_pitch_joint,left_hip_roll_joint,left_hip_yaw_joint,left_knee_joint,left_ankle_pitch_joint,left_ankle_roll_joint,right_hip_pitch_joint,right_ankle_pitch_joint,waist_yaw_joint",0.0,0.0,0,pelvis,0.0,-0.07889148,left_shoulder_yaw_link
44,0.88,0.07176465541124344,-0.06559421639805407,-93.9083653892679,-15.773669319337033,-65.34930213876459,2.3186145,18.602596,1.4495347738265991,36.19462203979492,36.0,0.5454545454545454,"left_hip_pitch_joint,left_hip_roll_joint,left_knee_joint,left_ankle_pitch_joint,left_ankle_roll_joint,right_hip_pitch_joint,right_hip_roll_joint,right_hip_yaw_joint,right_knee_joint,right_ankle_pitch_joint,right_ankle_roll_joint,waist_yaw_joint",393.1855,0.0,15.140817642211914,left_ankle_roll_link,393.1855,-0.080997735,left_shoulder_roll_link
45,0.9,0.0782836526632309,-0.1533154497396101,-100.04001279966222,-28.426835408486262,-68.780545936705,2.3480282,23.823061,1.5265073299407959,36.300174713134766,36.0,0.5,"left_hip_pitch_joint,left_hip_roll_joint,left_hip_yaw_joint,left_knee_joint,left_ankle_pitch_joint,left_ankle_roll_joint,right_hip_pitch_joint,right_hip_roll_joint,right_hip_yaw_joint,right_knee_joint,right_ankle_pitch_joint",0.0,0.0,0,pelvis,0.0,-0.07697426,left_shoulder_roll_link
46,0.92,0.08161506056785583,-0.21001148817758697,-102.20831282761816,-6.725276796356859,-69.53760417323066,1.7731422,29.128904,1.4460713863372803,36.25548553466797,36.0,0.5909090909090909,"left_hip_pitch_joint,left_hip_roll_joint,left_hip_yaw_joint,left_knee_joint,left_ankle_pitch_joint,left_ankle_roll_joint,right_hip_pitch_joint,right_hip_roll_joint,right_hip_yaw_joint,right_knee_joint,right_ankle_pitch_joint,right_ankle_roll_joint,waist_yaw_joint",0.0,0.0,110.69886779785156,torso_link,110.69887,-0.078049526,left_shoulder_roll_link
47,0.9400000000000001,0.08683152496814728,-0.1975456183241775,-102.20692054442888,-20.888815060953227,-72.34141510851524,2.3896508,28.631153,1.5771692514419555,36.19633102416992,36.0,0.45454545454545453,"left_hip_pitch_joint,left_hip_roll_joint,left_hip_yaw_joint,left_knee_joint,left_ankle_pitch_joint,left_ankle_roll_joint,right_hip_pitch_joint,right_hip_yaw_joint,right_ankle_pitch_joint,waist_yaw_joint",0.0,0.0,0,pelvis,0.0,-0.07603636,left_shoulder_roll_link
48,0.96,0.08204631507396698,-0.16754817995039417,-99.69135736961883,-5.561812440437299,-73.77209728803025,1.4688168,18.729635,1.4540963172912598,34.31641387939453,36.0,0.5454545454545454,"left_hip_pitch_joint,left_hip_roll_joint,left_knee_joint,left_ankle_pitch_joint,left_ankle_roll_joint,right_hip_pitch_joint,right_hip_roll_joint,right_hip_yaw_joint,right_knee_joint,right_ankle_pitch_joint,right_ankle_roll_joint,waist_yaw_joint",0.0,0.0,199.6969757080078,torso_link,199.69698,-0.07593204,left_shoulder_roll_link
49,0.98,0.0876653790473938,-0.15086680275444486,-99.23461905160315,-19.9297224549302,-75.95797433119183,2.0963554,27.249424,1.4351641654968261,36.039947509765625,36.0,0.36363636363636365,"left_hip_pitch_joint,left_hip_roll_joint,left_hip_yaw_joint,left_knee_joint,left_ankle_pitch_joint,left_ankle_roll_joint,right_hip_pitch_joint,right_ankle_pitch_joint",0.0,0.0,197.4361114501953,torso_link,197.43611,-0.07467402,left_shoulder_roll_link
50,1.0,0.07911615073680878,-0.1418875035008469,-98.17300065117992,-3.564227680518282,-76.180469140312,2.08604,22.691467,1.3591822385787964,36.2796630859375,36.0,0.5909090909090909,"left_hip_pitch_joint,left_hip_roll_joint,left_hip_yaw_joint,left_knee_joint,left_ankle_pitch_joint,left_ankle_roll_joint,right_hip_pitch_joint,right_hip_roll_joint,right_hip_yaw_joint,right_knee_joint,right_ankle_pitch_joint,right_ankle_roll_joint,waist_yaw_joint",277.82498,0.0,318.92730712890625,left_hip_yaw_link,318.9273,-0.072770044,left_shoulder_roll_link
51,1.02,0.08843418210744858,-0.1624770709217529,-99.91552172209758,-19.341847142673057,-77.89312679801498,1.916076,24.796886,1.4030709981918335,36.31978988647461,36.0,0.5,"left_hip_pitch_joint,left_hip_roll_joint,left_hip_yaw_joint,left_knee_joint,left_ankle_roll_joint,right_hip_pitch_joint,right_hip_roll_joint,right_hip_yaw_joint,right_knee_joint,right_ankle_pitch_joint,waist_yaw_joint",0.0,0.0,0,pelvis,0.0,-0.068293266,left_shoulder_roll_link
52,1.04,0.09321059286594391,-0.27962255112436196,-106.25409980766878,2.5405793603089712,-78.19674340747346,2.0229077,30.439137,1.4017804861068726,36.24769592285156,36.0,0.5909090909090909,"left_hip_pitch_joint,left_hip_roll_joint,left_hip_yaw_joint,left_knee_joint,left_ankle_pitch_joint,left_ankle_roll_joint,right_hip_pitch_joint,right_hip_roll_joint,right_hip_yaw_joint,right_knee_joint,right_ankle_pitch_joint,right_ankle_roll_joint,waist_yaw_joint",0.0,0.0,127.14602661132812,torso_link,127.14603,-0.06761058,left_shoulder_roll_link
53,1.06,0.10555242747068405,-0.22489012282417953,-103.2775889531049,-11.708735334707276,-79.81487904599238,2.4449556,28.627193,1.5795034885406494,36.216854095458984,36.0,0.5,"left_hip_pitch_joint,left_hip_roll_joint,left_hip_yaw_joint,left_knee_joint,left_ankle_pitch_joint,left_ankle_roll_joint,right_hip_pitch_joint,right_hip_yaw_joint,right_knee_joint,right_ankle_pitch_joint,waist_yaw_joint",0.0,0.0,0,pelvis,0.0,-0.06089856,left_shoulder_roll_link
54,1.08,0.11146983504295349,-0.3593450654850159,-111.16484699907193,5.574242943409319,-83.03716727175134,1.6128716,36.459446,1.4521804571151733,36.09504318237305,36.0,0.5909090909090909,"left_hip_pitch_joint,left_hip_roll_joint,left_hip_yaw_joint,left_knee_joint,left_ankle_pitch_joint,left_ankle_roll_joint,right_hip_pitch_joint,right_hip_roll_joint,right_hip_yaw_joint,right_knee_joint,right_ankle_pitch_joint,right_ankle_roll_joint,waist_yaw_joint",0.0,0.0,2003.383056640625,torso_link,2003.383,-0.06272104,left_shoulder_roll_link
55,1.1,0.11558886617422104,-0.19121420962293456,-101.03694579016539,2.7948312025606903,-84.72272417482219,1.9131359,30.187674,1.1805763959884643,36.041404724121094,36.0,0.5,"left_hip_pitch_joint,left_hip_roll_joint,left_hip_yaw_joint,left_knee_joint,left_ankle_pitch_joint,left_ankle_roll_joint,right_hip_pitch_joint,right_hip_yaw_joint,right_ankle_pitch_joint,waist_roll_joint,waist_yaw_joint",0.0,0.0,0,pelvis,0.0,-0.053978533,left_shoulder_roll_link
56,1.12,0.11197849363088608,-0.2361239198988443,-104.0272713013597,13.049873092484496,-85.70434061548227,1.3841957,28.004873,1.4627140760421753,36.63904571533203,36.0,0.5,"left_hip_pitch_joint,left_knee_joint,left_ankle_pitch_joint,left_ankle_roll_joint,right_hip_pitch_joint,right_hip_yaw_joint,right_knee_joint,right_ankle_pitch_joint,right_ankle_roll_joint,waist_roll_joint,waist_yaw_joint",0.0,0.0,390.8326721191406,torso_link,390.83267,-0.052568726,left_shoulder_roll_link
57,1.1400000000000001,0.13696695864200592,-0.156634500783305,-99.01165747162841,0.19283012612912995,-84.79636550540965,1.8587369,20.69341,1.2794852256774902,31.975921630859375,36.0,0.45454545454545453,"left_hip_roll_joint,left_hip_yaw_joint,left_knee_joint,left_ankle_pitch_joint,left_ankle_roll_joint,right_hip_pitch_joint,right_hip_yaw_joint,right_knee_joint,right_ankle_pitch_joint,waist_roll_joint",0.0,0.0,0,pelvis,0.0,-0.04250282,left_shoulder_roll_link
58,1.16,0.13528643548488617,-0.2968080954815946,-107.42966327273477,7.736822370435664,-86.62387227593415,1.9747196,28.001026,1.1893653869628906,36.58546447753906,36.0,0.5,"left_hip_pitch_joint,left_hip_roll_joint,left_knee_joint,left_ankle_roll_joint,right_hip_pitch_joint,right_hip_roll_joint,right_hip_yaw_joint,right_knee_joint,right_ankle_pitch_joint,right_ankle_roll_joint,waist_yaw_joint",0.0,0.0,0,pelvis,0.0,-0.048195064,left_shoulder_roll_link
59,1.18,0.13479992747306824,-0.1476179768518051,-98.48973017440713,-0.7939895626827252,-78.82074057010244,0.70189494,27.54575,1.3187196254730225,34.033329010009766,36.0,0.45454545454545453,"left_hip_roll_joint,left_hip_yaw_joint,left_knee_joint,left_ankle_pitch_joint,left_ankle_roll_joint,right_hip_roll_joint,right_knee_joint,right_ankle_pitch_joint,waist_roll_joint,waist_yaw_joint",0.0,0.0,0,pelvis,0.0,-0.04502622,left_shoulder_roll_link
60,1.2,0.1257455050945282,-0.3621681075305858,-111.6626094847927,11.153542188905043,-82.55427782479867,1.7589517,27.09844,1.2773818969726562,36.03700637817383,36.0,0.5,"left_hip_roll_joint,left_hip_yaw_joint,left_knee_joint,left_ankle_pitch_joint,left_ankle_roll_joint,right_hip_roll_joint,right_hip_yaw_joint,right_knee_joint,right_ankle_pitch_joint,right_ankle_roll_joint,waist_yaw_joint",0.0,0.0,2483.618896484375,torso_link,2483.619,-0.05690822,left_shoulder_roll_link
61,1.22,0.11555434763431549,-0.22662430807216083,-103.13472179390132,4.223763533020882,-75.1672190372253,1.0091865,27.208477,1.299005389213562,36.10557556152344,36.0,0.45454545454545453,"left_hip_pitch_joint,left_hip_roll_joint,left_hip_yaw_joint,left_knee_joint,left_ankle_pitch_joint,left_ankle_roll_joint,right_knee_joint,right_ankle_pitch_joint,waist_roll_joint,waist_yaw_joint",0.0,0.0,0,pelvis,0.0,-0.041833155,left_shoulder_roll_link
62,1.24,0.09052078425884247,-0.26026786395758705,-105.7996914775671,17.07903828675162,-72.12248229173049,2.4715486,24.225395,1.4001485109329224,36.13300704956055,36.0,0.45454545454545453,"left_knee_joint,left_ankle_pitch_joint,left_ankle_roll_joint,right_hip_roll_joint,right_hip_yaw_joint,right_knee_joint,right_ankle_pitch_joint,right_ankle_roll_joint,waist_yaw_joint,left_shoulder_roll_joint",0.0,0.0,0,pelvis,0.0,-0.039056767,left_shoulder_roll_link
63,1.26,0.08802897483110428,-0.18892596307699883,-100.89104426858947,-0.7457596171843089,-75.57249867902544,2.6687348,32.70127,1.3591862440109252,36.3194580078125,36.0,0.45454545454545453,"left_hip_roll_joint,left_hip_yaw_joint,left_knee_joint,left_ankle_pitch_joint,left_ankle_roll_joint,right_hip_roll_joint,right_knee_joint,right_ankle_pitch_joint,waist_roll_joint,waist_yaw_joint",0.0,0.0,0,pelvis,0.0,-0.048816737,left_elbow_link
64,1.28,0.09187601506710052,-0.3252484164464491,-109.17647795222848,8.042246969424927,-76.76786891088835,0.4893138,26.724457,1.42812180519104,36.00316619873047,36.0,0.5454545454545454,"left_hip_pitch_joint,left_knee_joint,left_ankle_pitch_joint,left_ankle_roll_joint,right_hip_pitch_joint,right_hip_roll_joint,right_hip_yaw_joint,right_knee_joint,right_ankle_pitch_joint,right_ankle_roll_joint,waist_roll_joint,waist_yaw_joint",394.47577,0.0,535.7268962860107,left_ankle_roll_link,394.47577,-0.05181928,left_shoulder_roll_link
65,1.3,0.0995219424366951,-0.2416411816691948,-104.23039361314908,10.581724764508325,-75.94514423714173,1.2125138,14.698418,0.9776435494422913,36.16521072387695,36.0,0.4090909090909091,"left_hip_roll_joint,left_hip_yaw_joint,left_knee_joint,left_ankle_pitch_joint,left_ankle_roll_joint,right_hip_roll_joint,right_knee_joint,right_ankle_pitch_joint,waist_yaw_joint",0.0,0.0,0,pelvis,0.0,-0.05357854,left_shoulder_roll_link
66,1.32,0.09736411273479462,-0.23008041572191473,-105.41362686233785,30.041567749919313,-73.63563479377713,1.5099362,28.383781,1.4266986846923828,36.17097091674805,36.0,0.45454545454545453,"left_hip_pitch_joint,left_hip_roll_joint,left_knee_joint,left_ankle_pitch_joint,left_ankle_roll_joint,right_hip_yaw_joint,right_knee_joint,right_ankle_pitch_joint,right_ankle_roll_joint,waist_yaw_joint",392.97156,0.0,0,left_ankle_roll_link,392.97156,-0.057563797,left_shoulder_roll_link
67,1.34,0.11553838849067688,-0.22467814977608924,-103.65665155253008,17.89697159928687,-73.84399788367621,2.0511694,26.829538,0.9237059354782104,35.83885955810547,36.0,0.36363636363636365,"left_hip_pitch_joint,left_hip_roll_joint,left_hip_yaw_joint,left_knee_joint,right_hip_pitch_joint,right_hip_yaw_joint,right_ankle_pitch_joint,waist_yaw_joint",0.0,0.0,0,pelvis,0.0,-0.05732227,left_shoulder_roll_link
68,1.36,0.11240677535533905,-0.3078080717139642,-111.56761459055511,33.13893909088358,-75.8789128695003,1.8279237,27.77212,1.4207895994186401,36.503944396972656,36.0,0.5454545454545454,"left_hip_pitch_joint,left_hip_roll_joint,left_hip_yaw_joint,left_knee_joint,left_ankle_pitch_joint,right_hip_pitch_joint,right_hip_roll_joint,right_hip_yaw_joint,right_knee_joint,right_ankle_pitch_joint,right_ankle_roll_joint,waist_yaw_joint",0.0,0.0,5.067619800567627,torso_link,5.06762,-0.060795985,left_shoulder_roll_link
69,1.3800000000000001,0.12113550305366516,-0.18391663438004002,-101.14886047255851,17.979348522378494,-74.01102794527063,2.0395987,30.053963,1.0249290466308594,36.33882522583008,36.0,0.5,"left_hip_pitch_joint,left_hip_roll_joint,left_hip_yaw_joint,left_knee_joint,left_ankle_pitch_joint,left_ankle_roll_joint,right_hip_pitch_joint,right_hip_yaw_joint,right_knee_joint,right_ankle_pitch_joint,waist_yaw_joint",0.0,0.0,0,pelvis,0.0,-0.05439379,left_shoulder_roll_link
70,1.4000000000000001,0.11190646141767502,-0.26885702352053187,-107.45348472322269,26.311822549736764,-74.61574952046303,2.1003416,27.380526,1.446184515953064,36.53896713256836,36.0,0.5454545454545454,"left_hip_pitch_joint,left_hip_yaw_joint,left_knee_joint,left_ankle_pitch_joint,right_hip_pitch_joint,right_hip_roll_joint,right_hip_yaw_joint,right_knee_joint,right_ankle_pitch_joint,right_ankle_roll_joint,waist_roll_joint,waist_yaw_joint",0.0,0.0,0,pelvis,0.0,-0.06198187,left_shoulder_roll_link
71,1.42,0.11715316772460938,-0.14076232111921172,-98.29699822789283,12.72080742731511,-73.27273150679095,1.8714608,33.004333,1.1481359004974365,36.06824493408203,36.0,0.5,"left_hip_pitch_joint,left_hip_roll_joint,left_hip_yaw_joint,left_knee_joint,left_ankle_pitch_joint,left_ankle_roll_joint,right_hip_pitch_joint,right_hip_yaw_joint,right_knee_joint,right_ankle_pitch_joint,waist_yaw_joint",0.0,0.0,0,pelvis,0.0,-0.061393943,left_shoulder_roll_link
72,1.44,0.09804986417293549,-0.09970784809412692,-96.01673089476405,17.96602323374334,-72.54523866937816,2.0703828,14.356821,1.2620092630386353,36.581459045410156,36.0,0.5454545454545454,"left_hip_pitch_joint,left_hip_roll_joint,left_knee_joint,left_ankle_pitch_joint,right_hip_pitch_joint,right_hip_roll_joint,right_hip_yaw_joint,right_knee_joint,right_ankle_pitch_joint,right_ankle_roll_joint,waist_roll_joint,waist_yaw_joint",0.0,0.0,0,pelvis,0.0,-0.06004539,left_shoulder_roll_link
73,1.46,0.10836463421583176,0.007189225759573148,-89.58750282037535,-3.042264110773176,-72.22835827901045,2.266901,35.73629,1.0584673404693603,36.421302795410156,36.0,0.4090909090909091,"left_hip_pitch_joint,left_hip_roll_joint,left_hip_yaw_joint,left_knee_joint,left_ankle_pitch_joint,right_hip_pitch_joint,right_knee_joint,right_ankle_pitch_joint,waist_yaw_joint",0.0,0.0,0,pelvis,0.0,-0.05031334,left_shoulder_roll_link
74,1.48,0.11300022900104523,-0.1037574265262311,-95.97166854419685,4.198824009315765,-75.16713709176467,1.3151621,26.509745,1.2172564268112183,36.45014572143555,36.0,0.5454545454545454,"left_hip_roll_joint,left_hip_yaw_joint,left_knee_joint,left_ankle_pitch_joint,right_hip_pitch_joint,right_hip_roll_joint,right_hip_yaw_joint,right_knee_joint,right_ankle_pitch_joint,right_ankle_roll_joint,waist_roll_joint,waist_yaw_joint",0.0,0.0,0,pelvis,0.0,-0.05283656,left_shoulder_roll_link
75,1.5,0.11556690186262131,-0.02221393500997415,-91.29486287664872,-10.574344634303333,-73.31344553323889,0.8469217,24.866693,1.1174861907958984,31.584754943847656,36.0,0.4090909090909091,"left_hip_roll_joint,left_hip_yaw_joint,left_knee_joint,left_ankle_pitch_joint,left_ankle_roll_joint,right_hip_yaw_joint,right_knee_joint,right_ankle_pitch_joint,waist_yaw_joint",0.0,0.0,0,pelvis,0.0,-0.063613504,left_shoulder_roll_link
76,1.52,0.10434658825397491,-0.20275740296211353,-101.72359114239093,3.741409527036878,-79.73391534606094,1.2311163,25.234219,1.2653264999389648,35.55288314819336,36.0,0.4090909090909091,"left_hip_roll_joint,left_hip_yaw_joint,left_knee_joint,right_hip_roll_joint,right_hip_yaw_joint,right_knee_joint,right_ankle_pitch_joint,right_ankle_roll_joint,waist_yaw_joint",0.0,0.0,3548.986328125,torso_link,3548.9863,-0.082756236,left_shoulder_roll_link
77,1.54,0.1046116054058075,-0.06914386952656315,-93.99537599747724,-7.0854592158529535,-77.56092880954155,1.0753236,24.29567,1.2482412576675415,36.32560348510742,36.0,0.45454545454545453,"left_hip_roll_joint,left_hip_yaw_joint,left_knee_joint,left_ankle_pitch_joint,left_ankle_roll_joint,right_hip_roll_joint,right_hip_yaw_joint,right_knee_joint,right_ankle_pitch_joint,waist_yaw_joint",0.0,0.0,0,pelvis,0.0,-0.08021075,left_shoulder_roll_link
78,1.56,0.09982335567474365,-0.19607307199886037,-101.65879480723723,14.008447526381968,-81.97970747261664,1.2345105,39.624393,1.3072413206100464,36.06338119506836,36.0,0.5,"left_hip_roll_joint,left_hip_yaw_joint,left_knee_joint,left_ankle_pitch_joint,right_hip_roll_joint,right_hip_yaw_joint,right_knee_joint,right_ankle_pitch_joint,right_ankle_roll_joint,waist_roll_joint,waist_yaw_joint",282.53943,0.0,3205.4675273895264,torso_link,3199.4922,-0.07518246,left_shoulder_roll_link
79,1.58,0.09511103481054306,-0.20561552592371868,-102.88902809320471,22.81221956632119,-80.04708455330068,0.84176004,8.695638,1.0939785242080688,36.135231018066406,36.0,0.36363636363636365,"left_hip_roll_joint,left_hip_yaw_joint,left_knee_joint,left_ankle_pitch_joint,right_hip_yaw_joint,right_ankle_pitch_joint,waist_roll_joint,waist_yaw_joint",0.0,0.0,0,pelvis,0.0,-0.054905836,left_shoulder_roll_link
80,1.6,0.10087891668081284,-0.23037893284529787,-107.96638601878674,41.67997439855416,-90.96490428931416,1.8383017,24.187254,1.3400765657424927,35.86347961425781,36.0,0.5,"left_hip_roll_joint,left_hip_yaw_joint,left_knee_joint,left_ankle_pitch_joint,right_hip_pitch_joint,right_hip_yaw_joint,right_knee_joint,right_ankle_pitch_joint,right_ankle_roll_joint,waist_yaw_joint,left_shoulder_roll_joint",0.0,0.0,0,pelvis,0.0,-0.043807745,left_shoulder_roll_link
81,1.62,0.09824194014072418,-0.23379884762697323,-107.79938161842247,40.10762352292906,-91.65120013311741,1.4329484,12.744161,1.098253846168518,36.078887939453125,36.0,0.5454545454545454,"left_hip_pitch_joint,left_hip_roll_joint,left_hip_yaw_joint,left_knee_joint,left_ankle_pitch_joint,left_ankle_roll_joint,right_hip_pitch_joint,right_hip_yaw_joint,right_knee_joint,right_ankle_pitch_joint,waist_yaw_joint,right_shoulder_roll_joint",0.0,0.0,0,pelvis,0.0,-0.022742812,left_shoulder_roll_link
82,1.6400000000000001,0.09574782103300095,-0.2607599876441373,-118.64153014043355,57.04285493748284,-102.69371919318303,1.1680912,27.832397,1.2741036415100098,36.07051467895508,36.0,0.45454545454545453,"left_hip_roll_joint,left_knee_joint,left_ankle_pitch_joint,left_ankle_roll_joint,right_hip_pitch_joint,right_hip_yaw_joint,right_knee_joint,right_ankle_pitch_joint,right_ankle_roll_joint,waist_yaw_joint",195.34836,0.0,223.51220703125,torso_link,223.5122,-0.010138722,left_shoulder_roll_link
83,1.6600000000000001,0.06672875583171844,-0.12662873330765878,-107.46201884597097,65.03956399585266,-98.48822372219011,2.5483022,17.120802,0.9156180620193481,36.09470748901367,36.0,0.5,"left_hip_pitch_joint,left_hip_roll_joint,left_hip_yaw_joint,left_knee_joint,left_ankle_pitch_joint,left_ankle_roll_joint,right_hip_pitch_joint,right_hip_yaw_joint,right_knee_joint,right_ankle_pitch_joint,waist_yaw_joint",0.0,0.0,0,pelvis,0.0,0.024021542,left_shoulder_roll_link
84,1.68,0.07507254928350449,-0.18074308163696884,169.64497332500386,79.41252927098587,-175.2753092759601,1.8550712,38.03324,1.3724337816238403,36.039249420166016,36.0,0.5454545454545454,"left_hip_pitch_joint,left_hip_yaw_joint,left_knee_joint,left_ankle_pitch_joint,left_ankle_roll_joint,right_hip_pitch_joint,right_hip_roll_joint,right_hip_yaw_joint,right_knee_joint,right_ankle_pitch_joint,right_ankle_roll_joint,waist_yaw_joint",0.0,0.0,224.57215881347656,torso_link,224.57216,0.014617782,right_shoulder_roll_link
85,1.7,0.06591574847698212,-0.09153763640470292,110.97372383119836,75.18287808358654,128.26825996038187,1.9681112,11.580198,1.124501347541809,36.06955337524414,36.0,0.5454545454545454,"left_hip_roll_joint,left_hip_yaw_joint,left_knee_joint,left_ankle_pitch_joint,left_ankle_roll_joint,right_hip_pitch_joint,right_hip_roll_joint,right_hip_yaw_joint,right_knee_joint,right_ankle_pitch_joint,waist_roll_joint,waist_yaw_joint",0.0,0.0,233.6529541015625,torso_link,233.65295,-0.0004028976,right_elbow_link
86,1.72,0.0723184123635292,-0.12471219481387452,104.15571654054261,59.33955883625424,112.65534217778908,1.7970403,24.00808,1.3321064710617065,36.11066436767578,36.0,0.4090909090909091,"left_hip_pitch_joint,left_hip_roll_joint,left_knee_joint,left_ankle_pitch_joint,left_ankle_roll_joint,right_hip_pitch_joint,right_hip_yaw_joint,right_ankle_pitch_joint,right_ankle_roll_joint",0.0,0.0,0,pelvis,0.0,-0.0072271377,right_elbow_link
87,1.74,0.06587859243154526,-0.09497368444705678,102.90898878327447,64.84156142079934,111.47639738220064,1.5670562,20.807009,1.087399959564209,36.006439208984375,36.0,0.5454545454545454,"left_hip_pitch_joint,left_hip_roll_joint,left_hip_yaw_joint,left_knee_joint,left_ankle_pitch_joint,left_ankle_roll_joint,right_hip_pitch_joint,right_hip_roll_joint,right_hip_yaw_joint,right_knee_joint,right_ankle_pitch_joint,waist_yaw_joint",0.0,0.0,505.8369140625,torso_link,505.8369,-0.022815004,right_elbow_link
88,1.76,0.07598742097616196,-0.15817521890702757,105.47436269819364,53.64086011159925,108.65976962321149,1.9905622,20.81012,1.3059626817703247,33.607173919677734,36.0,0.5454545454545454,"left_hip_pitch_joint,left_hip_roll_joint,left_knee_joint,left_ankle_pitch_joint,left_ankle_roll_joint,right_hip_pitch_joint,right_hip_roll_joint,right_hip_yaw_joint,right_knee_joint,right_ankle_pitch_joint,right_ankle_roll_joint,waist_yaw_joint",0.0,0.0,2581.2823028564453,right_hip_yaw_link,1285.6812,-0.026651233,right_elbow_link
89,1.78,0.07689075171947479,-0.09245329964635163,99.1590316743037,54.49129033296918,107.39819502040342,1.1979531,15.322129,0.9601824283599854,36.12589645385742,36.0,0.45454545454545453,"left_hip_pitch_joint,left_hip_roll_joint,left_hip_yaw_joint,left_knee_joint,left_ankle_pitch_joint,left_ankle_roll_joint,right_hip_roll_joint,right_knee_joint,right_ankle_pitch_joint,waist_yaw_joint",0.0,0.0,0,pelvis,0.0,-0.03425811,right_shoulder_roll_link
90,1.8,0.09004008769989014,-0.14279249621589862,100.53595566881582,38.655447526714,105.51292059678278,1.6483865,20.794128,1.3330687284469604,36.734901428222656,36.0,0.5,"left_hip_roll_joint,left_knee_joint,left_ankle_pitch_joint,left_ankle_roll_joint,right_hip_pitch_joint,right_hip_roll_joint,right_hip_yaw_joint,right_knee_joint,right_ankle_pitch_joint,right_ankle_roll_joint,waist_yaw_joint",0.0,0.0,0,pelvis,0.0,-0.041729093,right_shoulder_roll_link
91,1.82,0.09953879565000534,-0.12967086912579617,100.99905361035735,47.18430301168505,116.3124636092459,0.8081982,20.114452,1.0909985303878784,36.04435348510742,36.0,0.45454545454545453,"left_hip_pitch_joint,left_hip_roll_joint,left_hip_yaw_joint,left_knee_joint,left_ankle_pitch_joint,left_ankle_roll_joint,right_hip_yaw_joint,right_knee_joint,right_ankle_pitch_joint,waist_yaw_joint",0.0,0.0,0,pelvis,0.0,-0.05334597,right_shoulder_roll_link
92,1.84,0.09465175122022629,-0.13816992565176633,100.15892684623894,38.42993222410344,105.96829793364991,1.0919443,18.200485,1.40390145778656,36.44253921508789,36.0,0.5,"left_hip_pitch_joint,left_hip_roll_joint,left_knee_joint,left_ankle_pitch_joint,left_ankle_roll_joint,right_hip_roll_joint,right_hip_yaw_joint,right_knee_joint,right_ankle_pitch_joint,right_ankle_roll_joint,waist_yaw_joint",0.0,0.0,0,pelvis,0.0,-0.050530132,right_shoulder_roll_link
93,1.86,0.0995105430483818,-0.13578142211208188,102.74500967462424,52.013555820182646,116.62324843610388,1.6964748,23.65646,1.1302179098129272,36.59988021850586,36.0,0.5,"left_hip_pitch_joint,left_hip_roll_joint,left_hip_yaw_joint,left_knee_joint,left_ankle_pitch_joint,left_ankle_roll_joint,right_hip_pitch_joint,right_hip_roll_joint,right_hip_yaw_joint,right_knee_joint,right_ankle_pitch_joint",0.0,0.0,209.01748657226562,torso_link,209.01749,-0.05564058,right_shoulder_roll_link
94,1.8800000000000001,0.09090319275856018,-0.11038182465678581,97.82728267869051,35.853750794468176,104.34408919113226,1.2715724,18.074947,1.437200903892517,33.62033462524414,36.0,0.5454545454545454,"left_hip_pitch_joint,left_hip_roll_joint,left_knee_joint,left_ankle_pitch_joint,left_ankle_roll_joint,right_hip_pitch_joint,right_hip_roll_joint,right_hip_yaw_joint,right_knee_joint,right_ankle_pitch_joint,right_ankle_roll_joint,waist_yaw_joint",0.0,0.0,0,pelvis,0.0,-0.04894466,right_shoulder_roll_link
95,1.9000000000000001,0.08954831957817078,-0.08374200060287684,97.88594093146213,52.384620164661655,115.82941975220153,2.2131042,29.850765,1.2072412967681885,36.269371032714844,36.0,0.5454545454545454,"left_hip_pitch_joint,left_hip_roll_joint,left_hip_yaw_joint,left_knee_joint,left_ankle_pitch_joint,left_ankle_roll_joint,right_hip_pitch_joint,right_hip_roll_joint,right_hip_yaw_joint,right_knee_joint,right_ankle_pitch_joint,waist_yaw_joint",0.0,140.50468,135.5811767578125,right_ankle_roll_link,140.50468,-0.05545321,right_shoulder_roll_link
96,1.92,0.08260764181613922,-0.05042172758022945,93.83082788182767,41.00129260280269,109.65387466956459,1.8027068,27.80864,1.4062917232513428,36.604225158691406,36.0,0.5454545454545454,"left_hip_pitch_joint,left_hip_roll_joint,left_knee_joint,left_ankle_pitch_joint,left_ankle_roll_joint,right_hip_pitch_joint,right_hip_roll_joint,right_hip_yaw_joint,right_knee_joint,right_ankle_pitch_joint,right_ankle_roll_joint,waist_yaw_joint",0.0,0.0,0,pelvis,0.0,-0.047558974,right_shoulder_roll_link
97,1.94,0.07696297019720078,-0.10927896392793501,101.15545838175905,55.60939550596477,115.99188321495217,2.2085366,27.142708,1.290209412574768,36.37147903442383,36.0,0.5,"left_hip_pitch_joint,left_hip_roll_joint,left_hip_yaw_joint,left_knee_joint,left_ankle_pitch_joint,left_ankle_roll_joint,right_hip_pitch_joint,right_hip_yaw_joint,right_knee_joint,right_ankle_pitch_joint,waist_yaw_joint",0.0,0.0,255.5887451171875,torso_link,255.58875,-0.051429182,right_shoulder_roll_link
98,1.96,0.0697953850030899,-0.08560827802009818,98.67631968626768,55.42410961774642,111.22483493638863,1.8933566,19.485899,1.3552271127700806,36.451263427734375,36.0,0.5,"left_hip_pitch_joint,left_hip_roll_joint,left_knee_joint,left_ankle_pitch_joint,left_ankle_roll_joint,right_hip_roll_joint,right_hip_yaw_joint,right_knee_joint,right_ankle_pitch_joint,right_ankle_roll_joint,waist_yaw_joint",0.0,0.0,0,pelvis,0.0,-0.047355887,right_elbow_link
99,1.98,0.06900748610496521,-0.13932831497458675,107.73831805760024,62.78644191201918,114.21749560914388,1.8008738,19.13495,1.0308270454406738,36.497650146484375,36.0,0.45454545454545453,"left_hip_pitch_joint,left_hip_roll_joint,left_hip_yaw_joint,left_knee_joint,left_ankle_pitch_joint,left_ankle_roll_joint,right_hip_pitch_joint,right_hip_roll_joint,right_knee_joint,right_ankle_pitch_joint",0.0,0.0,0,pelvis,0.0,-0.04906608,right_elbow_link
100,2.0,0.06343910843133926,-0.05004400182591162,95.97330546153255,61.25634683505472,107.78662210300932,2.2079701,11.639942,1.4016666412353516,36.24091720581055,36.0,0.45454545454545453,"left_hip_pitch_joint,left_knee_joint,left_ankle_pitch_joint,left_ankle_roll_joint,right_hip_pitch_joint,right_hip_roll_joint,right_knee_joint,right_ankle_pitch_joint,right_ankle_roll_joint,waist_yaw_joint",0.0,0.0,443.61671447753906,right_hip_yaw_link,306.10376,-0.043607287,right_elbow_link
101,2.02,0.0828281119465828,-0.12948073198615218,-163.8764847496132,82.25389733346914,-160.1408025584405,2.3305047,37.978397,1.1824382066726684,36.299434661865234,36.0,0.4090909090909091,"left_hip_pitch_joint,left_hip_roll_joint,left_hip_yaw_joint,left_knee_joint,left_ankle_pitch_joint,left_ankle_roll_joint,right_hip_pitch_joint,right_knee_joint,right_ankle_pitch_joint",0.0,0.0,0,pelvis,0.0,-0.031057931,right_elbow_link
102,2.04,0.07824300974607468,-0.13094219156904963,161.4952658627861,82.06318232837303,178.7036454489223,2.457962,22.229912,1.4088801145553589,36.378116607666016,36.0,0.5,"left_hip_pitch_joint,left_knee_joint,left_ankle_pitch_joint,left_ankle_roll_joint,right_hip_pitch_joint,right_hip_yaw_joint,right_knee_joint,right_ankle_pitch_joint,right_ankle_roll_joint,waist_roll_joint,waist_yaw_joint",0.0,0.0,0,pelvis,0.0,-0.0073316074,right_shoulder_roll_link
103,2.06,0.09467337280511856,-0.266592708091304,-120.17990702965146,57.97402982438472,-101.73512304481889,2.031509,35.35743,1.228521180152893,36.01973342895508,36.0,0.5454545454545454,"left_hip_pitch_joint,left_hip_roll_joint,left_hip_yaw_joint,left_knee_joint,left_ankle_pitch_joint,left_ankle_roll_joint,right_hip_pitch_joint,right_hip_yaw_joint,right_knee_joint,right_ankle_pitch_joint,waist_roll_joint,waist_yaw_joint",0.0,0.0,870.3572998046875,torso_link,870.3573,-0.0022413088,right_shoulder_roll_link
104,2.08,0.08870209753513336,-0.291935903295105,-127.94425100520364,61.65534596420619,-104.41888116621136,1.6066804,18.39048,1.3585587739944458,35.984642028808594,36.0,0.5909090909090909,"left_hip_pitch_joint,left_hip_roll_joint,left_hip_yaw_joint,left_knee_joint,left_ankle_pitch_joint,left_ankle_roll_joint,right_hip_pitch_joint,right_hip_roll_joint,right_hip_yaw_joint,right_knee_joint,right_ankle_pitch_joint,right_ankle_roll_joint,waist_yaw_joint",719.5625,0.0,256.4541931152344,left_ankle_roll_link,719.5625,0.025940116,left_shoulder_roll_link
105,2.1,0.09390006959438324,-0.24022378160109525,-108.91607554303168,42.18221479148167,-92.27135782437186,1.7723162,24.279003,1.1853850603103637,35.741729736328125,36.0,0.45454545454545453,"left_hip_pitch_joint,left_hip_roll_joint,left_hip_yaw_joint,left_knee_joint,left_ankle_pitch_joint,left_ankle_roll_joint,right_hip_roll_joint,right_hip_yaw_joint,right_ankle_pitch_joint,waist_yaw_joint",0.0,0.0,0,pelvis,0.0,0.013389247,left_shoulder_roll_link
106,2.12,0.10730723291635513,-0.35588938133101955,-130.43620767742368,56.72194239083166,-107.14331326836802,1.5213042,29.39382,1.2866358757019043,36.4349479675293,36.0,0.5909090909090909,"left_hip_roll_joint,left_hip_yaw_joint,left_knee_joint,left_ankle_pitch_joint,left_ankle_roll_joint,right_hip_pitch_joint,right_hip_roll_joint,right_hip_yaw_joint,right_knee_joint,right_ankle_pitch_joint,right_ankle_roll_joint,waist_roll_joint,waist_yaw_joint",0.0,0.0,28.92353630065918,torso_link,28.923536,0.0043097623,left_shoulder_roll_link
107,2.14,0.08713870495557785,-0.2312959282318232,-109.81392391048357,46.97197684817342,-85.9564895716097,1.677539,21.65696,1.1797128915786743,34.08597183227539,36.0,0.5454545454545454,"left_hip_pitch_joint,left_hip_roll_joint,left_hip_yaw_joint,left_knee_joint,left_ankle_pitch_joint,left_ankle_roll_joint,right_hip_roll_joint,right_hip_yaw_joint,right_knee_joint,right_ankle_pitch_joint,waist_roll_joint,waist_yaw_joint",0.0,0.0,0,pelvis,0.0,0.02633204,left_shoulder_roll_link
108,2.16,0.08776477724313736,-0.20671886231402858,-123.33264451024439,67.90179035200158,-100.87628917111883,1.7898395,29.626438,1.3388155698776245,36.0267333984375,36.0,0.5454545454545454,"left_hip_pitch_joint,left_hip_roll_joint,left_hip_yaw_joint,left_knee_joint,left_ankle_pitch_joint,left_ankle_roll_joint,right_hip_roll_joint,right_hip_yaw_joint,right_knee_joint,right_ankle_pitch_joint,right_ankle_roll_joint,waist_yaw_joint",0.0,0.0,0,pelvis,0.0,0.025961041,left_shoulder_roll_link
109,2.18,0.06555937975645065,-0.11939812058128751,-104.00803146751592,60.44474991731354,-81.73213647658636,2.3739903,25.457523,1.1852750778198242,36.10695266723633,36.0,0.5454545454545454,"left_hip_pitch_joint,left_hip_roll_joint,left_hip_yaw_joint,left_knee_joint,left_ankle_pitch_joint,left_ankle_roll_joint,right_hip_pitch_joint,right_hip_roll_joint,right_hip_yaw_joint,right_ankle_pitch_joint,waist_yaw_joint,right_shoulder_roll_joint",0.0,0.0,0,pelvis,0.0,0.023364527,left_hip_roll_link
110,2.2,0.05028529465198517,-0.08096150699231863,-109.43086691302986,75.91451549490924,-87.42729959131626,1.4702194,27.76013,1.4140756845474243,36.56683349609375,36.0,0.5,"left_hip_pitch_joint,left_knee_joint,left_ankle_pitch_joint,left_ankle_roll_joint,right_hip_pitch_joint,right_hip_roll_joint,right_hip_yaw_joint,right_knee_joint,right_ankle_pitch_joint,right_ankle_roll_joint,waist_yaw_joint",0.0,0.0,0,pelvis,0.0,0.029295145,left_hip_roll_link
111,2.22,0.05737052485346794,-0.0999026659296196,-103.21066191977071,64.07784168705601,-88.56343933829851,1.3208797,17.286884,1.2968581914901733,35.01423263549805,36.0,0.45454545454545453,"left_hip_roll_joint,left_hip_yaw_joint,left_knee_joint,left_ankle_pitch_joint,left_ankle_roll_joint,right_hip_roll_joint,right_hip_yaw_joint,right_knee_joint,right_ankle_pitch_joint,waist_yaw_joint",0.0,0.0,1749.9269409179688,right_knee_link,557.29407,0.014963507,left_hip_roll_link
112,2.24,0.05834292620420456,-0.11883873296706327,-111.07187719788986,70.69900373209265,-89.98864690487783,0.9036844,21.358236,1.070070457458496,36.994468688964844,36.0,0.4090909090909091,"left_hip_yaw_joint,left_ankle_pitch_joint,left_ankle_roll_joint,right_hip_roll_joint,right_hip_yaw_joint,right_knee_joint,right_ankle_pitch_joint,right_ankle_roll_joint,waist_yaw_joint",0.0,0.0,277.36248779296875,left_hip_yaw_link,277.3625,0.026003081,left_hip_roll_link
113,2.2600000000000002,0.06447705626487732,-0.08834571812637115,-99.14617377510972,56.23451792356845,-80.78958808109205,1.3851897,29.08305,1.514604091644287,36.50885772705078,36.0,0.45454545454545453,"left_hip_roll_joint,left_knee_joint,left_ankle_pitch_joint,left_ankle_roll_joint,right_hip_pitch_joint,right_hip_roll_joint,right_knee_joint,right_ankle_pitch_joint,waist_roll_joint,waist_yaw_joint",0.0,0.0,0,pelvis,0.0,0.017301522,left_hip_roll_link
114,2.2800000000000002,0.08248031884431839,-0.1872503822348861,-131.61678402630776,73.62383212786003,-108.00184326765023,0.7298461,34.00353,1.078507137298584,36.486328125,36.0,0.6363636363636364,"left_hip_pitch_joint,left_hip_roll_joint,left_hip_yaw_joint,left_knee_joint,left_ankle_pitch_joint,left_ankle_roll_joint,right_hip_pitch_joint,right_hip_roll_joint,right_hip_yaw_joint,right_knee_joint,right_ankle_pitch_joint,right_ankle_roll_joint,waist_roll_joint,waist_yaw_joint",0.0,0.0,0,pelvis,0.0,0.031306937,left_shoulder_roll_link
115,2.3000000000000003,0.0837840735912323,-0.19188612889448287,-112.72261112948905,60.21370664383036,-88.8209097193569,1.3569757,26.680273,1.5522029399871826,36.5883674621582,36.0,0.45454545454545453,"left_hip_pitch_joint,left_hip_yaw_joint,left_knee_joint,left_ankle_pitch_joint,left_ankle_roll_joint,right_hip_roll_joint,right_knee_joint,right_ankle_pitch_joint,waist_roll_joint,waist_yaw_joint",0.0,0.0,0,pelvis,0.0,0.03067078,right_shoulder_roll_link
116,2.32,0.0903400331735611,-0.2441127500238065,-155.0057753260915,74.37524019488171,-124.16922524509792,0.93862706,31.381655,1.1809811115264892,36.63518142700195,36.0,0.5,"left_hip_pitch_joint,left_hip_yaw_joint,left_knee_joint,left_ankle_pitch_joint,left_ankle_roll_joint,right_hip_roll_joint,right_hip_yaw_joint,right_knee_joint,right_ankle_pitch_joint,right_ankle_roll_joint,waist_yaw_joint",0.0,0.0,0,pelvis,0.0,0.026545078,left_shoulder_roll_link
117,2.34,0.07890285551548004,-0.22777066612273877,-121.55403368170789,64.1984199770713,-90.38867199762007,1.3735311,22.345201,1.4973063468933105,35.83821487426758,36.0,0.45454545454545453,"left_hip_pitch_joint,left_hip_yaw_joint,left_knee_joint,left_ankle_pitch_joint,left_ankle_roll_joint,right_hip_roll_joint,right_knee_joint,right_ankle_pitch_joint,waist_roll_joint,waist_yaw_joint",0.0,0.0,1611.7960205078125,torso_link,1611.796,0.015973583,right_shoulder_roll_link
118,2.36,0.08548194915056229,-0.22413734500509408,-164.14717666594652,76.52630882092822,-133.06484592253514,1.365859,24.294008,1.3097145080566406,36.131690979003906,36.0,0.5454545454545454,"left_hip_pitch_joint,left_hip_roll_joint,left_hip_yaw_joint,left_knee_joint,left_ankle_pitch_joint,left_ankle_roll_joint,right_hip_roll_joint,right_hip_yaw_joint,right_knee_joint,right_ankle_pitch_joint,right_ankle_roll_joint,waist_yaw_joint",0.0,0.0,1715.6639614105225,left_knee_link,857.832,0.027511606,right_shoulder_roll_link
119,2.38,0.05912897735834122,-0.12897182981871858,-114.24052452119597,71.69166986961595,-85.41927026271108,2.1674654,20.852386,1.4503581523895264,36.23826599121094,36.0,0.45454545454545453,"left_hip_pitch_joint,left_hip_roll_joint,left_hip_yaw_joint,left_knee_joint,left_ankle_pitch_joint,left_ankle_roll_joint,right_hip_roll_joint,right_knee_joint,right_ankle_pitch_joint,waist_yaw_joint",0.0,0.0,1169.190673828125,torso_link,1169.1907,0.019245703,right_shoulder_roll_link
120,2.4,0.061866436153650284,-0.12995839997394398,135.70392783588417,79.53864074457206,166.1483951046771,1.6466676,29.998854,1.3661604642868042,35.404781341552734,36.0,0.5909090909090909,"left_hip_pitch_joint,left_hip_roll_joint,left_hip_yaw_joint,left_knee_joint,left_ankle_pitch_joint,left_ankle_roll_joint,right_hip_pitch_joint,right_hip_roll_joint,right_hip_yaw_joint,right_knee_joint,right_ankle_pitch_joint,right_ankle_roll_joint,waist_yaw_joint",0.0,0.0,136.59742736816406,right_knee_link,136.59743,0.022455668,right_shoulder_roll_link
121,2.42,0.0554414838552475,-0.10130393468174548,-125.91544753791797,80.05513103654356,-98.46221282922951,1.6202929,26.618216,1.4149835109710693,36.38996887207031,36.0,0.45454545454545453,"left_hip_pitch_joint,left_hip_roll_joint,left_hip_yaw_joint,left_knee_joint,left_ankle_pitch_joint,left_ankle_roll_joint,right_hip_roll_joint,right_knee_joint,right_ankle_pitch_joint,waist_yaw_joint",0.0,0.0,0,pelvis,0.0,0.018773403,right_shoulder_roll_link
122,2.44,0.06894984841346741,-0.16012135465065613,135.77858259574583,77.08939447784702,166.21541226479485,2.0314283,26.372068,1.459054660797119,33.366722106933594,36.0,0.5909090909090909,"left_hip_pitch_joint,left_hip_roll_joint,left_hip_yaw_joint,left_knee_joint,left_ankle_pitch_joint,left_ankle_roll_joint,right_hip_pitch_joint,right_hip_roll_joint,right_hip_yaw_joint,right_knee_joint,right_ankle_pitch_joint,right_ankle_roll_joint,waist_yaw_joint",0.0,0.0,993.4921875,right_knee_link,503.14212,0.022430735,right_shoulder_roll_link
123,2.46,0.05714293569326401,-0.11385523699002675,121.08116519015242,77.25913883159585,149.79310488062873,1.8324773,16.306112,1.179775071144104,35.709049224853516,36.0,0.45454545454545453,"left_hip_pitch_joint,left_hip_roll_joint,left_hip_yaw_joint,left_knee_joint,left_ankle_pitch_joint,left_ankle_roll_joint,right_hip_pitch_joint,right_knee_joint,right_ankle_pitch_joint,waist_yaw_joint",0.0,0.0,78.91993713378906,torso_link,78.91994,0.02281258,right_shoulder_roll_link
124,2.48,0.06533975899219513,-0.10025989060612694,108.71693802804333,71.79362904818868,141.59923322411046,2.1453207,17.970762,1.3522622108459472,37.11442565917969,36.0,0.45454545454545453,"left_hip_pitch_joint,left_knee_joint,left_ankle_pitch_joint,left_ankle_roll_joint,right_hip_pitch_joint,right_hip_yaw_joint,right_knee_joint,right_ankle_pitch_joint,right_ankle_roll_joint,left_shoulder_roll_joint",0.0,0.0,353.5171203613281,left_knee_link,124.15585,0.029716415,right_shoulder_roll_link
125,2.5,0.05644713342189789,-0.09859408659379376,137.48455806794095,82.31306744162819,163.75508824187617,2.0344284,24.63063,0.8968276500701904,36.00920104980469,36.0,0.5454545454545454,"left_hip_pitch_joint,left_hip_roll_joint,left_hip_yaw_joint,left_knee_joint,left_ankle_pitch_joint,left_ankle_roll_joint,right_hip_pitch_joint,right_hip_roll_joint,right_hip_yaw_joint,right_knee_joint,right_ankle_pitch_joint,waist_yaw_joint",0.0,0.0,0,pelvis,0.0,0.02372266,right_shoulder_roll_link
126,2.52,0.06843484938144684,-0.10994829374076431,109.36564865862803,70.63568253400209,145.9760866778533,2.144737,28.24197,1.4209330797195434,33.61208724975586,36.0,0.5454545454545454,"left_hip_pitch_joint,left_hip_yaw_joint,left_knee_joint,left_ankle_pitch_joint,left_ankle_roll_joint,right_hip_pitch_joint,right_hip_roll_joint,right_hip_yaw_joint,right_knee_joint,right_ankle_pitch_joint,right_ankle_roll_joint,waist_yaw_joint",0.0,0.0,553.1986694335938,right_hip_yaw_link,553.19867,0.02086687,right_shoulder_roll_link
127,2.54,0.06303581595420837,-0.13733936909508238,158.13596906800143,81.48990290031303,-172.74406607912607,1.6773969,29.749233,0.9652325630187988,35.817848205566406,36.0,0.5454545454545454,"left_hip_pitch_joint,left_hip_yaw_joint,left_knee_joint,left_ankle_pitch_joint,left_ankle_roll_joint,right_hip_pitch_joint,right_hip_roll_joint,right_hip_yaw_joint,right_knee_joint,right_ankle_pitch_joint,waist_roll_joint,waist_yaw_joint",0.0,0.0,104.93650817871094,torso_link,104.93651,0.017954972,right_shoulder_roll_link
128,2.56,0.08266372233629227,-0.1859687649317121,127.33563043997778,72.14346412939753,161.41800607304864,2.3661022,29.359818,1.4759114503860473,36.039344787597656,36.0,0.6363636363636364,"left_hip_pitch_joint,left_hip_roll_joint,left_hip_yaw_joint,left_knee_joint,left_ankle_pitch_joint,left_ankle_roll_joint,right_hip_pitch_joint,right_hip_roll_joint,right_hip_yaw_joint,right_knee_joint,right_ankle_pitch_joint,right_ankle_roll_joint,waist_roll_joint,waist_yaw_joint",0.0,0.0,0,pelvis,0.0,0.023265978,left_shoulder_roll_link
129,2.58,0.07881233841180801,-0.20535769925141922,-175.36722257705333,78.11019855837145,-143.81699228202703,1.7543349,31.189898,1.0618041276931762,35.95547866821289,36.0,0.5454545454545454,"left_hip_pitch_joint,left_hip_yaw_joint,left_knee_joint,left_ankle_pitch_joint,left_ankle_roll_joint,right_hip_pitch_joint,right_hip_roll_joint,right_hip_yaw_joint,right_knee_joint,right_ankle_pitch_joint,waist_roll_joint,waist_yaw_joint",0.0,0.0,0,pelvis,0.0,0.018916443,left_shoulder_roll_link
130,2.6,0.08112107217311859,-0.16454250499009548,125.67679737499687,73.61251022836284,163.37681228475233,1.3621783,20.983793,1.5194254636764526,33.40445327758789,36.0,0.5909090909090909,"left_hip_pitch_joint,left_hip_roll_joint,left_hip_yaw_joint,left_knee_joint,left_ankle_pitch_joint,left_ankle_roll_joint,right_hip_pitch_joint,right_hip_yaw_joint,right_knee_joint,right_ankle_pitch_joint,right_ankle_roll_joint,waist_roll_joint,waist_yaw_joint",0.0,0.0,0,pelvis,0.0,0.009509488,left_shoulder_roll_link
131,2.62,0.10312684625387192,-0.2931854180572486,-151.68201670458495,70.54654101210622,-111.41958981643644,1.9871652,25.86516,1.0834555149078369,36.31000518798828,36.0,0.4090909090909091,"left_hip_yaw_joint,left_knee_joint,left_ankle_pitch_joint,left_ankle_roll_joint,right_hip_roll_joint,right_hip_yaw_joint,right_knee_joint,right_ankle_pitch_joint,waist_yaw_joint",0.0,0.0,0,pelvis,0.0,0.013301843,left_shoulder_roll_link
132,2.64,0.12289407849311829,-0.3354949162542358,162.06020264751027,69.35112819667525,-152.19543786495225,1.2213162,20.697123,1.5183109760284423,36.35677719116211,36.0,0.5909090909090909,"left_hip_pitch_joint,left_hip_roll_joint,left_hip_yaw_joint,left_knee_joint,left_ankle_pitch_joint,left_ankle_roll_joint,right_hip_pitch_joint,right_hip_roll_joint,right_hip_yaw_joint,right_knee_joint,right_ankle_pitch_joint,right_ankle_roll_joint,waist_yaw_joint",0.0,0.0,0,pelvis,0.0,-0.0076209493,left_shoulder_roll_link
133,2.66,0.10780733078718185,-0.2521996100135713,-131.56482482197256,67.65861993713057,-91.99670458608342,2.2536144,25.283138,1.2268425941467285,35.078208923339844,36.0,0.5,"left_hip_pitch_joint,left_hip_yaw_joint,left_knee_joint,left_ankle_pitch_joint,left_ankle_roll_joint,right_hip_pitch_joint,right_hip_roll_joint,right_hip_yaw_joint,right_knee_joint,right_ankle_pitch_joint,waist_yaw_joint",0.0,0.0,0,pelvis,0.0,0.002247993,left_shoulder_roll_link
134,2.68,0.10936123877763748,-0.2709501461774071,179.24044095029453,74.2777681803679,-143.13162538671028,0.87104523,22.63181,1.5695802688598632,36.26483154296875,36.0,0.5,"left_hip_pitch_joint,left_hip_yaw_joint,left_ankle_pitch_joint,left_ankle_roll_joint,right_hip_roll_joint,right_hip_yaw_joint,right_knee_joint,right_ankle_pitch_joint,right_ankle_roll_joint,waist_roll_joint,waist_yaw_joint",0.0,0.0,0,pelvis,0.0,-0.007539328,left_shoulder_roll_link
135,2.7,0.08387300372123718,-0.14568095008437787,-116.75739945872492,71.12030890793051,-74.65388381721452,2.1519928,17.250326,1.1859453439712524,35.73820877075195,36.0,0.5,"left_hip_pitch_joint,left_hip_roll_joint,left_hip_yaw_joint,left_knee_joint,left_ankle_pitch_joint,left_ankle_roll_joint,right_hip_roll_joint,right_hip_yaw_joint,right_knee_joint,right_ankle_pitch_joint,waist_yaw_joint",0.0,0.0,0,pelvis,0.0,0.0002848683,left_shoulder_roll_link
136,2.72,0.08008186519145966,-0.17079832228723468,166.30291489357307,79.87486710481721,-152.08584582674112,0.55003387,23.66549,1.4363139390945434,36.038875579833984,36.0,0.5454545454545454,"left_hip_pitch_joint,left_hip_roll_joint,left_hip_yaw_joint,left_ankle_pitch_joint,left_ankle_roll_joint,right_hip_pitch_joint,right_hip_roll_joint,right_hip_yaw_joint,right_knee_joint,right_ankle_pitch_joint,right_ankle_roll_joint,left_shoulder_roll_joint",0.0,0.0,260.752685546875,torso_link,260.7527,-0.004243793,left_shoulder_roll_link
137,2.74,0.06121337041258812,-0.07178113897374949,-106.94823565296869,75.74479659492897,-62.536913697802945,1.4369475,15.966421,1.0363860130310059,36.24269104003906,36.0,0.5,"left_hip_pitch_joint,left_hip_roll_joint,left_hip_yaw_joint,left_knee_joint,left_ankle_pitch_joint,left_ankle_roll_joint,right_hip_roll_joint,right_hip_yaw_joint,right_knee_joint,right_ankle_pitch_joint,waist_yaw_joint",0.0,0.0,0,pelvis,0.0,0.0057409382,left_shoulder_roll_link
138,2.7600000000000002,0.061703477054834366,-0.12025673868573428,141.09052355445868,81.10966076633215,-175.63800404876682,0.5496129,24.583944,1.371446681022644,36.119144439697266,36.0,0.5,"left_hip_pitch_joint,left_hip_roll_joint,left_hip_yaw_joint,left_knee_joint,left_ankle_pitch_joint,left_ankle_roll_joint,right_hip_roll_joint,right_hip_yaw_joint,right_knee_joint,right_ankle_pitch_joint,right_ankle_roll_joint",0.0,0.0,695.0231781005859,right_knee_link,326.88403,0.0038878992,left_elbow_link
139,2.7800000000000002,0.030916040763258934,-0.0007223933474183042,-90.57686976078858,85.88547703386375,-41.00397747183738,1.1464149,15.563767,1.0446950197219849,34.51502227783203,36.0,0.45454545454545453,"left_hip_pitch_joint,left_hip_roll_joint,left_hip_yaw_joint,left_knee_joint,left_ankle_pitch_joint,left_ankle_roll_joint,right_hip_roll_joint,right_hip_yaw_joint,right_ankle_pitch_joint,waist_yaw_joint",0.0,0.0,352.9901428222656,left_hip_yaw_link,352.99014,0.01774358,left_elbow_link
140,2.8000000000000003,0.05186976492404938,-0.12577445758934092,122.04249769289268,76.28661189411586,165.32281530908182,1.4032158,23.081589,1.3609251499176025,36.076786041259766,36.0,0.5454545454545454,"left_hip_pitch_joint,left_hip_roll_joint,left_hip_yaw_joint,left_knee_joint,left_ankle_pitch_joint,left_ankle_roll_joint,right_hip_pitch_joint,right_hip_roll_joint,right_hip_yaw_joint,right_knee_joint,right_ankle_pitch_joint,right_ankle_roll_joint",0.0,0.0,194.6804656982422,pelvis,97.34023,0.00834702,left_elbow_link
141,2.82,0.031555332243442535,-0.021402186531277678,-135.16440991428172,88.2705875862091,-90.17619902991989,1.0485016,17.823711,1.0379668474197388,35.899070739746094,36.0,0.5,"left_hip_pitch_joint,left_hip_roll_joint,left_hip_yaw_joint,left_knee_joint,left_ankle_pitch_joint,left_ankle_roll_joint,right_hip_pitch_joint,right_hip_yaw_joint,right_knee_joint,right_ankle_pitch_joint,waist_yaw_joint",0.0,0.0,227.64964294433594,pelvis,113.82482,0.014375746,right_elbow_link
142,2.84,0.052972860634326935,-0.14185609050317227,116.96102754789084,71.76692216780232,156.60387161230426,2.134655,20.84407,1.4380937337875366,36.8895149230957,36.0,0.5909090909090909,"left_hip_pitch_joint,left_hip_roll_joint,left_hip_yaw_joint,left_knee_joint,left_ankle_pitch_joint,left_ankle_roll_joint,right_hip_pitch_joint,right_hip_roll_joint,right_hip_yaw_joint,right_knee_joint,right_ankle_pitch_joint,right_ankle_roll_joint,waist_yaw_joint",0.0,0.0,1289.5277290344238,right_hip_yaw_link,1229.7869,0.015774287,right_elbow_link
143,2.86,0.04640747234225273,-0.07588572276183214,-142.4449932330851,84.5070568569854,-98.23962810381255,1.2163087,21.68328,1.1447855234146118,36.01321792602539,36.0,0.5,"left_hip_pitch_joint,left_hip_roll_joint,left_hip_yaw_joint,left_knee_joint,left_ankle_pitch_joint,left_ankle_roll_joint,right_hip_pitch_joint,right_hip_yaw_joint,right_knee_joint,right_ankle_pitch_joint,waist_yaw_joint",0.0,0.0,0,pelvis,0.0,0.015129104,right_elbow_link
144,2.88,0.06854502856731415,-0.18880596025403662,127.11736797644438,71.76725753173696,168.95195066871293,1.8629143,23.434404,1.4698662281036377,36.095741271972656,36.0,0.5,"left_hip_pitch_joint,left_hip_roll_joint,left_hip_yaw_joint,left_ankle_pitch_joint,left_ankle_roll_joint,right_hip_pitch_joint,right_hip_yaw_joint,right_knee_joint,right_ankle_pitch_joint,right_ankle_roll_joint,waist_yaw_joint",0.0,0.0,179.58187866210938,pelvis,89.79094,0.020905789,left_shoulder_roll_link
145,2.9,0.05770466476678848,-0.11474177924501561,-176.8735924295919,83.40132833110587,-135.30268908894823,1.3587929,18.164452,1.179862380027771,35.347991943359375,36.0,0.5,"left_hip_pitch_joint,left_hip_roll_joint,left_hip_yaw_joint,left_knee_joint,left_ankle_pitch_joint,left_ankle_roll_joint,right_hip_pitch_joint,right_hip_yaw_joint,right_knee_joint,right_ankle_pitch_joint,waist_yaw_joint",0.0,0.0,0,pelvis,0.0,0.029911341,left_shoulder_roll_link
146,2.92,0.072654128074646,-0.18345780536719225,118.18568286971596,67.14440473899298,163.20482554184542,1.5722644,23.916975,1.4946338653564453,36.06964111328125,36.0,0.5454545454545454,"left_hip_pitch_joint,left_hip_roll_joint,left_hip_yaw_joint,left_knee_joint,left_ankle_pitch_joint,left_ankle_roll_joint,right_hip_pitch_joint,right_hip_yaw_joint,right_knee_joint,right_ankle_pitch_joint,right_ankle_roll_joint,waist_yaw_joint",0.0,0.0,1047.0911865234375,torso_link,1047.0912,0.017424779,left_shoulder_roll_link
147,2.94,0.05569024384021759,-0.13023095539786356,136.375719967236,79.63569869101288,173.33914143804387,1.786369,18.897636,1.2326693058013916,36.04232406616211,36.0,0.5,"left_hip_pitch_joint,left_hip_roll_joint,left_hip_yaw_joint,left_knee_joint,left_ankle_pitch_joint,left_ankle_roll_joint,right_hip_pitch_joint,right_hip_yaw_joint,right_knee_joint,right_ankle_pitch_joint,waist_yaw_joint",0.0,0.0,0,pelvis,0.0,0.028780065,left_shoulder_roll_link
148,2.96,0.06559357047080994,-0.14796637925965683,109.13954167058719,63.17311860501648,156.30886060481538,2.301404,20.143759,1.5032029151916504,36.03121566772461,36.0,0.5,"left_hip_pitch_joint,left_hip_roll_joint,left_ankle_pitch_joint,left_ankle_roll_joint,right_hip_pitch_joint,right_hip_roll_joint,right_hip_yaw_joint,right_knee_joint,right_ankle_pitch_joint,right_ankle_roll_joint,waist_yaw_joint",0.0,0.0,670.9760131835938,right_hip_yaw_link,670.976,0.02120862,left_shoulder_roll_link
149,2.98,0.06221558526158333,-0.16904801295142136,129.52156969390396,74.59474331611449,165.43211615308002,1.1189641,17.103722,1.1682550430297851,36.05739974975586,36.0,0.5,"left_hip_pitch_joint,left_hip_roll_joint,left_hip_yaw_joint,left_knee_joint,left_ankle_pitch_joint,left_ankle_roll_joint,right_hip_pitch_joint,right_hip_roll_joint,right_knee_joint,right_ankle_pitch_joint,waist_yaw_joint",0.0,0.0,0,pelvis,0.0,0.026115946,right_shoulder_roll_link
150,3.0,0.08447185903787613,-0.20707901462837164,113.23611824587542,58.339370372787165,160.6520082693745,2.0236957,27.52291,1.491685390472412,35.46518325805664,36.0,0.45454545454545453,"left_hip_pitch_joint,left_hip_roll_joint,left_ankle_roll_joint,right_hip_pitch_joint,right_hip_roll_joint,right_hip_yaw_joint,right_knee_joint,right_ankle_pitch_joint,right_ankle_roll_joint,waist_yaw_joint",0.0,0.0,307.75775146484375,right_knee_link,307.75775,0.023526523,right_shoulder_roll_link
151,3.02,0.08292609453201294,-0.2622914238994287,132.76261833042864,67.27474571783719,169.58211030282132,1.0651803,23.536158,0.9995455741882324,33.668701171875,36.0,0.5909090909090909,"left_hip_pitch_joint,left_hip_roll_joint,left_hip_yaw_joint,left_knee_joint,left_ankle_pitch_joint,left_ankle_roll_joint,right_hip_pitch_joint,right_hip_roll_joint,right_hip_yaw_joint,right_knee_joint,right_ankle_pitch_joint,waist_roll_joint,waist_yaw_joint",0.0,0.0,1804.195556640625,torso_link,1804.1956,0.017546779,right_shoulder_roll_link
152,3.04,0.10721851885318756,-0.2347012867692233,111.92560876760257,51.05694327070332,161.19846846616298,2.5174503,33.60208,1.496146559715271,36.59740447998047,36.0,0.5454545454545454,"left_hip_pitch_joint,left_hip_roll_joint,left_knee_joint,left_ankle_pitch_joint,left_ankle_roll_joint,right_hip_pitch_joint,right_hip_roll_joint,right_hip_yaw_joint,right_knee_joint,right_ankle_pitch_joint,right_ankle_roll_joint,waist_roll_joint",0.0,0.0,0,pelvis,0.0,0.02281668,left_shoulder_roll_link
153,3.06,0.12424023449420929,-0.36184351976815954,122.84726686606707,48.155304291310884,162.7663699458457,0.75067174,28.01406,1.2131219625473022,35.15789794921875,36.0,0.5909090909090909,"left_hip_pitch_joint,left_hip_roll_joint,left_hip_yaw_joint,left_knee_joint,left_ankle_pitch_joint,left_ankle_roll_joint,right_hip_pitch_joint,right_hip_roll_joint,right_hip_yaw_joint,right_knee_joint,right_ankle_pitch_joint,waist_roll_joint,waist_yaw_joint",0.0,0.0,0,pelvis,0.0,0.017622704,right_shoulder_roll_link
154,3.08,0.10003356635570526,-0.17993879997803042,105.11671765289779,46.37100294462284,149.07502840055085,1.2569479,25.609432,1.3873082399368286,36.56352233886719,36.0,0.45454545454545453,"left_hip_pitch_joint,left_ankle_pitch_joint,left_ankle_roll_joint,right_hip_pitch_joint,right_hip_roll_joint,right_hip_yaw_joint,right_knee_joint,right_ankle_pitch_joint,right_ankle_roll_joint,waist_roll_joint",0.0,0.0,0,pelvis,0.0,0.009773379,right_shoulder_roll_link
155,3.1,0.09229420870542526,-0.18889107887998735,127.43284007213197,71.89480405629614,171.59263822465223,1.1482451,31.402304,0.9920835494995117,36.165260314941406,36.0,0.5,"left_hip_yaw_joint,left_knee_joint,left_ankle_pitch_joint,left_ankle_roll_joint,right_hip_pitch_joint,right_hip_roll_joint,right_hip_yaw_joint,right_knee_joint,right_ankle_pitch_joint,waist_roll_joint,waist_yaw_joint",0.0,0.0,0,pelvis,0.0,0.005927518,right_shoulder_roll_link
156,3.12,0.06688959896564484,-0.010684334078890245,91.16338814813246,58.248948111399045,139.79415450305936,0.7478251,15.160379,1.4948745965957642,35.93633270263672,36.0,0.6363636363636364,"left_hip_pitch_joint,left_hip_roll_joint,left_knee_joint,left_ankle_pitch_joint,left_ankle_roll_joint,right_hip_pitch_joint,right_hip_roll_joint,right_hip_yaw_joint,right_knee_joint,right_ankle_pitch_joint,right_ankle_roll_joint,waist_roll_joint,waist_yaw_joint,left_shoulder_roll_joint",0.0,0.0,1770.103988647461,right_hip_yaw_link,885.052,0.019727852,right_shoulder_roll_link
157,3.14,0.07055193930864334,-0.12544150004885113,128.358569092022,78.33808552046618,175.62984551293772,1.2037187,28.610947,1.0712058544158936,36.168949127197266,36.0,0.45454545454545453,"left_hip_roll_joint,left_hip_yaw_joint,left_knee_joint,left_ankle_pitch_joint,left_ankle_roll_joint,right_hip_pitch_joint,right_hip_yaw_joint,right_knee_joint,right_ankle_pitch_joint,waist_yaw_joint",0.0,0.0,342.7005615234375,right_knee_link,342.70056,0.0053790035,right_shoulder_roll_link
158,3.16,0.05084387585520744,-0.07277372317600594,102.5422712092482,70.42040175641023,146.50192576811946,1.3558884,13.191038,1.414302110671997,36.53291320800781,36.0,0.45454545454545453,"left_hip_roll_joint,left_knee_joint,left_ankle_pitch_joint,left_ankle_roll_joint,right_hip_pitch_joint,right_hip_yaw_joint,right_knee_joint,right_ankle_pitch_joint,right_ankle_roll_joint,waist_yaw_joint",0.0,0.0,0,pelvis,0.0,0.018408896,right_shoulder_roll_link
159,3.18,0.05923769995570183,-0.12653818266485928,-179.7012310078098,82.73024170983625,-131.6340609746931,1.009059,23.602797,1.1593771696090698,36.16333770751953,36.0,0.5,"left_hip_roll_joint,left_hip_yaw_joint,left_knee_joint,left_ankle_pitch_joint,left_ankle_roll_joint,right_hip_pitch_joint,right_hip_roll_joint,right_hip_yaw_joint,right_knee_joint,right_ankle_pitch_joint,waist_yaw_joint",0.0,0.0,225.24502563476562,left_knee_link,225.24503,0.013396412,right_elbow_link
160,3.2,0.03452906012535095,-0.035315478904209385,107.08816003354056,83.09717637421696,149.1668203604575,1.0905929,18.539585,1.1648509502410889,36.10907745361328,36.0,0.5,"left_hip_roll_joint,left_ankle_pitch_joint,left_ankle_roll_joint,right_hip_pitch_joint,right_hip_roll_joint,right_hip_yaw_joint,right_knee_joint,right_ankle_pitch_joint,right_ankle_roll_joint,waist_yaw_joint,left_shoulder_roll_joint",0.0,0.0,315.9793701171875,torso_link,315.97937,0.024570122,right_hip_pitch_link
161,3.22,0.041849736124277115,-0.03408236356944805,-98.96782839650788,77.37051340599636,-54.81324197414781,1.242267,18.590456,0.6681627035140991,36.02424621582031,36.0,0.5454545454545454,"left_hip_pitch_joint,left_hip_roll_joint,left_hip_yaw_joint,left_knee_joint,left_ankle_pitch_joint,left_ankle_roll_joint,right_hip_pitch_joint,right_hip_roll_joint,right_hip_yaw_joint,right_knee_joint,right_ankle_pitch_joint,waist_roll_joint",0.0,0.0,0,pelvis,0.0,0.0144653395,left_elbow_link
162,3.24,0.054062262177467346,-0.0871015627489915,136.7716124373045,83.13437962296307,177.0596342527663,1.0093902,16.93876,1.1977393627166748,36.06278991699219,36.0,0.5,"left_hip_roll_joint,left_hip_yaw_joint,left_knee_joint,left_ankle_pitch_joint,left_ankle_roll_joint,right_hip_pitch_joint,right_hip_roll_joint,right_hip_yaw_joint,right_knee_joint,right_ankle_pitch_joint,right_ankle_roll_joint",0.0,0.0,553.3480834960938,pelvis,276.67404,-0.009812564,left_elbow_link
163,3.2600000000000002,0.07000952214002609,-0.1375886506812538,-130.56035929191512,77.78421630796224,-88.6036677020962,0.8011882,19.838705,0.9094401597976685,36.088706970214844,36.0,0.5,"left_hip_roll_joint,left_hip_yaw_joint,left_knee_joint,left_ankle_pitch_joint,left_ankle_roll_joint,right_hip_pitch_joint,right_hip_roll_joint,right_hip_yaw_joint,right_knee_joint,right_ankle_pitch_joint,waist_yaw_joint",0.0,0.0,0,pelvis,0.0,0.0055117607,left_elbow_link
164,3.2800000000000002,0.05529564246535301,-0.08014857802833042,-163.8951130470255,85.21462092441827,-125.2825592837578,0.66322,13.046428,1.2791351079940796,36.31647491455078,36.0,0.5,"left_hip_roll_joint,left_knee_joint,left_ankle_pitch_joint,left_ankle_roll_joint,right_hip_pitch_joint,right_hip_roll_joint,right_hip_yaw_joint,right_knee_joint,right_ankle_pitch_joint,right_ankle_roll_joint,waist_yaw_joint",0.0,0.0,0,pelvis,0.0,0.008394867,left_elbow_link
165,3.3000000000000003,0.06789704412221909,-0.14521068241143986,-119.37990409325901,72.78325472569452,-74.33345193711679,0.81235677,17.159086,0.9005156278610229,36.07609558105469,36.0,0.5,"left_hip_pitch_joint,left_hip_roll_joint,left_hip_yaw_joint,left_knee_joint,left_ankle_pitch_joint,left_ankle_roll_joint,right_hip_pitch_joint,right_hip_roll_joint,right_hip_yaw_joint,right_knee_joint,right_ankle_pitch_joint",0.0,0.0,1157.5128784179688,left_knee_link,586.67505,0.011040457,left_elbow_link
166,3.3200000000000003,0.04611479863524437,-0.007276327971817764,-91.57933122107197,74.69201518798656,-57.63552664596617,0.69723356,23.165043,0.9892317056655884,35.110679626464844,36.0,0.45454545454545453,"left_hip_roll_joint,left_ankle_pitch_joint,left_ankle_roll_joint,right_hip_pitch_joint,right_hip_roll_joint,right_hip_yaw_joint,right_knee_joint,right_ankle_pitch_joint,right_ankle_roll_joint,waist_yaw_joint",0.0,0.0,0,pelvis,0.0,0.0027265325,left_elbow_link
167,3.34,0.0673961490392685,-0.09691849391222718,-110.91594709731373,74.24753079525462,-74.25178807816789,1.4539568,16.919016,0.7780813574790955,36.46638870239258,36.0,0.5,"left_hip_pitch_joint,left_hip_roll_joint,left_hip_yaw_joint,left_knee_joint,left_ankle_pitch_joint,left_ankle_roll_joint,right_hip_pitch_joint,right_hip_roll_joint,right_hip_yaw_joint,right_ankle_pitch_joint,waist_roll_joint",0.0,0.0,0,pelvis,0.0,-0.0022607278,left_shoulder_roll_link
168,3.36,0.04785619303584099,0.0012589609931747958,-89.58206861215427,80.06110634981644,-64.31679976970756,1.1611136,24.231207,1.1770522594451904,36.518775939941406,36.0,0.5909090909090909,"left_hip_pitch_joint,left_hip_roll_joint,left_hip_yaw_joint,left_knee_joint,left_ankle_pitch_joint,left_ankle_roll_joint,right_hip_pitch_joint,right_hip_roll_joint,right_hip_yaw_joint,right_knee_joint,right_ankle_pitch_joint,right_ankle_roll_joint,waist_roll_joint",0.0,0.0,0,pelvis,0.0,-0.002349615,left_elbow_link
169,3.38,0.059081364423036575,-0.06986575963514952,-116.18633397821748,80.89052138444528,-87.85613151261144,1.2925259,19.05929,1.0179989337921143,36.449310302734375,36.0,0.5454545454545454,"left_hip_pitch_joint,left_hip_roll_joint,left_hip_yaw_joint,left_knee_joint,left_ankle_pitch_joint,left_ankle_roll_joint,right_hip_pitch_joint,right_hip_roll_joint,right_hip_yaw_joint,right_knee_joint,right_ankle_pitch_joint,waist_roll_joint",0.0,0.0,1574.3048095703125,torso_link,1574.3048,-0.009580785,left_shoulder_roll_link
170,3.4,0.03887973725795746,0.01693228117937151,-76.82789707625446,85.73870791110447,-56.98500685547909,1.3838841,24.573557,1.2805994749069214,36.46615219116211,36.0,0.5909090909090909,"left_hip_pitch_joint,left_hip_roll_joint,left_hip_yaw_joint,left_knee_joint,left_ankle_pitch_joint,left_ankle_roll_joint,right_hip_pitch_joint,right_hip_yaw_joint,right_knee_joint,right_ankle_pitch_joint,right_ankle_roll_joint,waist_roll_joint,waist_yaw_joint",0.0,0.0,0,pelvis,0.0,-0.004863858,left_elbow_link
171,3.42,0.04652847349643707,-0.03211421929061631,-133.85455196471733,87.34329137674364,-105.93808759030537,1.5043814,15.805989,0.9932377934455872,36.47551345825195,36.0,0.5909090909090909,"left_hip_pitch_joint,left_hip_roll_joint,left_hip_yaw_joint,left_knee_joint,left_ankle_pitch_joint,left_ankle_roll_joint,right_hip_pitch_joint,right_hip_roll_joint,right_hip_yaw_joint,right_knee_joint,right_ankle_pitch_joint,waist_roll_joint,waist_yaw_joint",0.0,156.01286,4091.9310302734375,right_knee_link,2425.445,-0.0013823835,left_shoulder_roll_link
172,3.44,0.0355827622115612,0.015726024786320902,-81.09776720710896,84.16738054432494,-56.377802742634294,1.0402366,17.836372,1.159112811088562,36.16781234741211,36.0,0.5454545454545454,"left_hip_pitch_joint,left_hip_roll_joint,left_hip_yaw_joint,left_knee_joint,left_ankle_pitch_joint,left_ankle_roll_joint,right_hip_pitch_joint,right_hip_yaw_joint,right_knee_joint,right_ankle_pitch_joint,right_ankle_roll_joint,waist_roll_joint",0.0,0.0,0,pelvis,0.0,0.011976138,left_elbow_link
173,3.46,0.05180175229907036,-0.060965190615270615,-112.15960161409801,80.6984274416237,-80.34765168168656,1.4045,6.4390016,0.9733845710754394,36.3408088684082,36.0,0.5,"left_hip_pitch_joint,left_hip_roll_joint,left_hip_yaw_joint,left_knee_joint,left_ankle_pitch_joint,left_ankle_roll_joint,right_hip_pitch_joint,right_hip_roll_joint,right_hip_yaw_joint,right_ankle_pitch_joint,waist_roll_joint",0.0,0.0,0,pelvis,0.0,0.009253111,left_shoulder_roll_link
174,3.48,0.03569507226347923,0.023994002012493354,-55.03921201171564,87.60012077154157,-29.068521812771,1.340203,14.715094,0.9697802662849426,36.274173736572266,36.0,0.5,"left_hip_pitch_joint,left_hip_roll_joint,left_hip_yaw_joint,left_knee_joint,left_ankle_pitch_joint,left_ankle_roll_joint,right_hip_pitch_joint,right_hip_yaw_joint,right_knee_joint,right_ankle_pitch_joint,right_ankle_roll_joint",0.0,0.0,0,pelvis,0.0,0.017723054,left_elbow_link
175,3.5,0.05008885636925697,-0.07688245916140524,-114.64379564114569,79.3749420559286,-78.82429286077027,1.3048861,10.886625,1.1888466596603393,36.17186737060547,36.0,0.5,"left_hip_pitch_joint,left_hip_roll_joint,left_hip_yaw_joint,left_knee_joint,left_ankle_pitch_joint,left_ankle_roll_joint,right_hip_pitch_joint,right_hip_roll_joint,right_hip_yaw_joint,right_knee_joint,right_ankle_pitch_joint",0.0,0.0,589.750732421875,right_knee_link,589.75073,0.010612149,left_shoulder_roll_link
176,3.52,0.035009801387786865,-0.007050730632901736,-93.74277088195451,83.79932226347617,-67.70792867152448,1.4683176,22.989033,1.1558979272842407,36.78443908691406,36.0,0.5,"left_hip_pitch_joint,left_hip_roll_joint,left_hip_yaw_joint,left_knee_joint,left_ankle_pitch_joint,left_ankle_roll_joint,right_hip_pitch_joint,right_hip_yaw_joint,right_knee_joint,right_ankle_pitch_joint,right_ankle_roll_joint",0.0,0.0,0,pelvis,0.0,0.003732115,left_elbow_link
177,3.54,0.053475890308618546,-0.0788812411293538,-108.59606795423277,75.67872467510497,-77.41503253835887,1.4269543,13.5798025,1.4490698099136352,36.67884826660156,36.0,0.5454545454545454,"left_hip_pitch_joint,left_hip_roll_joint,left_hip_yaw_joint,left_knee_joint,left_ankle_pitch_joint,left_ankle_roll_joint,right_hip_pitch_joint,right_hip_roll_joint,right_hip_yaw_joint,right_knee_joint,right_ankle_pitch_joint,waist_roll_joint",0.0,0.0,151.2419891357422,left_hip_yaw_link,75.620995,0.00048889965,left_shoulder_roll_link
178,3.56,0.034487172961235046,0.041007714240933524,-58.514115212207926,85.49678742364982,-38.39793843096429,1.5312631,26.220669,1.484066081047058,36.00178909301758,36.0,0.5909090909090909,"left_hip_pitch_joint,left_hip_roll_joint,left_hip_yaw_joint,left_knee_joint,left_ankle_pitch_joint,left_ankle_roll_joint,right_hip_pitch_joint,right_hip_roll_joint,right_hip_yaw_joint,right_knee_joint,right_ankle_pitch_joint,right_ankle_roll_joint,waist_roll_joint",0.0,64.74564,64.74564361572266,left_hip_yaw_link,64.74564,-0.003906317,left_elbow_link
179,3.58,0.03431667387485504,0.05353502603750426,-76.92655899404366,76.30982036699903,-57.22391524023974,0.38897267,14.128586,0.900203537940979,36.682743072509766,36.0,0.5,"left_hip_pitch_joint,left_hip_roll_joint,left_hip_yaw_joint,left_knee_joint,left_ankle_pitch_joint,right_hip_pitch_joint,right_hip_roll_joint,right_hip_yaw_joint,right_knee_joint,right_ankle_pitch_joint,waist_roll_joint",0.0,0.0,0,pelvis,0.0,0.0067197643,left_shoulder_roll_link
180,3.6,0.06222664564847946,-0.1003495741112741,123.3198579156945,79.47396108626279,132.9040799799275,1.9636645,28.103031,1.2467915534973144,36.1370964050293,36.0,0.5909090909090909,"left_hip_pitch_joint,left_hip_roll_joint,left_hip_yaw_joint,left_knee_joint,left_ankle_pitch_joint,left_ankle_roll_joint,right_hip_pitch_joint,right_hip_roll_joint,right_hip_yaw_joint,right_knee_joint,right_ankle_pitch_joint,right_ankle_roll_joint,waist_roll_joint",0.0,0.0,0,pelvis,0.0,-0.0070503578,left_elbow_link
181,3.62,0.07825120538473129,-0.17379697511072578,-154.0591125437718,78.85640392946088,-139.6523984065123,0.6175454,25.075535,0.932924461364746,36.2389030456543,36.0,0.5,"left_hip_pitch_joint,left_hip_roll_joint,left_hip_yaw_joint,left_knee_joint,left_ankle_pitch_joint,right_hip_pitch_joint,right_hip_roll_joint,right_hip_yaw_joint,right_ankle_pitch_joint,waist_roll_joint,waist_yaw_joint",0.0,402.82455,805.6491088867188,left_hip_yaw_link,402.82455,0.005349542,left_shoulder_roll_link
182,3.64,0.08620312064886093,-0.19144151491696015,122.89623768916375,69.36061414496932,141.87798381922644,1.393785,29.148878,1.1908276796340942,36.130802154541016,36.0,0.5909090909090909,"left_hip_roll_joint,left_hip_yaw_joint,left_knee_joint,left_ankle_pitch_joint,left_ankle_roll_joint,right_hip_pitch_joint,right_hip_yaw_joint,right_knee_joint,right_ankle_pitch_joint,right_ankle_roll_joint,waist_roll_joint,waist_yaw_joint,right_shoulder_roll_joint",0.0,0.0,0,pelvis,0.0,0.019907627,left_shoulder_roll_link
183,3.66,0.09400136768817902,-0.2596943578458202,150.30981312433036,72.60597880837557,168.8448632297997,0.38224298,22.674662,0.8895067691802978,36.074676513671875,36.0,0.5454545454545454,"left_hip_pitch_joint,left_hip_roll_joint,left_hip_yaw_joint,left_knee_joint,left_ankle_pitch_joint,right_hip_pitch_joint,right_hip_roll_joint,right_hip_yaw_joint,right_knee_joint,right_ankle_pitch_joint,waist_yaw_joint,left_shoulder_roll_joint",0.0,0.0,99.66838836669922,torso_link,99.66839,0.016485158,right_shoulder_roll_link
184,3.68,0.08370381593704224,-0.14138318262625815,105.26468558238501,57.519664040065706,125.48963867734237,1.2469782,31.980436,1.1373798370361328,36.19669723510742,36.0,0.5,"left_hip_roll_joint,left_hip_yaw_joint,left_knee_joint,left_ankle_pitch_joint,left_ankle_roll_joint,right_hip_pitch_joint,right_hip_yaw_joint,right_knee_joint,right_ankle_pitch_joint,right_ankle_roll_joint,waist_yaw_joint",0.0,0.0,0,pelvis,0.0,0.010617619,right_shoulder_roll_link
185,3.7,0.08032916486263275,-0.1785864509336117,120.02775045849467,69.09168886096944,138.0904527148497,0.49805522,27.495735,0.8127104759216308,36.038883209228516,36.0,0.45454545454545453,"left_hip_pitch_joint,left_hip_roll_joint,left_hip_yaw_joint,left_knee_joint,left_ankle_pitch_joint,right_hip_pitch_joint,right_hip_yaw_joint,right_knee_joint,right_ankle_pitch_joint,waist_yaw_joint",0.0,0.0,26.045730590820312,torso_link,26.04573,0.010109259,right_shoulder_roll_link
186,3.72,0.07296807318925858,-0.09592594581791936,98.79750991985465,51.15608640020513,118.14886889744791,1.0887896,26.734667,1.248183798789978,36.65296936035156,36.0,0.5454545454545454,"left_hip_pitch_joint,left_hip_roll_joint,left_hip_yaw_joint,left_knee_joint,left_ankle_pitch_joint,left_ankle_roll_joint,right_hip_pitch_joint,right_hip_yaw_joint,right_knee_joint,right_ankle_pitch_joint,right_ankle_roll_joint,waist_yaw_joint",0.0,0.0,101.39690399169922,torso_link,101.396904,0.0045541963,right_shoulder_roll_link
187,3.74,0.07965956628322601,-0.17080541026262885,114.09420196350007,65.26660085826558,131.00986854386434,0.5542929,24.523546,0.9456213235855102,36.13859939575195,36.0,0.45454545454545453,"left_hip_pitch_joint,left_hip_roll_joint,left_hip_yaw_joint,left_knee_joint,left_ankle_pitch_joint,right_hip_pitch_joint,right_hip_yaw_joint,right_knee_joint,right_ankle_pitch_joint,waist_yaw_joint",0.0,0.0,0,pelvis,0.0,-0.00043059886,right_elbow_link
188,3.7600000000000002,0.07611705362796783,-0.054793489427993336,94.54761068190578,46.28483274086216,116.77965141122283,1.8497598,28.105091,1.3650255918502807,25.285541534423828,36.0,0.45454545454545453,"left_hip_yaw_joint,left_knee_joint,left_ankle_pitch_joint,left_ankle_roll_joint,right_hip_pitch_joint,right_hip_yaw_joint,right_knee_joint,right_ankle_pitch_joint,right_ankle_roll_joint,waist_yaw_joint",0.0,1037.1423,2602.4507446289062,right_hip_yaw_link,1765.9302,-0.0029082652,right_shoulder_roll_link
189,3.7800000000000002,0.09914027154445648,-0.14106495604988023,104.39259306161901,55.42266850915918,126.77948780226086,0.4886401,18.979532,0.929974627494812,35.98379898071289,36.0,0.5,"left_hip_pitch_joint,left_hip_roll_joint,left_hip_yaw_joint,left_knee_joint,left_ankle_pitch_joint,right_hip_pitch_joint,right_hip_yaw_joint,right_knee_joint,right_ankle_pitch_joint,right_ankle_roll_joint,waist_yaw_joint",0.0,0.0,0,pelvis,0.0,-0.022248186,right_elbow_link
190,3.8000000000000003,0.09714790433645248,0.034396131646985406,87.7358650456232,29.465894030544963,117.71791404930667,1.1346883,35.366215,1.321992826461792,36.29629135131836,36.0,0.45454545454545453,"left_hip_yaw_joint,left_knee_joint,left_ankle_pitch_joint,left_ankle_roll_joint,right_hip_pitch_joint,right_hip_yaw_joint,right_knee_joint,right_ankle_pitch_joint,right_ankle_roll_joint,waist_yaw_joint",0.0,0.0,0,pelvis,0.0,-0.025300603,right_shoulder_roll_link
191,3.8200000000000003,0.10035338997840881,-0.023923360496478807,91.8461219265073,42.04593294505394,125.70901914675873,0.41336578,28.314964,0.9449828386306762,36.02011489868164,36.0,0.5,"left_hip_roll_joint,left_hip_yaw_joint,left_knee_joint,left_ankle_pitch_joint,right_hip_pitch_joint,right_hip_roll_joint,right_hip_yaw_joint,right_knee_joint,right_ankle_pitch_joint,right_ankle_roll_joint,waist_yaw_joint",0.0,111.505,0,right_ankle_roll_link,111.505,-0.036597934,right_elbow_link
192,3.84,0.0991547629237175,-0.03079161613436243,91.91876708115376,23.127669723760043,125.44951997921932,1.0762404,29.647272,1.2683292150497436,36.707523345947266,36.0,0.5,"left_hip_roll_joint,left_hip_yaw_joint,left_knee_joint,left_ankle_pitch_joint,left_ankle_roll_joint,right_hip_pitch_joint,right_hip_yaw_joint,right_knee_joint,right_ankle_pitch_joint,right_ankle_roll_joint,waist_yaw_joint",0.0,0.0,0,pelvis,0.0,-0.03311402,right_elbow_link
193,3.86,0.09670792520046234,-0.06357657444068288,94.76804554701825,40.10565247355396,131.29986286087018,0.36873025,29.162338,0.9858244180679321,36.00254440307617,36.0,0.4090909090909091,"left_hip_roll_joint,left_hip_yaw_joint,left_knee_joint,left_ankle_pitch_joint,right_hip_pitch_joint,right_hip_yaw_joint,right_knee_joint,right_ankle_pitch_joint,waist_yaw_joint",0.0,0.0,0,pelvis,0.0,-0.04579655,right_elbow_link
194,3.88,0.09995222836732864,-0.11017535607530426,96.72904070063005,19.902991398113116,133.6665007704626,0.9463763,33.146214,1.3988364458084106,36.378353118896484,36.0,0.5454545454545454,"left_hip_roll_joint,left_hip_yaw_joint,left_knee_joint,left_ankle_pitch_joint,left_ankle_roll_joint,right_hip_pitch_joint,right_hip_roll_joint,right_hip_yaw_joint,right_knee_joint,right_ankle_pitch_joint,right_ankle_roll_joint,waist_yaw_joint",0.0,56.639057,0,right_ankle_roll_link,56.639057,-0.04153929,right_elbow_link
195,3.9,0.10017143934965134,-0.10853014556260554,97.55457214919403,34.35976986561907,142.74901790950733,0.21933949,30.245607,1.1566105604171752,35.95392990112305,36.0,0.45454545454545453,"left_hip_pitch_joint,left_hip_roll_joint,left_hip_yaw_joint,left_knee_joint,left_ankle_pitch_joint,right_hip_pitch_joint,right_hip_yaw_joint,right_knee_joint,right_ankle_pitch_joint,waist_yaw_joint",0.0,0.0,0,pelvis,0.0,-0.057529755,right_elbow_link
196,3.92,0.0945141464471817,-0.08302177701666835,95.03172046613528,18.812611502045286,143.88760420749693,0.903743,29.042355,1.3257306337356567,36.02144241333008,36.0,0.5,"left_hip_roll_joint,left_hip_yaw_joint,left_ankle_pitch_joint,left_ankle_roll_joint,right_hip_pitch_joint,right_hip_roll_joint,right_hip_yaw_joint,right_knee_joint,right_ankle_pitch_joint,right_ankle_roll_joint,waist_yaw_joint",0.0,0.0,0,pelvis,0.0,-0.061993156,right_shoulder_roll_link
197,3.94,0.10083874315023422,-0.14999925860541552,100.20343604667298,32.13838126436428,157.30556980685253,0.95287025,29.584114,1.1482498168945312,36.01917266845703,36.0,0.36363636363636365,"left_hip_roll_joint,left_hip_yaw_joint,left_knee_joint,left_ankle_pitch_joint,right_hip_pitch_joint,right_hip_yaw_joint,right_knee_joint,right_ankle_pitch_joint",0.0,0.0,0,pelvis,0.0,-0.07326329,right_shoulder_roll_link
198,3.96,0.09279456734657288,-0.14301933811266698,98.92793886677678,22.8442568098261,157.34188281222993,1.6735703,21.657196,0.9320901036262512,36.00739669799805,36.0,0.5454545454545454,"left_hip_pitch_joint,left_hip_roll_joint,left_hip_yaw_joint,left_ankle_pitch_joint,left_ankle_roll_joint,right_hip_pitch_joint,right_hip_roll_joint,right_hip_yaw_joint,right_knee_joint,right_ankle_pitch_joint,right_ankle_roll_joint,waist_yaw_joint",0.0,0.0,53.241668701171875,torso_link,53.24167,-0.08278718,right_shoulder_roll_link
199,3.98,0.09049960225820541,-0.12471048791404549,98.72583850042658,34.70940307841054,164.4472067872818,1.0836196,21.728731,0.9236393570899963,36.03915786743164,36.0,0.4090909090909091,"left_hip_pitch_joint,left_hip_roll_joint,left_hip_yaw_joint,left_ankle_pitch_joint,right_hip_pitch_joint,right_hip_roll_joint,right_hip_yaw_joint,right_knee_joint,right_ankle_pitch_joint",0.0,0.0,0,pelvis,0.0,-0.07878048,right_shoulder_roll_link
200,4.0,0.1003347635269165,-0.05894054787519987,93.51937043823634,16.22679371715023,168.78551658552612,0.5432435,28.441458,0.9924244284629822,36.05055236816406,36.0,0.5,"left_hip_yaw_joint,left_knee_joint,left_ankle_pitch_joint,left_ankle_roll_joint,right_hip_pitch_joint,right_hip_roll_joint,right_hip_yaw_joint,right_knee_joint,right_ankle_pitch_joint,right_ankle_roll_joint,waist_yaw_joint",0.0,0.0,0,pelvis,0.0,-0.073484346,right_shoulder_roll_link
201,4.0200000000000005,0.10433726757764816,-0.15126430906436328,99.69404274980394,26.062642141200104,175.79747798873964,0.33706173,22.56139,1.0576143264770508,36.0112190246582,36.0,0.4090909090909091,"left_hip_roll_joint,left_hip_yaw_joint,left_knee_joint,left_ankle_pitch_joint,right_hip_roll_joint,right_hip_yaw_joint,right_knee_joint,right_ankle_pitch_joint,waist_yaw_joint",0.0,0.0,0,pelvis,0.0,-0.067940444,right_shoulder_roll_link
202,4.04,0.10384310036897659,0.0249846714780827,88.52629770382758,13.71641074259723,177.5069917826931,0.5196327,21.014254,0.9964685440063477,33.386253356933594,36.0,0.45454545454545453,"left_hip_yaw_joint,left_knee_joint,left_ankle_pitch_joint,left_ankle_roll_joint,right_hip_roll_joint,right_hip_yaw_joint,right_knee_joint,right_ankle_pitch_joint,right_ankle_roll_joint,waist_yaw_joint",0.0,0.0,0,pelvis,0.0,-0.060955264,right_shoulder_roll_link
203,4.0600000000000005,0.10152996331453323,-0.09913705592683897,96.28749670300921,25.147415145936666,-178.5517439765131,0.76659304,17.475904,1.1949195861816406,35.18424987792969,36.0,0.36363636363636365,"left_hip_roll_joint,left_hip_yaw_joint,left_knee_joint,left_ankle_pitch_joint,right_hip_yaw_joint,right_knee_joint,right_ankle_pitch_joint,waist_yaw_joint",0.0,0.0,0,pelvis,0.0,-0.051946934,right_shoulder_roll_link
204,4.08,0.11186201870441437,-0.03561887933990748,92.0439690489559,2.958908718507603,-174.38470625107075,1.608558,33.256245,0.9661508798599243,39.23899459838867,36.0,0.45454545454545453,"left_hip_yaw_joint,left_knee_joint,left_ankle_pitch_joint,left_ankle_roll_joint,right_hip_roll_joint,right_hip_yaw_joint,right_knee_joint,right_ankle_pitch_joint,right_ankle_roll_joint,waist_yaw_joint",0.0,700.2268,0,right_ankle_roll_link,700.2268,-0.04800025,right_shoulder_roll_link
205,4.1,0.11925912648439407,-0.16305138309926948,99.5926366870635,11.915569945243648,-168.22524749512314,0.9279569,25.207628,1.1705948114395142,35.99317169189453,36.0,0.5,"left_hip_pitch_joint,left_hip_roll_joint,left_hip_yaw_joint,left_knee_joint,left_ankle_pitch_joint,right_hip_roll_joint,right_hip_yaw_joint,right_knee_joint,right_ankle_pitch_joint,waist_roll_joint,waist_yaw_joint",0.0,0.0,0,pelvis,0.0,-0.047232695,right_shoulder_roll_link
206,4.12,0.12225638329982758,-0.05912000253091665,93.397365534525,-3.945767230149239,-167.44377456568532,0.8457122,30.566936,1.063787817955017,36.008522033691406,36.0,0.5,"left_hip_roll_joint,left_hip_yaw_joint,left_knee_joint,left_ankle_pitch_joint,left_ankle_roll_joint,right_hip_roll_joint,right_hip_yaw_joint,right_knee_joint,right_ankle_pitch_joint,right_ankle_roll_joint,waist_yaw_joint",0.0,0.0,0,pelvis,0.0,-0.04867947,right_shoulder_roll_link
207,4.14,0.12228110432624817,-0.24551193061939047,104.2667015456295,4.962698518524977,-163.51768936721612,1.3097305,26.56803,1.2380430698394775,35.99104690551758,36.0,0.4090909090909091,"left_hip_pitch_joint,left_hip_roll_joint,left_hip_yaw_joint,left_knee_joint,left_ankle_pitch_joint,right_hip_yaw_joint,right_knee_joint,right_ankle_pitch_joint,waist_yaw_joint",0.0,0.0,0,pelvis,0.0,-0.056756087,right_shoulder_roll_link
208,4.16,0.12348863482475281,-0.14471975089903477,98.47993969456398,-11.069206829737837,-162.15345971894567,1.0167542,29.812195,1.158509373664856,36.041141510009766,36.0,0.5454545454545454,"left_hip_pitch_joint,left_hip_yaw_joint,left_knee_joint,left_ankle_pitch_joint,left_ankle_roll_joint,right_hip_roll_joint,right_hip_yaw_joint,right_knee_joint,right_ankle_pitch_joint,right_ankle_roll_joint,waist_roll_joint,waist_yaw_joint",0.0,0.0,0,pelvis,0.0,-0.063418776,right_shoulder_roll_link
209,4.18,0.11680462956428528,-0.2872198242990618,106.71332698551538,-2.8807827857929893,-158.09253387596922,1.8232864,24.282682,1.3000229597091675,36.030757904052734,36.0,0.45454545454545453,"left_hip_pitch_joint,left_hip_roll_joint,left_hip_yaw_joint,left_knee_joint,left_ankle_pitch_joint,right_hip_yaw_joint,right_knee_joint,right_ankle_pitch_joint,waist_roll_joint,waist_yaw_joint",0.0,0.0,0,pelvis,0.0,-0.079459146,right_shoulder_roll_link
210,4.2,0.1218234971165657,-0.18462056391933812,101.12713182247597,-16.932330230473557,-159.7062779301322,1.6345843,22.904192,1.2788686752319336,35.7442741394043,36.0,0.5,"left_hip_pitch_joint,left_hip_yaw_joint,left_knee_joint,left_ankle_pitch_joint,left_ankle_roll_joint,right_hip_roll_joint,right_hip_yaw_joint,right_knee_joint,right_ankle_pitch_joint,right_ankle_roll_joint,waist_yaw_joint",0.0,0.0,0,pelvis,0.0,-0.076948635,right_shoulder_roll_link
211,4.22,0.11811463534832001,-0.29786115166027827,107.33884343936349,-1.8828216293441635,-154.30954899686583,1.5605282,29.873224,1.3453576564788818,36.042266845703125,36.0,0.4090909090909091,"left_hip_roll_joint,left_hip_yaw_joint,left_knee_joint,left_ankle_pitch_joint,right_hip_roll_joint,right_hip_yaw_joint,right_knee_joint,right_ankle_pitch_joint,waist_yaw_joint",0.0,0.0,0,pelvis,0.0,-0.082273304,right_shoulder_roll_link
212,4.24,0.1169801726937294,-0.16415052728880308,99.60114708985353,-10.203786656481352,-154.4755041976998,1.5630416,25.967281,1.3158379316329956,36.03714370727539,36.0,0.45454545454545453,"left_hip_pitch_joint,left_knee_joint,left_ankle_pitch_joint,left_ankle_roll_joint,right_hip_roll_joint,right_hip_yaw_joint,right_knee_joint,right_ankle_pitch_joint,right_ankle_roll_joint,waist_yaw_joint",0.0,0.0,0,pelvis,0.0,-0.0841317,right_shoulder_roll_link
213,4.26,0.10901791602373123,-0.17131912787415304,99.89386062104784,4.391380965914466,-151.3393683113816,1.7013557,27.755869,1.4349807500839233,36.04290008544922,36.0,0.5,"left_hip_pitch_joint,left_hip_roll_joint,left_hip_yaw_joint,left_knee_joint,left_ankle_pitch_joint,right_hip_roll_joint,right_hip_yaw_joint,right_knee_joint,right_ankle_pitch_joint,waist_roll_joint,waist_yaw_joint",0.0,0.0,0,pelvis,0.0,-0.085284725,right_shoulder_roll_link
214,4.28,0.10959946364164352,-0.0658495616707242,93.79169286250163,-5.271279493255521,-151.3178128003738,1.9700898,23.884321,1.4497614622116088,39.786109924316406,36.0,0.5,"left_hip_pitch_joint,left_hip_roll_joint,left_knee_joint,left_ankle_pitch_joint,left_ankle_roll_joint,right_hip_roll_joint,right_hip_yaw_joint,right_knee_joint,right_ankle_pitch_joint,right_ankle_roll_joint,waist_yaw_joint",0.0,362.5622,0,right_ankle_roll_link,362.5622,-0.077481635,right_shoulder_roll_link
215,4.3,0.10048883408308029,-0.11582052176770263,96.68681464246048,5.923099691529481,-150.46715060638044,1.8354354,21.32466,1.421156644821167,35.54077911376953,36.0,0.45454545454545453,"left_hip_pitch_joint,left_hip_roll_joint,left_hip_yaw_joint,left_knee_joint,left_ankle_pitch_joint,right_hip_pitch_joint,right_hip_roll_joint,right_knee_joint,right_ankle_pitch_joint,waist_yaw_joint",0.0,0.0,0,pelvis,0.0,-0.07328642,right_shoulder_roll_link
216,4.32,0.09849327057600021,-0.09790606511915145,95.82658556246868,-15.329466120039411,-151.1921005141214,2.26392,33.869724,1.4710155248641967,35.520477294921875,36.0,0.5,"left_hip_pitch_joint,left_hip_yaw_joint,left_knee_joint,left_ankle_pitch_joint,left_ankle_roll_joint,right_hip_pitch_joint,right_hip_roll_joint,right_hip_yaw_joint,right_knee_joint,right_ankle_pitch_joint,waist_yaw_joint",0.0,0.0,0,pelvis,0.0,-0.06684912,right_shoulder_roll_link
217,4.34,0.08945689350366592,-0.13467835198851397,97.8719732253775,-10.472943259532862,-150.76036642345937,1.2765636,20.664286,1.4413270950317383,35.7636833190918,36.0,0.5,"left_hip_roll_joint,left_hip_yaw_joint,left_knee_joint,left_ankle_pitch_joint,right_hip_pitch_joint,right_hip_roll_joint,right_hip_yaw_joint,right_knee_joint,right_ankle_pitch_joint,right_ankle_roll_joint,waist_yaw_joint",0.0,0.0,443.36785888671875,torso_link,443.36786,-0.06196761,right_shoulder_roll_link
218,4.36,0.07727299630641937,0.028412045506682304,88.14199660612779,-28.800304317150495,-147.56884704126227,2.7141066,33.822426,1.5637170791625976,34.99930191040039,36.0,0.5,"left_hip_pitch_joint,left_knee_joint,left_ankle_pitch_joint,left_ankle_roll_joint,right_hip_pitch_joint,right_hip_roll_joint,right_hip_yaw_joint,right_knee_joint,right_ankle_pitch_joint,right_ankle_roll_joint,waist_yaw_joint",0.0,0.0,0,pelvis,0.0,-0.053810544,right_elbow_link
219,4.38,0.06550072878599167,0.03662178490741741,87.68343417308246,-25.039532782239657,-147.6107824079099,1.3319143,12.150735,1.4251803159713745,35.180946350097656,36.0,0.5,"left_hip_pitch_joint,left_hip_roll_joint,left_hip_yaw_joint,left_knee_joint,left_ankle_pitch_joint,right_hip_pitch_joint,right_hip_roll_joint,right_knee_joint,right_ankle_pitch_joint,right_ankle_roll_joint,waist_yaw_joint",0.0,0.0,268.90589904785156,right_hip_yaw_link,244.25897,-0.03752648,right_shoulder_yaw_link
220,4.4,0.06179051846265793,0.08291225032046867,82.0834762155636,-52.98741940246097,-143.59749221742382,2.4528005,36.048363,1.5655022382736206,35.19499588012695,36.0,0.45454545454545453,"left_hip_pitch_joint,left_ankle_pitch_joint,left_ankle_roll_joint,right_hip_pitch_joint,right_hip_roll_joint,right_hip_yaw_joint,right_knee_joint,right_ankle_pitch_joint,right_ankle_roll_joint,waist_yaw_joint",0.0,0.0,0,pelvis,0.0,-0.041290507,right_elbow_link
221,4.42,0.06250393390655518,0.02833980450778162,87.79982232401849,-42.422482518033576,-146.07301524096462,1.2253919,26.431946,1.2596206188201904,35.55473327636719,36.0,0.5,"left_hip_pitch_joint,left_hip_yaw_joint,left_knee_joint,left_ankle_pitch_joint,right_hip_pitch_joint,right_hip_roll_joint,right_hip_yaw_joint,right_knee_joint,right_ankle_pitch_joint,right_ankle_roll_joint,waist_yaw_joint",0.0,76.92715,399.83587646484375,torso_link,399.83588,-0.022490405,right_shoulder_yaw_link
222,4.44,0.06820215284824371,0.01874172251770112,88.02463526355025,-57.06313944202802,-146.16759779141177,1.5919626,22.978157,1.6450188875198364,34.05980682373047,36.0,0.45454545454545453,"left_hip_pitch_joint,left_hip_yaw_joint,left_ankle_pitch_joint,left_ankle_roll_joint,right_hip_roll_joint,right_hip_yaw_joint,right_knee_joint,right_ankle_pitch_joint,right_ankle_roll_joint,waist_yaw_joint",0.0,0.0,0,pelvis,0.0,-0.04178427,right_elbow_link
223,4.46,0.07367824763059616,-0.005714872135475169,90.40601885940521,-36.247838329283304,-148.62457497814756,1.4623581,23.400246,1.3263606548309326,35.52324295043945,36.0,0.5,"left_hip_pitch_joint,left_hip_roll_joint,left_hip_yaw_joint,left_knee_joint,left_ankle_pitch_joint,right_hip_roll_joint,right_hip_yaw_joint,right_knee_joint,right_ankle_pitch_joint,right_ankle_roll_joint,waist_yaw_joint",0.0,0.0,103.11471557617188,torso_link,69.18222,-0.032548618,right_shoulder_yaw_link
224,4.48,0.07472400367259979,0.0014992385640749673,89.86384802878793,-50.88245004295747,-146.00750327981615,1.80278,22.570728,1.6346778392791748,34.45401382446289,36.0,0.5,"left_hip_pitch_joint,left_hip_roll_joint,left_hip_yaw_joint,left_ankle_pitch_joint,left_ankle_roll_joint,right_hip_roll_joint,right_hip_yaw_joint,right_knee_joint,right_ankle_pitch_joint,right_ankle_roll_joint,waist_yaw_joint",0.0,0.0,0,pelvis,0.0,-0.037053376,right_shoulder_yaw_link
225,4.5,0.07734949886798859,-0.0284918769354503,91.87708148359955,-29.560186999289172,-149.87332457565145,2.068109,32.452133,1.3047873497009277,35.33534622192383,36.0,0.5,"left_hip_pitch_joint,left_hip_roll_joint,left_hip_yaw_joint,left_knee_joint,left_ankle_pitch_joint,right_hip_roll_joint,right_hip_yaw_joint,right_knee_joint,right_ankle_pitch_joint,right_ankle_roll_joint,waist_yaw_joint",0.0,453.9717,0,right_ankle_roll_link,453.9717,-0.03436281,right_shoulder_roll_link
226,4.5200000000000005,0.07994437217712402,-0.061049374032594805,94.34841528593839,-36.372919136073214,-152.28106654442348,1.3824983,19.502262,1.6682261943817138,35.160396575927734,36.0,0.4090909090909091,"left_hip_pitch_joint,left_hip_yaw_joint,left_ankle_pitch_joint,left_ankle_roll_joint,right_hip_roll_joint,right_hip_yaw_joint,right_knee_joint,right_ankle_pitch_joint,waist_yaw_joint",0.0,0.0,0,pelvis,0.0,-0.05262086,right_shoulder_yaw_link
227,4.54,0.08409383893013,-0.09827815281611674,95.76047059674964,-11.717795515286944,-156.98563572725055,2.2102377,31.8112,1.3484527587890625,35.85047149658203,36.0,0.5454545454545454,"left_hip_pitch_joint,left_hip_roll_joint,left_hip_yaw_joint,left_knee_joint,left_ankle_pitch_joint,right_hip_pitch_joint,right_hip_roll_joint,right_hip_yaw_joint,right_knee_joint,right_ankle_pitch_joint,right_ankle_roll_joint,waist_yaw_joint",0.0,493.14865,997.3503351211548,torso_link,986.2973,-0.060356267,right_shoulder_roll_link
228,4.5600000000000005,0.09958582371473312,-0.15126895161540266,99.33523960835073,-21.164796296889552,-161.13718066982827,1.4615583,23.207811,1.6009833335876464,34.99461364746094,36.0,0.5,"left_hip_pitch_joint,left_hip_yaw_joint,left_ankle_pitch_joint,left_ankle_roll_joint,right_hip_pitch_joint,right_hip_roll_joint,right_hip_yaw_joint,right_knee_joint,right_ankle_pitch_joint,right_ankle_roll_joint,waist_yaw_joint",0.0,0.0,0,pelvis,0.0,-0.06828677,right_shoulder_roll_link
229,4.58,0.09987734258174896,-0.15160836556652324,98.72150562478807,-1.0082730583238182,-162.49215783608315,1.9527762,29.460882,1.2181750535964966,35.974456787109375,36.0,0.5454545454545454,"left_hip_pitch_joint,left_hip_roll_joint,left_hip_yaw_joint,left_knee_joint,left_ankle_pitch_joint,right_hip_pitch_joint,right_hip_roll_joint,right_hip_yaw_joint,right_knee_joint,right_ankle_pitch_joint,right_ankle_roll_joint,waist_yaw_joint",0.0,0.0,0,pelvis,0.0,-0.07532471,right_shoulder_roll_link
230,4.6000000000000005,0.10940441489219666,-0.17255485393563497,100.12428932179786,-10.999279181785452,-166.20854463614612,1.5911106,21.651474,1.624758791923523,35.61151885986328,36.0,0.5,"left_hip_pitch_joint,left_hip_yaw_joint,left_knee_joint,left_ankle_pitch_joint,left_ankle_roll_joint,right_hip_roll_joint,right_hip_yaw_joint,right_knee_joint,right_ankle_pitch_joint,right_ankle_roll_joint,waist_yaw_joint",0.0,0.0,0,pelvis,0.0,-0.08222038,right_shoulder_roll_link
231,4.62,0.108820840716362,-0.21730878043417512,102.73446018735167,9.657796771857479,-163.43204826124764,1.8629264,29.901852,1.3448502540588378,35.99681091308594,36.0,0.5454545454545454,"left_hip_pitch_joint,left_hip_roll_joint,left_hip_yaw_joint,left_knee_joint,left_ankle_pitch_joint,right_hip_pitch_joint,right_hip_roll_joint,right_hip_yaw_joint,right_knee_joint,right_ankle_pitch_joint,right_ankle_roll_joint,waist_yaw_joint",0.0,0.0,276.0585632324219,torso_link,276.05856,-0.08382602,right_shoulder_roll_link
232,4.64,0.11065782606601715,-0.15061472734429682,98.66530949256644,1.439580141737028,-167.92465080351613,0.9878378,23.143393,1.515089225769043,35.21634292602539,36.0,0.45454545454545453,"left_hip_pitch_joint,left_hip_yaw_joint,left_ankle_pitch_joint,left_ankle_roll_joint,right_hip_roll_joint,right_hip_yaw_joint,right_knee_joint,right_ankle_pitch_joint,right_ankle_roll_joint,waist_yaw_joint",0.0,0.0,16.508466720581055,torso_link,16.508467,-0.079869546,right_shoulder_roll_link
233,4.66,0.10356490314006805,-0.17717975273020592,101.08835287168745,22.88844734123262,-163.79129198124298,1.4818602,35.9335,1.214795708656311,35.844749450683594,36.0,0.45454545454545453,"left_hip_roll_joint,left_hip_yaw_joint,left_knee_joint,left_ankle_pitch_joint,right_hip_roll_joint,right_hip_yaw_joint,right_knee_joint,right_ankle_pitch_joint,right_ankle_roll_joint,waist_yaw_joint",0.0,322.48154,529.9852905273438,torso_link,529.9853,-0.076810665,right_shoulder_roll_link
234,4.68,0.10514497011899948,-0.11429919019849599,97.04985436395532,21.364173402516677,-164.1954652875283,0.8849221,14.990559,1.5242956399917602,34.74421691894531,36.0,0.5,"left_hip_pitch_joint,left_hip_yaw_joint,left_knee_joint,left_ankle_pitch_joint,left_ankle_roll_joint,right_hip_roll_joint,right_hip_yaw_joint,right_knee_joint,right_ankle_pitch_joint,right_ankle_roll_joint,waist_yaw_joint",0.0,0.0,0,pelvis,0.0,-0.061293077,right_shoulder_roll_link
235,4.7,0.09331519901752472,-0.16542183559860923,105.24878340609742,51.026938903033404,-157.85449347835277,1.9038719,36.167877,1.2297335386276245,35.87031173706055,36.0,0.5,"left_hip_pitch_joint,left_hip_roll_joint,left_hip_yaw_joint,left_knee_joint,left_ankle_pitch_joint,right_hip_roll_joint,right_hip_yaw_joint,right_knee_joint,right_ankle_pitch_joint,right_ankle_roll_joint,waist_yaw_joint",0.0,0.0,79.35508728027344,torso_link,79.35509,-0.05199369,right_shoulder_roll_link
236,4.72,0.09765943884849548,-0.1384147546998893,101.9885861437649,48.213043092862804,-156.9132817530621,1.3778483,16.409895,1.6190224409103393,35.01516342163086,36.0,0.5,"left_hip_pitch_joint,left_hip_roll_joint,left_hip_yaw_joint,left_ankle_pitch_joint,left_ankle_roll_joint,right_hip_roll_joint,right_hip_yaw_joint,right_knee_joint,right_ankle_pitch_joint,right_ankle_roll_joint,waist_yaw_joint",0.0,0.0,0,pelvis,0.0,-0.03188982,right_shoulder_roll_link
237,4.74,0.0872979462146759,-0.17605225561864302,133.3308321678096,75.13409227478643,-130.68656704445112,2.0606666,36.86527,1.3422960758209228,35.82890319824219,36.0,0.5,"left_hip_pitch_joint,left_hip_roll_joint,left_hip_yaw_joint,left_knee_joint,left_ankle_pitch_joint,right_hip_pitch_joint,right_hip_yaw_joint,right_knee_joint,right_ankle_pitch_joint,right_ankle_roll_joint,waist_yaw_joint",0.0,0.0,0,pelvis,0.0,-0.0223638,right_shoulder_roll_link
238,4.76,0.08006587624549866,-0.14772457159484986,112.53808195474014,67.33112943942398,-149.4931693624413,1.4089282,24.832205,1.5980472087860107,33.995262145996094,36.0,0.5454545454545454,"left_hip_pitch_joint,left_hip_roll_joint,left_hip_yaw_joint,left_ankle_pitch_joint,left_ankle_roll_joint,right_hip_pitch_joint,right_hip_roll_joint,right_hip_yaw_joint,right_knee_joint,right_ankle_pitch_joint,right_ankle_roll_joint,waist_yaw_joint",0.0,144.36751,3.4758429527282715,right_ankle_roll_link,144.36751,-0.0020951186,right_shoulder_roll_link
239,4.78,0.06816587597131729,-0.12038510611279207,171.77444613915407,83.01349421542444,-93.01993304034498,1.5542064,29.887363,1.32851243019104,35.92910385131836,36.0,0.5,"left_hip_pitch_joint,left_hip_roll_joint,left_hip_yaw_joint,left_knee_joint,left_ankle_pitch_joint,right_hip_yaw_joint,right_knee_joint,right_ankle_pitch_joint,right_ankle_roll_joint,waist_yaw_joint,right_shoulder_roll_joint",0.0,0.0,0,pelvis,0.0,-0.0017315648,right_shoulder_roll_link
240,4.8,0.07373101264238358,-0.1592280851856458,127.40001085401332,74.80183399817287,-136.22302141493986,1.7920765,26.190407,1.6098200798034668,35.527976989746094,36.0,0.5454545454545454,"left_hip_pitch_joint,left_hip_roll_joint,left_ankle_pitch_joint,left_ankle_roll_joint,right_hip_pitch_joint,right_hip_roll_joint,right_hip_yaw_joint,right_knee_joint,right_ankle_pitch_joint,right_ankle_roll_joint,waist_yaw_joint,left_shoulder_roll_joint",0.0,405.69104,0,right_ankle_roll_link,405.69104,0.009393187,right_shoulder_roll_link
241,4.82,0.06946760416030884,-0.15485004054103513,-151.94913813398853,79.89446198198416,-58.1173557306689,1.3037329,30.883919,1.4158424854278564,35.60271453857422,36.0,0.4090909090909091,"left_hip_pitch_joint,left_hip_roll_joint,left_hip_yaw_joint,left_knee_joint,left_ankle_pitch_joint,right_knee_joint,right_ankle_pitch_joint,right_ankle_roll_joint,waist_yaw_joint",0.0,0.0,0,pelvis,0.0,0.013796802,right_shoulder_roll_link
242,4.84,0.07096803188323975,-0.18022833441748531,170.09400403357486,79.45795030878851,-96.74072111034654,1.7209394,25.585249,1.365727972984314,36.0105094909668,36.0,0.45454545454545453,"left_hip_pitch_joint,left_ankle_pitch_joint,left_ankle_roll_joint,right_hip_pitch_joint,right_hip_roll_joint,right_hip_yaw_joint,right_knee_joint,right_ankle_pitch_joint,right_ankle_roll_joint,waist_yaw_joint",0.0,0.0,360.0364990234375,torso_link,360.0365,0.021449411,left_shoulder_roll_link
243,4.86,0.07708332687616348,-0.18196737642191074,-124.52588645517105,71.2731933770082,-34.30894340381787,0.716401,26.51732,1.299793004989624,35.909523010253906,36.0,0.5,"left_hip_pitch_joint,left_hip_roll_joint,left_hip_yaw_joint,left_knee_joint,left_ankle_pitch_joint,right_hip_roll_joint,right_hip_yaw_joint,right_knee_joint,right_ankle_pitch_joint,right_ankle_roll_joint,waist_yaw_joint",0.0,0.0,0,pelvis,0.0,0.026841082,right_shoulder_roll_link
244,4.88,0.08999262750148773,-0.24797136306478507,-178.49250826145249,75.63737702343717,-86.43414680659004,1.8983098,26.093603,1.3281466960906982,35.735836029052734,36.0,0.5454545454545454,"left_hip_pitch_joint,left_hip_roll_joint,left_hip_yaw_joint,left_knee_joint,left_ankle_pitch_joint,left_ankle_roll_joint,right_hip_roll_joint,right_hip_yaw_joint,right_knee_joint,right_ankle_pitch_joint,right_ankle_roll_joint,waist_yaw_joint",0.0,0.0,613.929931640625,torso_link,613.92993,0.013316026,left_shoulder_roll_link
245,4.9,0.09125968813896179,-0.24711595831992383,-135.2658957559936,69.64323710923908,-52.608273077781426,0.9721042,26.892927,1.3535912036895752,35.87092971801758,36.0,0.5,"left_hip_pitch_joint,left_hip_roll_joint,left_hip_yaw_joint,left_knee_joint,left_ankle_pitch_joint,right_hip_roll_joint,right_hip_yaw_joint,right_knee_joint,right_ankle_pitch_joint,right_ankle_roll_joint,waist_yaw_joint",0.0,0.0,0,pelvis,0.0,0.018991994,right_shoulder_roll_link
246,4.92,0.07608257234096527,-0.21055040514955436,-167.813622283555,77.560730138324,-80.01275756837835,1.7473513,26.321798,1.3244311332702636,35.59724044799805,36.0,0.4090909090909091,"left_knee_joint,left_ankle_pitch_joint,left_ankle_roll_joint,right_hip_roll_joint,right_hip_yaw_joint,right_knee_joint,right_ankle_pitch_joint,right_ankle_roll_joint,waist_yaw_joint",0.0,0.0,0,pelvis,0.0,0.022056932,left_shoulder_roll_link
247,4.94,0.08388003706932068,-0.2309336899630594,-124.75920241010756,66.1054161925077,-45.73115322385509,0.84455705,26.979477,1.4406673908233643,35.016300201416016,36.0,0.45454545454545453,"left_hip_roll_joint,left_hip_yaw_joint,left_knee_joint,left_ankle_pitch_joint,right_hip_yaw_joint,right_knee_joint,right_ankle_pitch_joint,right_ankle_roll_joint,waist_roll_joint,waist_yaw_joint",0.0,383.76004,514.8572540283203,right_ankle_roll_link,383.76004,0.014631719,right_shoulder_roll_link
248,4.96,0.05763327702879906,-0.10116117041280859,-113.09781127687991,75.05654022180588,-34.29224139781948,1.9308252,19.181572,1.3988006830215454,36.067142486572266,36.0,0.5909090909090909,"left_hip_pitch_joint,left_hip_yaw_joint,left_knee_joint,left_ankle_pitch_joint,left_ankle_roll_joint,right_hip_pitch_joint,right_hip_roll_joint,right_hip_yaw_joint,right_knee_joint,right_ankle_roll_joint,waist_roll_joint,waist_yaw_joint,left_shoulder_roll_joint",0.0,0.0,0,pelvis,0.0,0.023288453,left_shoulder_roll_link
249,4.98,0.06891710311174393,-0.09067511296687059,-97.80756237954293,48.126891742694106,-30.541391955667187,2.6346643,36.476555,1.4804933071136475,36.06931686401367,36.0,0.5,"left_hip_pitch_joint,left_hip_roll_joint,left_hip_yaw_joint,left_knee_joint,left_ankle_pitch_joint,right_hip_pitch_joint,right_hip_roll_joint,right_knee_joint,right_ankle_roll_joint,waist_yaw_joint,right_shoulder_roll_joint",0.0,0.0,105.2110824584961,left_hip_yaw_link,105.21108,0.0062779635,left_hip_roll_link
250,5.0,0.08415982872247696,-0.17404441711635776,-106.76795303809327,52.894738618934255,-36.67018509924275,0.38794842,19.846575,1.2914553880691528,31.36187171936035,36.0,0.5,"left_hip_pitch_joint,left_knee_joint,left_ankle_pitch_joint,left_ankle_roll_joint,right_hip_pitch_joint,right_hip_roll_joint,right_hip_yaw_joint,right_knee_joint,right_ankle_roll_joint,waist_yaw_joint,left_shoulder_roll_joint",92.928085,0.0,44.42813491821289,left_ankle_roll_link,92.928085,0.0036291704,left_elbow_link
